Longitude,Latitude,Decennial Population Count
-73.9155601,40.7700983,0
-73.9187782,40.7690061,304
-73.9267156,40.7610113,640
-73.9243237,40.7598865,619
-73.9268974,40.7539779,53
-73.9416569,40.7525517,96
-73.9373672,40.752245,125
-73.9338083,40.7523394,613
-73.9224313,40.7788883,0
-73.917835,40.7827147,220
-73.9121599,40.7822169,520
-73.9109189,40.7779906,460
-73.9257746,40.774187,284
-73.9326045,40.754851,27
-73.9478363,40.7504765,19
-73.8736516,40.7673446,255
-73.8690464,40.7693429,0
-73.9442271,40.755844,1097
-73.9267123,40.764199,1661
-73.9062714,40.7671505,0
-73.8898159,40.7617923,132
-73.8756624,40.7622239,262
-73.9192422,40.7607104,819
-73.9134076,40.7770002,214
-73.9163213,40.7683596,816
-73.921639,40.7618363,921
-73.924533,40.7705685,574
-73.921395,40.7736104,0
-73.918221,40.7762039,390
-73.919789,40.7690863,478
-73.929875,40.7598385,333
-73.9284551,40.7547779,20
-73.9421454,40.7507629,552
-73.9359773,40.7509045,9
-73.917722,40.7805924,278
-73.91436,40.780419,577
-73.929522,40.7727991,309
-73.9263835,40.770518,142
-73.8643391,40.7586732,541
-73.8666607,40.7630946,163
-73.9465253,40.7533922,0
-73.9499939,40.754909,0
-73.9412801,40.7511212,0
-73.9400569,40.7506001,0
-73.938742,40.7500565,0
-73.9210197,40.7728783,0
-73.8919329,40.757819,213
-73.8865968,40.7544981,258
-73.8851686,40.7622826,225
-73.8808607,40.7657724,246
-73.8910086,40.7579181,241
-73.890666,40.7715333,173
-73.8890467,40.7679441,141
-73.8916769,40.7615934,301
-73.8882906,40.7638177,138
-73.8968423,40.7691452,142
-73.860954,40.755087,629
-73.8608028,40.7534389,537
-73.9356824,40.7669942,0
-73.9322724,40.7661945,591
-73.9360418,40.7586418,13
-73.9354118,40.7700974,0
-73.9380426,40.7686506,0
-73.9331358,40.7680225,189
-73.9311477,40.7674751,354
-73.937713,40.7655485,231
-73.9408306,40.7589373,48
-73.9380427,40.7578632,10
-73.8952765,40.7710271,169
-73.8758442,40.7666418,0
-73.8992482,40.755181,0
-73.901457,40.7684565,193
-73.9034254,40.7676385,0
-73.8949776,40.7693339,198
-73.8949132,40.7644855,0
-73.90467,40.7609883,189
-73.8909907,40.775237,0
-73.8870289,40.7620861,362
-73.8866813,40.7601751,451
-73.8925335,40.7558856,392
-73.8921754,40.7539104,167
-73.8912467,40.75401,209
-73.8891472,40.7581146,295
-73.8878856,40.7563759,653
-73.8869558,40.7564733,620
-73.8893851,40.7542056,34
-73.8846499,40.7648545,0
-73.8835038,40.7662102,37
-73.8845387,40.7639461,106
-73.8854297,40.7585069,342
-73.8848215,40.7603719,282
-73.8815982,40.7680916,104
-73.8827616,40.7647866,123
-73.8826433,40.7638794,100
-73.8816988,40.7638432,0
-73.8807573,40.7638061,0
-73.9284998,40.7510598,0
-73.9230331,40.7501882,11
-73.9211292,40.7583875,478
-73.9231382,40.7545503,285
-73.9244175,40.7530383,20
-73.9223461,40.7541787,0
-73.920329,40.7580145,271
-73.9176459,40.7599599,323
-73.9195333,40.7576372,654
-73.9171566,40.7781259,119
-73.9147335,40.7780104,142
-73.9158222,40.7771312,103
-73.91796,40.7743356,147
-73.9496297,40.754823,0
-73.9352318,40.7716658,0
-73.9332987,40.7704083,240
-73.9353396,40.7761887,630
-73.9430283,40.7632573,0
-73.946841,40.7546516,1350
-73.944584,40.758349,0
-73.9437922,40.7579605,268
-73.9426296,40.7550248,1180
-73.9322546,40.776878,18
-73.9318108,40.7750681,752
-73.928192,40.775764,324
-73.9290299,40.7742676,118
-73.9311652,40.7730922,873
-73.936806,40.7669464,0
-73.9339161,40.7670823,504
-73.9320114,40.772299,0
-73.9324529,40.7717091,152
-73.9197085,40.7739439,334
-73.9309535,40.7707703,285
-73.931637,40.7698693,437
-73.9415031,40.7627093,240
-73.9412234,40.7656472,1
-73.9404041,40.7644756,229
-73.9406659,40.7624072,116
-73.9416203,40.7608712,0
-73.9393967,40.7660064,72
-73.9387549,40.7638756,64
-73.9398484,40.7621146,273
-73.9408033,40.7605769,108
-73.8937173,40.7676379,193
-73.9016002,40.7601937,0
-73.9011205,40.7567845,21
-73.8965839,40.7573341,323
-73.8998104,40.7570219,0
-73.89632,40.7611003,272
-73.8950475,40.7592963,388
-73.8937968,40.7576231,409
-73.8699119,40.7527785,638
-73.8659569,40.7566685,408
-73.8656539,40.760434,386
-73.8745468,40.7672502,233
-73.8702537,40.7694169,398
-73.8698884,40.7677389,224
-73.8752416,40.7650066,169
-73.8932572,40.7666252,310
-73.8910633,40.763521,254
-73.8951902,40.7645455,0
-73.8924302,40.7733071,40
-73.8818282,40.7691287,0
-73.9245768,40.7767751,0
-73.9229213,40.7746894,0
-73.9222213,40.7740124,0
-73.9215562,40.7734975,0
-73.920854,40.7729969,0
-73.9171143,40.7703321,0
-73.9156725,40.7699268,0
-73.9114401,40.7692598,0
-73.9091384,40.7689046,0
-73.9057562,40.7683229,0
-73.9031836,40.7677959,0
-73.89295,40.7661132,0
-73.88971,40.779553,0
-73.8897704,40.7770316,0
-73.860557,40.7920412,0
-73.8943932,40.7556922,333
-73.8940305,40.7537173,358
-73.8931022,40.7538157,302
-73.8906741,40.7560826,339
-73.8925704,40.7717419,338
-73.8921894,40.7696271,200
-73.8897802,40.772007,353
-73.8903298,40.769823,221
-73.8927708,40.7676626,299
-73.8893705,40.7699006,235
-73.889972,40.7678336,257
-73.8883035,40.7679307,0
-73.8894757,40.7650012,116
-73.8926047,40.7614949,278
-73.8931817,40.7594896,313
-73.8886057,40.7657147,110
-73.888541,40.7649894,31
-73.8901434,40.763618,421
-73.8873613,40.7639141,259
-73.8867828,40.7657253,39
-73.8888878,40.7618907,14
-73.9151632,40.77662,178
-73.9144924,40.776118,128
-73.9161549,40.7747537,508
-73.9130694,40.7749785,62
-73.9110277,40.7750132,103
-73.9121812,40.7741905,46
-73.913123,40.7736944,63
-73.9168171,40.7718824,264
-73.9175438,40.7700599,0
-73.9137212,40.7693934,0
-73.9153833,40.7710252,227
-73.9399806,40.7602857,42
-73.9416368,40.7592281,94
-73.9430218,40.7575762,49
-73.9405943,40.7565468,316
-73.9203206,40.7723869,0
-73.9391659,40.7599886,111
-73.9375832,40.7594746,0
-73.9384453,40.7583553,0
-73.9401574,40.7556021,9
-73.9169828,40.7704689,0
-73.9132463,40.7612918,914
-73.9140925,40.7575789,188
-73.9108653,40.761446,173
-73.9092389,40.7594174,525
-73.9065646,40.7580243,797
-73.8986292,40.7794904,27
-73.9028285,40.7678785,0
-73.8958908,40.7740736,0
-73.9090299,40.7709483,155
-73.9060205,40.7745295,368
-73.9069237,40.7676547,19
-73.9187335,40.7572642,462
-73.9179415,40.7663761,834
-73.8795908,40.7659555,430
-73.8828771,40.7548892,396
-73.8806752,40.7532011,388
-73.8765325,40.7670437,305
-73.8786182,40.7627451,188
-73.8766595,40.7623985,363
-73.875438,40.7608577,189
-73.8797452,40.7532997,526
-73.8767265,40.7575493,668
-73.9512635,40.7500246,0
-73.9295332,40.7522032,3
-73.9200434,40.7648952,733
-73.8812205,40.7562033,118
-73.8976114,40.7590276,185
-73.9054911,40.7684057,0
-73.8687464,40.7614805,0
-73.9201788,40.7725218,0
-73.8832366,40.7568664,580
-73.8832925,40.7638582,47
-73.8968978,40.7713697,127
-73.916688,40.775365,380
-73.8690314,40.7574823,105
-73.9308871,40.7680426,112
-73.8703941,40.7503728,26
-73.9262697,40.7532039,22
-73.8969602,40.7554524,481
-73.9270215,40.7668422,327
-73.8741677,40.7538831,256
-73.883891,40.7604691,407
-73.8618569,40.7550337,964
-73.8672291,40.7515062,578
-73.8621537,40.7612702,153
-73.8643142,40.7554143,520
-73.8747353,40.7517926,795
-73.9156581,40.7696553,0
-73.98833,40.7756992,591
-73.9553342,40.8167817,1611
-73.9880749,40.7635193,724
-73.986978,40.7738189,1170
-73.9053402,40.7539291,0
-73.8996649,40.7530955,0
-73.8993671,40.7570296,282
-73.9123509,40.7637477,289
-73.915361,40.7587202,457
-73.9124625,40.7581462,249
-73.9099505,40.7626192,265
-73.9083514,40.7618738,288
-73.9082673,40.7545219,270
-73.8821597,40.7817948,0
-73.9045785,40.773511,405
-73.899741,40.7742017,143
-73.8995708,40.7699763,240
-73.8980863,40.7722798,171
-73.8728813,40.7519729,1531
-73.8708461,40.7525739,384
-73.8689608,40.7509759,815
-73.8614488,40.7617418,153
-73.8653152,40.7585982,441
-73.8681094,40.7532134,614
-73.8634388,40.758736,517
-73.9279294,40.7567947,410
-73.8703982,40.7544559,409
-73.8644793,40.7643146,217
-73.9045572,40.7529727,0
-73.8795938,40.7628488,178
-73.8834647,40.7529053,500
-73.8785626,40.7637323,0
-73.8770616,40.7593864,328
-73.876957,40.7535889,1318
-73.8876106,40.7600778,412
-73.8864118,40.7640161,221
-73.8820317,40.7606645,307
-73.8912589,40.7697245,241
-73.8892206,40.7637195,78
-73.9039534,40.7667243,0
-73.9031502,40.7647953,0
-73.9214672,40.7719165,599
-73.9090388,40.7766647,394
-73.9854617,40.7500905,554
-73.965976,40.7532726,138
-73.9940537,40.7538186,697
-73.9607646,40.7603005,416
-73.9857133,40.7608908,690
-73.9699228,40.7641925,183
-73.956057,40.7649515,30
-73.958823,40.7660544,904
-73.9490075,40.7712338,1854
-73.9528536,40.7735792,849
-73.9505398,40.7729584,411
-73.9573728,40.7722979,359
-73.957366,40.7756209,385
-73.9609625,40.7769196,117
-73.962274,40.7774357,183
-73.9529855,40.7786267,650
-73.9834453,40.7829353,225
-73.9815809,40.7824602,480
-73.971024,40.7907394,460
-73.9744995,40.7921558,283
-73.9374383,40.8316799,2348
-73.9362972,40.8229779,4251
-73.9400442,40.7875057,2640
-73.9685539,40.7528353,1088
-73.9363625,40.7918147,723
-73.9380446,40.7905039,1623
-73.9496205,40.7815578,1021
-73.9578924,40.8138378,1141
-73.9581857,40.8150346,0
-73.9569144,40.8133839,588
-73.9365705,40.8515457,818
-73.9373129,40.7955314,841
-73.96635,40.7919238,1518
-73.9668212,40.7912752,1212
-73.9724099,40.7836216,1398
-73.9714834,40.7848895,1194
-73.9685923,40.8029483,436
-73.969072,40.8022934,774
-73.9655019,40.803271,1387
-73.968127,40.8035678,893
-73.9663335,40.8020009,1340
-73.9678283,40.802493,0
-73.9671711,40.8047965,1005
-73.9636362,40.8041275,651
-73.9638878,40.8034138,212
-73.9695579,40.8016115,642
-73.9683815,40.8010883,415
-73.9669404,40.8005286,715
-73.9672609,40.7998059,704
-73.9676343,40.7991368,626
-73.9821022,40.7800959,604
-73.9607138,40.7668535,1095
-73.9653107,40.8040134,1203
-73.9719692,40.7901758,398
-73.9675464,40.7883021,401
-73.9407577,40.7903749,854
-73.9412685,40.7911923,1057
-73.963369,40.7973151,635
-73.9640679,40.7963618,890
-73.9449535,40.7983913,811
-73.9354561,40.8130752,0
-73.9637737,40.7549337,985
-73.9402907,40.7955773,897
-73.9300551,40.8566716,1406
-73.9226437,40.8629941,460
-73.9216915,40.8633266,1136
-73.9453374,40.7872527,299
-73.9306208,40.859141,239
-73.9622644,40.7625943,200
-73.9332557,40.8093366,0
-73.9749993,40.8057225,0
-73.9433173,40.7799519,0
-73.9428183,40.8535647,0
-73.9497152,40.8510577,0
-73.9473456,40.8388767,0
-73.9527774,40.8406401,0
-73.954066,40.8370524,0
-73.9553043,40.834379,0
-73.9570779,40.8312046,0
-73.9526956,40.829369,0
-73.9518683,40.8287933,0
-73.9553511,40.8240248,60
-73.955659,40.824493,37
-73.9607033,40.8266208,0
-73.9697366,40.8070183,0
-73.9731853,40.8083137,0
-73.9687355,40.8042756,0
-73.9718631,40.8045736,0
-73.9767588,40.8032973,31
-73.9737142,40.8019994,0
-73.975808,40.7977047,0
-73.9787472,40.7945594,0
-73.9779042,40.7936,0
-73.9798883,40.7915227,0
-73.9807757,40.7917342,0
-73.9875459,40.7882256,34
-73.9898761,40.784976,0
-73.9935696,40.7799031,0
-73.9894323,40.7759854,906
-73.9781061,40.7535991,0
-73.9662444,40.8011197,841
-73.9631098,40.8014577,809
-73.9645371,40.7995006,977
-73.9650097,40.7988402,842
-73.9619536,40.8033673,1267
-73.9626738,40.8020776,1177
-73.9609916,40.8005649,465
-73.9614512,40.7999362,746
-73.9605667,40.8011834,504
-73.9624225,40.7986124,618
-73.9680624,40.7984895,614
-73.9658549,40.7926082,1667
-73.9647157,40.7954056,570
-73.9629077,40.7979513,542
-73.9633304,40.7948283,814
-73.9600301,40.7993392,737
-73.9720683,40.7672846,11
-73.9799594,40.7783505,1210
-73.9920703,40.7668463,1963
-73.9457272,40.776041,271
-73.9434928,40.8181362,462
-73.9540228,40.8127379,252
-73.9549588,40.808825,429
-73.9530912,40.8071563,27
-73.9516499,40.8066269,527
-73.9495881,40.8132585,531
-73.9418623,40.8356452,1501
-73.93848,40.8367076,662
-73.9381481,40.8290969,385
-73.9498236,40.8248894,1617
-73.9537246,40.8214949,11
-73.949104,40.8296021,602
-73.9448249,40.8277974,302
-73.9442822,40.8283962,457
-73.9451488,40.8196508,267
-73.9318663,40.8480803,250
-73.9415255,40.8406787,24
-73.9386431,40.8434094,116
-73.9302442,40.8728073,0
-73.9374142,40.8404795,668
-73.9895338,40.7550407,58
-73.9418377,40.8318882,507
-73.9375883,40.8513946,477
-73.9377711,40.8494533,785
-73.9382893,40.8457463,0
-73.9344003,40.8515366,407
-73.9315181,40.8511024,555
-73.9347012,40.846748,850
-73.960179,40.8174923,0
-73.9661629,40.805394,0
-73.9589119,40.814234,1196
-73.9597306,40.8071203,1086
-73.9089733,40.8764986,535
-73.9368156,40.8562545,740
-73.9465727,40.8011916,259
-73.9748309,40.7918915,126
-73.9831548,40.7831912,372
-73.9605936,40.8191848,0
-73.9614033,40.81834,0
-73.935342,40.8130104,0
-73.933121,40.8141258,0
-73.9351054,40.8317561,0
-73.943016,40.7781891,0
-73.9430804,40.7752235,0
-73.9606399,40.7595227,0
-73.9543148,40.7585585,0
-73.9541373,40.7571649,0
-73.9472954,40.7613967,0
-73.9674811,40.7503082,0
-73.9703115,40.7503067,966
-73.9689684,40.7521886,364
-73.9674702,40.7522444,0
-73.967258,40.7521485,0
-73.938371,40.8560049,178
-73.9686817,40.750352,0
-73.9453835,40.8007099,516
-73.9481952,40.801828,1083
-73.9401131,40.8493169,0
-73.9544395,40.8070352,173
-73.9399072,40.8493939,0
-73.9415629,40.8100134,293
-73.9419441,40.849556,0
-73.9377662,40.8448864,190
-73.9274779,40.8521577,194
-73.9476279,40.8073818,732
-73.952057,40.8051659,472
-73.947886,40.8157819,614
-73.9453672,40.8155678,418
-73.9458407,40.8149196,330
-74.0035292,40.7511168,462
-74.0070555,40.7506083,11
-73.9370696,40.8385777,524
-73.9409339,40.8336111,508
-73.9407298,40.8314171,537
-73.9384599,40.8345035,0
-73.93563,40.8429324,895
-73.9524639,40.8251732,787
-73.9540446,40.8233911,1181
-73.9529578,40.8221501,374
-73.9503691,40.8202212,1
-73.9487391,40.8302646,893
-73.9485123,40.824194,0
-73.9436665,40.8289502,361
-73.9435302,40.8272414,437
-73.9490077,40.8196442,0
-73.9465778,40.819448,211
-73.9520534,40.8142916,1058
-74.0004276,40.7604368,0
-73.9305428,40.8499134,860
-73.9403063,40.8432751,1057
-73.9399421,40.8403761,4
-73.9403702,40.839232,27
-73.9503959,40.8465614,0
-73.929643,40.8438995,0
-73.9390825,40.8404151,0
-73.9392486,40.8378441,449
-73.9890839,40.7556595,0
-73.9881239,40.7569717,0
-73.9423793,40.8308732,921
-73.9399295,40.8507843,642
-73.94165,40.8446621,663
-73.9391301,40.8467049,763
-73.9369072,40.8534469,1160
-73.9349537,40.8527687,349
-73.9351683,40.8503046,281
-73.9319523,40.8505078,527
-73.9340295,40.8476422,0
-73.933728,40.8455274,761
-73.9538521,40.8184598,705
-73.9650614,40.8071323,263
-73.9608649,40.8054386,200
-73.946612,40.7786484,1383
-73.9405846,40.8044119,298
-73.9436081,40.7973477,1974
-73.9540795,40.7858995,0
-73.951987,40.7858703,721
-73.9507691,40.7812228,1116
-73.9462907,40.7877813,1338
-73.9453046,40.7805561,1532
-73.9402247,40.8530878,1868
-73.9550492,40.7619812,0
-73.9286072,40.8725637,0
-73.9561469,40.7550667,426
-73.9643209,40.7626458,471
-73.9643025,40.754323,871
-73.9587971,40.7619559,1669
-73.9606152,40.7568476,966
-73.952761,40.8026397,6
-73.9518913,40.8000456,434
-73.9444726,40.8019453,526
-73.9574033,40.8223122,0
-73.9585125,40.776934,470
-73.9564401,40.7768902,534
-73.9611584,40.7704277,687
-73.9583543,40.7667513,1137
-73.9551223,40.7669845,1692
-73.9676133,40.7615767,79
-73.9426997,40.850861,0
-73.9660765,40.752176,0
-73.9636865,40.8156618,0
-73.9346503,40.8130629,0
-73.9765673,40.7528999,4
-73.9695081,40.7589768,368
-73.9592016,40.778884,148
-73.967183,40.7679432,334
-73.9655049,40.7731185,301
-73.9625883,40.7684623,411
-73.9339847,40.8168238,0
-73.968096,40.7666908,308
-73.9587374,40.7795177,329
-73.9785573,40.7751936,969
-73.9793335,40.763934,1273
-73.9775715,40.7508085,23
-73.9758766,40.7526253,40
-73.9749387,40.7538976,0
-73.973618,40.7533428,300
-73.9731625,40.7539685,11
-73.9716927,40.7525336,399
-73.9745306,40.7520908,497
-73.9750035,40.751441,17
-73.9730818,40.7506314,31
-73.9707835,40.7537843,315
-73.9698423,40.7509323,348
-73.9652532,40.7539085,605
-73.9273499,40.8567179,479
-73.9109775,40.8736848,0
-73.9247883,40.8717465,13
-73.9185919,40.8709548,425
-73.9179693,40.8662403,0
-73.9302089,40.8671212,246
-73.9288578,40.8661002,100
-73.9259133,40.8668336,773
-73.926978,40.8662337,493
-73.9253757,40.8683058,1089
-73.9290873,40.863843,699
-73.927069,40.864357,757
-73.9245734,40.8634936,1518
-73.9298026,40.8611756,709
-73.9299753,40.8601081,489
-73.9292322,40.8595119,1231
-73.9287091,40.8588978,1375
-73.9275877,40.8599524,0
-73.9275247,40.857382,229
-73.9191361,40.8599991,0
-73.9262868,40.8560966,604
-73.9247691,40.8677999,1078
-73.9237523,40.866194,973
-73.9228824,40.8684837,683
-73.9218614,40.8668819,578
-73.9839899,40.7634441,981
-73.9829984,40.7622112,317
-73.9850701,40.7556918,0
-73.9804137,40.7570255,320
-73.9560208,40.8179149,28
-73.9896819,40.7650224,923
-73.9886652,40.76132,1033
-73.9936271,40.7691459,27
-73.9837188,40.7824629,866
-73.9928352,40.7638945,0
-73.9919629,40.7618967,1129
-73.9892628,40.7707019,12
-73.9873828,40.7681787,1342
-73.9838746,40.7749314,459
-73.9807862,40.776964,1748
-73.9115503,40.8679688,0
-73.9145865,40.870651,0
-73.9202116,40.8674561,771
-73.923258,40.8612795,1124
-73.9319236,40.8546817,386
-73.9287114,40.85494,801
-73.9926998,40.7506196,10
-74.0011446,40.7542561,0
-74.0040756,40.755072,0
-73.9499329,40.8004222,1051
-73.9490102,40.7701945,727
-73.94934,40.7990102,421
-73.9653021,40.7973881,563
-73.976051,40.7767028,177
-73.9385127,40.8303761,2289
-73.9404306,40.8118331,863
-73.9769986,40.75314,30
-73.9352796,40.8277739,0
-73.9714211,40.7718292,0
-73.9621615,40.7551514,0
-73.9590804,40.7588382,0
-73.9328378,40.7941544,0
-73.9571464,40.7604893,0
-73.9487945,40.7689769,0
-73.9432102,40.822092,439
-73.9407436,40.821901,1010
-73.9412154,40.821253,849
-73.9416987,40.8240268,391
-73.93932,40.8238464,856
-73.9404218,40.8234908,851
-73.9374112,40.8213737,646
-73.9416729,40.8206311,1198
-73.9392869,40.8188098,1725
-73.9383711,40.8200547,1073
-73.9350608,40.8210552,1570
-73.9369499,40.822024,174
-73.9341592,40.8181772,0
-73.9342839,40.8189596,0
-73.980578,40.7811433,379
-73.9781058,40.7807698,393
-73.9785572,40.7802791,1158
-73.9779519,40.7851262,715
-73.975707,40.7841723,932
-73.9752489,40.784818,1075
-73.9728771,40.7829636,1321
-73.9740702,40.7813499,11
-73.9757168,40.779083,973
-73.9740863,40.7902285,719
-73.9745455,40.7896008,859
-73.9710666,40.7903738,263
-73.9728714,40.7880761,780
-73.972413,40.7887042,972
-73.9700331,40.7868799,986
-73.9785373,40.7719546,0
-73.9769117,40.7737373,0
-73.9792642,40.7686813,15
-73.9334225,40.8237923,0
-73.9341845,40.8160172,0
-73.9385302,40.814412,9
-73.9127313,40.8722424,0
-73.9152477,40.8699877,33
-73.9158884,40.8693802,165
-73.9127892,40.8710711,0
-73.9212476,40.8659298,1130
-73.922509,40.8642575,1182
-73.9239337,40.8625022,1857
-73.9212286,40.8691334,416
-73.9191277,40.8676577,198
-73.9196047,40.8665363,1003
-73.9182195,40.866983,1136
-73.9190058,40.8655662,505
-73.9189366,40.8647774,0
-73.9201624,40.8630918,0
-73.9205363,40.8606025,0
-73.91962,40.8618516,165
-73.9187186,40.8630949,569
-73.9117341,40.8722724,0
-73.9172396,40.8683008,767
-73.9165505,40.8688184,25
-73.9289601,40.8565061,133
-73.931484,40.8552923,359
-73.930928,40.8542565,650
-73.9300214,40.8554918,637
-73.9296153,40.8537048,710
-73.9291681,40.8543158,760
-73.9277897,40.856204,962
-73.9277455,40.8537193,780
-73.9297956,40.8488612,339
-73.9302894,40.85045,306
-73.9288153,40.8517871,138
-73.9278442,40.8512865,604
-73.9294403,40.8006288,16
-73.9175793,40.7982865,0
-73.9195319,40.7966586,0
-73.9201562,40.796744,0
-73.9172797,40.7942748,0
-73.9964578,40.7505639,495
-73.9894665,40.7500675,111
-73.9800909,40.750253,442
-73.9780224,40.7501902,135
-73.9759602,40.7501289,0
-74.0008073,40.7548497,60
-73.9982496,40.7582567,0
-73.9987805,40.7623079,28
-74.0007718,40.7598736,0
-73.9997638,40.7511527,0
-74.0036153,40.7560447,0
-73.999669,40.7577207,0
-74.0062053,40.7522399,0
-74.0058322,40.752895,0
-73.9510206,40.7871985,822
-73.9538391,40.7833367,328
-73.953379,40.7839631,585
-73.950854,40.7845412,757
-73.9516836,40.7799662,1310
-73.9491909,40.7897139,451
-73.9484914,40.787776,590
-73.9414967,40.7897867,843
-73.9449546,40.7850547,10
-73.9442754,40.7859912,850
-73.9587607,40.7590955,0
-73.9870048,40.7803418,304
-73.966679,40.817327,0
-73.9186753,40.8606426,0
-73.9490753,40.7619053,1965
-73.9634094,40.7638977,1558
-73.9620164,40.7616726,855
-73.9652851,40.7571943,1287
-73.96465,40.7594784,523
-73.9634379,40.7555991,1960
-73.959279,40.7654285,0
-73.9560682,40.7659098,311
-73.9610787,40.7588264,1309
-73.9524577,40.8037482,14
-73.953329,40.8006005,560
-73.9455072,40.8023834,121
-73.952302,40.7986953,18
-73.9510362,40.7929532,408
-73.9467474,40.8045471,275
-73.9442983,40.7992998,495
-73.9602164,40.8194313,0
-73.9354331,40.8144099,0
-73.9575208,40.7840687,142
-73.9593686,40.7815346,734
-73.9579516,40.7811716,70
-73.9556703,40.7808273,1004
-73.9776191,40.7764716,1833
-73.9799287,40.7733212,405
-73.9808822,40.7720776,1207
-73.9783707,40.76526,764
-73.9776696,40.7607797,10
-73.9751822,40.7648052,661
-73.9970585,40.7691252,0
-73.9567527,40.8221245,60
-73.931761,40.8573992,726
-73.9461374,40.7792793,1148
-73.9503798,40.8036135,683
-73.9516936,40.8007755,768
-73.9501546,40.7984713,596
-73.9494797,40.7968458,0
-73.9491775,40.7926145,768
-73.9459115,40.7999752,590
-73.9486777,40.7962048,643
-73.9629498,40.8067588,1970
-74.0084694,40.7595149,0
-73.9645806,40.7743887,267
-73.9648786,40.7711022,332
-73.9676398,40.7673172,370
-73.9653537,40.7704484,324
-73.9634382,40.7730765,225
-73.9632641,40.7704222,560
-73.9646559,40.7685149,0
-73.9789056,40.7547535,39
-73.9766227,40.7578853,0
-73.9759286,40.7559542,5
-73.9724387,40.7636221,0
-73.9708345,40.7629383,208
-73.9694642,40.7648143,189
-73.969222,40.7622572,45
-73.973646,40.7590862,0
-73.9734001,40.7565256,7
-73.9386507,40.7894525,41
-73.9387684,40.78702,0
-73.9416582,40.7843393,0
-73.9879695,40.7799619,0
-73.955033,40.7788177,1136
-73.9535932,40.7773497,916
-73.9380636,40.8150346,1388
-73.9376005,40.8156687,1016
-73.9352712,40.8147725,490
-73.9362275,40.8134075,1723
-73.9389162,40.809555,16
-73.9398262,40.8083067,402
-73.9402827,40.8076844,231
-73.9384499,40.8101912,492
-73.9400968,40.80506,85
-73.9350152,40.8110533,0
-73.9372998,40.8088764,354
-73.9386685,40.8070043,0
-73.9391235,40.806382,168
-73.9361433,40.8075701,366
-73.9365991,40.806947,488
-73.9379816,40.8050518,122
-73.9370522,40.8063231,524
-73.9342976,40.8089806,0
-73.9356912,40.8081992,817
-73.9335124,40.8058625,55
-73.9354292,40.80565,0
-73.9346528,40.8072881,0
-73.970026,40.8009608,909
-73.9686915,40.8003849,769
-73.9690606,40.7997271,695
-73.9742938,40.794422,297
-73.9753358,40.7940505,1434
-73.9685195,40.79786,903
-73.9727451,40.7946158,257
-73.9756188,40.7933435,1008
-73.9736777,40.7933387,637
-73.9741348,40.7927105,1139
-73.9738087,40.79594,966
-73.9731639,40.7965335,663
-73.9724509,40.7978788,1107
-73.9727869,40.797207,951
-73.9719817,40.798492,995
-73.9704001,40.7978298,409
-73.9708602,40.7972073,874
-73.9713167,40.7965785,771
-73.9689764,40.7972384,894
-73.9708293,40.7946916,297
-73.9713243,40.7940155,732
-73.9717987,40.7933665,412
-73.9691914,40.7931177,1536
-73.9722559,40.7927397,855
-73.9696662,40.792471,1229
-73.9793716,40.7857258,525
-73.976916,40.7889313,649
-73.9774431,40.7882656,623
-73.9803427,40.7869735,798
-73.9806354,40.786268,780
-73.9778795,40.7910021,1051
-73.977217,40.7915314,866
-73.976578,40.7920934,530
-73.9750495,40.7914548,402
-73.9765364,40.787017,665
-73.9750045,40.7889737,799
-73.9730897,40.7647301,0
-73.9088727,40.8752517,0
-73.9779912,40.756005,0
-73.9735515,40.7641144,14
-73.9710711,40.7654925,326
-73.9713091,40.762287,79
-73.9741018,40.7584605,0
-73.9743148,40.7552733,0
-73.971789,40.7558461,98
-73.955127,40.8022017,1246
-73.9522454,40.7649042,0
-73.9578366,40.759906,0
-73.9295525,40.799388,0
-73.9650805,40.7898657,0
-73.9317992,40.8032784,0
-73.9437137,40.8214898,473
-73.9402506,40.8225724,1384
-73.9350972,40.8274222,0
-73.9790218,40.7796452,1232
-73.9743242,40.7860865,289
-73.9727133,40.7921115,656
-73.9695745,40.7875083,760
-73.934404,40.8214901,0
-73.934514,40.8109997,0
-73.9347432,40.8159265,654
-73.9407365,40.8070613,480
-73.9382141,40.8076273,513
-73.9375077,40.8056997,615
-73.9353529,40.8091279,408
-73.9315866,40.8039733,31
-73.9694872,40.7990893,885
-73.9735559,40.794111,337
-73.9722526,40.7952903,1139
-73.9699392,40.7984564,482
-73.9694262,40.79661,468
-73.9677483,40.795099,2378
-73.9788583,40.7897481,2235
-73.9784379,40.7869945,360
-73.9759656,40.7901998,710
-73.9803218,40.7844373,300
-73.9802209,40.781822,537
-73.9542557,40.8265913,0
-73.9394167,40.8271429,551
-73.9569963,40.8158323,0
-73.9946573,40.7564603,165
-73.9994312,40.7559651,18
-73.9966998,40.7588585,844
-73.9951589,40.7632395,438
-73.9534607,40.7942326,5
-73.969818,40.7828181,7
-73.9745646,40.7670877,0
-73.9569365,40.7579128,0
-73.974771,40.7546485,0
-73.9711181,40.7596554,327
-73.9541058,40.7644953,16
-73.9313306,40.7955791,502
-73.9496383,40.770743,1087
-73.9348354,40.8109821,0
-73.9401924,40.8175664,592
-73.9374634,40.8172254,1582
-73.9776352,40.7815585,513
-73.9774854,40.7857607,672
-73.9747869,40.7854533,532
-73.9736282,40.7908562,640
-73.9708981,40.789705,963
-73.9738443,40.7867452,1590
-73.9686872,40.7937975,1779
-73.9797901,40.7883973,1074
-73.9800771,40.7876908,1095
-73.9789077,40.7863626,216
-73.9810834,40.7856119,237
-73.9798469,40.7824896,823
-73.9537985,40.8264929,0
-73.9679465,40.7860439,0
-73.9620597,40.7865872,62
-73.9706664,40.776525,0
-73.9707258,40.7685238,0
-73.9554173,40.8081973,353
-73.9553712,40.805716,503
-73.9521225,40.8101296,0
-73.9504732,40.8085789,738
-73.950931,40.8079514,1017
-73.9471525,40.8080346,23
-73.9474841,40.8164622,441
-73.9467615,40.8136655,579
-73.9448785,40.8162402,802
-73.9443159,40.8259515,393
-73.946988,40.8228622,487
-73.9459668,40.8229912,746
-73.9421269,40.8200072,1292
-73.944218,40.8208839,567
-73.9981108,40.7594592,31
-73.9469092,40.8388954,36
-73.9153176,40.8663192,8
-73.9342576,40.8400794,8
-73.9379566,40.8422902,576
-73.9393892,40.8397698,0
-73.9387121,40.8386532,501
-73.9386026,40.8450776,0
-73.9374197,40.8453679,430
-73.9359083,40.8530946,601
-73.9869656,40.7776767,1127
-73.948251,40.7842943,2764
-73.9654055,40.7932224,1287
-73.948477,40.8131365,537
-73.9845418,40.7669804,1316
-73.9576388,40.8049509,465
-73.9578757,40.8042184,199
-73.9558475,40.8050637,511
-73.9563422,40.804388,618
-73.9568205,40.8037357,697
-73.9577375,40.8024814,332
-73.9586724,40.8011962,853
-73.9587151,40.8003962,327
-73.9579775,40.7834436,352
-73.9581923,40.801851,741
-73.9560447,40.8009447,1193
-73.9564551,40.8003238,1102
-73.9579636,40.8006291,0
-73.9454437,40.794827,800
-73.9439056,40.7807869,0
-73.9645626,40.7524218,0
-73.9641133,40.7526425,0
-73.9442045,40.7812489,0
-73.935834,40.7878212,0
-73.9374845,40.7889106,0
-73.9417776,40.7845945,0
-73.9523268,40.766697,1614
-73.9419027,40.8496419,0
-73.9305462,40.8006568,46
-73.9307069,40.8460634,0
-73.9316796,40.8051592,0
-73.9629178,40.8155841,0
-73.9583141,40.8060556,11
-73.9638152,40.8158825,0
-73.9635548,40.8125954,0
-73.9227311,40.8015048,0
-73.9320172,40.8626536,0
-74.003981,40.7504988,48
-73.9704847,40.800334,1033
-73.9816228,40.7849816,558
-73.9821952,40.7843298,778
-73.9848712,40.7804313,752
-73.984101,40.7817928,591
-73.9831578,40.780557,584
-73.9820082,40.781725,657
-73.9812713,40.7830749,280
-73.9809216,40.7804635,238
-73.9812545,40.7797801,113
-73.9937352,40.7626425,361
-73.9951156,40.7607681,158
-73.9972459,40.7641198,0
-73.9932861,40.7632716,201
-73.9954195,40.766618,0
-73.9981879,40.7628817,35
-73.9977042,40.7634965,31
-73.9942055,40.7620177,155
-73.9928779,40.7606405,900
-73.9972013,40.7558466,237
-73.9958194,40.7576992,0
-73.9979933,40.7587006,0
-73.9953811,40.7583362,123
-73.9921205,40.7719085,13
-73.9925854,40.7712535,1931
-73.9932668,40.7657146,30
-73.9557917,40.7625331,117
-73.9942802,40.7681924,10
-73.9949693,40.7672464,73
-73.9864164,40.769505,1158
-73.9878539,40.7675282,536
-73.988772,40.766276,757
-73.9876411,40.7765667,717
-73.9849195,40.7766512,5091
-73.9860585,40.7750872,0
-73.9865304,40.7744509,776
-73.9876677,40.7728893,1810
-73.9822375,40.7774722,0
-73.9824803,40.7768085,298
-73.9816046,40.7790791,15
-73.9818683,40.778497,0
-73.9815307,40.7748321,413
-73.9883472,40.7719588,1132
-73.9827084,40.7711917,334
-73.9830979,40.7697246,745
-73.9164317,40.8614471,0
-73.9114181,40.8706543,0
-73.9174721,40.8717489,717
-73.9178436,40.8702857,99
-73.9168834,40.8709082,706
-73.9155814,40.8706233,701
-73.9565302,40.7609043,0
-73.9946422,40.7531229,60
-73.9888142,40.7514959,0
-73.9861175,40.7536106,2
-73.9807952,40.7521683,0
-73.9373411,40.8030478,69
-73.9383836,40.8010207,30
-73.9419993,40.7966715,1437
-73.9379653,40.7946143,1171
-73.9358673,40.7974938,125
-73.9326311,40.7977897,413
-73.932129,40.7937544,0
-73.937346,40.7914161,949
-73.9540558,40.7767138,970
-73.9522125,40.7751079,698
-73.9505719,40.7779009,1782
-73.9494428,40.7747696,1251
-73.9536792,40.7689621,1174
-73.9479599,40.7698799,0
-73.9475254,40.7773927,859
-73.9419565,40.8025315,0
-73.9417048,40.7999565,544
-73.9384747,40.8043782,309
-73.9466054,40.7961338,495
-73.9491259,40.7955638,936
-73.9426818,40.7986243,743
-73.9429118,40.7954183,439
-73.9431225,40.8378164,876
-73.9459423,40.834789,200
-73.9451927,40.8339223,0
-73.8909292,40.7650321,393
-73.9470461,40.7708472,0
-73.9424328,40.77635,0
-73.9509989,40.766122,0
-73.9529041,40.763978,0
-73.9435569,40.7675779,0
-73.9520134,40.7586121,437
-73.9520209,40.7557896,0
-73.9956268,40.7518507,42
-73.9913349,40.752567,7
-73.9917987,40.7519232,65
-73.9891221,40.7507838,81
-73.9882129,40.7528567,0
-73.988522,40.7521794,22
-73.9876701,40.7502461,0
-73.9864533,40.7529466,88
-73.9867813,40.7522799,13
-73.9836555,40.7525652,323
-73.9812485,40.7515505,225
-73.9798365,40.753479,0
-73.9791893,40.7514914,23
-73.9785792,40.7529487,3
-73.9391753,40.8005339,185
-73.9358417,40.8015937,1641
-73.9363014,40.8009656,883
-73.9372525,40.7997233,170
-73.9377121,40.7990947,1051
-73.9367771,40.8003472,601
-73.9391456,40.7971259,943
-73.9409883,40.7946121,823
-73.9414551,40.7939747,685
-73.9386815,40.7936418,979
-73.9391502,40.7930024,279
-73.9368475,40.7961556,809
-73.9358992,40.8050205,167
-73.9354081,40.7981216,822
-73.934128,40.7925837,0
-73.9374911,40.7922946,0
-73.9344492,40.8035625,22
-73.93494,40.8028887,643
-73.933807,40.8002736,2532
-73.9349343,40.7987532,647
-73.9335576,40.7965205,592
-73.9330968,40.7971467,555
-73.935007,40.7945389,692
-73.9304886,40.7968745,170
-73.9398267,40.7907957,248
-73.9400749,40.791727,1289
-73.951829,40.7673478,413
-73.9508486,40.7686024,809
-73.94477,40.7770488,1073
-73.95342,40.8198545,1982
-73.9766456,40.7778143,1099
-74.0080863,40.7529927,0
-74.006509,40.7553402,0
-73.9990471,40.7666624,0
-74.0001349,40.7665511,0
-73.9505246,40.7576799,0
-73.9528905,40.7599511,0
-73.9998523,40.7735703,0
-73.967578,40.7542403,460
-73.9730182,40.7915683,346
-73.933974,40.7956296,389
-73.9390218,40.8451858,196
-73.9299995,40.8531783,548
-73.9697559,40.7548054,377
-73.9910777,40.7629435,427
-73.943506,40.8232749,183
-73.9425296,40.8473483,221
-73.9387751,40.7976583,250
-73.962761,40.7742431,111
-73.9546482,40.7793762,52
-73.9654184,40.8080603,1106
-73.9380032,40.8445581,371
-73.9551457,40.7710402,619
-73.9275651,40.851816,243
-73.9607737,40.8060227,82
-73.9621568,40.7777778,212
-73.9365121,40.8439188,331
-73.9414337,40.8138883,304
-73.9558208,40.7748197,642
-73.9375558,40.8083833,73
-73.9596456,40.7598721,585
-73.940749,40.7984702,112
-73.9569354,40.7651968,224
-73.9350809,40.8433257,181
-73.926594,40.8649457,202
-73.9591011,40.7761399,243
-73.9576863,40.7807333,531
-73.9422924,40.7991482,298
-73.9483418,40.7716044,290
-73.9527956,40.7700574,256
-73.9432938,40.8132131,293
-73.9428366,40.8303461,291
-73.9454966,40.8004937,139
-73.9531127,40.7780078,1195
-73.9521423,40.7793379,1730
-73.9545176,40.7760795,722
-73.9534149,40.7740884,381
-73.9517526,40.7757438,1631
-73.9493813,40.7789952,1283
-73.949835,40.7783661,1020
-73.9508075,40.7770352,867
-73.9480014,40.7767403,1296
-73.9484972,40.776061,1659
-73.9503676,40.7734993,1626
-73.9499053,40.7741343,1140
-73.9489801,40.7754039,1129
-73.9513111,40.7722054,1091
-73.951811,40.7715243,1688
-73.9541449,40.7683276,1408
-73.9532165,40.7695973,942
-73.9511295,40.7661506,0
-73.9489571,40.7729113,650
-73.9504315,40.7700854,609
-73.94999,40.7693275,1814
-73.9478456,40.7698116,0
-73.9470663,40.7780195,1617
-73.9471384,40.7737984,1271
-73.9476029,40.7731639,1395
-73.9469614,40.8187994,18
-73.9438132,40.7866246,671
-73.9422737,40.7851653,0
-73.9432111,40.7844048,152
-73.9415077,40.8031631,139
-73.9410451,40.8037896,268
-73.9394096,40.8030999,452
-73.9398677,40.8024713,1025
-73.9403255,40.8018425,262
-73.9407859,40.8012135,455
-73.939634,40.7999055,674
-73.9400943,40.7992772,554
-73.9760263,40.7876629,1123
-73.9798377,40.7850931,676
-73.9789047,40.7838368,745
-73.9784189,40.7844944,751
-73.924434,40.7809094,0
-73.9453943,40.765384,0
-73.9667545,40.7747083,0
-73.940642,40.8169384,971
-73.9420342,40.8150408,812
-73.942999,40.813724,964
-73.9408655,40.8112063,917
-73.9457239,40.8099771,677
-73.9461903,40.8093606,921
-73.9466594,40.8087075,55
-73.9436267,40.8074307,329
-73.9453732,40.8064295,401
-73.9458413,40.8058017,371
-73.9448204,40.8112198,797
-73.942244,40.8093259,882
-73.943156,40.80808,728
-73.9427,40.8087028,888
-73.9413331,40.8105749,686
-73.943666,40.8044813,54
-73.9417045,40.8057398,498
-73.9385518,40.828423,348
-73.9426085,40.8284013,0
-73.9416848,40.828937,192
-73.9424209,40.8276281,12
-73.9428577,40.826841,0
-73.9928095,40.7663412,1076
-73.9382577,40.8017928,322
-73.9430391,40.8187599,1219
-73.9541643,40.8143366,278
-73.954378,40.8113623,0
-73.9530604,40.8114075,327
-73.9558776,40.8075698,0
-73.9549135,40.8063451,664
-73.9526527,40.8087334,0
-73.9513814,40.807323,1221
-73.9465182,40.8177783,201
-73.9323379,40.8554298,1259
-73.9328301,40.8516545,499
-73.9305487,40.8524277,647
-73.9353592,40.8482058,0
-73.9337718,40.8480188,841
-73.9361119,40.8448173,612
-73.9346846,40.8442132,893
-73.938184,40.8488135,0
-73.9817794,40.7551478,125
-73.958588,40.8178434,0
-73.9182394,40.8612635,0
-73.9851374,40.770935,1716
-73.9978463,40.7527723,0
-73.9955986,40.7601151,817
-73.999371,40.7617012,2067
-73.9395012,40.8338644,790
-73.9544011,40.7796469,690
-73.992822,40.7556173,546
-73.8981069,40.7671374,0
-73.8810682,40.7690283,0
-73.8814499,40.7626715,290
-73.8838073,40.7547921,685
-73.8816045,40.7531018,719
-73.8771311,40.7649896,240
-73.8779908,40.7592883,528
-73.8791589,40.7552803,461
-73.8754387,40.7556711,706
-73.9283174,40.7518096,0
-73.9010883,40.7675928,0
-73.8986994,40.7685023,86
-73.8977212,40.7689165,169
-73.8968808,40.7703023,14
-73.8965392,40.7675893,246
-73.8974883,40.7676108,39
-73.8984433,40.7676319,34
-73.8946544,40.7675894,230
-73.8887696,40.7662094,0
-73.9030799,40.766927,17
-73.9050418,40.7660096,59
-73.9051684,40.7643975,0
-73.904437,40.7654097,50
-73.9012904,40.7673685,0
-73.9027968,40.7622043,0
-73.9034092,40.7588839,16
-73.9036346,40.7528354,83
-73.8877235,40.7656794,57
-73.904618,40.7546109,13
-73.905676,40.7548709,223
-73.9036657,40.7547219,66
-73.9018613,40.7549074,358
-73.9027545,40.7548198,325
-73.9030919,40.7566487,330
-73.9028131,40.7526799,263
-73.9005816,40.753025,106
-73.8979961,40.7609066,0
-73.8992835,40.7585573,0
-73.8971658,40.7608426,253
-73.8953904,40.7612008,261
-73.9262901,40.7735423,163
-73.863069,40.7628527,194
-73.8632334,40.7612098,45
-73.8637575,40.7603964,242
-73.8646695,40.7604267,301
-73.8624262,40.763313,114
-73.8977284,40.7535026,69
-73.902199,40.7567419,11
-73.9009564,40.7550038,110
-73.8946163,40.7517366,520
-73.8979087,40.760317,0
-73.8951909,40.7574817,13
-73.8949603,40.7536201,388
-73.9047171,40.7777341,112
-73.903802,40.775257,199
-73.9009132,40.7776169,158
-73.9005064,40.7746629,178
-73.9031437,40.7724971,361
-73.9023579,40.7688012,254
-73.8987993,40.7727838,407
-73.9005491,40.7681186,81
-73.895756,40.7774529,0
-73.8973715,40.7717767,269
-73.8604164,40.7506995,933
-73.8635355,40.7543575,266
-73.8993341,40.7556207,0
-73.8608456,40.7514876,1167
-73.9329556,40.7654483,126
-73.9224354,40.7622129,1124
-73.918953,40.7624197,133
-73.9247969,40.7669281,1185
-73.9224149,40.7767507,148
-73.9211317,40.7778036,174
-73.9191919,40.7793878,205
-73.9203984,40.7744286,327
-73.919997,40.7711714,655
-73.9208249,40.7696997,1136
-73.9193859,40.7678541,192
-73.9285712,40.7614478,569
-73.9282745,40.7590887,329
-73.9263269,40.7560452,844
-73.9242794,40.7572155,0
-73.9043914,40.7511561,180
-73.901417,40.7515024,348
-73.8955387,40.751644,474
-73.8905448,40.7501323,899
-73.878453,40.7514025,710
-73.8896182,40.7502301,438
-73.8849621,40.7507185,618
-73.9271274,40.7523461,41
-73.9145693,40.750793,0
-73.9088568,40.7511215,59
-73.907669,40.7504551,37
-73.883709,40.76482,66
-73.8941158,40.7593944,461
-73.9149965,40.7733378,117
-73.9494356,40.7534469,15
-73.9339503,40.7696053,220
-73.9391597,40.758329,0
-73.8641035,40.7674455,0
-73.9512406,40.7513723,0
-73.9504201,40.7510262,0
-73.9186587,40.7666852,342
-73.9173668,40.7758605,337
-73.8824847,40.7589068,163
-73.8701621,40.7583084,258
-73.8965928,40.7534446,112
-73.9179063,40.7637061,437
-73.919771,40.7627659,74
-73.88273,40.7605977,174
-73.9010937,40.7584386,0
-73.9348312,40.7741835,1563
-73.9438443,40.7537724,1234
-73.9308601,40.7622101,732
-73.9081466,40.7760282,1272
-73.9241258,40.7727497,487
-73.9255199,40.769263,470
-73.9260637,40.7684915,172
-73.9266228,40.7676108,466
-73.92502,40.7698875,512
-73.9227976,40.7748739,0
-73.9232694,40.7745193,0
-73.9230171,40.776169,76
-73.9213456,40.7759916,154
-73.9217154,40.7733721,0
-73.9217565,40.7772852,375
-73.9200593,40.7770463,167
-73.9205223,40.7782994,158
-73.9194545,40.7775418,126
-73.9198885,40.7788187,218
-73.9181223,40.7786314,138
-73.917364,40.7792505,173
-73.9238264,40.7711789,29
-73.9229172,40.7725561,941
-73.9232235,40.768831,404
-73.917648,40.7724818,552
-73.9185221,40.7715491,20
-73.9183305,40.7729721,574
-73.9158482,40.7698142,0
-73.9223382,40.7682185,190
-73.9214604,40.7675708,90
-73.9185581,40.7705134,151
-73.923264,40.7666223,528
-73.9179983,40.7688625,550
-73.9290123,40.7643858,580
-73.9283691,40.7651081,641
-73.9277465,40.7657816,699
-73.925621,40.7637256,896
-73.9275187,40.7613861,676
-73.9290756,40.7594629,639
-73.9240205,40.7629732,723
-73.9303261,40.7579195,550
-73.9295269,40.7575427,344
-73.9307925,40.7559776,286
-73.9274765,40.7587117,500
-73.9292351,40.7551793,139
-73.9258785,40.7579635,376
-73.9271279,40.7564195,575
-73.9281653,40.7535635,119
-73.929629,40.7533351,227
-73.9250779,40.7575899,385
-73.928867,40.7529227,0
-73.9224653,40.7662472,241
-73.923497,40.7649758,166
-73.9212249,40.7650542,785
-73.920219,40.766516,0
-73.9363796,40.776199,0
-73.9523017,40.7519791,0
-73.8645277,40.7620287,164
-73.8705635,40.7705682,15
-73.9086631,40.7686228,0
-73.8732962,40.7653949,315
-73.908684,40.7690581,0
-73.8727477,40.7674386,272
-73.8721984,40.7695163,190
-73.8718368,40.7675342,275
-73.8708714,40.7676351,242
-73.870977,40.7656362,90
-73.8618447,40.7637461,329
-73.8692909,40.7658236,233
-73.8689482,40.7678233,212
-73.8684875,40.7661191,171
-73.8682582,40.7683994,166
-73.8738615,40.7635626,170
-73.8744138,40.7608166,79
-73.8735657,40.761862,260
-73.8747082,40.7575951,294
-73.8742092,40.7598183,217
-73.8734153,40.7607786,33
-73.8745088,40.7557692,0
-73.8737344,40.7578352,313
-73.8720264,40.7634973,283
-73.8726963,40.76164,372
-73.8726363,40.7607627,0
-73.870763,40.7615597,226
-73.8717337,40.7615723,62
-73.869633,40.76525,37
-73.8701407,40.7635968,543
-73.8680061,40.7644817,231
-73.867269,40.7648804,134
-73.8697277,40.7623033,39
-73.869001,40.7622654,30
-73.8694937,40.7600421,375
-73.8673924,40.7626829,287
-73.8677638,40.7614505,51
-73.8684751,40.7601498,325
-73.9184438,40.7603342,234
-73.9202938,40.7553442,609
-73.9164828,40.7776339,119
-73.9140768,40.7775005,203
-73.915467,40.7742679,703
-73.9135188,40.7697715,0
-73.9248218,40.7633458,588
-73.9259178,40.7606331,348
-73.9287271,40.7571702,294
-73.9266784,40.7583374,562
-73.930394,40.7537529,106
-73.9255286,40.7556698,0
-73.922023,40.7654326,676
-73.9272333,40.7718663,439
-73.9262952,40.7728839,396
-73.8665805,40.7550561,339
-73.8637957,40.762446,197
-73.8741883,40.7652999,297
-73.8750972,40.7537841,1010
-73.8665412,40.765287,159
-73.8730495,40.7591299,106
-73.8697925,40.7562649,551
-73.8803127,40.7512096,661
-73.9225263,40.752962,0
-73.9088005,40.7505873,61
-73.8822397,40.7560964,63
-73.9269421,40.7724619,82
-73.923987,40.7692951,362
-73.9198806,40.7672054,301
-73.8722371,40.7697653,382
-73.8662046,40.768047,233
-73.9460026,40.75328,0
-73.9413699,40.7509841,0
-73.9433685,40.7521978,0
-73.8621237,40.7527782,498
-73.9480291,40.7511991,12
-73.9466116,40.7502267,0
-73.9044531,40.7670192,0
-73.9213477,40.7635501,125
-73.8727453,40.7560815,424
-73.9242594,40.7654776,234
-73.9322252,40.7690832,286
-73.9149759,40.770615,98
-73.9374376,40.7558849,158
-73.9359445,40.765164,0
-73.9316344,40.7668955,191
-73.9301949,40.7631028,374
-73.9396631,40.7534679,188
-73.9357233,40.7730879,1367
-73.9373756,40.7683161,1
-73.9455119,40.7545635,1158
-73.9347039,40.7687218,361
-73.9311184,40.7718903,33
-73.9298921,40.7691224,596
-73.9377776,40.7668858,0
-73.9379417,40.7635533,120
-73.9422228,40.7572485,190
-73.9400161,40.7586378,21
-73.9371705,40.7574213,0
-73.8733673,40.7746406,0
-73.9327424,40.7739407,481
-73.9323549,40.7567756,312
-73.9486064,40.7531032,22
-73.9253678,40.7659859,470
-73.9276149,40.7544794,372
-73.8830639,40.7624839,144
-73.9217099,40.7586345,110
-73.9092524,40.7560385,1754
-73.8688294,40.7641501,249
-73.874595,40.7620386,347
-73.8729502,40.7635298,228
-73.8713962,40.7598743,370
-73.8692442,40.7635441,223
-73.8719377,40.7579145,321
-73.8699955,40.7573837,82
-73.8650559,40.7661161,147
-73.9471232,40.7534933,0
-73.9461754,40.7519565,0
-73.8906716,40.7662017,0
-73.8972681,40.7570666,76
-73.9142437,40.7707732,112
-73.9290544,40.7671952,176
-73.9243978,40.7650303,92
-73.9187378,40.7559077,174
-73.8893535,40.7667443,0
-73.8603717,40.760644,128
-73.8607151,40.7591304,383
-73.8619529,40.7602742,85
-73.8616408,40.7588635,466
-73.8613121,40.7570251,214
-73.8604502,40.7570089,303
-73.8600672,40.7559067,306
-73.8831925,40.7605368,277
-73.8811027,40.7607639,316
-73.8805193,40.7627663,313
-73.8850959,40.7566695,614
-73.8856668,40.754596,550
-73.8845008,40.7586039,303
-73.8835703,40.7587013,359
-73.8853247,40.7527105,969
-73.8817102,40.7588976,301
-73.880781,40.7589949,395
-73.8814132,40.7572644,316
-73.881947,40.754988,376
-73.8810176,40.7550863,358
-73.8782816,40.7648317,323
-73.8778693,40.7690417,240
-73.8774864,40.7669409,367
-73.8784186,40.7668446,365
-73.876803,40.7692734,357
-73.8757931,40.7691007,252
-73.8754648,40.7672277,272
-73.8768653,40.7636711,50
-73.8789207,40.7591909,549
-73.8798516,40.7590935,400
-73.8778084,40.7637057,0
-73.8773567,40.7609359,303
-73.8783104,40.7609774,253
-73.8761829,40.7650902,233
-73.8758981,40.7636365,75
-73.8764049,40.7608961,275
-73.8785878,40.7573527,35
-73.8800879,40.7551832,345
-73.8788157,40.7533937,722
-73.8782295,40.755377,862
-73.8772985,40.7554757,723
-73.8778871,40.7534925,1110
-73.8761239,40.7594649,309
-73.8757962,40.7576275,696
-73.8751969,40.759597,253
-73.9426197,40.7502562,0
-73.9386458,40.7501856,0
-73.9115797,40.7536167,0
-73.9304462,40.7523909,43
-73.9280856,40.7525656,87
-73.9369745,40.7539146,134
-73.9341813,40.7557906,199
-73.9351628,40.7546618,94
-73.9307773,40.7602353,622
-73.931126,40.7582938,447
-73.9315737,40.7563773,608
-73.9344011,40.7542681,207
-73.9336305,40.753858,197
-73.9495014,40.7520517,0
-73.9477773,40.7527395,0
-73.9487746,40.751626,10
-73.8640106,40.7568345,485
-73.8631095,40.7568973,410
-73.8625403,40.7588015,465
-73.8622101,40.7569609,394
-73.8627501,40.7549133,810
-73.8624593,40.7533866,568
-73.9469743,40.7523377,0
-73.9052558,40.7514491,151
-73.9054651,40.7530896,0
-73.9035335,40.7508576,291
-73.9023578,40.7516014,59
-73.9026804,40.7505702,220
-73.8920276,40.7664203,0
-73.9136056,40.7703841,101
-73.9136588,40.767562,785
-73.906721,40.7750255,354
-73.9108572,40.7682658,420
-73.9084221,40.7704001,241
-73.9046287,40.770183,110
-73.9147786,40.7631638,107
-73.9218858,40.7560954,53
-73.9215459,40.753812,0
-73.912747,40.7764868,183
-73.9167233,40.7707674,51
-73.9196347,40.7642963,1097
-73.9226817,40.7564664,216
-73.9115114,40.7694913,0
-73.9281054,40.7713154,207
-73.9242392,40.7677997,542
-73.9210742,40.7749232,306
-73.9189049,40.7766955,440
-73.9223315,40.7704704,496
-73.9256033,40.7716,168
-73.9190177,40.7734591,446
-73.9099781,40.7680023,202
-73.9134594,40.757012,91
-73.8964714,40.7515718,501
-73.9067796,40.7562594,325
-73.8804466,40.7571589,423
-73.877657,40.7574505,818
-73.8760269,40.7536871,795
-73.884395,40.7528083,708
-73.896128,40.7706037,62
-73.9051143,40.7565471,59
-73.8998885,40.7549558,0
-73.8989074,40.7553371,75
-73.9178165,40.7543725,128
-73.9158794,40.7540572,0
-73.9057153,40.7665163,11
-73.9086865,40.7535106,0
-73.9034218,40.7766533,141
-73.898036,40.7755895,0
-73.8966032,40.7745745,0
-73.9154327,40.7680945,747
-73.9064335,40.7774506,207
-73.9147459,40.7648739,286
-73.9060572,40.771202,442
-73.9158728,40.7622202,161
-73.9011801,40.7674764,0
-73.8980776,40.7668604,0
-73.8981451,40.7670046,0
-73.8949271,40.7665247,0
-73.8925056,40.7662556,0
-73.8906765,40.7663086,0
-73.889573,40.7663015,0
-73.8893051,40.7665136,0
-73.8880249,40.7667551,0
-73.8977764,40.761003,0
-73.9022143,40.7623866,0
-73.8970735,40.7513597,39
-73.8693356,40.769157,0
-73.9143883,40.7726592,179
-73.913847,40.7722771,231
-73.9125824,40.773312,195
-73.9119712,40.7718072,451
-73.9127803,40.7700672,118
-73.9120768,40.7698085,0
-73.9118974,40.7691191,0
-73.9145467,40.7678277,823
-73.9171449,40.7659999,392
-73.910079,40.7773972,1013
-73.9103425,40.7742285,389
-73.907398,40.7784081,400
-73.9069437,40.7779532,283
-73.907429,40.7755274,419
-73.9096315,40.7737224,456
-73.9089201,40.7732236,350
-73.9051739,40.7763046,183
-73.9096104,40.7715536,96
-73.9108925,40.7705528,394
-73.9382069,40.7562943,0
-73.9361808,40.7663691,0
-73.9369055,40.7652266,24
-73.9345457,40.7662372,0
-73.9334653,40.7615143,1200
-73.9348341,40.7600278,1262
-73.9352302,40.7646582,447
-73.9342025,40.763797,744
-73.9294758,40.7666671,275
-73.9306516,40.7652839,10
-73.9318522,40.7639504,183
-73.9325821,40.7630041,594
-73.9317336,40.7607246,336
-73.9352466,40.7582419,133
-73.9363974,40.7570085,22
-73.9366754,40.7554809,154
-73.9377445,40.7543244,265
-73.9344199,40.7578272,326
-73.9348675,40.7561641,393
-73.8727747,40.7534761,814
-73.8718459,40.7521785,855
-73.8698278,40.7507141,857
-73.8707418,40.7501301,384
-73.8681057,40.7512346,771
-73.9023373,40.7521457,19
-73.9003415,40.7512888,253
-73.8977958,40.7515339,0
-73.8973922,40.751441,0
-73.8936882,40.7518324,543
-73.8927599,40.7519277,685
-73.8918318,40.7520244,852
-73.8890432,40.7523184,1067
-73.8881128,40.7524174,641
-73.8871832,40.7525155,579
-73.8862543,40.7526132,590
-73.8812427,40.7511099,704
-73.8775248,40.7515004,929
-73.8765958,40.751598,639
-73.9371025,40.7502656,370
-73.899302,40.751193,309
-73.8983973,40.7512587,232
-73.8914708,40.7500343,872
-73.8886839,40.7503237,714
-73.8877495,40.7504253,561
-73.8868197,40.7505227,831
-73.8821719,40.7510101,913
-73.8793833,40.7513069,620
-73.8754552,40.7502415,122
-73.9253804,40.7531431,137
-73.9177455,40.7522572,7
-73.9178211,40.7504918,0
-73.9122814,40.7503866,0
-73.9087787,40.7525604,0
-73.9082981,40.7517111,0
-73.9062854,40.7531989,0
-73.9069725,40.7520325,0
-73.9068182,40.7501393,44
-73.8801729,40.7608619,285
-73.8825351,40.7530036,466
-73.879242,40.7609551,285
-73.8795174,40.7572568,793
-73.8763684,40.7555736,778
-73.8897442,40.7561829,293
-73.8931186,40.769529,238
-73.8917931,40.7596393,34
-73.8879583,40.7619885,356
-73.8940474,40.7694307,135
-73.9016783,40.7529119,378
-73.8987204,40.7586521,201
-73.8671861,40.7670385,139
-73.9290661,40.7761416,697
-73.8950457,40.7663805,0
-73.9401562,40.7504553,0
-73.885351,40.76592,34
-73.9138035,40.7695846,0
-73.8988592,40.7500563,0
-73.9333779,40.7572746,86
-73.8882181,40.7582117,430
-73.9209197,40.7764443,66
-73.8969372,40.7534164,158
-73.9173996,40.7687932,275
-73.9186342,40.7748236,139
-73.8996887,40.7556848,0
-73.9002118,40.7589779,0
-73.874481,40.7694346,165
-73.8959085,40.7692364,151
-73.9617418,40.7525143,0
-73.9571997,40.8250966,0
-73.9899309,40.7789102,0
-73.9288807,40.8464485,0
-73.9652595,40.8083627,10
-73.9647623,40.8081564,330
-73.9283485,40.8461716,0
-73.9637739,40.8103549,14
-73.9668921,40.8054828,490
-73.9668065,40.8062101,297
-73.9648685,40.804742,637
-73.9656069,40.8047565,225
-73.958709,40.8095474,514
-73.9609091,40.8113334,193
-73.960224,40.8108521,42
-73.9599904,40.8109919,679
-73.9594316,40.8106562,172
-73.9625683,40.8120097,191
-73.9982267,40.7513134,30
-73.9832859,40.7738927,397
-73.9845003,40.7744117,510
-73.9603226,40.7566361,0
-73.9531109,40.7639296,0
-73.9495537,40.7680547,0
-73.9500703,40.7674431,0
-73.9505913,40.7668205,0
-73.9633956,40.7670929,373
-73.934392,40.825175,0
-73.9349608,40.8324066,0
-73.9560533,40.765646,562
-73.9344966,40.8145495,0
-73.9481378,40.8393655,0
-73.9470416,40.839792,0
-73.9809098,40.7918426,0
-73.9786026,40.7941993,0
-73.983416,40.7865969,0
-73.9756788,40.7974841,0
-73.9764622,40.7962083,0
-73.9749966,40.7991898,0
-73.9341428,40.8475288,677
-73.9354251,40.8480764,1310
-73.936632,40.8485713,0
-73.9381676,40.8489683,0
-73.9343207,40.8472506,0
-73.934426,40.8471266,0
-73.9356105,40.8477819,41
-73.9369031,40.8482897,0
-73.9369642,40.8481814,0
-73.9384241,40.8485994,0
-73.9452478,40.8563425,0
-73.9401567,40.8550031,0
-73.9458796,40.8503215,0
-73.9559261,40.7741517,1797
-73.9564242,40.7734684,1086
-73.9613611,40.7730313,503
-73.960677,40.7710853,619
-73.9597505,40.7723523,506
-73.9602135,40.7717183,676
-73.9582929,40.7709085,935
-73.9587553,40.7702748,1131
-73.9616535,40.7697423,442
-73.9606663,40.7676526,1476
-73.960209,40.768277,1295
-73.9592348,40.769617,1268
-73.9597336,40.7689333,1230
-73.9569044,40.7728098,1090
-73.9578298,40.7715422,503
-73.9546968,40.7702929,654
-73.9559891,40.7699365,1876
-73.9546019,40.7718388,1051
-73.956452,40.7693021,1250
-73.9569319,40.7686439,1770
-73.9574295,40.7679612,1539
-73.9550848,40.767975,656
-73.966938,40.7653853,257
-73.9673942,40.7647593,380
-73.9678515,40.7641337,234
-73.9660258,40.7666377,211
-73.9664825,40.7660118,280
-73.9653285,40.7647075,337
-73.965785,40.7640818,522
-73.9666993,40.7628292,575
-73.9671561,40.7622022,20
-73.9680867,40.7609277,458
-73.9662422,40.7634553,332
-73.9652283,40.7613908,556
-73.9656833,40.7607652,499
-73.9644241,40.7659554,201
-73.9648718,40.7653333,345
-73.9629232,40.7604266,0
-73.960443,40.7596318,291
-73.9607294,40.7593029,8
-73.9412328,40.8527084,0
-73.9761773,40.7951659,0
-73.9682104,40.8052004,0
-73.9611299,40.8157476,0
-73.9637577,40.8119313,0
-73.9330285,40.846522,0
-73.9401332,40.8495234,0
-73.9409201,40.8507939,295
-73.9326581,40.8018677,0
-73.9326989,40.8469302,0
-73.9256526,40.8546635,4
-73.9606608,40.8177809,0
-73.9585859,40.820781,0
-73.9081557,40.8767758,656
-73.9385522,40.8666638,0
-73.9341632,40.8650199,0
-73.9610023,40.818068,0
-73.9165966,40.8630741,0
-73.9302947,40.8469212,0
-73.9320013,40.8389342,0
-73.9324993,40.8402203,0
-73.9479368,40.8216313,0
-73.9375047,40.8429078,896
-73.9369839,40.8410795,720
-73.9365297,40.8416923,1017
-73.9396496,40.8391283,0
-73.9382849,40.839292,293
-73.9395504,40.8371445,245
-73.937332,40.8378544,309
-73.9937147,40.7543838,895
-73.944282,40.7901015,638
-73.9433518,40.7872485,832
-73.9466274,40.7827583,801
-73.8741976,40.7711466,0
-73.9220568,40.7741137,0
-73.9223968,40.7738738,0
-73.9037998,40.7666589,14
-73.8916771,40.7776941,0
-73.9452966,40.7516403,0
-73.9433037,40.7598227,0
-73.9385286,40.7658459,184
-73.9390155,40.7618205,84
-73.9424577,40.7595155,39
-73.9414409,40.7569004,68
-73.9390841,40.7567457,18
-73.8661355,40.7510655,1487
-73.9420198,40.7705618,532
-73.9484746,40.7640218,624
-73.9503245,40.7621911,1650
-74.0039244,40.758378,0
-73.9615806,40.7663997,819
-73.9620479,40.7657703,1384
-73.9629518,40.7645228,734
-73.9638645,40.7632725,983
-73.9625528,40.7608945,376
-73.961105,40.7629252,1309
-73.9610791,40.7620983,543
-73.9666585,40.7594434,1094
-73.9661666,40.7601178,1103
-73.9648251,40.7578204,971
-73.9643546,40.7584716,1492
-73.9657374,40.7565693,1151
-73.9671088,40.7546908,952
-73.9634671,40.7589784,859
-73.9629874,40.7596319,542
-73.9625152,40.7568475,1396
-73.9629821,40.7562271,1620
-73.962041,40.757499,1490
-73.9616987,40.755475,0
-73.960193,40.7641771,836
-73.9597348,40.764802,1060
-73.9587791,40.7626446,611
-73.9578825,40.7632038,1235
-73.9592472,40.7613279,1187
-73.9597118,40.7607001,274
-73.9569711,40.7644538,19
-73.9556022,40.7663309,1738
-73.9576756,40.7606896,1059
-73.9615526,40.7581726,1209
-73.9460876,40.8144239,584
-73.9443765,40.8118466,424
-73.9444049,40.8168882,589
-73.9439485,40.817513,582
-73.9415591,40.8156883,919
-73.9377316,40.8371967,585
-73.9366605,40.8393379,0
-73.9414146,40.8362732,1008
-73.9423179,40.835023,1232
-73.940553,40.8342671,327
-73.93996,40.8354453,0
-73.9401815,40.8349223,276
-73.9412923,40.8329453,400
-73.938597,40.8357111,804
-73.9392687,40.8351323,188
-73.9399749,40.8332322,407
-73.9395285,40.8345318,140
-73.9411209,40.8299852,941
-73.9360829,40.8423135,822
-73.93606,40.840257,227
-73.927883,40.846728,0
-73.9357227,40.8392239,24
-73.9514582,40.8264048,768
-73.9492738,40.8254959,1132
-73.9519433,40.8257722,741
-73.9504502,40.8243398,1290
-73.954481,40.8227699,1269
-73.9535611,40.8240031,1228
-73.9517055,40.8232404,550
-73.9523313,40.8226943,477
-73.9548847,40.8221221,913
-73.9559593,40.8209086,1706
-73.9538466,40.8191617,1361
-73.952147,40.8181038,0
-73.9510759,40.8237875,588
-73.9490712,40.8237025,224
-73.9496863,40.823164,355
-73.9499243,40.8283131,308
-73.950384,40.8276889,362
-73.9473991,40.8280645,1080
-73.9478531,40.8274394,1458
-73.9469423,40.8286881,976
-73.9460302,40.8299352,1554
-73.9464878,40.8293117,1262
-73.9471599,40.8246072,213
-73.9461962,40.8259257,491
-73.9457401,40.8265507,361
-73.9426107,40.8299177,263
-73.943118,40.8295139,500
-73.9447719,40.8253267,371
-73.9452441,40.8246775,465
-73.943105,40.8278505,304
-73.9439037,40.8265858,344
-73.9480864,40.8233382,350
-73.9477649,40.819187,0
-73.9512586,40.8162583,532
-73.9458083,40.8207513,345
-73.9495011,40.835392,0
-73.986074,40.7835858,33
-73.9601427,40.8188528,0
-73.9115642,40.8761734,790
-73.9116797,40.8769693,768
-73.9097961,40.8772491,343
-73.9079847,40.8747636,2362
-73.9122062,40.8769378,1134
-73.9323325,40.8766735,0
-73.9317165,40.8676882,0
-73.946277,40.8461495,0
-73.9371403,40.8575507,531
-73.9412288,40.846613,264
-73.9376241,40.8543562,828
-73.9358963,40.8560065,844
-73.9328645,40.8573097,965
-73.9581243,40.8184626,29
-73.9918767,40.7819234,0
-73.9850765,40.782861,0
-73.9608949,40.8130136,825
-73.9586114,40.8087027,733
-73.9447651,40.8384998,847
-73.94349,40.8371564,538
-73.9480334,40.8344216,0
-73.9467796,40.8336092,321
-73.9441747,40.8358465,207
-73.939972,40.8282876,0
-73.9886152,40.7563026,6
-73.9835776,40.7640868,568
-73.9825266,40.766108,484
-73.982568,40.7628498,48
-73.9865081,40.7562476,0
-73.9825287,40.7595516,81
-73.9799526,40.757651,107
-73.9857828,40.7542775,2
-73.9905953,40.7637716,493
-73.9868409,40.7638262,868
-73.9949414,40.7589947,1029
-73.9932768,40.7550002,1327
-73.9856968,40.7798805,1167
-73.9830479,40.7796452,1271
-73.9827506,40.7837001,904
-73.9967917,40.7647447,21
-73.9924172,40.7612691,922
-73.993464,40.7592073,1289
-73.9883119,40.7669021,806
-73.9837906,40.7782103,1601
-73.982045,40.777976,20
-73.9817673,40.7741253,358
-73.9840462,40.7676557,1408
-73.9738835,40.7616408,0
-73.975471,40.7565803,3
-73.9683229,40.763622,192
-73.9729442,40.7571529,205
-73.9719473,40.7842555,1075
-73.9676407,40.8041507,581
-73.9635671,40.8008276,329
-73.9665461,40.7966923,930
-73.9580783,40.8035763,0
-73.958092,40.8004182,0
-73.9763929,40.7545147,0
-73.9421729,40.8233767,427
-73.9397398,40.8181888,1494
-73.9761874,40.7835452,1102
-73.9733477,40.7874239,1538
-73.9333048,40.8126119,0
-73.9395952,40.8057332,285
-73.9345132,40.8128572,0
-73.9714428,40.7990866,745
-73.9717764,40.7959457,808
-73.9703557,40.7953481,630
-73.9783823,40.7904013,1557
-73.9794014,40.7831543,781
-73.9428348,40.8145084,399
-73.9452801,40.8106005,830
-73.9420533,40.8282746,188
-73.9398717,40.8265203,509
-74.0025871,40.7602206,0
-73.9986768,40.7577581,73
-73.9912971,40.7689554,0
-73.9659225,40.7771447,0
-73.9929792,40.7705412,1620
-73.9530859,40.8262707,40
-73.9342395,40.8473911,706
-73.9516013,40.8124678,387
-73.9536104,40.8082395,281
-73.952818,40.808138,0
-73.9469945,40.8171305,0
-73.9397663,40.8364467,5
-73.9422056,40.8250559,0
-73.948785,40.8261683,1003
-73.9515667,40.8215284,1195
-73.9452832,40.8271742,604
-73.9490018,40.8220892,508
-73.9441448,40.8223442,292
-73.9323501,40.8474203,684
-73.9387775,40.8410671,0
-73.9082162,40.7727303,489
-73.9101956,40.77007,211
-73.9155446,40.7652496,538
-73.9092975,40.7696451,41
-73.9090928,40.7677388,411
-73.9081788,40.7694659,27
-73.9114938,40.7661549,791
-73.907503,40.7722256,338
-73.9067758,40.7717123,402
-73.9075114,40.7700619,106
-73.9082104,40.7674673,259
-73.9060516,40.7681703,0
-73.9053441,40.770696,437
-73.9069086,40.769793,16
-73.9072806,40.7692656,79
-73.9060474,40.7690583,85
-73.9106965,40.765779,659
-73.907743,40.7667602,98
-73.9051768,40.7687449,11
-73.9172382,40.7631699,467
-73.9139465,40.764498,324
-73.9131487,40.7641219,427
-73.9144037,40.7625302,594
-73.8666242,40.7603369,369
-73.8662903,40.758507,445
-73.8668502,40.7565743,619
-73.8671222,40.7534402,688
-73.8661898,40.7536639,517
-73.8656932,40.7551937,271
-73.8643589,40.7540993,538
-73.8628422,40.7603477,131
-73.8736523,40.7507079,0
-73.8738067,40.7518905,1161
-73.9250237,40.7717646,50
-73.9224187,40.7750217,17
-73.9188175,40.7780629,163
-73.9188445,40.7713366,0
-73.9279774,40.7627617,225
-73.9251206,40.7602612,771
-73.9232306,40.7625913,878
-73.9443213,40.7511636,0
-73.938495,40.7510274,61
-73.9328321,40.7521265,0
-73.9169068,40.7832407,482
-73.9136717,40.7799331,638
-73.9279234,40.7737656,478
-73.9274743,40.7691657,382
-73.9321028,40.7587268,508
-73.9392719,40.7551379,0
-73.9922846,40.7512549,87
-73.98411,40.7519475,28
-73.9381714,40.798466,639
-73.934535,40.7951884,667
-73.9338192,40.7808414,0
-73.9512891,40.7763783,1503
-73.9522906,40.7708653,974
-73.9452237,40.7764196,1329
-73.9424048,40.8018986,179
-73.9389512,40.8037272,243
-73.9459055,40.7942072,744
-73.9561405,40.7859509,309
-73.9531471,40.7814057,830
-73.9473326,40.7922493,137
-73.9429001,40.7878752,1272
-73.9612916,40.8182757,0
-73.9794705,40.7739415,1099
-73.9797879,40.763309,509
-73.9743411,40.7610152,23
-73.9745575,40.7578337,0
-73.9687646,40.7628856,326
-73.9722477,40.7552193,433
-73.975499,40.7883282,340
-73.9562109,40.7947218,0
-73.9496545,40.767695,0
-73.9902253,40.7693766,107
-73.9755065,40.7908263,709
-73.9770161,40.7863924,915
-73.9549825,40.812657,662
-73.9545028,40.8094556,345
-73.9532901,40.8064438,331
-73.9490039,40.8054994,683
-73.9411061,40.816315,1136
-73.9403206,40.8325666,316
-73.935725,40.841139,0
-73.9554006,40.8215153,1175
-73.9503105,40.82262,636
-73.9476332,40.8239612,274
-73.9485433,40.8227122,385
-73.9446947,40.8202745,0
-73.9321373,40.8587056,570
-73.9828254,40.7888333,0
-73.9819904,40.7734565,5
-74.0026276,40.7523516,1625
-73.9509238,40.8270527,373
-73.950937,40.8220745,826
-73.9639834,40.8206969,0
-73.9496429,40.7866224,318
-73.9967603,40.7564698,901
-73.946195,40.7750902,1042
-73.9911749,40.7739289,1049
-74.0036845,40.7682585,0
-73.9655356,40.7533659,277
-73.9499852,40.786148,333
-73.9944262,40.7536682,108
-73.9471189,40.8030603,813
-73.9595356,40.7728651,310
-73.9460271,40.7757215,607
-73.9293282,40.7836101,0
-73.9345402,40.8086401,0
-73.9355906,40.7932088,34
-73.930275,40.7949982,0
-73.9294022,40.796416,0
-73.9457838,40.7719322,0
-73.9461654,40.7722272,1092
-73.9438981,40.8499567,0
-73.9185512,40.8753384,0
-73.9096868,40.8751981,610
-73.9340783,40.7960454,429
-73.936344,40.7968413,728
-73.9441143,40.7999045,299
-73.9420493,40.7994873,357
-73.9404162,40.7987564,170
-73.9385802,40.797899,330
-73.9462713,40.8037535,398
-73.9525506,40.8061873,248
-73.944121,40.8067575,444
-73.9605335,40.806366,233
-73.9642844,40.8079368,255
-73.9379224,40.8081436,104
-73.9393709,40.8089306,285
-73.94391,40.8124774,713
-73.943855,40.8131256,421
-73.9409421,40.8284763,2290
-73.9352199,40.8437025,582
-73.936624,40.8443043,440
-73.9398171,40.8454636,87
-73.9302021,40.8529007,256
-73.9286487,40.8524817,828
-73.9313832,40.8536321,547
-73.9257167,40.8655075,96
-73.9287848,40.8455686,0
-73.9340949,40.8320166,0
-73.947244,40.821388,12
-73.9898629,40.7736171,889
-73.9892102,40.7739776,1374
-73.9378318,40.836222,125
-73.9432604,40.842717,1487
-74.0062312,40.7552101,0
-74.0050523,40.7586356,0
-74.0030966,40.7604304,0
-74.0026904,40.7615207,7
-73.9310159,40.8675559,0
-73.9766101,40.7953413,0
-73.9346943,40.862366,0
-73.9672459,40.8110299,0
-73.9313713,40.7866003,635
-73.9741495,40.7990853,0
-73.9754451,40.7992324,0
-73.9839959,40.7866836,14
-73.9702058,40.8124005,0
-73.9769406,40.7967433,0
-74.0002141,40.7518467,11
-73.996204,40.7555637,0
-73.9953733,40.7558035,0
-73.9959142,40.7571623,0
-73.9961578,40.7568996,0
-73.9956715,40.7560424,0
-74.0066221,40.7617955,0
-73.9873733,40.7806374,0
-73.98563,40.7832554,0
-73.9879324,40.7804272,0
-73.961712,40.7808957,0
-73.9637147,40.7793405,0
-73.936038,40.810776,1805
-73.9584025,40.8232428,0
-73.9706608,40.7602811,207
-73.969964,40.7583508,27
-73.9704218,40.7577245,124
-73.9685788,40.7602533,343
-73.9690522,40.7596008,565
-73.971336,40.7564752,124
-73.9708791,40.7571008,65
-73.9703256,40.7544093,492
-73.9689577,40.7562908,583
-73.9694138,40.7556647,496
-73.9680502,40.7575461,848
-73.9684979,40.7569174,406
-73.9636555,40.7756568,171
-73.9641177,40.7750233,151
-73.9631766,40.7763157,63
-73.9615689,40.7756393,373
-73.9620502,40.7749809,429
-73.9650427,40.773753,394
-73.9629759,40.7737113,326
-73.9687909,40.76862,221
-73.9692474,40.7679948,34
-73.9683348,40.7692479,409
-73.9667265,40.7685696,159
-73.9697024,40.7673696,89
-73.9923709,40.7562378,356
-73.9919311,40.7568824,0
-73.9899864,40.7544225,25
-73.9904324,40.7538013,10
-73.9876534,40.7576223,570
-73.9860957,40.76023,506
-73.9427723,40.8343979,1621
-73.9432282,40.8337729,1415
-73.9421843,40.8508439,680
-73.9388402,40.8535619,989
-73.9386325,40.855286,486
-73.9389595,40.850569,562
-73.940241,40.8499459,377
-73.9392885,40.8497506,410
-73.941563,40.8454236,961
-73.9397979,40.8446644,877
-73.9419738,40.8440074,561
-73.9400264,40.8439646,954
-73.9398305,40.8483448,443
-73.9386125,40.8481216,880
-73.9380555,40.8490692,0
-73.936231,40.8490302,298
-73.9365295,40.8486715,0
-73.9383363,40.8440795,448
-73.9393003,40.8460312,617
-73.9379348,40.8464584,16
-73.9381007,40.8528387,0
-73.9335079,40.8560495,520
-73.9355538,40.8541975,844
-73.9339714,40.8548949,383
-73.9344181,40.8538392,303
-73.9357194,40.8512568,536
-73.9323604,40.8522968,685
-73.9347852,40.8509182,150
-73.9332656,40.8510596,591
-73.9337022,40.8504592,341
-73.931861,40.8529807,429
-73.9310481,40.8517446,647
-73.9356543,40.8496639,229
-73.9360129,40.8473008,758
-73.9350831,40.8485723,417
-73.9364679,40.8466763,645
-73.9369432,40.8460277,496
-73.9356282,40.845476,879
-73.933278,40.8461508,808
-73.9342063,40.8448816,906
-73.9332885,40.8486799,428
-73.9323902,40.8499077,349
-73.9569235,40.8200211,3101
-73.9603933,40.8102725,409
-73.9637437,40.810852,0
-73.9635034,40.8094711,954
-73.9656756,40.8067055,465
-73.9615592,40.8086756,11
-73.9638855,40.8058903,1229
-73.9612224,40.8047673,0
-73.9455133,40.8453517,0
-73.9561823,40.8160183,523
-73.9588263,40.8171709,0
-73.924593,40.8511633,0
-73.9378546,40.8398873,479
-73.9864502,40.7595635,287
-73.9373105,40.8501781,1306
-73.9372223,40.8478126,603
-73.9333808,40.8531941,403
-73.9346015,40.849233,409
-73.9644121,40.8053085,648
-73.9576717,40.8120909,589
-73.9452171,40.8378579,1358
-73.9482198,40.831695,1049
-73.9868024,40.7588976,10
-73.9814248,40.7648256,0
-73.9854353,40.7549715,8
-73.9822564,40.7544986,14
-73.9901402,40.7643977,811
-73.9909653,40.7581684,1232
-73.9844797,40.7811245,886
-73.9958814,40.7659949,0
-73.9516355,40.8108063,119
-73.9829012,40.7704662,556
-73.9999596,40.7610774,3416
-73.9946697,40.7613963,32
-73.9357408,40.8476827,0
-73.9328631,40.8466378,0
-73.9453501,40.773044,601
-73.9760663,40.7927013,752
-73.9493441,40.8050266,170
-73.9421018,40.8098601,861
-73.9427664,40.8460634,277
-73.9906126,40.7745364,936
-73.9576557,40.8157175,497
-73.9596954,40.8146533,970
-73.9632129,40.8117174,0
-73.9587555,40.8112497,731
-73.9559782,40.8115469,2077
-73.9566971,40.8145453,488
-73.9588523,40.8104841,398
-73.9579856,40.8093417,278
-73.9491496,40.8352959,0
-73.9443425,40.8397341,325
-73.9460111,40.8391183,0
-73.9487335,40.8340951,0
-73.9464245,40.8364767,141
-73.9456081,40.8372186,1287
-73.9427558,40.8384757,861
-73.9419125,40.8488607,11
-73.9433735,40.8459854,51
-73.9410809,40.8492725,0
-73.9453349,40.8359792,1389
-73.945034,40.8345797,0
-73.9478736,40.8328087,37
-73.9495578,40.8312991,0
-73.9441598,40.8325031,1159
-73.944874,40.8315189,42
-73.9484043,40.8309394,1121
-73.9455759,40.8305604,834
-73.9963301,40.7653655,34
-73.9933342,40.7600149,845
-73.9821498,40.7634958,206
-73.9431458,40.825427,2138
-73.9459602,40.7654212,0
-73.9493904,40.7831032,1535
-73.9597855,40.8058628,262
-73.9618326,40.7673253,344
-73.978053,40.7811574,302
-73.9776529,40.7542232,2
-73.9721539,40.7519068,874
-73.9191911,40.8716296,328
-73.9267161,40.8620972,1434
-73.9299345,40.8565496,878
-73.9224376,40.8603379,1124
-73.9658434,40.7981317,1263
-73.9578493,40.8100238,503
-73.9353852,40.8316459,49
-73.944568,40.8478498,0
-73.9407624,40.8485072,459
-73.9213043,40.8622665,406
-73.9859655,40.7701355,972
-73.9841734,40.772648,11
-73.9200804,40.86123,0
-73.9134247,40.8703036,0
-73.9200958,40.8639923,1298
-73.9182422,40.8637417,81
-73.9968118,40.7720137,0
-73.9341472,40.8209772,0
-73.9290629,40.8629301,699
-73.9396054,40.7964953,902
-73.9456527,40.7840909,5
-73.9886071,40.7789331,0
-73.9671323,40.7587925,197
-73.967171,40.8071427,0
-73.9868884,40.7688543,1648
-73.9523082,40.7879469,871
-73.965543,40.8074889,82
-73.9280636,40.7977135,0
-73.9554483,40.8270084,0
-73.9647755,40.7620188,528
-73.9549739,40.7713802,580
-73.9494745,40.7856425,933
-73.9360667,40.8162478,1215
-73.9590898,40.8126689,1113
-73.9688649,40.791313,265
-73.9395546,40.851757,583
-73.9458719,40.7868621,280
-73.9893261,40.7776621,0
-73.9503809,40.8324616,0
-73.9623137,40.818291,0
-73.9804129,40.7982091,0
-73.9894058,40.7784474,0
-73.9796394,40.7508718,9
-73.9712385,40.7531602,1546
-73.9680696,40.753458,1462
-73.9296003,40.8666062,319
-73.9279175,40.8639776,952
-73.9275498,40.861787,1747
-73.922418,40.8677562,741
-73.9544569,40.8177198,1083
-73.9459312,40.7667534,2681
-73.9873798,40.7509309,0
-73.98033,40.7528098,24
-73.9377992,40.8024203,93
-73.9410692,40.7979435,234
-73.9396145,40.7923717,597
-73.9335401,40.8048483,20
-73.9668686,40.7812889,0
-73.9108208,40.8754142,927
-73.9274062,40.8748999,0
-73.9241233,40.8780583,0
-73.9438747,40.7750567,26
-73.9353995,40.8022274,504
-73.9542415,40.7885548,562
-73.9599697,40.7569133,0
-73.9605076,40.7986846,762
-73.9761675,40.7585125,19
-73.9528666,40.7660345,754
-73.9388281,40.8194298,1338
-73.9915989,40.7682801,892
-73.9470374,40.8125688,1128
-73.949486,40.8289502,662
-73.9388925,40.8473766,575
-73.9585378,40.8163373,0
-73.9814554,40.7698947,290
-73.9825472,40.7862477,0
-73.9140187,40.8694998,0
-73.9415958,40.850099,0
-73.9524071,40.7910694,633
-73.9646093,40.7676756,0
-74.0010728,40.7639029,0
-73.9649218,40.7517822,0
-73.9499927,40.7653279,0
-73.930341,40.7926402,0
-73.9345358,40.8255966,0
-73.9623395,40.82244,0
-73.9699692,40.755241,231
-73.9486363,40.7720587,1386
-73.9588626,40.7764463,412
-73.9561472,40.7801758,837
-73.973406,40.7913512,295
-73.9290011,40.8464446,0
-73.9324022,40.8056095,0
-73.9279035,40.8003679,0
-73.9193641,40.797545,0
-73.9190492,40.7964965,0
-73.9181887,40.7977173,0
-73.9212147,40.7952231,0
-73.9205094,40.7968579,0
-73.928894,40.8501234,491
-73.9295066,40.8518803,362
-73.9299178,40.8513178,275
-73.9280375,40.8505594,212
-73.9578084,40.8223715,0
-73.9590748,40.8209388,0
-73.9607327,40.8193263,0
-73.962545,40.8172182,0
-73.9546013,40.8245687,0
-73.9667822,40.8112417,0
-73.959219,40.7586551,0
-73.9596073,40.7582065,266
-73.9587104,40.7594791,0
-73.9570148,40.7603801,0
-73.9624364,40.7543347,0
-73.9873692,40.7796906,814
-73.9586635,40.7525629,29
-73.9539049,40.8042271,1093
-73.9541905,40.8034778,959
-73.9546765,40.8028294,703
-73.9522627,40.8044429,345
-73.9529233,40.8020416,128
-73.9508559,40.8029609,764
-73.9512674,40.802258,828
-73.9535325,40.799869,906
-73.9531261,40.8013287,529
-73.9499226,40.8042424,658
-73.9483213,40.8009937,1074
-73.9473484,40.8023361,329
-73.9514904,40.8015005,520
-73.9520874,40.799333,46
-73.9504924,40.7994534,687
-73.9468347,40.7987061,1783
-73.9477449,40.7974633,432
-73.9481993,40.7968226,1309
-73.9506346,40.7978767,1031
-73.9514909,40.7923221,0
-73.9470689,40.7955081,736
-73.9465573,40.8034715,382
-73.9449313,40.801317,296
-73.9440188,40.8025756,445
-73.9428602,40.801266,651
-73.9433192,40.8006377,473
-73.9717673,40.8002828,0
-73.9696965,40.8029546,0
-73.9676866,40.8059444,0
-73.9593969,40.8198067,0
-73.9589708,40.82088,0
-73.959267,40.8209018,0
-73.9626782,40.7769985,319
-73.9610715,40.7763221,409
-73.9617342,40.7782918,237
-73.9601283,40.777615,218
-73.9612707,40.7789272,452
-73.9596634,40.7782487,374
-73.9604347,40.7743007,268
-73.9608974,40.7736661,20
-73.9594565,40.7756417,325
-73.9599548,40.7749597,445
-73.9571238,40.7788378,525
-73.9575867,40.7782032,587
-73.95805,40.7775688,614
-73.9555137,40.7781592,1021
-73.9559772,40.7775242,1063
-73.9569028,40.7762558,855
-73.9578462,40.7749628,751
-73.958344,40.7742802,630
-73.9588252,40.7736215,468
-73.9549809,40.775446,1594
-73.9449601,40.8224546,1949
-73.9460606,40.8184027,273
-73.9473435,40.8181588,0
-73.9456039,40.8190262,305
-73.9461934,40.8200975,316
-73.94258,40.8193828,1356
-74.0011428,40.7594802,8
-74.000825,40.7565933,0
-74.0003237,40.7555177,0
-74.0024316,40.7577195,14
-73.9975604,40.7600779,20
-73.9883166,40.7805846,0
-73.9564737,40.7973211,0
-73.9326533,40.8470666,0
-73.9309657,40.8493098,140
-73.9314003,40.8487146,388
-73.9249459,40.8530053,0
-73.9423321,40.8433496,322
-73.942572,40.8426914,0
-73.9405725,40.8425889,767
-73.9408414,40.8419319,291
-73.9384104,40.8416773,189
-73.9423619,40.8392653,1067
-73.9406887,40.8384498,739
-73.9409855,40.8377112,1117
-73.941205,40.8369866,1328
-73.9389177,40.842746,0
-73.9370541,40.8435259,730
-73.936865,40.8036992,38
-73.9522298,40.7826583,692
-73.95177,40.7832855,599
-73.9507406,40.7820299,1410
-73.9480047,40.7808766,1469
-73.9487257,40.7903423,950
-73.9466614,40.7902867,410
-73.9475808,40.7890313,455
-73.9183842,40.8722985,948
-73.9088103,40.8732471,0
-73.9207417,40.86833,292
-73.920623,40.8649545,1416
-73.9191635,40.862471,112
-73.9122853,40.8687641,0
-73.9304793,40.8548688,595
-73.9282459,40.8555785,865
-73.9293165,40.8509633,42
-73.9246543,40.7961026,2
-73.9162139,40.7889401,0
-73.9850116,40.7507121,430
-74.0054439,40.7535391,0
-74.0002408,40.7505403,51
-73.9104985,40.8762533,469
-73.939198,40.8555311,0
-73.9353557,40.8582817,167
-73.9349201,40.8630399,0
-73.9391873,40.8383469,0
-73.9436838,40.8331498,1572
-73.9401079,40.8476137,239
-73.9375878,40.847157,133
-73.9340256,40.8521605,353
-73.9341382,40.8498685,213
-73.9647363,40.8095715,1274
-73.959641,40.8162517,1269
-73.9590274,40.8080865,881
-73.9413394,40.8478499,643
-73.9438538,40.8364962,687
-73.98687,40.7555395,0
-73.9834356,40.7615779,0
-73.982991,40.7589302,202
-73.9525505,40.8206882,50
-73.9866468,40.7629327,758
-73.9659819,40.810524,10
-73.9823532,40.7810402,660
-73.993438,40.7649691,1090
-73.9944184,40.7571021,134
-73.9860821,40.7791734,893
-73.9829675,40.7753975,1050
-73.9160234,40.8715845,322
-73.9180198,40.8678098,409
-73.9122004,40.8716604,0
-73.9295317,40.8561104,731
-74.0065489,40.7515782,40
-73.8915495,40.771444,233
-73.876483,40.7707089,0
-73.879209,40.768829,112
-73.906446,40.7544304,285
-73.8997951,40.750527,0
-73.8899727,40.7522211,978
-73.8756652,40.751695,628
-73.8831017,40.7509132,874
-73.9107753,40.7510124,0
-73.9061141,40.7517383,31
-73.8612532,40.7522804,1057
-73.9023929,40.7630937,0
-73.898084,40.7532924,0
-73.874981,40.7656681,124
-73.8658877,40.780492,0
-73.9206739,40.7509416,0
-73.896215,40.7805426,2
-73.9207112,40.7731256,0
-73.9200168,40.7726348,0
-73.9223416,40.752248,0
-73.8902368,40.7656915,0
-73.8642397,40.7518499,985
-73.8624387,40.7503561,149
-73.8982116,40.7553322,569
-73.9018072,40.7502826,195
-73.8840321,40.7508156,491
-73.9157797,40.7728338,69
-73.8727322,40.7571258,108
-73.9426048,40.7530041,0
-73.9381362,40.7526546,113
-73.9365922,40.7518429,0
-73.9319224,40.7545897,22
-73.9271628,40.7774766,0
-73.917068,40.7811298,240
-73.9155328,40.785174,305
-73.914602,40.7815118,206
-73.9114717,40.7817302,678
-73.9094063,40.7802759,386
-73.9283026,40.7726678,197
-73.925237,40.7748472,286
-73.9359077,40.7550684,233
-73.933456,40.7554198,140
-73.9495416,40.7506414,18
-73.9084964,40.7593453,367
-73.8723042,40.7559674,149
-73.8837733,40.7639439,69
-73.9202952,40.76103,264
-73.8658068,40.7656909,113
-73.8979612,40.7589425,334
-73.896469,40.7711874,155
-73.8918253,40.7676673,278
-73.8904019,40.7597851,320
-73.903732,40.7672792,0
-73.8905184,40.7660689,0
-73.9300159,40.7660215,0
-73.9356127,40.7565922,148
-73.9457879,40.7567075,1223
-73.935226,40.7677969,334
-73.942459,40.761172,87
-73.9360979,40.7627609,904
-73.9413347,40.7543484,11
-73.9058814,40.7563545,230
-73.9348041,40.7774875,20
-73.9432843,40.7507798,0
-73.9138956,40.7618158,473
-73.9186962,40.7545968,328
-73.9155411,40.7557631,385
-73.913941,40.7550079,688
-73.9115629,40.7619354,142
-73.9101654,40.7609627,229
-73.90621,40.7631928,216
-73.9105161,40.7542307,858
-73.907877,40.7574127,0
-73.9075883,40.7573156,46
-73.9016292,40.7781219,0
-73.9019937,40.7756259,213
-73.9039027,40.7696753,370
-73.9010009,40.7709834,311
-73.8964634,40.7779589,0
-73.8944452,40.7730742,44
-73.8986609,40.7531453,0
-73.874869,40.7587573,0
-73.8724196,40.7623615,0
-73.8724042,40.7602415,137
-73.8704575,40.7599418,291
-73.8681884,40.7623806,222
-73.8728651,40.758049,338
-73.8707039,40.7561692,443
-73.8691968,40.7584073,311
-73.8685395,40.7547488,390
-73.8637165,40.7647426,218
-73.9219734,40.7754779,128
-73.951988,40.7501885,0
-73.9369007,40.7590667,30
-73.937333,40.7611774,1252
-73.871035,40.7580091,358
-73.9048365,40.7679116,0
-73.916241,40.7562592,487
-73.8820834,40.7571037,246
-73.9055965,40.7629141,82
-73.8973222,40.7553773,750
-73.8977238,40.7573348,144
-73.9178015,40.7570536,414
-73.8671848,40.7584136,490
-73.8828546,40.7586514,166
-73.8825762,40.7571416,288
-73.9187287,40.7640538,419
-73.8835349,40.7624708,159
-73.9274671,40.766473,263
-73.9256568,40.7656678,191
-73.9303692,40.7683564,247
-73.9287068,40.767644,127
-73.920494,40.7766011,72
-73.8728618,40.7715937,0
-73.8689135,40.7706289,0
-73.8655574,40.7682977,0
-73.8614896,40.7641628,0
-73.9155011,40.7613165,163
-73.9168481,40.7595847,680
-73.9150437,40.7606663,65
-73.9115521,40.7633721,334
-73.9160493,40.7592071,517
-73.9171371,40.7565141,681
-73.9205947,40.7536928,0
-73.9196407,40.7536623,0
-73.9171722,40.7551129,91
-73.9143028,40.7597952,0
-73.9137261,40.7592781,93
-73.912647,40.760675,673
-73.9130958,40.7587172,173
-73.9119393,40.7601791,0
-73.9147402,40.7553921,609
-73.9168146,40.7542545,56
-73.9118332,40.7575659,427
-73.9128573,40.7564473,0
-73.9109398,40.75666,586
-73.9131024,40.7546832,553
-73.915055,40.7538311,0
-73.9107537,40.7629929,298
-73.9091075,40.7650244,784
-73.9083111,40.7646544,606
-73.9091518,40.7622461,398
-73.9071362,40.7661943,85
-73.9075092,40.7642855,437
-73.9067126,40.7639096,325
-73.9075513,40.7615006,310
-73.9100388,40.7597888,667
-73.9055118,40.7623619,131
-73.9067593,40.7611248,191
-73.9112329,40.7596904,266
-73.9128489,40.7521795,9
-73.9124115,40.7542046,0
-73.9084032,40.7588434,259
-73.9062263,40.7606963,112
-73.9076642,40.7586378,229
-73.9055061,40.7605814,188
-73.9077083,40.756047,444
-73.907332,40.7544016,298
-73.8876294,40.7649627,0
-73.9053298,40.7783135,119
-73.9040807,40.7771786,200
-73.9045087,40.7757713,0
-73.9027196,40.7761409,191
-73.903076,40.7747418,116
-73.9001837,40.7771056,24
-73.9012607,40.7751314,212
-73.902333,40.7742416,94
-73.9038578,40.7730013,363
-73.9015746,40.773771,78
-73.8987492,40.7760914,0
-73.9052682,40.7684709,16
-73.9423761,40.7517692,0
-73.9407711,40.751079,0
-73.9413441,40.7503749,34
-73.9389057,40.7530642,226
-73.9400839,40.7517918,730
-73.9392885,40.7514065,591
-73.9377078,40.7506429,461
-73.936205,40.7535061,167
-73.9354325,40.7531021,109
-73.9346397,40.7527194,49
-73.9350359,40.751639,137
-73.9328578,40.7534443,128
-73.9311583,40.7541714,152
-73.9320785,40.7530401,139
-73.9313232,40.7526157,38
-73.9358823,40.7502041,0
-73.9163937,40.7851447,0
-73.9185306,40.7821591,399
-73.919412,40.7814208,0
-73.9184355,40.780009,142
-73.9056759,40.785288,5
-73.8971922,40.7879792,0
-73.9154405,40.78436,714
-73.9163812,40.7816927,188
-73.9145606,40.7839089,480
-73.9155947,40.7823339,261
-73.9157202,40.7805996,93
-73.9166483,40.7798369,152
-73.9138709,40.7834213,529
-73.9130079,40.7828148,498
-73.9153957,40.7785188,180
-73.9160713,40.7790171,180
-73.9107825,40.7812462,520
-73.9126397,40.7792055,81
-73.9100974,40.7807596,397
-73.9087206,40.7797883,366
-73.9116107,40.7784731,765
-73.9078817,40.7791961,794
-73.9255584,40.7764304,0
-73.9274846,40.7754072,301
-73.930233,40.7714269,166
-73.9267865,40.775096,311
-73.9236235,40.7740311,155
-73.9248506,40.7729827,497
-73.9286012,40.7706904,47
-73.929185,40.7699629,405
-73.9268866,40.7698978,191
-73.9281441,40.7683372,355
-73.8690319,40.7529901,832
-73.9404316,40.7538782,14
-73.9338339,40.7507984,11
-73.8995613,40.7677549,53
-73.8935127,40.7717844,475
-73.9045404,40.7638239,0
-73.8993371,40.7588488,0
-73.9024299,40.7719929,322
-73.9031716,40.7691993,177
-73.9017155,40.771488,237
-73.90081,40.7733086,123
-73.9000446,40.7728468,158
-73.8989747,40.7737391,119
-73.9002858,40.7704801,233
-73.8979052,40.7789708,16
-73.89718,40.7784593,21
-73.8973164,40.7750837,0
-73.8900794,40.758019,202
-73.8951754,40.7735721,0
-73.9334484,40.764748,224
-73.8651301,40.7515993,1258
-73.9435014,40.7520442,0
-73.9327123,40.7687414,220
-73.8916054,40.7559825,235
-73.8875263,40.7544009,43
-73.8821281,40.7664002,180
-73.9041648,40.7564823,56
-73.8913019,40.7727637,219
-73.8939725,40.7760944,0
-73.8908934,40.7677179,274
-73.8855282,40.7648468,0
-73.8936916,40.7637015,82
-73.8993433,40.7640189,5
-73.8854508,40.7639423,177
-73.8791516,40.7637656,0
-73.877639,40.7625695,292
-73.886099,40.7621843,372
-73.8907467,40.7616914,342
-73.8857516,40.7602734,422
-73.8863596,40.7584087,367
-73.8860258,40.756572,602
-73.8880777,40.7669844,0
-73.8955925,40.7675712,136
-73.9001783,40.757499,0
-73.9003249,40.7569808,0
-73.923182,40.7799223,0
-73.9186392,40.7714113,0
-73.9028959,40.7607359,0
-73.9464573,40.7588443,0
-73.889468,40.759882,351
-73.8885397,40.7599795,337
-73.9206296,40.7647607,524
-73.9170888,40.7685234,303
-73.9208396,40.7614616,764
-73.9235247,40.7595128,664
-73.9227251,40.7591393,527
-73.9197051,40.7611605,210
-73.9234817,40.7568411,32
-73.924729,40.7552959,0
-73.9239299,40.754921,48
-73.9220509,40.7588362,74
-73.8919608,40.7659045,0
-73.8928627,40.7577249,252
-73.8903147,40.7541092,838
-73.8888152,40.7562786,362
-73.8884563,40.7543033,286
-73.8842382,40.7623801,0
-73.8818108,40.7647529,178
-73.8823793,40.7625759,329
-73.9139132,40.7742556,233
-73.9126919,40.7723041,489
-73.9112669,40.7713048,360
-73.9163442,40.7656257,433
-73.9060601,40.7790351,59
-73.9058152,40.7768661,176
-73.9127646,40.7673025,1258
-73.9122924,40.7665314,629
-73.9053067,40.7740245,489
-73.9065743,40.7694651,50
-73.9098982,40.765403,670
-73.9164399,40.7627939,319
-73.903654,40.764717,0
-73.9328096,40.7552321,40
-73.9210914,40.7557202,434
-73.9194957,40.7549707,636
-73.9119618,40.7758418,134
-73.9138388,40.7756131,96
-73.9171669,40.7701608,0
-73.9157926,40.7715113,192
-73.8896316,40.7733237,0
-73.929927,40.7747192,492
-73.9184786,40.7835018,0
-73.920387,40.7821252,0
-73.8959786,40.7591993,498
-73.8969072,40.7591012,571
-73.8939955,40.7613451,0
-73.8985601,40.7571273,254
-73.8962488,40.7554982,440
-73.8953194,40.755596,450
-73.8958909,40.7535226,428
-73.8934623,40.7557891,325
-73.8663201,40.7617023,60
-73.8667232,40.7614091,0
-73.873249,40.7600349,187
-73.8721873,40.7593229,186
-73.8735692,40.7557588,508
-73.8730958,40.75437,801
-73.8721101,40.754554,0
-73.8713455,40.7542432,491
-73.8681414,40.7583124,388
-73.8688273,40.7563674,325
-73.8678072,40.7564741,571
-73.867517,40.7602542,359
-73.8675299,40.7549075,428
-73.8659347,40.7635008,214
-73.8652087,40.7639078,229
-73.8653681,40.7617854,158
-73.9053758,40.7586233,908
-73.9207982,40.7670193,95
-73.9296594,40.7636524,492
-73.9294007,40.7618018,454
-73.9331041,40.7592327,162
-73.9573535,40.7719479,526
-73.9976996,40.755459,112
-73.9758841,40.7797904,267
-73.9517962,40.7864693,351
-73.960419,40.7770075,338
-73.9435827,40.800039,446
-73.9495194,40.8047974,447
-73.9544618,40.8069437,432
-73.9662859,40.769114,41
-73.9447913,40.7753144,73
-73.9880602,40.7620043,878
-73.9486405,40.7689016,0
-73.9542781,40.7674385,1079
-73.9844168,40.7686603,423
-73.9974559,40.7658421,0
-73.9981449,40.7649071,0
-73.9990861,40.7636771,0
-74.0004334,40.762559,0
-74.0019543,40.7610793,0
-74.0023233,40.7605694,0
-74.0001606,40.7522278,0
-73.9992791,40.7515816,0
-74.0053208,40.7564625,0
-74.0075253,40.7528131,0
-74.0069418,40.7541631,0
-74.0081697,40.7510424,0
-73.9989757,40.7528623,0
-73.9989258,40.7540439,0
-73.9974362,40.7534334,519
-73.9984355,40.7547358,295
-73.9976467,40.7543548,385
-73.9970026,40.7547294,23
-73.9967133,40.754001,258
-73.9961356,40.754592,264
-73.9954911,40.7551057,353
-73.9949605,40.7557112,32
-74.0012529,40.7592172,52
-74.0028224,40.7599045,0
-74.0033167,40.7601219,0
-74.0068596,40.7615514,0
-73.9363726,40.8043728,280
-73.9363809,40.8283591,102
-73.9370982,40.8278136,594
-73.9407797,40.8252752,562
-73.9579896,40.7594835,0
-73.9310531,40.8021195,0
-73.998385,40.7538421,0
-73.9978934,40.7545341,0
-73.9969173,40.754974,0
-73.99603,40.7553311,0
-73.9948413,40.7598392,1280
-73.9771514,40.782207,1520
-73.9661981,40.755947,951
-73.9666523,40.755318,1106
-73.9497831,40.7773354,184
-73.982875,40.774563,623
-73.9853573,40.7654976,985
-73.9850652,40.765735,202
-73.9578968,40.76251,333
-73.9583997,40.7664926,439
-73.9477846,40.7724075,890
-73.9558792,40.7706889,807
-73.9389996,40.8228945,600
-73.9829508,40.7683982,167
-73.9674316,40.8016151,536
-73.9753545,40.794868,845
-73.9456344,40.797472,795
-73.9461362,40.7967829,40
-73.9495839,40.7949355,1054
-73.9500622,40.7942847,1102
-73.9482256,40.7939189,943
-73.9463657,40.7935767,283
-73.9445253,40.7960986,136
-73.9468403,40.7929228,209
-73.9442988,40.7935244,514
-73.9447538,40.7928985,302
-73.943834,40.7941506,310
-73.9556866,40.7865748,397
-73.9501101,40.7913368,839
-73.9552162,40.7872303,599
-73.9536037,40.7865505,897
-73.9531107,40.7872247,848
-73.9512621,40.7897749,1319
-73.9519491,40.7916982,136
-73.9505714,40.7878334,479
-73.9512776,40.7865969,607
-73.9489521,40.7871483,489
-73.9566031,40.7853247,263
-73.9545359,40.7852711,620
-73.9542978,40.7827095,678
-73.9524643,40.7852195,434
-73.9529225,40.7845915,636
-73.9547557,40.782083,741
-73.9540622,40.7801483,601
-73.9536038,40.7807772,527
-73.9503773,40.7851917,124
-73.9513112,40.7839137,724
-73.9504234,40.7858893,151
-73.9489318,40.7837297,861
-73.9512296,40.7805971,1278
-73.9498504,40.7824754,1772
-73.948921,40.7796218,1397
-73.9478091,40.7915969,363
-73.9482659,40.7909683,525
-73.9457243,40.7915697,386
-73.9461988,40.7909131,280
-73.9471162,40.7896569,621
-73.9496582,40.7890854,408
-73.9452304,40.7922453,422
-73.9412353,40.8246532,464
-73.9361355,40.826892,375
-73.9403252,40.8258969,404
-73.9388663,40.8244727,1436
-73.9390878,40.8262565,110
-73.9396043,40.8258493,0
-73.937777,40.8272875,571
-73.9384428,40.8267652,333
-73.9370415,40.8261381,461
-73.9354595,40.8249755,682
-73.946394,40.8342753,1214
-73.9995606,40.7530782,0
-73.9985023,40.7580253,0
-74.0012349,40.7596737,0
-73.9959988,40.7511939,29
-73.9983147,40.752151,2197
-74.001916,40.7533706,452
-74.0051113,40.7544613,0
-74.0002346,40.7571414,0
-73.998273,40.7571091,1496
-73.9961545,40.7594691,805
-73.9970152,40.760719,1692
-73.9965405,40.761365,689
-73.9960973,40.7619945,2049
-73.995624,40.7626186,206
-73.9947112,40.7638659,531
-73.991844,40.7651197,742
-73.9913907,40.7657389,152
-73.9919873,40.7676233,1458
-73.9887982,40.7713287,1843
-73.9911727,40.773933,1931
-73.9877045,40.779031,799
-73.9584767,40.7922162,0
-73.9584516,40.7850271,0
-73.9647401,40.7941502,1578
-73.9638078,40.7918688,0
-73.9559567,40.7885286,0
-73.973134,40.7790823,0
-73.9774257,40.7692624,0
-73.9747831,40.7723662,0
-73.9747458,40.7757645,0
-73.96974,40.7705203,0
-73.9643788,40.7531852,102
-73.9552127,40.7616449,0
-73.9386728,40.7800801,0
-73.9440127,40.7786836,12
-73.9292434,40.7963255,0
-73.9530593,40.8246106,1119
-73.9479529,40.7850613,1190
-73.9351548,40.8461233,582
-73.9328238,40.849315,302
-73.9501162,40.7884579,0
-73.9258342,40.8624151,723
-73.9449956,40.7954593,400
-73.965902,40.7530142,0
-73.9516835,40.7655224,0
-73.985013,40.7663304,1462
-73.9528265,40.787839,455
-73.9525643,40.8120548,694
-73.9483103,40.8268161,712
-73.9515702,40.7654619,0
-73.9816982,40.7509303,243
-73.9391811,40.8013625,146
-73.9419187,40.793339,255
-73.9339859,40.8042131,0
-73.9391709,40.7888014,1346
-73.9536214,40.7731795,1978
-73.95412,40.7724967,1796
-73.9946003,40.7703658,0
-73.995412,40.7686588,0
-73.9955,40.7713993,0
-73.9960895,40.7677202,0
-73.9965494,40.7670926,0
-73.9281926,40.8531067,233
-73.9232719,40.7936092,0
-73.9988359,40.7565269,340
-74.0030767,40.7517346,1673
-73.9263975,40.7900386,0
-73.9268535,40.7797137,0
-73.925348,40.7908327,0
-73.9235535,40.7927796,0
-73.9271531,40.7868362,507
-73.9219365,40.7889165,0
-73.9264096,40.7847239,158
-73.9281399,40.7877423,0
-73.947804,40.8352648,1731
-73.9472825,40.8365559,1138
-73.9472604,40.7860293,949
-73.9438017,40.7907588,497
-73.9449777,40.7891543,1279
-73.941979,40.7891329,973
-73.9424373,40.788501,550
-73.9461476,40.7834056,1142
-73.947084,40.7821299,1100
-73.9475469,40.781504,1934
-73.94497,40.781848,1360
-73.9170838,40.8696214,538
-73.9567928,40.760248,0
-73.9947192,40.7733554,0
-73.9895208,40.7748989,554
-73.9886413,40.7774416,1432
-73.9882547,40.7772439,0
-73.9732297,40.7986586,0
-73.9319248,40.7992954,1768
-73.938999,40.8137609,19
-73.935211,40.8104102,0
-73.9177801,40.8618991,0
-73.9985486,40.7689271,0
-73.9577713,40.7593981,0
-73.9172252,40.8624852,0
-73.9439253,40.768827,954
-73.9468673,40.765466,0
-73.9543979,40.7568159,0
-73.9905565,40.7670449,0
-73.9901729,40.7676928,576
-73.9898632,40.768403,1034
-73.9897329,40.7700513,171
-73.9932871,40.7698212,0
-74.0019171,40.7707132,0
-73.9367782,40.8484255,0
-73.9355806,40.8479463,23
-73.9328086,40.846809,0
-73.9559369,40.8150459,36
-73.9531635,40.8167396,803
-73.9543294,40.8136079,161
-73.9539045,40.8150431,234
-73.9523147,40.8135916,831
-73.9525511,40.8128838,464
-73.9497359,40.8153671,0
-73.953625,40.8157386,421
-73.9500947,40.8126334,177
-73.9506048,40.8120354,692
-73.9540358,40.8100827,418
-73.953464,40.8107361,151
-73.9541817,40.8106823,30
-73.9532229,40.8096096,0
-73.9534019,40.8089522,316
-73.9563382,40.806941,530
-73.9539946,40.8076007,399
-73.9567952,40.8063122,519
-73.9572624,40.8056585,565
-73.953491,40.8057218,528
-73.9511283,40.8114367,213
-73.9524608,40.8094496,229
-73.9499961,40.809233,58
-73.9490264,40.8105593,225
-73.9495026,40.8099073,67
-73.9480885,40.8067537,603
-73.9485482,40.8061266,389
-74.0039031,40.8018304,0
-74.0055252,40.7980831,169
-74.0061142,40.7943145,407
-74.0027578,40.7951477,245
-74.005511,40.7916227,233
-74.0046338,40.7885941,605
-74.0066442,40.786435,248
-74.0008996,40.7917394,127
-74.0043431,40.7848645,0
-73.9982081,40.7899509,155
-74.0033186,40.7901956,225
-74.0048943,40.8100044,185
-74.0091352,40.7805366,0
-74.0057554,40.7947598,144
-73.9762969,40.7626563,552
-73.9753151,40.7639874,197
-73.9734093,40.7622905,129
-73.974798,40.7603903,3
-73.9785852,40.7595312,6
-73.97845,40.7553798,7
-73.9775361,40.7566315,43
-73.9752566,40.7597652,7
-73.9757111,40.7591378,195
-73.9770805,40.7572587,0
-73.976738,40.755477,0
-73.9771956,40.7548513,5
-73.9729188,40.7629708,7
-73.9718016,40.7616122,77
-73.9722753,40.760963,9
-73.9706162,40.766117,115
-73.9701585,40.7667422,159
-73.968552,40.7660647,217
-73.9690078,40.7654397,224
-73.9719834,40.7642445,133
-73.970375,40.7635657,180
-73.9696968,40.7616072,400
-73.9701867,40.760931,95
-73.9731895,40.7597112,4
-73.9727304,40.760336,23
-73.9720314,40.7584035,48
-73.9724875,40.7577785,0
-73.9738583,40.7558993,17
-73.9759337,40.7551387,0
-73.9757475,40.7542442,0
-73.9727055,40.7545935,403
-73.9710036,40.7855488,1373
-73.9702847,40.7919118,1142
-73.9677439,40.7900173,1380
-73.9681978,40.7893868,840
-73.9689712,40.7888996,955
-73.9672809,40.7906475,1046
-73.9817135,40.7690563,213
-73.9819534,40.7674572,16
-73.9822181,40.7668517,25
-73.989226,40.7656491,680
-73.991508,40.7625186,698
-73.9891211,40.760698,689
-73.9895801,40.7600751,1248
-73.9863832,40.7644534,798
-73.98593,40.7650793,463
-73.9877521,40.762573,892
-73.9935045,40.7584031,497
-73.9939557,40.7577573,111
-73.990491,40.7588178,333
-73.990036,40.7594443,595
-73.9914186,40.7575042,902
-73.9839882,40.7692931,313
-73.9198552,40.8700688,0
-74.0056398,40.7655823,0
-73.9443342,40.7714137,0
-73.9426081,40.7923846,560
-73.9978158,40.7551609,191
-73.962387,40.7743989,243
-73.9363,40.8333729,2394
-73.9579072,40.7673058,1302
-73.9725842,40.7904116,342
-73.9486774,40.8145306,1629
-73.9443137,40.7776773,1067
-73.9473834,40.7663186,0
-73.9590292,40.8287813,0
-73.9785994,40.8007832,0
-73.9754918,40.7507705,0
-73.9693935,40.7515678,1942
-73.9279083,40.8657894,0
-73.9285352,40.8585986,3286
-73.9231336,40.8652332,1741
-73.9433357,40.7914345,1032
-73.9457005,40.7799176,1228
-73.930681,40.8054852,0
-73.953544,40.758439,1213
-73.9409792,40.8547818,0
-73.9500318,40.8319755,0
-73.9510694,40.8287232,55
-73.9615594,40.8240533,0
-73.9705048,40.804003,0
-73.9766071,40.7939772,0
-73.9859477,40.790459,0
-73.9771032,40.7514484,0
-73.974074,40.7527161,114
-73.9726093,40.7512802,741
-73.9658328,40.7525174,409
-73.9189049,40.8692211,227
-73.9275497,40.8670676,872
-73.9251932,40.8644678,1344
-73.9285104,40.86143,1692
-73.9262491,40.8606824,883
-73.924312,40.8670761,905
-73.9863861,40.778632,758
-73.9483444,40.811495,2231
-73.9483146,40.7995076,1341
-73.9305112,40.798297,1558
-73.952232,40.7596867,1201
-73.9621321,40.7690874,374
-73.9614822,40.7973598,635
-73.9570628,40.784694,189
-73.9582573,40.7801767,799
-73.9761816,40.7784483,1021
-73.9803898,40.7726959,1088
-73.9788612,40.7645833,647
-73.9758284,40.763308,361
-73.9793637,40.7541306,2
-73.9750146,40.7572073,0
-73.971525,40.7648679,11
-73.9715727,40.759028,5
-73.97058,40.7912118,927
-73.969106,40.7881379,1169
-73.9659459,40.8026535,1033
-73.9681088,40.8018373,7
-73.9640432,40.8001758,1083
-73.9619265,40.7992845,757
-73.9595729,40.7999684,742
-73.9572825,40.803109,675
-73.9555866,40.8015734,833
-73.9374119,40.7887253,0
-73.9418519,40.7844192,0
-73.9734937,40.769625,0
-73.9317092,40.8648788,0
-73.977565,40.7531972,0
-73.932235,40.8026266,292
-73.9426928,40.8227173,302
-73.9378982,40.8207028,563
-73.9355131,40.8191909,14
-73.9766561,40.7828905,1773
-73.9719527,40.7893324,985
-73.9330529,40.8168471,6
-73.9375231,40.8114626,1541
-73.9368463,40.8095161,510
-73.9354106,40.8171692,5
-73.9709429,40.7997028,967
-73.9744708,40.7953319,646
-73.9728502,40.7938055,505
-73.9698976,40.7959793,784
-73.9793571,40.7890697,1361
-73.9764241,40.789573,616
-73.9808235,40.7837555,316
-73.9397183,40.8127737,1604
-73.9462966,40.8051762,255
-73.9412093,40.8064128,119
-73.9359859,40.8294859,157
-73.938388,40.8250769,1195
-73.9377336,40.8256095,858
-73.9932212,40.7500405,57
-73.9982061,40.7584067,0
-73.9942555,40.7644943,468
-73.9598672,40.7960421,29
-73.9277563,40.8018945,0
-73.9216239,40.8583312,9
-73.9200854,40.8580022,0
-73.9504471,40.7667764,0
-73.9342302,40.8127569,0
-73.9823769,40.7890396,0
-73.9816709,40.7886317,0
-73.9678735,40.769871,364
-73.967416,40.7704971,405
-73.9658145,40.7698229,274
-73.9669641,40.7711257,33
-73.9654178,40.768018,240
-73.965569,40.7672629,53
-73.9659867,40.7724613,271
-73.9664854,40.7717797,314
-73.9639006,40.7724422,315
-73.9643802,40.7717837,304
-73.9627672,40.771105,357
-73.9622858,40.7717628,272
-73.9618237,40.7723965,420
-73.9637422,40.7697679,227
-73.9641998,40.7691413,205
-73.963045,40.7678358,517
-73.9637742,40.7675097,0
-73.9306584,40.8034347,0
-73.9351433,40.8125269,529
-73.9444123,40.8443359,8
-73.9437639,40.8503052,0
-73.9752554,40.7966395,0
-73.9610057,40.7980119,363
-73.9619328,40.796726,606
-73.9623939,40.7961002,677
-73.9628527,40.7954712,631
-73.9559113,40.7833903,484
-73.9563699,40.7827637,733
-73.9554522,40.784017,277
-73.9588919,40.7821846,659
-73.9568286,40.7821362,898
-73.9572867,40.7815083,713
-73.9603361,40.7801994,426
-73.9608071,40.7795698,420
-73.9598651,40.780853,767
-73.9566431,40.7794963,539
-73.9552135,40.7814552,632
-73.9804527,40.7776686,1451
-73.9774712,40.7773008,1566
-73.9810417,40.7762556,897
-73.9794822,40.77901,1249
-73.9827222,40.7761092,1142
-73.9812876,40.7755443,792
-73.9781004,40.7758195,844
-73.9790155,40.7745673,1211
-73.9807804,40.7662893,256
-73.9825005,40.7718831,0
-73.9810197,40.771334,1189
-73.9812409,40.7706157,1610
-73.9818988,40.7680523,0
-73.980472,40.7670341,933
-73.9810945,40.7655416,538
-73.9778891,40.765936,1170
-73.9802477,40.7626825,436
-73.9807045,40.7620578,157
-73.9811606,40.7614338,0
-73.9781304,40.7601565,12
-73.9767579,40.7620321,253
-73.9772162,40.7614066,145
-73.9352303,40.8063847,0
-73.9229457,40.8690781,405
-73.9872173,40.7548555,27
-73.9875507,40.7541906,0
-73.9862772,40.7662235,283
-73.9832032,40.7647388,338
-73.984422,40.7628068,548
-73.9848576,40.7621725,341
-73.9852949,40.7615354,845
-73.9828524,40.7654058,214
-73.981769,40.7641552,141
-73.9838738,40.7609401,7
-73.9846615,40.7596564,0
-73.9850122,40.7590011,0
-73.9842896,40.7603023,101
-73.9853193,40.7584147,0
-73.9871993,40.7582501,453
-73.9860333,40.7571095,19
-73.981617,40.7608092,360
-73.9820794,40.7601813,0
-73.9790441,40.7589044,5
-73.9794985,40.7582769,0
-73.9834367,40.7582983,182
-73.9839037,40.7576798,47
-73.9843111,40.7570381,14
-73.9846912,40.7563765,553
-73.9813282,40.7557762,29
-73.9808647,40.756397,13
-73.9829674,40.7535188,33
-73.9576748,40.8190901,206
-73.9662343,40.7694014,41
-73.9584364,40.7828134,326
-73.9705099,40.7862281,1509
-73.9779528,40.7876201,792
-73.9389669,40.8277715,413
-73.9639929,40.7525767,0
-73.9477277,40.8175126,5
-73.9466683,40.8252779,367
-73.9391577,40.8421273,17
-73.938524,40.851631,757
-73.9613651,40.8140349,1948
-73.983371,40.7788854,1050
-73.982149,40.750313,220
-73.9342129,40.8573058,2264
-73.9514058,40.7617775,10
-73.9682653,40.7632873,39
-73.9515744,40.8057783,413
-73.9523839,40.7787223,1102
-73.946418,40.8142252,484
-73.9818399,40.7822499,247
-73.9282633,40.7879243,0
-73.9421909,40.8126788,98
-73.9560303,40.7589111,0
-73.9668577,40.7528628,0
-73.9401489,40.8492014,0
-73.9194883,40.7982408,0
-73.9885074,40.7618389,305
-73.9230678,40.8004164,0
-73.9298713,40.8506036,0
-73.9860022,40.7717841,979
-73.9577659,40.8089634,126
-73.9625542,40.7543901,0
-73.9325938,40.8396657,0
-73.9358666,40.8181719,259
-73.9622211,40.8149261,0
-73.9383935,40.848711,0
-73.9473181,40.7709969,269
-73.9594427,40.8006949,298
-73.954742,40.8185253,490
-73.9488401,40.7862869,1001
-73.9301556,40.794906,0
-73.9463117,40.7713491,0
-73.9526762,40.7744741,1331
-73.9510394,40.7727967,1259
-73.9513399,40.7679782,221
-73.9466768,40.7744333,1210
-73.9413178,40.786015,1559
-73.9412458,40.800585,578
-73.9475201,40.7948872,35
-73.9433763,40.7947845,359
-73.952187,40.788514,0
-73.9549956,40.7846444,301
-73.9526901,40.7820337,902
-73.9484642,40.7802501,1398
-73.9480319,40.7884048,991
-73.9493756,40.784771,0
-73.9441352,40.7834503,0
-73.9521044,40.7648665,0
-73.9880072,40.7783633,926
-73.9249164,40.8522939,0
-73.9473811,40.7637805,0
-73.962494,40.7651411,976
-73.9675869,40.7581664,842
-73.964171,40.7601253,389
-73.960653,40.7635529,1536
-73.9574303,40.76383,678
-73.9582412,40.7600894,0
-73.9536977,40.8049938,487
-73.9537616,40.7991722,932
-73.9506155,40.7977105,0
-73.9505556,40.793608,553
-73.970633,40.8016681,0
-73.943419,40.8486729,0
-73.9631474,40.8132577,38
-73.9213969,40.7952554,0
-73.9620839,40.8113916,8
-73.9918326,40.7750702,0
-73.994145,40.7717307,0
-73.9970032,40.7664666,0
-73.9989924,40.7517359,16
-73.973466,40.8019648,0
-73.9716872,40.8044457,0
-73.9186267,40.8740891,0
-73.9601773,40.8118453,121
-73.952211,40.8289257,0
-73.9497111,40.8355263,0
-73.9639575,40.7665762,475
-73.9630655,40.8046682,1039
-73.9663489,40.8077469,526
-73.9660407,40.8060678,494
-73.9921014,40.7753625,11
-73.9957365,40.7765257,0
-74.0021705,40.7641446,0
-74.0014665,40.7617241,0
-74.0059667,40.7628169,0
-73.9559772,40.7519668,0
-73.9584989,40.7562006,0
-73.9531036,40.7619145,0
-73.9475765,40.768085,0
-73.9398735,40.7776648,0
-73.9404954,40.7686335,0
-73.9970869,40.7855967,0
-74.0083279,40.7815192,0
-74.0069324,40.7963152,247
-74.0088816,40.7939026,240
-74.0098862,40.8036585,56
-74.0091348,40.8033127,50
-74.0076369,40.8039113,185
-74.0075854,40.8026105,137
-74.0029719,40.800337,0
-74.0070425,40.8085368,137
-74.004105,40.7933743,380
-74.0067047,40.8030182,236
-74.0030757,40.7848307,142
-73.9981159,40.7843186,0
-74.0085393,40.7904169,469
-74.0095067,40.7860317,322
-74.0091808,40.7880475,224
-74.0078763,40.7951438,352
-73.9992488,40.796728,60
-74.0087694,40.7971774,243
-74.0070097,40.812429,487
-74.0095924,40.8084926,388
-73.9973333,40.80649,119
-74.0095845,40.7961526,218
-74.0072875,40.795886,140
-74.0097947,40.7958551,119
-74.0083577,40.7945578,242
-74.003779,40.8020499,0
-74.00233,40.8006043,0
-73.9985633,40.8050759,0
-74.0066188,40.7747885,0
-74.0067844,40.7808655,633
-74.0064434,40.7827816,502
-74.0038264,40.78624,0
-74.0021981,40.785902,68
-74.001588,40.7853136,38
-74.0006775,40.7864113,51
-74.009901,40.7822113,128
-73.9950836,40.788521,0
-73.9992702,40.7825758,0
-74.0078382,40.7983732,206
-74.0059927,40.7974901,140
-74.0064744,40.7969053,170
-74.009234,40.7965987,410
-73.9962263,40.8053639,595
-74.0000776,40.8069447,26
-74.0081507,40.791888,180
-74.008324,40.7977822,161
-73.9950427,40.801535,39
-73.9989381,40.7974133,468
-74.0069352,40.7995377,132
-74.0042256,40.7966537,239
-74.0015996,40.7938145,147
-74.0050745,40.7880048,607
-74.0057367,40.7860754,458
-73.9998272,40.7990641,0
-74.0084077,40.7929858,454
-74.0071151,40.7930714,353
-74.0065881,40.7937254,365
-74.0093849,40.7924215,173
-74.0092992,40.7907717,199
-74.009713,40.7893526,129
-74.0090047,40.7898304,369
-74.0080712,40.7910035,313
-74.0069663,40.7896829,148
-74.0089089,40.7867043,402
-73.998369,40.8077603,191
-73.9977911,40.8071873,241
-73.9963425,40.8071609,98
-73.995465,40.8063484,353
-73.9911874,40.794494,0
-73.9999061,40.8090552,93
-73.9989475,40.808126,94
-74.0005079,40.7981509,167
-73.9994958,40.7960331,245
-73.9997237,40.79534,182
-73.9999652,40.7946447,434
-74.0042673,40.7770024,0
-74.0092799,40.8136479,197
-74.0091242,40.8062405,190
-74.0081225,40.8116703,118
-74.0086188,40.8091358,191
-74.0081172,40.8076841,362
-74.008535,40.7791607,377
-73.9938185,40.7978735,894
-74.0073083,40.8073626,211
-74.0082036,40.8102387,362
-73.9931061,40.8007024,0
-74.0003299,40.7867913,56
-74.0008356,40.7860865,36
-74.0050919,40.8012928,0
-74.0079364,40.7838501,26
-74.009172,40.7850789,188
-74.0026974,40.7864518,0
-74.0028856,40.7788369,0
-74.001093,40.7808161,0
-74.0097045,40.7844917,191
-74.0084859,40.8020854,321
-74.0049127,40.8064064,221
-74.005902,40.8049663,260
-74.0088977,40.8121055,116
-74.0095199,40.8107964,51
-74.0054353,40.8092021,67
-74.0002585,40.7885269,74
-74.0012961,40.7874324,87
-74.0025107,40.7840524,202
-74.001692,40.7865144,88
-74.0011908,40.7857098,58
-73.9999113,40.7872775,0
-74.0050201,40.7832967,0
-74.0041202,40.7839297,299
-74.00445,40.7834337,75
-74.0071132,40.8109889,232
-74.0052781,40.8110707,112
-74.0065088,40.8094787,73
-74.0058699,40.8105637,107
-74.0042318,40.8104691,97
-74.0084256,40.8042424,183
-74.0082999,40.8059167,228
-74.0065141,40.8070438,236
-74.0055826,40.8083929,167
-74.0057127,40.806724,224
-74.0066989,40.8052822,223
-74.0046238,40.8083187,275
-74.0048404,40.8116109,63
-74.0035972,40.80984,197
-74.0038211,40.8079988,276
-74.0020409,40.8091013,31
-74.0030149,40.8076693,260
-74.0050872,40.8046381,240
-74.0007534,40.7908708,59
-74.0075222,40.7955914,143
-74.0098509,40.7918339,256
-74.0097668,40.7901833,125
-74.0074431,40.7891068,577
-74.005942,40.7852615,1116
-74.0028526,40.7873947,0
-74.0062256,40.803679,179
-74.0036105,40.8048021,0
-74.0045886,40.7992364,160
-74.0050582,40.7986536,140
-74.0023259,40.7990124,261
-73.9997891,40.8024896,10
-74.0073908,40.7989647,285
-74.0051709,40.7954784,237
-74.0032811,40.7978188,144
-74.0037469,40.7972454,245
-74.0055239,40.7950484,131
-73.9188979,40.7668941,221
-73.8988531,40.7694706,191
-74.0021102,40.793037,143
-73.9946853,40.8009029,116
-74.0050711,40.7821296,615
-74.0088152,40.7913632,75
-73.9961527,40.8002782,1247
-74.0092126,40.804576,175
-74.0040998,40.8060863,160
-73.9961776,40.7868937,0
-73.9992955,40.7882472,73
-73.9997725,40.7867769,0
-74.0094707,40.7801184,0
-74.0045723,40.7927841,530
-74.0051033,40.7921295,511
-74.0035153,40.7941056,141
-74.0028084,40.7984056,171
-74.0014118,40.7969409,320
-74.0018543,40.7963525,361
-74.0023082,40.7957506,408
-74.0009627,40.7975417,166
-74.0020807,40.7924388,228
-74.0011093,40.7943876,204
-74.0074273,40.7915374,196
-74.0057458,40.7913288,219
-74.006503,40.7902786,443
-74.0060365,40.7908669,692
-74.0030869,40.7911944,242
-74.0030006,40.7904556,265
-74.0044727,40.7901345,114
-74.0054911,40.7874103,400
-74.0073967,40.7868347,378
-74.0025232,40.7879925,7
-74.0035807,40.7897232,107
-73.996017,40.7943216,597
-73.9978913,40.7954106,815
-74.0088704,40.799491,129
-74.0035742,40.7828664,0
-74.0091506,40.8012478,603
-74.0081599,40.7875767,447
-74.0037519,40.7938146,207
-73.9956238,40.8027427,156
-73.9989186,40.7897414,170
-74.0079064,40.7885188,332
-74.0065391,40.8101712,0
-74.0075002,40.8056016,164
-74.0028231,40.8094735,161
-73.9533247,40.7898095,308
-73.9509957,40.832341,0
-73.9624647,40.8052958,563
-73.9666136,40.8069708,440
-73.9675483,40.7538406,517
-73.9624189,40.7611449,292
-73.9910369,40.7632714,738
-73.9591148,40.7730705,572
-73.9551479,40.7748032,516
-74.0029246,40.8105613,282
-73.9994241,40.8085607,104
-74.0046981,40.7960623,185
-74.0032094,40.794557,310
-74.0019217,40.7933663,74
-74.0040765,40.7891435,827
-74.0025582,40.7918475,342
-73.9890306,40.8503109,147
-73.9586515,40.8609821,0
-73.9851328,40.8723475,67
-73.970013,40.8597622,98
-73.9523292,40.8664314,0
-73.9698608,40.8615181,356
-73.97346,40.8566969,0
-73.9719411,40.8599933,53
-73.9696075,40.8719389,102
-73.9610322,40.8644662,17
-73.957779,40.8719395,62
-73.9548804,40.8669625,0
-73.9637872,40.8676235,44
-73.962235,40.8666507,38
-73.9638365,40.8645066,239
-73.9680621,40.8593181,105
-73.96897,40.8554947,0
-73.9811878,40.8569678,57
-73.9755075,40.8446405,59
-73.9786099,40.8394923,74
-73.9909499,40.8358263,0
-73.9838641,40.8498198,54
-73.9992358,40.8753128,40
-73.9876593,40.8435082,155
-73.9806507,40.8243656,128
-73.9731488,40.8501841,304
-73.9696167,40.8496694,53
-73.9777108,40.8362606,73
-73.9803074,40.8652384,133
-74.0002395,40.8509467,220
-73.9654853,40.8512909,95
-73.9744724,40.8268663,113
-73.9993672,40.8288051,121
-73.9985141,40.8458839,134
-73.9765476,40.8323939,43
-73.9612192,40.8501359,0
-73.9763752,40.852567,66
-73.9770125,40.8488079,66
-74.0016182,40.8460274,215
-73.9986743,40.8718707,0
-73.9785834,40.8782594,111
-73.9589843,40.8769118,46
-73.9483249,40.8781933,0
-73.9928533,40.8769331,0
-73.9578309,40.8775503,37
-73.9675216,40.8447445,41
-73.9789859,40.8299747,625
-73.9778058,40.8297882,51
-73.9899414,40.8158921,182
-73.9906135,40.8145827,139
-73.9865903,40.8170412,85
-73.9880371,40.8143686,854
-73.9945674,40.8095244,90
-73.9924641,40.8084323,141
-73.9665606,40.8287518,0
-73.976734,40.8567742,125
-73.974937,40.8552231,178
-73.9772852,40.8548305,39
-73.9764595,40.8543134,39
-73.9769705,40.8537773,84
-73.9774864,40.8532615,46
-73.9753353,40.8535979,85
-73.981943,40.8482741,80
-73.9812049,40.8478666,74
-73.9807373,40.8461018,180
-73.9796437,40.8448834,0
-73.9782325,40.8460828,30
-73.9776711,40.8474851,53
-74.0000887,40.8405238,17
-73.9744003,40.8761613,144
-73.9837878,40.8454867,491
-74.0094592,40.8687948,429
-73.977247,40.8691228,0
-73.9799259,40.8696136,71
-73.9794842,40.8714783,0
-73.9813227,40.8729629,0
-73.9986645,40.8720857,0
-73.9961168,40.8708199,0
-74.0013649,40.8679127,0
-73.9822264,40.8559963,32
-73.9922042,40.8657867,207
-73.953385,40.7653987,618
-73.9951262,40.7524558,756
-73.9908863,40.7531852,209
-73.9878845,40.7535271,0
-73.9870877,40.7516076,0
-73.9845613,40.7513296,617
-73.9787223,40.752131,20
-73.9527311,40.7703352,829
-73.9944443,40.8040437,505
-73.9973487,40.8047677,0
-74.0085058,40.7857481,300
-74.0011861,40.7912102,105
-74.0016919,40.7905483,149
-74.0027263,40.789311,117
-74.0034094,40.7868741,0
-74.0011671,40.7891743,410
-74.0059962,40.8007348,248
-74.0040943,40.7998507,413
-74.0096371,40.7998383,244
-74.0064815,40.8001212,130
-74.0087296,40.7927269,341
-73.9955932,40.8019126,129
-74.0096956,40.8096735,136
-74.0001252,40.790958,2227
-73.9749186,40.7797015,758
-73.9547221,40.787906,871
-73.9499059,40.8299964,153
-73.9560669,40.8245738,0
-73.9687765,40.806543,0
-73.9722959,40.8015611,0
-73.9739643,40.7969494,0
-73.982274,40.795648,0
-73.9841191,40.7930643,0
-73.9853947,40.876442,159
-73.983601,40.8779081,84
-73.9804951,40.8782037,34
-73.9827389,40.871512,51
-73.9819032,40.8709726,80
-73.9900676,40.8564719,56
-73.9951701,40.8620549,25
-73.9898333,40.861792,56
-73.9907236,40.862211,80
-73.9901058,40.8605509,144
-73.995888,40.8516696,348
-73.9968865,40.8504924,155
-73.9957138,40.8498256,93
-73.9949556,40.8513389,195
-73.9939149,40.8501466,177
-73.9963359,40.8466031,139
-73.9950539,40.847882,161
-73.9956285,40.8461774,177
-73.9948624,40.8457453,112
-73.99718,40.8425084,141
-73.9983343,40.8403394,18
-73.9988017,40.8401492,44
-73.9971311,40.8397266,113
-73.9977301,40.839112,28
-73.9945636,40.8435889,97
-73.9956015,40.837895,40
-73.9999303,40.8759857,44
-74.001528,40.8729932,61
-73.9934684,40.8584849,120
-73.9919613,40.8628294,159
-73.9983065,40.8763508,707
-73.964225,40.8699696,123
-73.9987559,40.8531995,292
-73.9977868,40.8494363,319
-73.9952328,40.8325976,64
-73.9876112,40.8315097,328
-73.9936102,40.8312061,56
-73.9868369,40.8227837,639
-73.9941109,40.8088432,218
-73.9835042,40.8180998,94
-73.9977319,40.8089458,39
-73.9708054,40.8397818,150
-73.9743758,40.8384533,631
-73.9725916,40.8326087,243
-73.978048,40.8215311,508
-73.9757965,40.8473232,35
-73.9784912,40.8453465,0
-73.9781024,40.8443779,46
-73.9766729,40.8461203,86
-73.9776275,40.8449577,96
-73.9715693,40.8554155,0
-73.9732184,40.8572167,0
-73.9694483,40.854293,0
-73.9704189,40.8528243,14
-73.9691545,40.8549767,0
-73.9727738,40.8484763,401
-73.9737775,40.8437054,59
-73.9728745,40.844905,50
-73.9709756,40.8465016,14
-73.9704739,40.8475596,0
-73.980613,40.8397678,34
-73.9809234,40.8390708,32
-73.9813901,40.8367722,86
-73.9794169,40.8422454,47
-73.9759196,40.8420626,48
-73.9767427,40.8412026,35
-73.9770281,40.8387175,29
-73.9759896,40.840777,26
-73.9877701,40.8249498,78
-73.9879163,40.8345496,62
-73.9812029,40.8341452,85
-73.9849743,40.8328648,62
-73.9820915,40.8327117,0
-73.983061,40.8317482,35
-73.9806151,40.8323162,42
-73.9921447,40.8758387,0
-73.9860352,40.8758204,0
-73.9767069,40.8692034,12
-73.9760036,40.8681463,0
-73.974713,40.8673043,26
-73.97401,40.8636251,0
-73.97345,40.8594128,36
-73.9775035,40.8298718,222
-73.9729705,40.8572029,0
-73.968961,40.855157,0
-73.9626968,40.8537768,0
-73.9571204,40.8587815,0
-73.9505823,40.8763701,0
-73.9930856,40.8086905,257
-73.9954989,40.8422913,56
-73.9839786,40.8152688,50
-73.9875649,40.8374056,72
-73.9906762,40.8555641,68
-73.9822685,40.8674982,74
-73.9860698,40.8593848,46
-73.977722,40.8614442,64
-73.9924474,40.8762784,0
-73.9958343,40.8090395,153
-73.9912616,40.8262691,121
-73.9861286,40.8259916,144
-73.9937501,40.8773525,0
-73.9971948,40.8237916,53
-73.9663916,40.86847,5
-73.9628634,40.8639237,60
-73.9441774,40.8722243,0
-73.999572,40.8093906,34
-73.9987229,40.8319119,306
-73.9997544,40.8470862,71
-74.008674,40.8515314,0
-73.9803332,40.8353694,39
-73.9971477,40.8706581,0
-73.9770919,40.8314669,17
-73.9571079,40.8501021,0
-73.9717522,40.8640099,438
-73.9834757,40.8525829,56
-74.0055357,40.8449791,8
-73.9855609,40.850232,16
-73.9712231,40.8381381,263
-73.9685864,40.8652444,166
-73.9786262,40.8435927,56
-73.9722133,40.8546673,1433
-73.9907942,40.8207211,134
-73.9814913,40.8573106,0
-73.9854782,40.8166603,101
-73.9861873,40.8312523,274
-74.0093987,40.8264425,70
-73.9988468,40.8141745,204
-73.9967522,40.8141172,252
-73.9952545,40.8133378,331
-73.9778781,40.8696363,0
-73.996077,40.8138061,218
-73.9479502,40.8739543,0
-73.9903633,40.8241221,165
-73.986882,40.8291692,490
-73.9835296,40.8227399,141
-73.990869,40.8140348,35
-73.9806169,40.8538701,777
-73.9765503,40.8493633,115
-73.9674296,40.8794702,19
-73.9838938,40.8528125,183
-73.9168046,40.8018903,0
-73.9135737,40.8041683,0
-73.9137174,40.8038854,0
-73.8643937,40.8387545,452
-73.9096987,40.838419,285
-73.8647427,40.8404387,211
-73.9126768,40.8413067,0
-73.8664069,40.8421747,394
-73.8674754,40.8440008,142
-73.869158,40.8463511,39
-73.8879015,40.8451988,129
-73.9179925,40.8467711,395
-73.8846466,40.8481796,329
-73.8919848,40.8536875,631
-73.9213779,40.8790708,0
-73.9157243,40.8792949,199
-73.9086809,40.8799241,50
-73.9066629,40.8767138,0
-73.9088775,40.8124102,391
-73.9060683,40.8177538,27
-73.9077842,40.8154669,323
-73.9072282,40.8142757,261
-73.9041228,40.8180805,133
-73.9079621,40.8122211,505
-73.9093634,40.8110538,21
-73.9097476,40.8099871,147
-73.9063177,40.8140852,224
-73.9084486,40.8108645,504
-73.9070475,40.8120328,417
-73.9104391,40.8083035,132
-73.9113373,40.8085532,140
-73.9091445,40.8089329,0
-73.912771,40.84946,1379
-73.9140165,40.8797695,44
-73.9170248,40.8780271,598
-73.9200758,40.8789528,0
-73.9216109,40.8788081,0
-73.9207842,40.8792538,0
-73.9037909,40.8725555,1573
-73.9039171,40.8769238,0
-73.9018068,40.874972,539
-73.8976059,40.8713463,0
-73.9059644,40.8798474,287
-73.9023249,40.8775159,518
-73.9058562,40.8756178,0
-73.8818559,40.8713894,0
-73.8636439,40.8406737,0
-73.8634258,40.8389782,280
-73.8672431,40.8338819,643
-73.8663467,40.8343969,32
-73.8660928,40.8330493,281
-73.8656738,40.8309992,514
-73.8635126,40.8349643,99
-73.8625056,40.8350139,463
-73.8703809,40.8440464,59
-73.8615109,40.8350543,581
-73.861333,40.8340853,315
-73.8608857,40.8333444,0
-73.8638503,40.8313855,501
-73.8627464,40.8315406,1424
-73.8633519,40.8291755,432
-73.8642782,40.829054,529
-73.8624257,40.8293,412
-73.8753832,40.8266544,309
-73.8750835,40.8253695,715
-73.8747489,40.8281801,1727
-73.8740871,40.8294004,0
-73.874994,40.8229183,129
-73.9227488,40.80588,0
-73.8708223,40.8281792,734
-73.8722009,40.8233261,0
-73.8697104,40.8234433,319
-73.8703363,40.8251513,0
-73.8706174,40.824775,24
-73.8689522,40.8284278,0
-73.8670538,40.8286831,570
-73.866526,40.8265084,1286
-73.8611502,40.8259462,0
-73.8707129,40.8235073,586
-73.8688245,40.822337,194
-73.869584,40.8195489,373
-73.8688649,40.8214322,294
-73.8679934,40.8285568,299
-73.9134616,40.8153677,7
-73.9127629,40.8168772,0
-73.9108353,40.8198373,111
-73.9118747,40.8185294,1195
-73.910697,40.8203736,155
-73.9121602,40.8261274,137
-73.9216254,40.8208553,568
-73.9188743,40.8160228,35
-73.9182033,40.8270314,42
-73.8889385,40.8215073,0
-73.8943837,40.8279949,156
-73.9077659,40.8255944,168
-73.8730358,40.8244512,0
-73.8717669,40.8256481,74
-73.8834724,40.8230706,0
-73.8857391,40.8233552,0
-73.8650293,40.820666,0
-73.8685804,40.8247563,0
-73.8687257,40.8250104,0
-73.9253716,40.8424863,663
-73.9248135,40.8421254,250
-73.9255935,40.8408356,871
-73.9276167,40.8383723,312
-73.9280507,40.8365484,1051
-73.9259201,40.8397833,0
-73.9270116,40.8361391,321
-73.9237319,40.8389357,382
-73.9286167,40.8351509,127
-73.9308222,40.8328565,757
-73.9277851,40.8348995,535
-73.9289252,40.8324062,141
-73.9308128,40.8312451,502
-73.9293591,40.8317842,381
-73.9298974,40.8309879,723
-73.926095,40.8358363,329
-73.9269736,40.8346275,225
-73.9240631,40.8370745,1168
-73.9160452,40.8530392,1171
-73.9196437,40.8527666,172
-73.9208215,40.8512524,758
-73.924504,40.84822,0
-73.9243804,40.846539,1378
-73.9226512,40.8462959,1812
-73.9232678,40.8450643,0
-73.9234019,40.8449473,0
-73.924241,40.8449164,0
-73.9194737,40.8488042,667
-73.9204348,40.8475518,659
-73.921363,40.8478749,784
-73.9203521,40.8490793,404
-73.9195334,40.8454551,186
-73.9189017,40.8506217,714
-73.9295203,40.8409628,0
-73.9171011,40.8257239,988
-73.9240681,40.8049633,0
-73.9253116,40.8485355,0
-73.915217,40.8601565,0
-73.9067887,40.8698496,528
-73.9068241,40.8711175,0
-73.9166342,40.8568136,812
-73.9213332,40.8531335,2209
-73.9108844,40.8619916,23
-73.9063286,40.863285,6
-73.9052788,40.8643908,1863
-73.9078719,40.86157,3558
-73.9090902,40.8588039,479
-73.906852,40.8612968,1990
-73.9089611,40.8562785,375
-73.9066768,40.8565784,247
-73.9065041,40.8588674,240
-73.9069758,40.8582514,498
-73.905099,40.8591681,519
-73.9058873,40.8578721,560
-73.9046886,40.8736539,1125
-73.900201,40.8732167,695
-73.9007805,40.8712633,749
-73.902586,40.8697538,1512
-73.9014692,40.8688763,601
-73.9005127,40.8696681,473
-73.8984334,40.872521,96
-73.899995,40.8689403,970
-73.8982799,40.8684752,0
-73.8916417,40.8726937,0
-73.9022737,40.8659514,1767
-73.9037054,40.8634443,1232
-73.9025303,40.864331,376
-73.9022053,40.8635446,1200
-73.9008773,40.8652689,706
-73.8995775,40.8669443,195
-73.9000299,40.8648929,538
-73.9012219,40.8633896,824
-73.9033661,40.8618859,1074
-73.9001332,40.8630589,203
-73.9055633,40.8601074,439
-73.9037953,40.8594967,292
-73.9041923,40.8588517,208
-73.9045824,40.8582027,393
-73.9049747,40.8575536,606
-73.9053697,40.8569057,294
-73.90178,40.8591779,1108
-73.902769,40.8575637,1291
-73.9014264,40.8615112,296
-73.8832033,40.8039809,0
-73.9200715,40.8047744,0
-73.9204319,40.8043027,38
-73.9191041,40.8037401,38
-73.9179097,40.8036882,0
-73.9172357,40.8028471,0
-73.9170102,40.8019538,0
-73.9155822,40.8003971,0
-73.9148,40.8033459,0
-73.9935657,40.8620448,42
-73.9918724,40.8589136,240
-73.9923423,40.861536,49
-73.993931,40.8576948,122
-73.9885343,40.8587887,33
-73.9890364,40.8580468,60
-73.9870467,40.8576761,65
-73.9876401,40.8564651,39
-73.9871128,40.8669297,63
-73.9863638,40.8665385,65
-73.9866805,40.8648642,86
-73.9835299,40.8656953,176
-73.9879097,40.8601477,51
-73.9845888,40.8641606,330
-73.9814454,40.8609691,226
-73.984347,40.8614533,104
-73.9826288,40.8636808,44
-73.9865339,40.8613814,117
-73.9856847,40.8626601,57
-73.9840598,40.8593208,39
-73.9859543,40.8572621,55
-73.9850492,40.8584142,44
-73.9851783,40.8590891,43
-73.9827094,40.8591535,71
-73.9829975,40.8578754,49
-73.9853558,40.8567212,45
-73.9864361,40.8554977,24
-73.9744491,40.8753142,0
-73.9756381,40.8687276,18
-73.9762917,40.8676978,0
-73.9741571,40.868891,39
-73.9802879,40.8681635,57
-73.978485,40.8632225,40
-73.9808345,40.866789,54
-73.9777419,40.8645415,64
-73.9774624,40.8667374,37
-73.9794546,40.8577623,39
-73.9792858,40.8590983,69
-73.9839296,40.847417,90
-73.9783358,40.8576331,93
-73.9781738,40.8563984,106
-73.9767754,40.8648952,30
-73.9744736,40.8620196,0
-73.975123,40.8612559,0
-73.976214,40.8619334,57
-73.9681324,40.8658103,204
-74.0011864,40.8785208,55
-74.0059329,40.8764089,38
-74.0036144,40.8791625,128
-74.0027951,40.878878,119
-74.0030308,40.876509,104
-74.0015065,40.8765272,33
-74.0016934,40.8757791,41
-73.9639087,40.8723496,45
-73.9690588,40.8751579,47
-73.9757272,40.8735493,475
-73.9831756,40.8755721,77
-73.9912273,40.8753989,0
-73.9949279,40.8706454,0
-73.9931514,40.8667815,0
-73.995124,40.8639873,0
-73.9877473,40.872702,516
-73.9884664,40.8672026,77
-73.9864446,40.8696789,148
-73.9857939,40.870661,85
-73.9823975,40.8738106,0
-73.9866357,40.8682198,94
-73.984445,40.8685632,52
-73.9571442,40.8638174,34
-74.0026224,40.8403759,16
-74.0033909,40.8400378,0
-74.0017502,40.8372681,36
-74.0026523,40.8394608,44
-74.0018613,40.8398197,16
-74.0000303,40.8396628,76
-74.0071525,40.8314297,19
-74.0047546,40.8327169,129
-74.0037862,40.8366257,69
-74.0035292,40.8325013,145
-74.0052076,40.8302598,103
-74.0013756,40.8316617,206
-74.0071471,40.8272505,117
-74.0015459,40.8286453,80
-74.0022512,40.8279155,79
-74.0048539,40.8275471,59
-74.0033962,40.8267257,47
-74.002856,40.8272948,77
-74.0072163,40.8243159,37
-74.0045695,40.8254624,54
-74.0033732,40.8251462,11
-74.0078139,40.8221661,71
-74.0030206,40.814366,0
-74.0006593,40.8295563,131
-74.0078208,40.8216668,83
-74.0053834,40.8189014,355
-74.0013658,40.8171697,72
-74.0077262,40.823255,237
-73.9995992,40.8160978,91
-74.0028729,40.8429097,483
-73.9639037,40.8615079,0
-73.980194,40.8716787,0
-73.9797793,40.8715582,0
-73.983035,40.8732061,77
-73.9840516,40.874307,0
-73.9837322,40.8743705,0
-73.9835709,40.8744295,0
-73.9813484,40.8728061,0
-73.9814268,40.872586,0
-73.9883388,40.8377513,95
-73.9908222,40.8318903,26
-73.9907457,40.8311119,36
-73.9822706,40.8433942,215
-73.9859216,40.8386489,35
-73.9825287,40.8399749,109
-73.9838704,40.8374155,59
-73.987585,40.833194,76
-73.9832327,40.870182,61
-73.9936294,40.8632167,63
-73.9919133,40.8602909,206
-73.989513,40.8572925,76
-73.987964,40.8678817,58
-73.9855013,40.8660917,42
-73.9788025,40.8647884,44
-73.9861145,40.8620438,51
-73.9707078,40.8648906,802
-73.9772185,40.8427828,59
-74.0083909,40.8780069,253
-74.0086349,40.8648956,0
-73.9790502,40.8290729,24
-73.9730708,40.8710878,20
-73.9731407,40.8638872,325
-73.9896291,40.8476747,0
-74.0019654,40.8154003,49
-73.9940758,40.8452854,86
-73.9933101,40.8448561,127
-73.9927885,40.8465686,132
-73.9909326,40.848414,217
-73.9882607,40.8498803,116
-73.9914807,40.8458315,0
-73.9932578,40.8428563,120
-73.9900669,40.804936,1857
-73.9847099,40.8358199,68
-73.9852696,40.834411,34
-73.9838313,40.8355297,60
-73.984433,40.8340659,65
-73.9853824,40.8319742,59
-73.9835323,40.8335778,70
-73.9820959,40.8347201,81
-73.9974453,40.8261498,98
-73.9979776,40.8279488,90
-73.9958288,40.8281618,55
-73.9966124,40.827267,114
-73.9948498,40.8274664,22
-73.9984777,40.8211313,121
-73.998511,40.8191662,110
-73.9968013,40.8243996,15
-73.9969627,40.8228737,12
-73.9841077,40.8141802,0
-73.9875755,40.8120748,0
-73.9875405,40.8532306,130
-73.9832854,40.8556915,0
-73.9840647,40.8562129,59
-73.983531,40.8567586,69
-73.9962503,40.8253465,60
-73.9975994,40.8231661,56
-73.9978709,40.8227226,22
-73.994248,40.8279444,44
-73.9932914,40.8291123,39
-73.9924081,40.8303642,33
-73.9897661,40.8344445,74
-74.0006908,40.8098641,0
-73.9998063,40.810122,43
-74.0002311,40.8104542,24
-73.9886205,40.8346796,29
-73.9667851,40.850358,82
-73.969243,40.8480611,22
-73.9677738,40.8475761,2326
-73.9761123,40.8209423,340
-73.9955203,40.8224515,239
-73.9731939,40.8535087,813
-73.9680108,40.8529458,0
-73.9691972,40.8519542,0
-73.9811147,40.8596003,28
-73.9873995,40.855047,69
-73.9794533,40.862698,86
-74.0011032,40.8414784,79
-73.9751644,40.8657194,0
-73.974572,40.8581201,0
-73.9713221,40.8713131,147
-73.9857259,40.8333523,57
-73.981762,40.8317657,0
-73.9892236,40.8474358,0
-73.9835755,40.8533095,85
-73.9897101,40.8427726,90
-73.990394,40.8389525,102
-73.9954452,40.8302214,61
-73.9893534,40.835078,18
-73.9900297,40.8307306,186
-73.9883266,40.8358683,44
-73.9861372,40.8366591,55
-73.9888766,40.8181566,38
-73.9520365,40.874632,6
-73.9818198,40.8243526,243
-73.9609824,40.8707002,63
-74.0024354,40.8743149,36
-73.9840325,40.8323359,82
-73.9664987,40.8742397,169
-73.9618158,40.8649179,62
-73.9602233,40.8639939,112
-73.9612988,40.8629847,104
-73.957123,40.8664927,119
-73.9606425,40.8625875,93
-73.9595509,40.8636047,129
-73.9571579,40.8647686,99
-73.9588841,40.8632156,138
-73.9599827,40.8621937,94
-73.9592347,40.8617469,213
-73.95812,40.8627723,145
-73.9558715,40.8720244,45
-73.9595848,40.853019,0
-73.9974738,40.8551651,89
-73.9976998,40.8533035,110
-73.9918789,40.8537768,58
-73.9955522,40.8540418,121
-73.9824471,40.8793016,0
-73.9769698,40.8789489,82
-73.9785563,40.8771052,42
-73.9737045,40.8774174,177
-73.9764029,40.8759065,0
-73.9726339,40.8789027,79
-73.9708261,40.8762645,36
-73.9596354,40.8760268,37
-73.9579037,40.8797151,84
-74.0098068,40.8605477,0
-74.0014889,40.8534913,7
-74.0044613,40.8494086,237
-74.0010792,40.825234,65
-73.9995511,40.8197209,169
-74.0018233,40.8133792,434
-74.0000991,40.8127537,441
-73.9657268,40.854503,0
-73.9656417,40.853169,0
-73.9617836,40.8534462,0
-73.9648477,40.8516213,513
-73.9628509,40.8534789,0
-73.9656003,40.8494384,224
-73.9636779,40.8551985,0
-73.9697948,40.8419276,30
-73.9807278,40.8274675,0
-73.9805464,40.8268714,15
-73.9772362,40.8227508,396
-73.9764065,40.8252944,372
-73.9733723,40.8307345,144
-73.9750434,40.8275188,127
-73.9994208,40.8136496,100
-73.9982505,40.8147001,178
-73.9987534,40.8176576,179
-73.9995012,40.8180462,218
-74.0030322,40.8211103,931
-73.9992334,40.8250907,67
-73.9999757,40.8260129,88
-74.000332,40.8339129,216
-73.9978572,40.835869,75
-73.9992764,40.8375398,92
-73.9992495,40.8399677,32
-73.999714,40.8406833,39
-73.9991188,40.8409138,160
-74.0001609,40.8426408,68
-73.9997326,40.8431189,216
-73.998722,40.8443595,148
-73.9992072,40.8477703,65
-73.9990546,40.8502066,123
-73.9994135,40.851967,108
-73.9994744,40.8542156,67
-73.9977109,40.8584886,232
-74.0000634,40.8609456,0
-73.9928325,40.8704649,0
-74.0020465,40.8750267,20
-73.9860934,40.8755041,0
-74.0079375,40.8659745,0
-74.0096046,40.8185334,34
-73.984683,40.8105599,0
-74.003967,40.8289118,69
-74.0020342,40.8453106,175
-73.9796725,40.8271541,1130
-73.9967499,40.812099,180
-73.9952069,40.8113195,98
-73.9928649,40.8271751,99
-73.9857807,40.826615,194
-73.981131,40.8308875,217
-73.9980117,40.8217362,125
-73.8633398,40.7520886,1041
-73.8649867,40.7567594,400
-73.8745353,40.7505076,126
-73.8723935,40.7654888,232
-73.8748588,40.763599,219
-73.8710905,40.7634686,382
-73.8697864,40.7615245,101
-73.871606,40.756076,321
-73.869495,40.7545977,418
-73.9029683,40.7517503,0
-73.8909025,40.7521241,386
-73.8858914,40.7506217,969
-73.923413,40.752985,209
-73.8841664,40.7567661,549
-73.8847371,40.7546931,640
-73.8872892,40.7583101,454
-73.8943848,40.7713996,199
-73.9147286,40.758146,453
-73.8994579,40.7765971,56
-73.9259676,40.7539566,44
-73.9259386,40.7710747,186
-73.9300146,40.7555767,333
-73.9408635,40.7521707,1189
-73.9295489,40.7718989,40
-73.933425,40.7755772,123
-73.8652735,40.7538768,521
-74.0040831,40.8127625,125
-74.0029539,40.8118029,200
-74.0006983,40.8167054,109
-74.0012478,40.8117486,192
-74.0005993,40.8112238,177
-73.9884656,40.8633911,164
-73.9842098,40.8493245,71
-73.9980047,40.8415049,0
-73.9982903,40.8416555,0
-73.991714,40.8315696,131
-73.9712768,40.8626611,154
-74.0012267,40.851914,132
-74.0031391,40.8388907,63
-73.9960353,40.8373855,93
-74.004983,40.8768677,81
-74.0007606,40.8772704,28
-73.9548867,40.8758329,136
-73.986271,40.8755984,0
-73.9951585,40.8556009,222
-73.9853384,40.8713377,101
-73.9875655,40.8181318,49
-73.9806294,40.8180785,26
-73.9919406,40.8156968,649
-73.9903156,40.8151922,176
-73.9938439,40.8106559,180
-73.979042,40.8530596,197
-73.9785075,40.8523384,118
-73.974365,40.8517639,428
-73.9732769,40.8475893,182
-73.9738405,40.8283422,164
-73.9952227,40.8408832,0
-73.9896609,40.8536903,93
-73.9901665,40.8479828,210
-73.9584955,40.8615532,11
-73.9946603,40.8534787,228
-73.9978342,40.8420586,122
-73.9943188,40.8570665,146
-74.0031318,40.8641231,0
-73.9839109,40.8504901,63
-73.980596,40.8751078,136
-73.9835593,40.8719948,44
-73.9768244,40.8749481,67
-73.9908109,40.8222913,138
-73.9896451,40.8236789,140
-73.9886967,40.8234332,179
-73.9884777,40.8218765,178
-73.990033,40.8183705,119
-73.990967,40.8196914,186
-73.9899323,40.8202552,79
-73.9882128,40.8205693,0
-73.9878233,40.8294956,133
-73.9871431,40.8281545,67
-73.9825791,40.8273853,127
-73.9848665,40.8286762,206
-73.9864412,40.825414,170
-73.9838531,40.8255478,105
-73.9850992,40.8243002,219
-73.9822455,40.8280903,231
-73.9813634,40.8300011,79
-73.9831999,40.8303296,52
-73.9816439,40.8294516,211
-73.9791349,40.8199363,331
-73.9845136,40.8214373,157
-73.9856595,40.8235001,46
-73.9840606,40.8221858,174
-73.9871342,40.8188682,67
-73.9895443,40.8169236,210
-73.9818628,40.821162,159
-73.9854775,40.8178433,64
-73.9830122,40.8232992,116
-73.9804611,40.8227348,37
-73.9838837,40.8186248,49
-73.9939831,40.8168181,216
-73.9937703,40.8150419,217
-73.993098,40.8132964,211
-73.9935045,40.8126779,254
-73.9918712,40.8124739,209
-73.9925979,40.8143369,408
-73.9825023,40.8736172,0
-73.9910924,40.8133792,147
-73.9846408,40.8109105,1844
-73.9630904,40.8505257,14
-73.9711325,40.8559585,0
-73.9713608,40.8558801,0
-73.9751679,40.8661114,0
-73.9765403,40.8669259,12
-74.0007578,40.8418775,516
-73.9969196,40.8203095,139
-73.9972679,40.8168896,222
-73.9962815,40.8180142,207
-73.9974775,40.8123744,169
-73.9988752,40.8089822,41
-73.9957359,40.8116444,77
-73.9962565,40.8077276,48
-73.9934262,40.8258306,141
-73.991141,40.8305142,58
-73.9889719,40.8258222,140
-73.9930966,40.8235685,97
-73.9860272,40.8346194,35
-73.9822001,40.8369437,103
-73.9826742,40.8329652,48
-73.9953033,40.8248332,71
-73.9814901,40.8325776,65
-73.9800864,40.834028,61
-73.9790031,40.8339152,58
-73.97951,40.8319951,30
-73.9766184,40.8360318,32
-73.9767057,40.8341077,53
-73.9780332,40.8320552,15
-73.9757093,40.8337531,53
-73.9764389,40.8309144,20
-73.9751102,40.841636,28
-73.9756824,40.83878,21
-73.9755931,40.8378907,26
-73.9703345,40.840839,57
-73.9692867,40.8547186,0
-73.9722765,40.836479,164
-73.9717456,40.836138,67
-73.9658365,40.854301,0
-73.9671469,40.8496763,94
-73.9648158,40.854697,0
-73.9785242,40.8271785,0
-73.9791467,40.8277547,0
-74.0085306,40.8661202,0
-73.9864545,40.8112362,0
-73.9867387,40.8244862,277
-73.9542512,40.8677437,0
-73.9812991,40.8303819,60
-73.9200831,40.8314097,0
-73.9189856,40.8344432,825
-73.8948054,40.8158969,0
-73.9030348,40.8793281,0
-73.9172353,40.8574094,0
-73.8699073,40.8260083,908
-73.9041738,40.798178,0
-73.9013223,40.8184544,329
-73.9018319,40.823514,368
-73.9189449,40.8199023,718
-73.8969223,40.827205,468
-73.8963443,40.8249317,508
-73.8935517,40.8268807,25
-73.9305099,40.8189745,0
-73.9113261,40.8051339,0
-73.9113163,40.8049535,0
-73.909814,40.8058214,0
-73.8975097,40.8136893,0
-73.8959711,40.8151114,0
-73.8940046,40.8169982,0
-73.9203071,40.8300749,1016
-73.8606298,40.8399241,2574
-73.8819008,40.8187275,0
-73.8656527,40.8141436,0
-73.8814733,40.8119095,0
-73.8700911,40.8461985,23
-73.8994183,40.8293917,189
-73.9199628,40.8141283,95
-73.8881857,40.8717489,0
-73.8875293,40.8723751,0
-73.886851,40.8736702,0
-73.8865588,40.8743317,0
-73.8862582,40.8750147,0
-73.8889733,40.8724254,650
-73.8876833,40.8736596,993
-73.9314424,40.8114805,4
-73.9321254,40.8129724,0
-73.9309643,40.8151334,0
-73.9307082,40.8197488,0
-73.9309003,40.82721,0
-73.8855849,40.8292021,0
-73.8861599,40.8255581,0
-73.8869303,40.8228477,0
-73.8729584,40.8283864,0
-73.8739361,40.8330485,0
-73.8735171,40.8309467,0
-73.8721719,40.8393772,201
-73.8717175,40.8391302,0
-73.8716899,40.8386775,0
-73.8725659,40.8406106,0
-73.8720028,40.8430112,0
-73.889624,40.8607993,0
-73.8881585,40.8600364,0
-73.8862877,40.8595074,130
-73.8849244,40.8588097,162
-73.8827036,40.8579326,0
-73.8812599,40.8575325,0
-73.8772925,40.8576728,0
-73.87409,40.8599991,0
-73.8719606,40.8530482,0
-73.872957,40.8554861,0
-73.8724983,40.8708232,0
-73.870814,40.8759814,0
-73.8704282,40.8772256,0
-73.8980247,40.8442205,0
-73.8952235,40.8452989,31
-73.8948063,40.8483276,495
-73.8954619,40.8471439,227
-73.893639,40.8495354,0
-73.8939581,40.8479999,540
-73.8945991,40.8469617,121
-73.904646,40.8439811,279
-73.904854,40.8430643,0
-73.9043546,40.8426435,237
-73.8859697,40.8401568,0
-73.9041441,40.8438462,46
-73.9035735,40.843677,0
-73.9026258,40.8434229,47
-73.9052781,40.839021,37
-73.90179,40.8393767,83
-73.9022872,40.8379895,339
-73.9013109,40.8424838,173
-73.9002443,40.8421383,0
-73.9010162,40.8407669,0
-73.9006032,40.8437011,77
-73.8995112,40.8434116,0
-73.9009604,40.8391002,263
-73.9000738,40.8404884,0
-73.9000782,40.8386885,670
-73.902377,40.8352674,328
-73.9034539,40.833643,762
-73.9020029,40.8364059,278
-73.9018238,40.8331919,1090
-73.9006589,40.832446,822
-73.902025,40.8306925,1021
-73.9009317,40.8373926,190
-73.899317,40.8344548,222
-73.8997838,40.833725,521
-73.8940159,40.8357727,127
-73.8983244,40.8415104,0
-73.8984907,40.8431817,0
-73.8975121,40.8429574,475
-73.8929946,40.8453117,438
-73.893696,40.843567,0
-73.8888886,40.8373154,1899
-73.8966309,40.8356256,0
-73.8930941,40.8345315,143
-73.8955917,40.8345059,463
-73.8973552,40.8339442,442
-73.8984294,40.8341627,126
-73.8976247,40.8332577,221
-73.9029937,40.8129118,783
-73.8958054,40.8325648,386
-73.8945637,40.8327171,449
-73.898729,40.8546155,420
-73.8981633,40.8512224,125
-73.8973532,40.8525415,18
-73.8965772,40.8538286,146
-73.8972752,40.8475585,162
-73.8959078,40.8520732,259
-73.893238,40.8546279,420
-73.893547,40.855818,286
-73.8925674,40.8553978,226
-73.8966608,40.8507456,243
-73.8949413,40.851687,115
-73.8975534,40.8491682,367
-73.8932446,40.852329,679
-73.8941415,40.8512879,86
-73.8912308,40.8527765,367
-73.8933393,40.85117,0
-73.8957029,40.8485693,172
-73.8963594,40.8473408,36
-73.8638118,40.813758,784
-73.9109441,40.8073672,209
-73.9081862,40.8087351,0
-73.9085089,40.8078019,59
-73.9075251,40.8106661,0
-73.9055173,40.8096943,53
-73.9069604,40.8079652,0
-73.9044293,40.8094837,0
-73.9041159,40.8554533,413
-73.9049409,40.8558055,72
-73.9023906,40.8540769,0
-73.903568,40.851188,316
-73.8919031,40.8713532,559
-73.8907692,40.8703826,0
-73.8914484,40.8698836,0
-73.8871836,40.8734387,0
-73.8847769,40.8746763,1023
-73.8867843,40.8720679,538
-73.8870152,40.8707771,378
-73.8884986,40.8698879,721
-73.885791,40.8715859,942
-73.8828505,40.8741612,0
-73.8822657,40.8744152,0
-73.8816805,40.8745934,0
-73.8862538,40.872801,597
-73.8842538,40.8730452,602
-73.8807411,40.8719438,0
-73.8850046,40.8710834,703
-73.8863343,40.8686537,567
-73.8812456,40.8716567,0
-73.8812263,40.8697194,0
-73.8807787,40.8740188,1147
-73.8797444,40.8729252,541
-73.8822374,40.8697577,426
-73.8908129,40.8679165,987
-73.8893876,40.8665103,801
-73.8919115,40.8641249,235
-73.8909742,40.8635495,429
-73.8901062,40.8644074,1130
-73.8891436,40.8639116,394
-73.8900807,40.8630418,231
-73.8856369,40.8676098,244
-73.8878633,40.8650794,691
-73.881185,40.8612407,0
-73.89245,40.8599827,0
-73.8900739,40.860232,21
-73.8922086,40.8576107,516
-73.8926175,40.857004,317
-73.8912947,40.8572054,0
-73.8914153,40.8594546,78
-73.8916089,40.8588259,73
-73.9273958,40.8116891,198
-73.9011245,40.8480243,0
-73.91578,40.8033535,0
-73.9146717,40.8031369,0
-73.9152314,40.8039145,133
-73.9122294,40.8051191,0
-73.913845,40.8048672,558
-73.9140502,40.8024362,0
-73.9126586,40.8034712,96
-73.9111056,40.8010838,0
-73.9117329,40.8004859,0
-73.9105708,40.799807,0
-73.9111729,40.7992129,0
-73.9093218,40.8028357,0
-73.9079307,40.8006119,0
-73.8778135,40.8396148,0
-73.8780736,40.8300136,1055
-73.8774796,40.8274568,1249
-73.8791565,40.8223963,460
-73.87342,40.8751301,0
-73.8687785,40.8723596,794
-73.8937166,40.8570865,0
-73.8980658,40.864995,408
-73.8659785,40.8782015,0
-73.9198347,40.805155,0
-73.9145592,40.8043239,42
-73.884805,40.8792356,0
-73.9197864,40.8773851,44
-73.8717952,40.8716775,0
-73.8829198,40.8298657,538
-73.8821436,40.8269685,292
-73.8823035,40.8199647,0
-73.8820024,40.8220214,0
-73.8907578,40.8104992,0
-73.8888598,40.8107868,29
-73.8870238,40.8074261,0
-73.8842534,40.8114846,0
-73.8833367,40.8079801,0
-73.9075595,40.8133455,330
-73.9066468,40.8131592,137
-73.9100663,40.8091275,138
-73.909492,40.8069357,0
-73.9078876,40.8095986,62
-73.9047246,40.8112304,553
-73.9096332,40.8056619,0
-73.8786124,40.8147497,0
-73.8772915,40.8127927,0
-73.8778287,40.8110141,0
-73.9137831,40.846867,1298
-73.9049439,40.8490578,0
-73.9157981,40.8345777,673
-73.9117379,40.8364203,1229
-73.9149867,40.8326565,861
-73.914597,40.831603,369
-73.9122777,40.8320175,207
-73.9108008,40.841362,1108
-73.9092885,40.8390623,342
-73.9100986,40.8357182,534
-73.8615225,40.8386517,1430
-73.8715753,40.8408116,0
-73.8698471,40.842584,467
-73.8696032,40.838709,374
-73.8610108,40.833016,46
-73.8606929,40.8530065,207
-73.8876332,40.8562203,116
-73.885381,40.8563938,396
-73.8784056,40.8745039,803
-73.8777121,40.8733511,638
-73.9270935,40.8435133,0
-73.9271826,40.8457609,0
-73.8882287,40.7924981,1890
-73.9179548,40.8293816,437
-73.9129207,40.827662,139
-73.8827916,40.838865,0
-73.8851798,40.8354934,511
-73.8870064,40.8302955,392
-73.8988904,40.8282405,635
-73.9044203,40.8171782,574
-73.8969381,40.8296397,358
-73.8954017,40.8233887,154
-73.8778931,40.8760337,1083
-73.8908397,40.8407872,871
-73.8923127,40.8361713,37
-73.8868899,40.837608,185
-73.8926173,40.8464858,347
-73.8869036,40.8477484,153
-73.8854183,40.8532187,838
-73.8856505,40.844243,270
-73.8832859,40.843265,328
-73.9164356,40.8026787,0
-73.9137388,40.8040074,0
-73.9198958,40.804949,0
-73.927734,40.8083033,0
-73.9256577,40.8072944,0
-73.9227776,40.8061214,0
-73.8794879,40.8384987,0
-73.8813595,40.8364261,0
-73.883894,40.8328724,0
-73.8858069,40.8289113,0
-73.860128,40.8790851,401
-73.8625074,40.8779625,383
-73.8606646,40.8775265,706
-73.8936663,40.8238783,0
-73.8934069,40.8253307,410
-73.8953606,40.821941,268
-73.8964194,40.8204738,529
-73.8943723,40.8221809,243
-73.8972292,40.818371,0
-73.8988662,40.8167755,749
-73.8997842,40.8170656,232
-73.8940013,40.8191048,264
-73.8949873,40.8181028,128
-73.9020633,40.8168293,409
-73.9018163,40.8160292,480
-73.9044673,40.8137049,633
-73.9047972,40.8127786,185
-73.9039676,40.8107761,417
-73.924264,40.8092204,452
-73.9001099,40.8501949,1301
-73.8666425,40.8240214,725
-73.9196741,40.8799965,559
-73.8947834,40.8002527,0
-73.9065453,40.8184228,220
-73.9029747,40.8217751,160
-73.8947147,40.8337858,503
-73.9205182,40.8234845,1158
-73.9273288,40.8097426,1284
-73.8829764,40.8419816,132
-73.8839638,40.839111,0
-73.8797785,40.8415538,521
-73.8821689,40.8380289,0
-73.8860781,40.8322633,260
-73.8851792,40.8313862,0
-73.9049598,40.8281161,677
-73.8992215,40.8271595,628
-73.9045076,40.8208304,220
-73.9032952,40.8169477,526
-73.902724,40.8184109,539
-73.9001937,40.8200331,0
-73.8963059,40.8283556,136
-73.8963459,40.8264209,211
-73.8943606,40.8251686,328
-73.9054756,40.8502377,0
-73.9059841,40.8471156,244
-73.9140836,40.8384575,0
-73.9122549,40.8401816,1170
-73.9173548,40.8304055,565
-73.9100092,40.8416558,894
-73.9230335,40.8400368,444
-73.9193936,40.8359605,379
-73.9189497,40.8323265,204
-73.9170875,40.8487792,713
-73.8685779,40.8350805,92
-73.8661878,40.8555615,1481
-73.8623816,40.8498601,202
-73.9252115,40.8451694,0
-73.9090806,40.8467469,0
-73.8937825,40.8656673,0
-73.8981882,40.8596973,9
-73.8930834,40.8591285,467
-73.8877294,40.8713654,601
-73.884764,40.8724514,626
-73.8915692,40.865848,667
-73.8916924,40.8608904,26
-73.8901433,40.8505901,0
-73.9316156,40.8167959,0
-73.9131485,40.8574403,4
-73.9062824,40.8572249,407
-73.8998497,40.8710985,1033
-73.900308,40.8672256,149
-73.9033131,40.8602845,399
-73.8997265,40.8608896,1685
-73.8660852,40.8587291,1053
-73.8639964,40.8637448,331
-73.8606437,40.838755,0
-73.8993003,40.831041,310
-73.9306235,40.8123176,0
-73.8765636,40.8746677,845
-73.8993135,40.8776203,499
-73.885565,40.8792393,0
-73.8802306,40.877317,655
-73.8931405,40.8476598,235
-73.9035784,40.8384515,162
-73.8991576,40.8401447,1640
-73.9012429,40.8361279,370
-73.8922188,40.8433671,0
-73.897783,40.8314114,0
-73.8906373,40.8517744,49
-73.9051091,40.847054,401
-73.901149,40.8460543,26
-73.8956054,40.8554098,369
-73.8965484,40.8488445,519
-73.9053868,40.8186982,0
-73.9052328,40.8143673,378
-73.9066573,40.8107201,0
-73.9022437,40.8507034,1247
-73.8768478,40.8111559,0
-73.9152316,40.8196363,370
-73.9136974,40.8199645,80
-73.9067524,40.8304113,1139
-73.9091816,40.8217128,0
-73.9071283,40.8191128,278
-73.9149041,40.8129587,550
-73.9100497,40.8147318,868
-73.8744286,40.8623718,0
-73.918579,40.8026351,0
-73.9233452,40.8792611,0
-73.8875652,40.8131515,517
-73.895922,40.8150197,0
-73.9012403,40.8286805,611
-73.900728,40.8269447,230
-73.9014305,40.8252997,323
-73.899684,40.8261566,292
-73.9001581,40.8250068,89
-73.9008935,40.8232491,591
-73.898807,40.8261223,0
-73.9048859,40.8199017,130
-73.9033911,40.8205552,137
-73.9042601,40.818724,66
-73.9016394,40.8214568,602
-73.8996315,40.822593,1067
-73.8994012,40.8236397,426
-73.9006325,40.8193887,262
-73.8983831,40.8226024,462
-73.8984541,40.8200146,346
-73.8982373,40.8212133,0
-73.9017934,40.8177489,42
-73.8978382,40.8299842,379
-73.8973422,40.828575,266
-73.8952527,40.8303373,65
-73.8980441,40.8272849,419
-73.8982439,40.8251795,1110
-73.8973248,40.8214437,462
-73.8972186,40.8249104,382
-73.8977158,40.8240918,0
-73.8944984,40.8270719,408
-73.9030193,40.8138192,276
-73.8953371,40.8250188,495
-73.8933474,40.8277385,357
-73.897479,40.8204621,446
-73.8831422,40.8327929,0
-73.9266022,40.8060257,715
-73.9206831,40.8155107,651
-73.9182593,40.8156,0
-73.8947773,40.8628876,509
-73.894147,40.8621136,0
-73.8896065,40.8710595,0
-73.8859739,40.8734591,631
-73.8825742,40.8705329,431
-73.8873834,40.8664957,260
-73.86076,40.8604419,0
-73.892839,40.8505919,743
-73.904369,40.8454407,190
-73.9040994,40.8696517,32
-73.9099458,40.8557135,281
-73.901394,40.8698314,427
-73.9032251,40.8646775,684
-73.9050068,40.8608505,260
-73.9010516,40.8585539,1088
-73.8651327,40.8587453,565
-73.8602277,40.86583,0
-73.8657884,40.8685969,494
-73.8622247,40.8681003,56
-73.8717285,40.8361903,0
-73.8953479,40.8290023,340
-73.9314849,40.809588,108
-73.8836747,40.875048,61
-73.86757,40.8764579,269
-73.8689356,40.862305,507
-73.8657021,40.8720251,476
-73.8638277,40.8705145,405
-73.9261429,40.8193642,37
-73.8726908,40.8257032,0
-73.8657369,40.8416081,144
-73.9865899,40.8489257,239
-73.9859226,40.8425849,139
-73.998072,40.8411654,56
-73.9920738,40.8397238,518
-73.9858402,40.8753153,0
-73.9976807,40.810766,122
-74.0087595,40.8449905,0
-74.0078716,40.8393476,76
-73.9846231,40.8556238,80
-73.9850221,40.8513056,0
-73.991163,40.8435983,138
-73.98683,40.8432377,82
-73.9899638,40.8381107,174
-73.991144,40.8344256,93
-73.9707474,40.8799094,53
-73.9907569,40.8080766,1058
-73.986111,40.8508183,0
-73.9798916,40.8265623,23
-73.9748822,40.8568281,0
-73.9698434,40.8514242,0
-73.9799778,40.841132,24
-73.9776675,40.8378545,24
-74.0049786,40.8368179,596
-74.0034897,40.8355089,37
-74.004436,40.8282164,76
-74.0052155,40.8248574,77
-74.0006405,40.8182205,90
-73.9918299,40.8184842,253
-73.9894286,40.8194568,113
-73.9851597,40.8279817,352
-73.9825045,40.8238699,204
-73.9846929,40.8193148,93
-73.9943305,40.815397,115
-73.9976036,40.808323,33
-73.9814476,40.8555387,34
-73.9770737,40.8519511,133
-73.9773627,40.8481659,71
-73.9565266,40.8734015,23
-73.9975396,40.8517172,276
-73.9963799,40.8528785,91
-73.9976085,40.8453226,128
-73.99577,40.8483039,190
-73.9968774,40.8449204,113
-73.9965849,40.8431443,126
-73.9964346,40.840227,117
-73.997458,40.8393829,36
-73.970198,40.8506183,0
-74.0010058,40.8385494,63
-73.9777192,40.8512437,157
-73.9970066,40.8296508,194
-74.0038063,40.8753773,98
-73.9679059,40.8402524,867
-74.0029022,40.8125398,71
-73.9784497,40.8420184,42
-73.9964667,40.836775,88
-73.9943985,40.8363593,63
-73.9948214,40.8318105,91
-73.9951155,40.8351523,63
-73.9961508,40.8340476,83
-73.9970031,40.8330859,381
-73.993535,40.8529986,346
-73.9943475,40.8508494,152
-73.9912674,40.8516388,164
-73.9884705,40.8555059,56
-73.9905703,40.8512119,141
-73.9920844,40.8490831,239
-73.9943347,40.8474709,144
-73.9913957,40.8190831,225
-73.9786804,40.8799057,64
-73.9810454,40.876188,262
-73.9947878,40.7696352,0
-73.967446,40.7520901,0
-73.922999,40.799421,0
-73.9214208,40.7943793,0
-73.9332508,40.7929347,0
-73.9152326,40.873152,3
-73.969983,40.8071316,0
-73.9663703,40.845163,73
-73.9851477,40.8786763,0
-73.9884322,40.816846,371
-73.9932026,40.8089636,96
-74.008734,40.8590804,0
-73.9762377,40.8467263,40
-73.9771457,40.8455316,87
-73.9721921,40.851174,161
-73.9713139,40.8555936,0
-73.9734765,40.8460689,100
-73.9703167,40.8452637,692
-73.9812955,40.8383596,48
-73.9776251,40.8406518,60
-73.9759022,40.8398501,23
-74.0058954,40.820716,70
-74.0019361,40.8112171,46
-73.9990213,40.8242789,65
-73.9947384,40.8191645,323
-73.9965043,40.8234561,37
-73.9932151,40.8101856,125
-73.9795685,40.8557687,171
-73.9778008,40.8542978,33
-73.978544,40.8490916,173
-73.975826,40.8502052,296
-73.979784,40.8459462,506
-73.9736547,40.8469854,189
-73.9805845,40.820753,203
-73.997468,40.8256057,22
-73.9986809,40.8271133,43
-73.9858441,40.8545107,41
-73.9730086,40.8407126,1060
-73.9928058,40.8031477,190
-73.9759736,40.87284,0
-73.9742686,40.8282916,101
-73.9775393,40.8287144,30
-73.978455,40.8724464,0
-74.002368,40.8256286,93
-74.0042682,40.8259982,46
-74.0065246,40.8378501,195
-74.0093853,40.8286825,212
-74.0086697,40.8317351,157
-74.0081529,40.8346649,194
-74.0069509,40.8340176,231
-74.0057006,40.8332705,153
-74.0061525,40.8280496,68
-74.009953,40.8289776,51
-74.0074377,40.8248293,80
-74.0068385,40.8304364,71
-74.0081932,40.8260694,46
-74.00896,40.8255016,71
-74.0067376,40.81969,275
-74.0076497,40.8203398,0
-74.0046006,40.8470094,124
-74.0023419,40.8504658,188
-74.0027422,40.8490585,158
-74.0015326,40.8481105,107
-74.0036053,40.8494217,108
-74.0013185,40.8495259,137
-73.9780966,40.8282363,0
-73.9790046,40.8173262,0
-73.9724155,40.8194873,0
-73.9831916,40.8168992,0
-73.9515561,40.8726099,0
-73.9492152,40.8752093,30
-73.9470883,40.8772263,0
-73.9468357,40.8793665,0
-74.0016048,40.810579,254
-73.9955353,40.8405469,34
-73.9956011,40.8345841,85
-73.9919897,40.8520567,167
-73.9920313,40.8461288,134
-73.9927607,40.8445536,0
-73.9582085,40.8651282,77
-73.9622682,40.8619945,85
-73.9964508,40.8545575,158
-73.9986642,40.8484038,93
-73.9970615,40.8470173,49
-73.9961233,40.8444737,144
-73.9952166,40.8414661,191
-74.0055107,40.872359,138
-74.0043906,40.8480098,71
-73.9683425,40.8499542,22
-73.9655771,40.8450697,61
-73.9794428,40.8216593,156
-73.9990961,40.8100294,107
-74.0001792,40.8188881,105
-74.0002159,40.8278986,106
-74.0005011,40.8391082,66
-73.9992508,40.8437031,150
-74.0003424,40.8489014,190
-74.0030502,40.8615136,0
-73.9789578,40.8362571,53
-73.977836,40.8338074,70
-73.9756755,40.8358329,31
-73.9759221,40.8372354,43
-73.9712592,40.8359316,66
-73.9646005,40.8555522,38
-73.9825449,40.8064637,0
-73.9922256,40.8178592,222
-73.9965211,40.8164874,271
-73.9961923,40.8118265,81
-73.9960101,40.8101566,119
-73.9923576,40.8277425,116
-73.9883972,40.8280881,198
-73.9910906,40.8245206,130
-73.9861813,40.8324056,54
-73.9829411,40.8350799,61
-73.9963955,40.8208798,108
-73.9759866,40.8688866,15
-73.9928415,40.8297227,28
-74.007823,40.8267401,99
-74.0049659,40.8462725,0
-73.9828526,40.8548593,943
-73.9924077,40.8423463,137
-73.991662,40.8347386,89
-73.990072,40.8330074,45
-73.987351,40.839473,73
-73.9854548,40.8361826,61
-73.9942023,40.8603132,68
-73.9852379,40.863265,50
-73.986705,40.8601521,133
-73.9770456,40.8690959,0
-73.9752416,40.8582648,0
-73.9930617,40.8211006,211
-73.9570651,40.8739716,44
-73.9509512,40.8786968,0
-73.9879982,40.8654655,50
-74.0033127,40.8296347,119
-73.9506166,40.8755418,0
-73.9751252,40.8663426,0
-73.9617603,40.8608444,508
-73.9766258,40.8575508,126
-73.9659927,40.8534308,0
-73.9804752,40.847466,65
-73.9745327,40.8458108,74
-73.9750049,40.8452227,50
-73.9760262,40.8440827,55
-73.9765392,40.843523,35
-73.9781862,40.8401127,101
-73.9790054,40.8388621,43
-73.9795658,40.8383593,43
-73.97861,40.8376425,0
-73.9803092,40.8367523,86
-73.9864318,40.8337236,73
-73.9901059,40.8652287,429
-73.9761644,40.8559376,356
-73.9657677,40.8630438,848
-73.9910803,40.8752801,0
-73.9933495,40.8384532,345
-73.990269,40.8752447,0
-74.003762,40.8438388,83
-74.0004197,40.8529052,0
-74.0033107,40.8434378,0
-74.0047551,40.8402834,38
-74.0034917,40.8382436,71
-74.002921,40.8441414,183
-74.0013348,40.8411944,39
-73.9737928,40.82465,410
-73.9868758,40.8327903,63
-73.9831279,40.8370785,85
-73.9845067,40.8315164,58
-73.9987203,40.8297389,42
-73.9744154,40.8589913,0
-73.9693423,40.85866,76
-73.959917,40.8746568,124
-73.9555014,40.8691604,8
-73.959342,40.8657442,82
-73.9631347,40.8619959,105
-73.9665313,40.8584674,60
-73.9529278,40.8778472,24
-74.0035669,40.8424594,38
-73.9733337,40.84431,39
-73.9947467,40.8392854,170
-73.9931936,40.8497282,227
-73.992006,40.8441073,107
-73.9631853,40.8561063,249
-73.9977208,40.8474663,31
-73.9982017,40.8386328,74
-73.9530872,40.8678321,7
-73.9946586,40.8564183,133
-73.9815562,40.8741679,64
-73.9980197,40.8172613,174
-73.9700234,40.8669061,31
-73.9795445,40.8582025,0
-74.0067187,40.8261365,177
-73.9937602,40.8285276,58
-73.9925006,40.8059062,44
-73.9922402,40.8636571,29
-73.9888442,40.8613517,82
-73.9847089,40.8670832,60
-73.9834452,40.8611265,100
-73.9839581,40.8580984,36
-73.9704147,40.8737297,26
-73.9761577,40.8649639,34
-74.0005375,40.815103,144
-73.9952576,40.8265958,70
-74.0099337,40.8343349,10
-74.0032707,40.813938,48
-73.9675944,40.8682237,47
-74.0041339,40.8411944,70
-74.0050588,40.8675837,0
-73.9959186,40.8248591,28
-73.9736676,40.8570009,0
-73.9749099,40.8575889,0
-73.97428,40.85813,0
-73.9731754,40.8568173,0
-73.9731158,40.8569676,0
-73.9728292,40.8605072,160
-73.9714223,40.8582127,155
-73.9720407,40.8617168,123
-73.9690393,40.8575407,312
-73.9705747,40.8574651,82
-73.9655311,40.8688143,107
-73.9620892,40.8713224,107
-73.9631831,40.8719434,36
-73.9618087,40.8753718,38
-73.9623502,40.8735402,20
-73.961285,40.8733276,46
-73.9604235,40.8744407,38
-73.960441,40.8729567,47
-73.9578747,40.8750993,33
-73.9585765,40.8722731,47
-73.9602386,40.8702677,70
-73.9620796,40.8634679,74
-73.958723,40.8694388,41
-73.9672836,40.8693621,55
-73.9669981,40.8678614,48
-73.966461,40.8647948,56
-73.96872,40.8631942,479
-73.9672765,40.8664972,67
-73.9656892,40.8680834,7
-73.9663097,40.8674657,71
-73.9610732,40.8680313,134
-73.9649366,40.8676667,10
-73.9655629,40.8670408,91
-73.9629439,40.8671617,53
-73.9636682,40.8664309,69
-73.965289,40.8661207,150
-73.9652522,40.8611974,0
-73.961157,40.8662159,56
-73.9648494,40.8617712,0
-73.9671514,40.860479,90
-73.9676109,40.8599235,82
-73.9661245,40.8590761,80
-73.9658054,40.8603561,35
-73.9677452,40.8567414,967
-73.9640106,40.8579939,833
-74.0000709,40.8367171,10
-73.9930067,40.8335435,109
-73.9990362,40.8266928,144
-74.0040856,40.8738086,194
-74.0091484,40.8744708,73
-73.9488468,40.8645161,0
-73.9724761,40.8577639,0
-73.970916,40.8563276,186
-73.9594972,40.8726111,59
-73.9665362,40.8660643,97
-73.9646702,40.8654473,128
-73.9989332,40.8721003,0
-74.0056245,40.866405,0
-74.0062466,40.8663765,0
-74.0098042,40.8649204,0
-73.9557168,40.8522383,0
-73.968482,40.8672445,43
-73.9679592,40.8669009,93
-73.9947893,40.8220483,234
-73.9962674,40.8228381,191
-73.9960644,40.8240158,41
-73.9814264,40.8508206,722
-73.9665968,40.8533777,0
-73.9513297,40.8769544,0
-73.9596745,40.8775539,20
-73.89611,40.8298464,448
-73.9080796,40.8040743,0
-73.8679063,40.804812,0
-73.9010827,40.8739205,1232
-73.8687477,40.8660091,187
-73.8703532,40.8578433,605
-73.8647342,40.8718215,289
-73.8622347,40.8723401,150
-73.8963463,40.8216928,987
-73.8954097,40.8190031,119
-73.9046996,40.8159995,852
-73.8993653,40.8151307,607
-73.8965362,40.8153881,27
-73.8931071,40.8167993,0
-73.8947419,40.8103721,0
-73.8910182,40.8220379,1223
-73.8870368,40.8284292,185
-73.8872313,40.8243947,267
-73.8882162,40.8183074,478
-73.877428,40.879805,838
-73.874309,40.8779318,1005
-73.8717385,40.8794713,514
-73.8667823,40.8769215,0
-73.8847689,40.8429257,107
-73.8864479,40.8446552,422
-73.8854293,40.8551283,329
-73.8845862,40.8529558,1027
-73.8828623,40.8518138,549
-73.883893,40.8476941,366
-73.8832076,40.8473941,0
-73.8821599,40.8462155,101
-73.8811014,40.8459827,258
-73.8807313,40.8446472,744
-73.8934909,40.8328076,60
-73.8927636,40.8541162,651
-73.8895443,40.8553896,501
-73.8884516,40.8540034,169
-73.8888111,40.852207,688
-73.9290287,40.8091655,0
-73.8872413,40.8408852,0
-73.8927616,40.8428042,214
-73.8868604,40.8546473,478
-73.899511,40.8548495,683
-73.9207812,40.8135685,24
-73.9273548,40.8143187,6
-73.8936867,40.8625044,40
-73.8745568,40.8209691,1894
-73.9158656,40.8329431,760
-73.9248975,40.8316612,0
-73.9280311,40.8417361,0
-73.9192915,40.8471323,1564
-73.8875628,40.8588993,75
-73.8961108,40.8603696,218
-73.9093508,40.8477642,871
-73.9028594,40.8557372,820
-73.9134314,40.8004607,0
-73.8864344,40.875062,0
-73.8772032,40.8410494,0
-73.9222238,40.8041902,0
-73.870956,40.8160168,6
-73.8953571,40.813853,0
-73.9128239,40.8403409,0
-73.9091069,40.8428814,0
-73.9078808,40.8483552,620
-73.9052249,40.8515428,548
-73.9019494,40.855472,1309
-73.8984738,40.859799,0
-73.8949582,40.8664223,0
-73.8912859,40.8698065,0
-73.9041403,40.8774601,0
-73.9262599,40.844997,0
-73.8663283,40.8761653,802
-73.9308149,40.8149126,0
-73.918804,40.817633,151
-73.8640324,40.8365275,442
-73.9153223,40.8012541,30
-73.911972,40.804008,0
-73.8781142,40.8377506,3
-73.8781406,40.8338507,0
-73.8769326,40.8251191,1168
-73.8772587,40.8676604,0
-73.8997546,40.8468875,0
-73.8644049,40.8793008,217
-73.920927,40.8036316,19
-73.8855802,40.8228141,0
-73.8805853,40.8234645,0
-73.8825961,40.8160178,0
-73.8872597,40.8162723,256
-73.88748,40.8091753,0
-73.883349,40.8114748,0
-73.8805667,40.8083748,0
-73.8956206,40.8200749,622
-73.9041117,40.8147028,260
-73.9025451,40.8121847,911
-73.8951011,40.8159445,0
-73.8936711,40.810218,0
-73.8901946,40.8253222,86
-73.8869899,40.8266372,315
-73.9055193,40.8173203,288
-73.8709232,40.8794074,57
-73.9018469,40.8272156,363
-73.8893418,40.8420785,0
-73.8846602,40.854755,388
-73.897211,40.8323722,435
-73.9202975,40.8252179,31
-73.9220142,40.8239671,1082
-73.8791061,40.8203304,1124
-73.9204214,40.8211291,706
-73.9188788,40.8213325,324
-73.926295,40.8093359,1406
-73.8775448,40.8350806,1528
-73.8847224,40.841837,395
-73.8839625,40.8424649,403
-73.8850649,40.8409108,476
-73.8838603,40.8406834,499
-73.8855225,40.8392839,189
-73.88271,40.8403334,287
-73.8848354,40.8378219,603
-73.8827532,40.8382264,37
-73.8836373,40.8372989,217
-73.8823014,40.8427698,332
-73.8797452,40.8427244,1319
-73.8815727,40.8400356,272
-73.882532,40.8392686,312
-73.8818415,40.8386883,980
-73.8810588,40.8393772,505
-73.8843233,40.8351954,523
-73.8833576,40.8349204,0
-73.8881321,40.830519,429
-73.8844575,40.8332983,726
-73.885566,40.8315924,572
-73.8865717,40.8314341,0
-73.8832277,40.8340676,0
-73.8783658,40.8356091,0
-73.9056636,40.8286034,0
-73.9036296,40.8292743,1184
-73.903808,40.8275803,0
-73.9028943,40.8287933,0
-73.9001251,40.8284044,0
-73.9021832,40.8289182,223
-73.8784559,40.8737484,347
-73.8789493,40.8715002,1377
-73.8785036,40.8707351,900
-73.8770243,40.8728647,857
-73.8762752,40.8723242,599
-73.9285741,40.8438675,0
-73.9260033,40.8454735,0
-73.9260698,40.843881,0
-73.9246323,40.8475853,0
-73.890639,40.8592243,0
-73.8909431,40.8583054,0
-73.8800523,40.8758281,775
-73.8809981,40.8755583,640
-73.8847015,40.8755071,817
-73.8897209,40.875218,0
-73.8918704,40.876274,0
-73.9009686,40.876688,99
-73.9023233,40.8761328,653
-73.9049232,40.8748275,0
-73.9279347,40.8436401,0
-73.9317263,40.8221758,0
-73.9097511,40.86419,227
-73.8683317,40.858322,0
-73.8690706,40.8582989,463
-73.8641845,40.8757352,31
-73.869838,40.8672756,772
-73.8687561,40.867275,476
-73.8699633,40.8623186,720
-73.8688597,40.8642801,590
-73.8701066,40.8601002,1431
-73.870251,40.8585609,411
-73.8679603,40.862289,531
-73.8678955,40.864319,932
-73.866541,40.8747178,59
-73.8676803,40.8723397,383
-73.86664,40.8723023,476
-73.8644215,40.8744422,153
-73.8651647,40.8728048,330
-73.8666836,40.8705638,299
-73.8647662,40.8705323,724
-73.8667402,40.86879,116
-73.8635663,40.8732103,237
-73.8607796,40.8737547,179
-73.8637588,40.8718262,109
-73.8647681,40.8692982,67
-73.8638804,40.8692272,89
-73.8608456,40.8722199,303
-73.8629252,40.8692552,369
-73.8621477,40.8689745,119
-73.8609,40.8704608,295
-73.8609582,40.8686822,124
-73.8961822,40.8138929,3
-73.9285802,40.8405326,0
-73.8847057,40.8130016,27
-73.8866593,40.8217045,25
-73.8820029,40.8139922,0
-73.8832443,40.8122687,0
-73.8847141,40.8095952,17
-73.8861022,40.8075649,3
-73.8851814,40.8077032,10
-73.8842615,40.8078448,0
-73.8856083,40.8056822,0
-73.8846897,40.8058226,0
-73.8825159,40.8102872,0
-73.8820067,40.8095326,0
-73.8810037,40.8063865,0
-73.8904043,40.8294012,297
-73.9241807,40.8432707,385
-73.9209238,40.8395173,71
-73.9209956,40.8173013,400
-73.9224662,40.8308416,945
-73.9145945,40.8505082,296
-73.9156527,40.8440821,20
-73.8684208,40.8304249,452
-73.8625652,40.8515145,188
-73.8640744,40.8435693,132
-73.950256,40.752496,0
-73.9385024,40.7547276,108
-73.9312949,40.7645548,202
-73.9329115,40.771222,421
-73.9343946,40.7758845,260
-73.9327357,40.772138,0
-73.9395687,40.7641721,495
-73.9383325,40.7596896,38
-73.8720272,40.833343,746
-73.9309805,40.8243068,0
-73.9248169,40.8204961,0
-73.9265536,40.8402081,1322
-73.9294816,40.835279,363
-73.9271062,40.8330625,852
-73.9202319,40.8527504,0
-73.9214758,40.8455403,398
-73.919597,40.8442612,277
-73.872378,40.8102029,0
-73.8672118,40.8540684,238
-73.8676634,40.8460171,382
-73.8749434,40.8329476,605
-73.8678058,40.8390881,315
-74.0098627,40.8560125,0
-74.0075393,40.8557193,0
-74.0066883,40.858761,0
-73.9794407,40.8285683,1243
-73.9929988,40.8355877,61
-73.9990867,40.8117901,446
-73.9917956,40.8115086,388
-73.9803566,40.8252802,118
-73.9809066,40.842089,435
-73.9737228,40.8563245,0
-73.9710074,40.8506403,46
-73.9742204,40.8431051,58
-73.9803039,40.8404539,38
-73.974747,40.842553,47
-73.9763401,40.8382776,46
-74.0013752,40.837926,56
-74.0040193,40.8349693,18
-74.0069963,40.8284138,77
-74.0038062,40.8263002,32
-74.0016928,40.8263648,138
-74.0077306,40.8210611,21
-74.0031637,40.8112901,68
-73.9900528,40.821886,85
-73.9894764,40.8215293,70
-73.9829231,40.8267167,123
-73.9844604,40.8250528,87
-73.9819172,40.8287792,177
-73.9863674,40.8204884,113
-74.003512,40.8476374,89
-74.0093714,40.8308931,58
-74.008074,40.8284661,138
-74.006224,40.8154601,232
-74.001811,40.8511659,82
-74.0024481,40.844691,242
-74.0038008,40.8418784,173
-74.0017778,40.8407348,57
-73.9935176,40.8373172,40
-73.992714,40.8524731,130
-73.9935905,40.8470247,125
-73.9907252,40.8453756,152
-74.0017285,40.8349146,430
-73.9627829,40.8654967,159
-73.962799,40.8626449,58
-73.9540695,40.8562234,0
-73.9965679,40.8488201,235
-73.9986597,40.8418844,19
-73.9953289,40.8440226,98
-74.0041696,40.8768967,34
-73.969878,40.875593,60
-73.9912796,40.8546561,88
-73.9845147,40.873172,70
-73.994406,40.8636537,99
-73.9799621,40.8309456,43
-73.9653539,40.855766,16
-73.9847645,40.8531459,0
-73.9621113,40.8404137,0
-73.9884058,40.8419291,101
-73.9739666,40.8707069,29
-73.9898325,40.8507599,160
-73.9602688,40.8570899,0
-73.9837419,40.8695539,83
-73.9733665,40.8295899,141
-73.989901,40.8108354,638
-73.9180374,40.8173046,152
-73.8884454,40.8428288,502
-73.897793,40.8325217,503
-73.9009482,40.8188467,312
-73.8956426,40.8333791,231
-73.9150719,40.8123358,481
-73.8616823,40.8687435,134
-73.863634,40.836777,312
-73.8877185,40.8524776,52
-73.8871873,40.8516822,120
-73.8878924,40.8500017,997
-73.8905862,40.8481045,550
-73.89144,40.8484681,965
-73.8921809,40.8472614,516
-73.8915553,40.8466052,266
-73.8901737,40.8473156,157
-73.8910647,40.8446228,421
-73.889208,40.8450416,418
-73.8890004,40.8487947,132
-73.8896245,40.8479937,228
-73.8886307,40.8475021,150
-73.8869369,40.849345,608
-73.8865847,40.8508303,142
-73.8859424,40.8488854,493
-73.8896799,40.8462541,0
-73.8881312,40.8463067,396
-73.8886196,40.8457301,543
-73.8881234,40.8445037,265
-73.8858103,40.8472106,34
-73.8856072,40.8455965,994
-73.8861523,40.8554812,248
-73.8860964,40.8544009,391
-73.8834914,40.8550455,1002
-73.8862114,40.8516714,0
-73.8853916,40.8515269,131
-73.8853807,40.8501127,525
-73.8837238,40.8527041,1304
-73.8829417,40.849963,74
-73.8824272,40.8529202,964
-73.8846958,40.8466626,808
-73.885382,40.8448247,0
-73.8847972,40.8452734,0
-73.8842485,40.8451181,560
-73.8851724,40.8441469,0
-73.8829559,40.8466754,147
-73.8825844,40.8472302,224
-73.8817558,40.8466487,173
-73.8847993,40.844196,0
-73.8825094,40.844207,419
-73.8842346,40.8437364,106
-73.8815139,40.843706,422
-73.8788876,40.8446371,746
-73.8916977,40.8426113,257
-73.9033082,40.8257826,1428
-73.9300795,40.8292147,38
-73.907881,40.8362359,1212
-73.8884527,40.8566505,573
-73.8867189,40.8592629,0
-73.8839638,40.8556915,411
-73.9224405,40.8385869,306
-73.9208086,40.8061294,124
-73.9165901,40.8275971,521
-73.8844016,40.8784671,0
-73.8777314,40.8144153,0
-73.9046886,40.8316845,1276
-73.9163872,40.8103636,505
-73.925911,40.8162925,0
-73.866487,40.8213984,0
-73.9074452,40.8530344,370
-73.915102,40.85279,983
-73.8695131,40.8351783,98
-73.9249548,40.8373847,598
-73.8990158,40.862675,516
-73.8803535,40.8702265,0
-73.8816511,40.8368824,0
-73.9015619,40.8655945,266
-73.9312749,40.8264591,0
-73.8657056,40.8705487,714
-73.9185792,40.8784797,721
-73.9044077,40.8771352,0
-73.8700918,40.8773186,0
-73.931421,40.8119203,0
-73.9266521,40.8125695,0
-73.9208668,40.8243826,1106
-73.917541,40.8187965,687
-73.8674464,40.8218146,95
-73.8618051,40.8245735,1237
-73.8609081,40.8227919,426
-73.8626235,40.8137886,276
-73.8825653,40.8364125,92
-73.9040453,40.8520422,0
-73.9130595,40.8443506,521
-73.9105026,40.8316478,451
-73.9278034,40.8270005,0
-73.9285946,40.8194073,86
-73.867141,40.8396089,283
-73.8669351,40.8323206,0
-73.8621256,40.8337211,0
-73.8616114,40.8317444,556
-73.8726008,40.8282623,34
-73.8698962,40.828299,636
-73.8670166,40.8153915,1961
-73.9069675,40.8548938,358
-73.9049877,40.850839,0
-73.9065114,40.8489617,0
-73.9089667,40.8442841,608
-73.9179753,40.8383617,1053
-73.9120688,40.8381663,0
-73.918199,40.8307225,835
-73.9099592,40.8394662,523
-73.8618871,40.8453297,229
-73.8605851,40.8501099,323
-73.9037185,40.8157987,278
-73.899924,40.815754,225
-73.8980243,40.814028,0
-73.8938295,40.8144105,0
-73.8904222,40.8277364,522
-73.8892583,40.8271867,358
-73.8889632,40.8224453,321
-73.8811851,40.8377492,0
-73.9247454,40.8193471,0
-73.8624215,40.8256238,0
-73.8702581,40.8399554,53
-73.8683555,40.835385,0
-73.9133397,40.8029578,2
-73.8802054,40.8123609,0
-73.8797655,40.8107442,0
-73.8785276,40.8113385,0
-73.8792334,40.8125087,0
-73.9106695,40.8267834,386
-73.9082177,40.8273586,466
-73.9086304,40.8264956,521
-73.9089065,40.8259152,344
-73.9091365,40.8289179,149
-73.910508,40.824462,0
-73.9064192,40.8269118,1379
-73.9055936,40.8300915,1231
-73.9063277,40.8287858,69
-73.9067613,40.8253296,437
-73.9074294,40.8244057,586
-73.9061087,40.8260767,250
-73.9110494,40.8227426,235
-73.9101415,40.8227725,0
-73.9102739,40.821895,0
-73.9089708,40.8231256,192
-73.9097858,40.8201261,1597
-73.9139852,40.8173936,158
-73.9108291,40.8175677,670
-73.9040308,40.824001,2070
-73.9040204,40.8220403,958
-73.9074994,40.8205286,118
-73.9080025,40.8193255,245
-73.9098671,40.8174048,1086
-73.9066262,40.8203186,183
-73.9058329,40.8201292,294
-73.9162724,40.8177095,132
-73.9168103,40.8170365,0
-73.9173332,40.8164348,0
-73.9146162,40.8178429,0
-73.9166932,40.8161648,0
-73.9162346,40.8150118,335
-73.9119545,40.814988,0
-73.914527,40.8136122,313
-73.9121722,40.811457,340
-73.9153602,40.807211,872
-73.9157728,40.8065395,817
-73.9127068,40.80692,1011
-73.913912,40.8098211,151
-73.9133886,40.8086348,1053
-73.9124931,40.8083159,272
-73.9118234,40.8076355,300
-73.9109822,40.8148448,635
-73.9099493,40.8127752,1502
-73.9279925,40.823298,0
-73.9264927,40.8240148,1638
-73.9302971,40.8199242,0
-73.928879,40.8212801,127
-73.9273676,40.822459,0
-73.9254426,40.8233154,22
-73.9274615,40.8202421,61
-73.8633198,40.8333236,150
-73.8645166,40.8344266,0
-73.8642688,40.83331,348
-73.8647633,40.8311908,369
-73.8646955,40.8347227,0
-73.8651814,40.8332191,495
-73.8655123,40.834307,0
-73.8606687,40.8545948,92
-73.865158,40.8466114,371
-73.8662281,40.8444244,305
-73.8657859,40.8434214,2
-73.8644971,40.8447781,190
-73.8649466,40.8432713,155
-73.8734104,40.8350665,147
-73.8639754,40.8510142,559
-73.8650859,40.8490213,383
-73.8646243,40.8514167,0
-73.872445,40.8351629,483
-73.8729531,40.8331941,591
-73.8705087,40.8352137,522
-73.8736403,40.8330482,0
-73.873218,40.8309864,0
-73.872505,40.8311282,292
-73.8715636,40.8313265,512
-73.8685296,40.8358919,107
-73.8701602,40.8335956,576
-73.8685943,40.8363323,112
-73.9317757,40.8315731,0
-73.9321982,40.8310886,0
-73.9318316,40.8139538,0
-73.9055623,40.8749157,0
-73.8969376,40.8461151,314
-73.8989533,40.8466465,28
-73.9179933,40.8542448,1093
-73.8915209,40.8510978,0
-73.8787049,40.8505155,5
-73.9007337,40.8348325,419
-73.8744373,40.8379254,0
-73.876006,40.825242,1068
-73.8773004,40.8206401,1402
-73.8757904,40.8240699,0
-73.8782336,40.8225183,398
-73.9145049,40.8777263,788
-73.8616735,40.875184,18
-73.8653431,40.8759429,831
-73.8685965,40.8760408,321
-73.8732454,40.8747611,69
-73.873798,40.8755359,648
-73.8757096,40.8743622,916
-73.8748535,40.8739913,1157
-73.875635,40.8717694,373
-73.8698976,40.8723682,359
-73.8687122,40.874282,308
-73.8676234,40.8742379,91
-73.868798,40.8710348,189
-73.8677218,40.8701483,267
-73.8880471,40.8210671,0
-73.8867516,40.8647833,0
-73.8910829,40.8606659,0
-73.8918269,40.859716,0
-73.8924543,40.8588255,0
-73.896673,40.852319,0
-73.9003618,40.8457962,0
-73.9164651,40.859705,0
-73.918097,40.8552074,0
-73.922143,40.8512553,0
-73.8790213,40.8562138,0
-73.8788063,40.8627291,0
-73.8790189,40.8369805,0
-73.8841086,40.8288604,0
-73.8651867,40.8795621,0
-73.8650361,40.8780216,102
-73.8626788,40.8788642,410
-73.8637078,40.8781053,162
-73.9152741,40.8094759,651
-73.9130778,40.8062508,442
-73.914267,40.8092319,313
-73.9115994,40.8056597,0
-73.9082832,40.8140657,161
-73.9126938,40.8241969,717
-73.9213161,40.8166264,422
-73.9266232,40.8140097,0
-73.9297078,40.8114422,0
-73.9281817,40.8100604,0
-73.9280636,40.8081792,0
-73.8611997,40.8169277,0
-73.8649808,40.8156439,1095
-73.8616976,40.8139134,306
-73.909635,40.8313863,79
-73.9058561,40.8343826,1685
-73.9059143,40.8320453,545
-73.9242125,40.8296732,0
-73.9255142,40.8257014,371
-73.9298797,40.8184868,316
-73.9276188,40.8191741,153
-73.8682028,40.8240067,28
-73.8678723,40.8196203,724
-73.898757,40.8144892,957
-73.8697263,40.8317172,308
-73.8678605,40.8321213,422
-73.8662559,40.8534271,293
-73.8643733,40.8533889,1309
-73.8645663,40.852076,0
-73.861485,40.8555916,327
-73.8636836,40.8500108,137
-73.8657593,40.8483559,296
-73.86416,40.8489806,400
-73.8636257,40.8449599,351
-73.9268639,40.8113354,168
-73.9299335,40.8082956,27
-73.9269547,40.819872,0
-73.9237952,40.8262796,0
-73.9197088,40.8297234,612
-73.9190983,40.8266033,0
-73.9172377,40.8194425,590
-73.9298651,40.8160646,0
-73.8608032,40.8272036,313
-73.8645307,40.817883,442
-73.862252,40.8203827,498
-73.8608279,40.8183811,139
-73.8679006,40.8176121,1949
-73.9113773,40.8300716,420
-73.928649,40.8298604,0
-73.9283537,40.8254525,0
-73.9249035,40.8266904,453
-73.9295019,40.8196552,0
-73.9289948,40.8182325,0
-73.8615212,40.8293143,427
-73.8741397,40.8254897,82
-73.8717721,40.8280607,684
-73.8719248,40.8243556,0
-73.8700803,40.8213711,302
-73.8687118,40.8192019,0
-73.8606617,40.8035372,0
-73.9020165,40.8446811,0
-73.9232036,40.84424,0
-73.9094545,40.8507778,0
-73.9071711,40.8499575,361
-73.9105071,40.8488384,533
-73.910181,40.8459625,0
-73.90987,40.8443298,706
-73.9077981,40.8471765,131
-73.9061049,40.8459054,676
-73.9176651,40.8406841,21
-73.917046,40.8395848,438
-73.9151412,40.8399246,797
-73.9129816,40.8404383,0
-73.9171867,40.8351771,0
-73.9167246,40.8332179,1196
-73.9157981,40.8312803,323
-73.9139758,40.8309516,886
-73.909955,40.8434407,180
-73.9090528,40.8433903,505
-73.8654309,40.8428925,0
-73.9313859,40.8302907,0
-73.9241356,40.8356378,1674
-73.9231239,40.8416578,621
-73.9229023,40.8368209,883
-73.8864765,40.795522,0
-73.920169,40.8380682,0
-73.9222546,40.8351431,1058
-73.9203859,40.8362672,214
-73.9214409,40.8325863,1844
-73.9177145,40.8335222,1506
-73.9142487,40.8523424,1789
-73.9187592,40.8457468,0
-73.9139624,40.8493714,717
-73.9154231,40.8477963,608
-73.8666179,40.8364476,1366
-73.8674962,40.830622,475
-73.8643055,40.8555687,1366
-73.8624972,40.8533577,367
-73.8660666,40.846445,685
-73.8653948,40.8445911,317
-73.9147946,40.8166136,0
-73.9119346,40.8210562,0
-73.9188095,40.8151545,179
-73.9027084,40.8194706,21
-73.8803741,40.8232231,0
-73.927106,40.8412455,459
-73.9250567,40.8392558,1055
-73.9286056,40.8335883,329
-73.9281292,40.8317364,625
-73.925791,40.8331336,681
-73.874414,40.8307457,672
-73.8669168,40.8383095,896
-73.8707334,40.8372131,663
-73.861516,40.8529255,143
-73.8622136,40.812352,63
-73.8625421,40.8471551,330
-73.8947398,40.8657503,0
-73.8936804,40.8644032,1311
-73.8945846,40.8698084,1865
-73.8975303,40.8595054,659
-73.894613,40.8613611,510
-73.8941283,40.8576163,1523
-73.8892634,40.870433,1563
-73.8857028,40.8740852,374
-73.8876728,40.8693544,1087
-73.884036,40.8736874,377
-73.8834321,40.8721807,166
-73.8907252,40.8653733,1785
-73.8879099,40.8671084,450
-73.8909604,40.8623021,177
-73.8930707,40.8564115,382
-73.9151895,40.8448382,0
-73.881762,40.8414014,530
-73.8751236,40.8364355,0
-73.9087003,40.869016,48
-73.9057687,40.8718143,693
-73.9170529,40.8535561,684
-73.9097838,40.8593965,461
-73.907909,40.8570082,368
-73.9054925,40.8585196,317
-73.8992549,40.8730599,1037
-73.8984643,40.8714377,500
-73.9027982,40.8670401,1872
-73.9023637,40.8617601,594
-73.9047047,40.8598156,358
-73.9036521,40.857865,197
-73.9005985,40.8611925,1153
-73.8996715,40.8580757,20
-73.8983312,40.8634895,835
-73.8683315,40.8566943,0
-73.8609074,40.8673745,35
-73.8648618,40.8684028,253
-73.8648716,40.8567731,0
-73.8683755,40.8569816,0
-73.9086086,40.8636315,358
-73.8679947,40.826265,0
-73.8675055,40.8240072,0
-73.86768,40.8165445,0
-73.869845,40.877182,0
-73.9017583,40.8480252,0
-73.916291,40.8460257,401
-73.9288372,40.8059105,652
-73.926828,40.8462618,0
-73.9007669,40.8113306,0
-73.8680526,40.8005647,0
-73.8925153,40.8182701,0
-73.9046375,40.8087108,0
-73.900726,40.8114988,0
-73.8975604,40.8138038,0
-73.896109,40.8151161,0
-73.8941575,40.8170011,0
-73.8927689,40.8183116,0
-73.8914429,40.8196165,0
-73.889977,40.8209133,0
-73.9293306,40.827936,0
-73.9304414,40.8184592,310
-73.9135049,40.8368571,908
-73.9113792,40.8392897,112
-73.9166897,40.8370962,1132
-73.9161864,40.8376729,1065
-73.9156738,40.8382611,1578
-73.9151738,40.8388654,943
-73.9141551,40.8395406,777
-73.9152151,40.8369495,0
-73.9141731,40.8380668,0
-73.9133625,40.8392446,0
-73.9122635,40.8419532,0
-73.9135507,40.8405766,681
-73.9135163,40.8416303,648
-73.9131657,40.8422981,724
-73.9128174,40.8429863,491
-73.9124437,40.8433577,0
-73.9114529,40.8430138,30
-73.9107226,40.8429615,0
-73.9100284,40.8429262,88
-73.9122546,40.8440646,715
-73.9105614,40.8462811,806
-73.9096995,40.8470703,1089
-73.9075879,40.8773737,107
-73.9064848,40.8774592,148
-73.9215858,40.8270688,559
-73.9233478,40.8271207,0
-73.9244562,40.8274514,0
-73.9245445,40.8273074,0
-73.9233978,40.8269797,0
-73.922002,40.8265801,0
-73.9219611,40.8266991,0
-73.9253924,40.827737,0
-73.9272523,40.8284428,0
-73.9280445,40.8286852,0
-73.9265852,40.8279316,0
-73.9254865,40.827585,0
-73.9226512,40.8285355,62
-73.922347,40.8273203,0
-73.9214193,40.8290699,0
-73.9212493,40.8304419,531
-73.9208607,40.8316707,777
-73.9201733,40.8327822,36
-73.9207286,40.8303034,0
-73.9193576,40.8325009,0
-73.918321,40.833761,0
-73.9170145,40.8351194,0
-73.9160956,40.8360608,0
-73.9195121,40.8337335,1058
-73.9175017,40.8353902,662
-73.9172515,40.836483,739
-73.9183776,40.8356093,1302
-73.9164808,40.8349329,1224
-73.9186693,40.834795,0
-73.9131862,40.8384661,0
-73.9172878,40.8039008,0
-73.9155346,40.8034328,0
-73.8824934,40.8384228,5
-73.8738059,40.8373015,0
-73.8745861,40.8366149,0
-73.8734826,40.8372224,0
-73.8719862,40.8364489,0
-73.8679456,40.8354379,0
-73.8607579,40.8334643,0
-73.8612937,40.8255587,0
-73.8649435,40.8251326,0
-73.870543,40.8246588,0
-73.868686,40.8248838,0
-73.8730086,40.8242024,0
-73.875758,40.8239597,0
-73.8729446,40.8243532,0
-73.8719678,40.8244871,0
-73.8803919,40.82335,0
-73.8858306,40.8226518,0
-73.8835792,40.8229298,0
-73.8891116,40.8212335,0
-73.8913239,40.819449,0
-73.8887025,40.8212668,0
-73.8938257,40.816859,0
-73.8924402,40.8181639,0
-73.8911801,40.8193736,0
-73.8972068,40.8136461,0
-73.8957889,40.8149473,0
-73.9006967,40.8111133,0
-73.9056228,40.8077787,0
-73.9179895,40.8002722,0
-73.8739858,40.7589205,104
-73.9014344,40.877228,209
-73.9004509,40.8763506,242
-73.8889258,40.8799094,28
-73.8974604,40.8798494,620
-73.8875971,40.8784011,3139
-73.8874306,40.8764543,262
-73.8851312,40.8779754,0
-73.8858506,40.8764005,0
-73.8845636,40.8774575,262
-73.8855076,40.8766873,36
-73.8839711,40.8775095,0
-73.8851107,40.8764174,361
-73.8842416,40.8764162,507
-73.8829546,40.8797904,1116
-73.8820819,40.8782396,964
-73.8821677,40.8798487,238
-73.8814897,40.8793256,474
-73.8811794,40.8771991,315
-73.8831383,40.8767363,0
-73.8806877,40.8789802,134
-73.8797571,40.8787978,90
-73.9175259,40.8032251,0
-73.8922229,40.8348807,48
-73.8938509,40.8313871,386
-73.8952763,40.831335,473
-73.8913977,40.8556491,125
-73.8911357,40.8561653,0
-73.8907882,40.8552218,75
-73.8910927,40.8546459,363
-73.8875535,40.8549848,237
-73.889057,40.85324,0
-73.8901007,40.8523163,0
-73.8882464,40.8532487,226
-73.8897217,40.8514188,108
-73.890717,40.84969,686
-73.8916392,40.850137,0
-73.8745971,40.8758714,331
-73.9069076,40.8787065,1734
-73.9057379,40.8785475,257
-73.9024023,40.8788982,529
-73.8766012,40.8129231,0
-73.8782579,40.8126547,0
-73.8788039,40.8108688,0
-73.9129551,40.8508273,1046
-73.9155352,40.8228858,401
-73.9121716,40.8247204,260
-73.915877,40.8222515,496
-73.9166278,40.8239422,141
-73.9148509,40.8241435,497
-73.9138604,40.822374,275
-73.9155357,40.8189925,328
-73.9145181,40.8207497,194
-73.9149342,40.8202849,302
-73.9140826,40.8193533,116
-73.914544,40.8186848,0
-73.9110884,40.8236968,0
-73.9108949,40.8255452,13
-73.9121589,40.8225924,543
-73.9124972,40.8219635,336
-73.9132854,40.8206461,253
-73.9125853,40.8204208,197
-73.9132626,40.8191383,0
-73.9237706,40.8099166,1035
-73.9249668,40.8082723,1600
-73.9274375,40.8083912,0
-73.9255624,40.807531,0
-73.9235588,40.8056246,296
-73.924382,40.815389,0
-73.9248642,40.8150843,494
-73.9214556,40.8130289,671
-73.9239064,40.812422,122
-73.9221574,40.8121174,1954
-73.9186954,40.8119536,549
-73.9185011,40.8166615,23
-73.9178457,40.8181002,783
-73.9196076,40.8153362,80
-73.919465,40.8146335,92
-73.9174548,40.8138572,724
-73.9168636,40.8144089,660
-73.9182711,40.8150472,22
-73.9160467,40.8110271,798
-73.9194915,40.8106311,346
-73.9203953,40.8093409,512
-73.9199846,40.8099857,1034
-73.919882,40.8073929,188
-73.9203587,40.8067474,356
-73.9175076,40.8085365,581
-73.9168396,40.8095941,375
-73.91813,40.8075389,672
-73.9185953,40.8068408,883
-73.9162366,40.8058446,736
-73.9164939,40.8300769,305
-73.9171003,40.829022,281
-73.916626,40.8265309,945
-73.9162394,40.8286869,260
-73.9152266,40.8261522,0
-73.9139281,40.8292211,758
-73.9146375,40.8281585,141
-73.9130608,40.8289282,682
-73.9145532,40.8268758,348
-73.9121954,40.8286641,391
-73.9138668,40.8252747,725
-73.9187947,40.8551123,0
-73.9140463,40.8604153,614
-73.9099423,40.8652813,0
-73.9151082,40.859912,0
-73.9117429,40.8613586,424
-73.8913687,40.851728,0
-73.9068436,40.8679861,1169
-73.9033294,40.8715723,829
-73.8745625,40.8558569,0
-73.8825744,40.8577661,0
-73.8837188,40.8571462,449
-73.8828367,40.856799,203
-73.8793425,40.8562155,0
-73.8820366,40.8552199,2075
-73.8721182,40.8551232,0
-73.870061,40.8546429,0
-73.8602101,40.8540078,291
-73.9118273,40.8491831,532
-73.9139298,40.8446308,380
-73.9150219,40.8431538,972
-73.9124927,40.8449735,0
-73.9117034,40.8449114,0
-73.9113266,40.8454645,278
-73.9117272,40.844071,18
-73.9092411,40.8547608,351
-73.9085104,40.8544131,642
-73.9097837,40.8529702,995
-73.9171944,40.8417614,343
-73.9053414,40.8440481,281
-73.9054628,40.8430316,413
-73.9114139,40.8318229,715
-73.9091855,40.8357199,879
-73.9122744,40.8302529,880
-73.904974,40.8359353,0
-73.910585,40.8299675,0
-73.9069663,40.8324032,618
-73.9047502,40.8340717,1613
-73.929404,40.8301593,0
-73.9304151,40.8282002,0
-73.9264934,40.8295374,19
-73.8744358,40.8267773,222
-73.9264038,40.826,795
-73.925082,40.828417,218
-73.9258317,40.8269747,452
-73.9236266,40.828857,1387
-73.9200551,40.8428752,791
-73.919102,40.8426591,2211
-73.9200673,40.8395031,55
-73.9213,40.8364508,26
-73.9186845,40.8416695,180
-73.918488,40.8377783,660
-73.9190205,40.8394289,0
-73.9255122,40.830859,0
-73.922359,40.8329028,1199
-73.9233857,40.8311566,295
-73.9218563,40.8375909,17
-73.9213226,40.8371726,201
-73.9244545,40.8167938,49
-73.9203344,40.8344704,1013
-73.9197476,40.8373342,0
-73.9187143,40.8370285,906
-73.9177642,40.8456967,329
-73.9181405,40.834196,0
-73.9188093,40.8334783,0
-73.9195504,40.8325486,0
-73.9202538,40.8314752,0
-73.920908,40.830307,0
-73.9189256,40.8309972,740
-73.916717,40.8535518,432
-73.9147845,40.8560458,144
-73.913219,40.8557965,87
-73.9147855,40.8548392,786
-73.9115679,40.8554448,993
-73.9125786,40.8544416,546
-73.9152765,40.8496161,123
-73.9123103,40.8528201,1211
-73.9109182,40.8527931,1655
-73.9170111,40.8477047,782
-73.9194473,40.8449892,0
-73.9159248,40.8470134,637
-73.9167858,40.8444558,374
-73.9173873,40.8432412,22
-73.9123125,40.8469481,320
-73.9151691,40.8484812,495
-73.8692055,40.8336984,586
-73.8676139,40.8364119,129
-73.867638,40.8349567,36
-73.8674636,40.8358685,72
-73.8687863,40.8319232,589
-73.8702917,40.8300314,471
-73.8711998,40.8298403,0
-73.8693646,40.8302243,408
-73.8652469,40.8555667,1164
-73.8653165,40.8534092,1152
-73.865413,40.8517383,585
-73.8662986,40.8515446,1158
-73.8664499,40.8501439,42
-73.8633646,40.8555768,1285
-73.8634332,40.8533767,620
-73.8624258,40.8555849,642
-73.8663099,40.8492307,136
-73.8613264,40.8496019,288
-73.8666608,40.8481115,179
-73.8669157,40.846275,473
-73.9310081,40.8113782,0
-73.8665134,40.8406796,0
-73.8755071,40.8472041,0
-73.8773641,40.7892377,171
-73.9304477,40.8169099,0
-73.9131493,40.8184007,0
-73.9114445,40.8217877,285
-73.9217879,40.8305778,215
-73.892682,40.8182569,0
-73.8834886,40.8227963,0
-73.9291516,40.8371422,1661
-73.9260664,40.8376161,538
-73.9309883,40.8337923,534
-73.9301596,40.8324149,461
-73.9279014,40.8333401,692
-73.9252166,40.8355385,320
-73.8930831,40.8637759,881
-73.8729617,40.8402952,8
-73.8823602,40.8061701,0
-73.8882648,40.8195174,602
-73.8895278,40.8280181,215
-73.9038551,40.8520007,0
-73.903133,40.852897,0
-73.9022025,40.8540326,0
-73.9009503,40.8569357,794
-73.9001634,40.8582503,889
-73.9013436,40.8551505,0
-73.9002771,40.8567016,0
-73.899489,40.8580195,0
-73.8996053,40.8591917,433
-73.8988565,40.8605528,895
-73.8942478,40.8548582,278
-73.8957912,40.856492,495
-73.8981233,40.8558759,371
-73.8619997,40.8604425,135
-73.9060347,40.8595254,217
-73.9091116,40.8616314,1079
-73.8618593,40.8644941,126
-73.9062711,40.8692007,585
-73.8623048,40.8731763,154
-73.8609417,40.8762948,435
-73.9316188,40.8313564,0
-73.9052329,40.8748732,0
-73.9070394,40.8711719,0
-73.9184792,40.8550863,0
-73.9203259,40.8528473,0
-73.9218628,40.8511616,0
-73.9274286,40.8437654,0
-73.9263853,40.8455887,0
-73.9275176,40.8452727,0
-73.9253885,40.8448293,0
-73.9283529,40.8417302,0
-73.8806321,40.8139819,0
-73.9261206,40.8067014,278
-73.925837,40.8107997,556
-73.9275353,40.8106522,0
-73.9252241,40.8113694,133
-73.8663218,40.8786423,200
-73.9297776,40.8142916,28
-73.9284487,40.8148446,77
-73.929671,40.8137253,0
-73.9280691,40.8143949,0
-73.9227018,40.8150787,2234
-73.9258029,40.815171,42
-73.9282618,40.8130162,34
-73.9302032,40.8117954,0
-73.92569,40.813974,35
-73.9247017,40.8132123,2581
-73.9294515,40.8100429,0
-73.928867,40.8105159,27
-73.9286668,40.8095134,0
-73.9289432,40.8092644,0
-73.928275,40.8076081,506
-73.9287579,40.8069362,0
-73.928182,40.817693,18
-73.9266338,40.8188904,26
-73.9245016,40.8221875,588
-73.9272845,40.8174163,158
-73.9220296,40.8282827,0
-73.9226284,40.8255352,537
-73.9221707,40.8261868,360
-73.9211491,40.8278863,1073
-73.9193965,40.8286682,967
-73.9192652,40.8301808,0
-73.9202367,40.8271172,524
-73.9185608,40.8283113,887
-73.9226076,40.8196413,1335
-73.9188238,40.8207821,720
-73.9200234,40.8194475,208
-73.9235385,40.8183434,1532
-73.9206787,40.8180073,853
-73.9162975,40.8214976,73
-73.9293759,40.8172142,0
-73.9304328,40.8144095,29
-73.8661297,40.828806,670
-73.8652036,40.8289297,163
-73.8637857,40.8268859,1004
-73.8619313,40.8271236,414
-73.864972,40.8223061,2272
-73.8669282,40.8197469,369
-73.9252224,40.8340185,831
-73.9212756,40.8493215,734
-73.9222231,40.8481167,702
-73.8959917,40.8434979,0
-73.9035435,40.844889,9
-73.900143,40.8446565,31
-73.9034477,40.845455,99
-73.8707616,40.839795,0
-73.8759646,40.8384194,0
-73.9168795,40.8449434,0
-73.9115353,40.8480162,466
-73.9087693,40.8528801,374
-73.9108924,40.8510731,147
-73.9084085,40.8519914,273
-73.9082169,40.8559299,428
-73.9057806,40.8562666,60
-73.9060189,40.8546163,692
-73.9076183,40.8515474,588
-73.9083837,40.8504374,847
-73.9100875,40.8496329,468
-73.908735,40.8493745,753
-73.906613,40.8526595,796
-73.9051854,40.8542422,551
-73.9058014,40.8522945,890
-73.9045416,40.8514074,0
-73.9106255,40.8477441,832
-73.9090221,40.8485504,0
-73.9081065,40.8474293,0
-73.9098244,40.8455473,517
-73.9087985,40.8459555,484
-73.9103856,40.8449381,0
-73.910824,40.8443218,801
-73.9110271,40.8434956,12
-73.9066066,40.8480275,477
-73.906127,40.8487793,127
-73.9059016,40.8497012,0
-73.906889,40.8472266,734
-73.9046542,40.8485062,956
-73.9049902,40.847807,1515
-73.9084876,40.8451544,0
-73.9070098,40.845899,878
-73.9071123,40.8447956,0
-73.907914,40.8459936,840
-73.905686,40.8450101,0
-73.9071615,40.8441877,232
-73.9080627,40.8442343,0
-73.9165144,40.8429472,261
-73.9168429,40.8406079,493
-73.9160949,40.8416555,427
-73.9181122,40.8398574,0
-73.917518,40.8389693,944
-73.9151391,40.8372701,0
-73.9159782,40.8402608,266
-73.9152391,40.8412971,811
-73.9136812,40.8378407,965
-73.9144114,40.8409567,811
-73.9121942,40.8427376,0
-73.9124378,40.8420126,0
-73.9185833,40.8486175,688
-73.920463,40.8457189,351
-73.9220049,40.8441891,165
-73.9213065,40.8426763,823
-73.9219777,40.8432378,492
-73.8684867,40.7972722,0
-73.875589,40.8238376,0
-73.8720358,40.8031632,0
-73.9172284,40.8041562,0
-73.8691829,40.8555171,1400
-73.8681747,40.8555228,482
-73.8684537,40.8540418,408
-73.868355,40.8530885,497
-73.8681578,40.852119,0
-73.8672443,40.8530275,410
-73.8680872,40.851177,0
-73.8673144,40.8501324,151
-73.8684375,40.8497881,862
-73.8731773,40.8426723,0
-73.8690826,40.8486686,460
-73.8678708,40.8492344,0
-73.8676219,40.8479771,48
-73.8683551,40.8459037,277
-73.8687071,40.8389045,248
-73.8669867,40.8443011,238
-73.8739173,40.8408677,480
-73.8744826,40.8402172,1176
-73.8753648,40.839021,133
-73.8746806,40.8395513,216
-73.8741963,40.8386212,0
-73.9109014,40.8049445,0
-73.8745241,40.8352123,148
-73.8742614,40.8331649,0
-73.8737695,40.8308461,0
-73.8705002,40.8421118,489
-73.8719288,40.8400897,0
-73.8691472,40.8430188,439
-73.8684454,40.8434505,407
-73.8668737,40.8427381,374
-73.8707114,40.8384356,216
-73.8686621,40.8373517,252
-73.8623142,40.8334459,0
-73.9018513,40.8572391,1047
-73.9004902,40.8594967,0
-73.898649,40.8598446,0
-73.8991117,40.8578522,403
-73.8997949,40.8565018,837
-73.8986387,40.8666858,694
-73.8971499,40.8668708,491
-73.8952278,40.8676784,1482
-73.8650872,40.8604505,415
-73.8681185,40.8575041,0
-73.8708789,40.8557358,0
-73.864715,40.8570847,0
-73.8641475,40.8604537,555
-73.8632109,40.8604501,219
-73.860996,40.8660228,0
-73.8601777,40.8674783,0
-73.8677521,40.8687937,350
-73.8668107,40.8666594,253
-73.8678462,40.8660014,168
-73.8658338,40.8666626,466
-73.865907,40.8643253,716
-73.8668825,40.8643228,481
-73.8648937,40.8666642,645
-73.8649904,40.8645272,341
-73.864866,40.8634318,0
-73.8638908,40.868319,501
-73.8639542,40.8666641,1092
-73.8640556,40.8648827,150
-73.8630129,40.8666653,594
-73.8617863,40.8670492,103
-73.863154,40.8622012,279
-73.8640938,40.8622188,483
-73.8623189,40.8641704,128
-73.8621801,40.8621834,189
-73.8618248,40.8657448,0
-73.8659788,40.862037,319
-73.8650338,40.8622382,106
-73.8723947,40.8373369,0
-73.8714039,40.8494097,0
-73.870172,40.8505365,11
-73.9059231,40.8077768,0
-73.9226478,40.8033912,2
-73.8950364,40.8785098,0
-73.9050901,40.8794175,188
-73.9036163,40.8796097,41
-73.9048944,40.877724,13
-73.9029402,40.8749221,923
-73.8949947,40.8773604,249
-73.8890984,40.824187,622
-73.8871808,40.8256358,179
-73.8898744,40.8221561,853
-73.8892558,40.8178744,962
-73.8913926,40.8276905,265
-73.9122068,40.8606246,771
-73.8646911,40.8576086,0
-73.8634983,40.8588764,888
-73.860121,40.8643007,533
-73.9002753,40.8111781,0
-73.9112588,40.802923,259
-73.8661515,40.8628709,0
-73.862961,40.8683491,354
-73.8630642,40.8640864,278
-73.8672719,40.8605424,34
-73.8627399,40.839006,1008
-73.8711764,40.8566484,0
-73.8711801,40.8701728,50
-73.8863317,40.8671563,183
-73.8907633,40.836286,91
-73.9102925,40.8042061,214
-73.9227797,40.8020819,0
-73.8781311,40.8752705,569
-73.8879233,40.8754249,375
-73.9039022,40.8752043,411
-73.86803,40.8600286,750
-73.8744159,40.8545326,0
-73.8698706,40.8643531,924
-73.9217346,40.804856,237
-73.9162395,40.7986145,0
-73.8837715,40.8252865,0
-73.8803911,40.8319269,408
-73.8811039,40.8245881,507
-73.881591,40.820634,31
-73.8841172,40.8183137,0
-73.890967,40.8170948,0
-73.8913091,40.8135711,0
-73.8894099,40.8128695,420
-73.8884017,40.8090386,0
-73.886534,40.8055486,0
-73.8851728,40.8113399,0
-73.8856394,40.8094538,0
-73.8837929,40.8097294,0
-73.8824957,40.8110723,0
-73.8623453,40.8409543,767
-73.9295074,40.825367,0
-73.8965164,40.8634051,0
-73.8949796,40.8701196,36
-73.8934205,40.8699499,1519
-73.8937784,40.8670101,0
-73.892057,40.8679602,679
-73.8954362,40.8648326,51
-73.8952609,40.8647657,0
-73.8957461,40.8632235,698
-73.8922502,40.8662607,1431
-73.8975043,40.8619595,0
-73.8890718,40.8684844,518
-73.8956242,40.8615137,951
-73.898893,40.862091,0
-73.8972436,40.8606389,314
-73.8986133,40.8588486,180
-73.8965801,40.8592166,674
-73.8972897,40.8576402,1266
-73.8989218,40.856241,464
-73.8946354,40.8599817,421
-73.8928067,40.8609715,537
-73.8937868,40.8611744,212
-73.8949327,40.8581477,944
-73.8885232,40.8740758,266
-73.8883241,40.8718613,0
-73.9300111,40.8231341,0
-73.9282974,40.8226867,0
-73.927659,40.8218236,21
-73.926304,40.8172994,0
-73.922465,40.822035,4
-73.9156116,40.8251779,348
-73.9111055,40.8284954,0
-73.9100151,40.8296183,0
-73.9088647,40.8311133,129
-73.8732122,40.8256781,0
-73.9108143,40.8661421,0
-73.8689499,40.840791,737
-73.8729554,40.8389671,0
-73.860417,40.8432666,117
-73.8660772,40.8384984,0
-73.8647942,40.8365556,688
-73.8644861,40.8350687,62
-73.8720313,40.8360032,0
-73.8675561,40.8415313,534
-73.8739708,40.8351376,0
-73.9030213,40.8147053,316
-73.901364,40.8151867,369
-73.9009752,40.8143904,993
-73.9004701,40.8163502,0
-73.9005849,40.813593,472
-73.9015145,40.8117038,373
-73.903126,40.8110457,0
-73.9024018,40.8106901,0
-73.8969061,40.8083875,0
-73.896084,40.8171355,592
-73.8973424,40.8158704,1042
-73.8947723,40.8170984,692
-73.897412,40.8136392,0
-73.8955896,40.8124267,0
-73.8931826,40.8186185,404
-73.8914436,40.8195015,0
-73.8939939,40.8157335,51
-73.8944546,40.8137271,0
-73.8941183,40.8118133,0
-73.8920535,40.8143021,57
-73.8925252,40.8136351,0
-73.8931227,40.8130586,0
-73.892311,40.8116576,0
-73.8926322,40.8102095,0
-73.8907988,40.8207613,0
-73.882393,40.8118845,0
-73.8889345,40.8212189,0
-73.8924064,40.8276476,391
-73.8924493,40.8256032,228
-73.890592,40.826458,122
-73.8898502,40.8261774,848
-73.8910528,40.8253243,0
-73.8885753,40.8292499,240
-73.8879073,40.829283,0
-73.888717,40.8285287,151
-73.8883953,40.8276421,743
-73.8859994,40.8295696,0
-73.8891832,40.8256036,381
-73.8900347,40.8241384,746
-73.888517,40.8265893,0
-73.8881608,40.8242321,694
-73.8858459,40.8224936,0
-73.8907593,40.8190406,0
-73.8892796,40.8202644,0
-73.8880776,40.8227375,0
-73.8873939,40.8230357,101
-73.889069,40.8192403,144
-73.8899967,40.817547,166
-73.873422,40.8776757,1072
-73.8871617,40.8321773,410
-73.8895562,40.8433328,221
-73.8876744,40.8390191,0
-73.8914738,40.8353903,123
-73.8926403,40.8308779,520
-73.8888694,40.832768,669
-73.8878829,40.8344188,424
-73.8863326,40.8532684,455
-73.892373,40.8489275,337
-73.8909074,40.8463321,259
-73.8879735,40.8482737,206
-73.8875629,40.8469746,322
-73.8881936,40.8435326,313
-73.8859048,40.8510599,0
-73.8838184,40.8491704,416
-73.8834705,40.846048,207
-73.8834302,40.8446804,561
-73.8801409,40.8454123,836
-73.9000802,40.8782446,270
-73.8909407,40.8429958,0
-73.8936741,40.8467967,144
-73.9048859,40.8412327,0
-73.9028475,40.8397529,97
-73.9020856,40.8411127,38
-73.8991773,40.8440439,0
-73.9037986,40.835605,381
-73.9032802,40.8312807,628
-73.8971305,40.8399859,0
-73.8942461,40.8430407,756
-73.8923363,40.8416682,256
-73.8963226,40.8311452,553
-73.8918936,40.8550782,177
-73.8868431,40.8558207,32
-73.8874324,40.8540136,245
-73.8890081,40.8504757,533
-73.9086932,40.8034619,0
-73.9081931,40.8021664,0
-73.908793,40.8015714,0
-73.9069244,40.803422,0
-73.9075465,40.8028065,0
-73.9063502,40.80399,59
-73.9093729,40.800999,0
-73.8985899,40.8006295,0
-73.8797229,40.8390387,0
-73.9046491,40.8053926,0
-73.8768549,40.8365533,0
-73.8771725,40.8388738,574
-73.8759595,40.840808,91
-73.8766638,40.8395571,336
-73.8755457,40.8414602,103
-73.875974,40.8347905,1898
-73.8795713,40.8323581,823
-73.8790035,40.8299115,899
-73.8767672,40.8326806,924
-73.8751749,40.8362441,0
-73.8762463,40.8303401,1469
-73.8758685,40.8328224,622
-73.8753172,40.8305235,1296
-73.8793421,40.8272578,1335
-73.8797097,40.824759,387
-73.8778578,40.8249919,1498
-73.8756858,40.8279752,1129
-73.8829554,40.87137,434
-73.8839454,40.8696638,1133
-73.8900819,40.8674868,351
-73.8926532,40.8628866,611
-73.8886851,40.8676264,789
-73.8888192,40.8655202,912
-73.8917807,40.8582191,346
-73.891574,40.8565596,28
-73.8810926,40.8421763,443
-73.8828766,40.8484969,0
-73.8734502,40.8392548,0
-73.9203455,40.8187459,151
-73.8836741,40.849982,306
-73.9044146,40.8566082,357
-73.9035499,40.8563192,684
-73.9004555,40.8567686,0
-73.8961806,40.8681263,1396
-73.896175,40.8664305,242
-73.9167031,40.7993986,0
-73.8952385,40.8601881,421
-73.8678467,40.8581863,0
-73.8656709,40.8738147,159
-73.864599,40.8735002,173
-73.8656644,40.8694866,43
-73.8600249,40.8748168,184
-73.8623949,40.8716822,112
-73.8628895,40.8704987,422
-73.8772911,40.8226472,15
-73.8742573,40.8710789,0
-73.8699368,40.8705802,904
-73.8914853,40.8337903,53
-73.9023023,40.8796286,0
-73.9006282,40.8488843,340
-73.9005463,40.8471142,20
-73.8985249,40.845187,369
-73.898317,40.8478326,82
-73.8937947,40.8539338,97
-73.8956798,40.8503928,336
-73.894897,40.8500645,159
-73.8647725,40.8138046,0
-73.9148285,40.8786381,1010
-73.9087841,40.8154036,512
-73.905956,40.8150913,799
-73.9088314,40.8097987,39
-73.909499,40.808045,0
-73.9061892,40.8102305,73
-73.9043182,40.8539295,1652
-73.9026242,40.8526754,770
-73.8796548,40.8141238,0
-73.8761597,40.8112821,0
-73.8612101,40.836521,565
-73.9160797,40.8244853,453
-73.9158189,40.8183415,234
-73.9131719,40.8236318,700
-73.9128739,40.8213337,148
-73.9100027,40.8279046,281
-73.9075432,40.8287968,589
-73.905104,40.8262048,741
-73.9071102,40.821445,223
-73.907583,40.8228807,290
-73.9062305,40.8212389,104
-73.9072383,40.8175905,815
-73.9175896,40.8156077,0
-73.9141487,40.8142725,507
-73.9146479,40.808573,409
-73.9107947,40.8062583,0
-73.913523,40.8230091,91
-73.9188777,40.8020306,0
-73.9230665,40.8108806,580
-73.9226373,40.8068943,401
-73.9232832,40.8129286,1
-73.9191087,40.8113146,825
-73.9182744,40.8125945,427
-73.9156567,40.8116526,746
-73.922187,40.8075219,964
-73.9162777,40.8046826,1006
-73.9154126,40.8283912,446
-73.9138165,40.8277395,55
-73.92759,40.8126607,106
-73.8990707,40.8177577,98
-73.8939403,40.8554123,59
-73.9105129,40.8208508,75
-73.9208718,40.8288609,669
-73.8655131,40.8425151,75
-73.9146026,40.8210762,476
-73.8623354,40.8585059,234
-73.8873812,40.8451865,123
-73.897911,40.8565507,93
-73.9178927,40.8464837,326
-73.8851623,40.8484522,267
-73.9167828,40.8200432,393
-73.9032462,40.8366459,681
-73.8639916,40.8390128,470
-73.8622377,40.8666003,166
-73.8678296,40.8438489,385
-73.8899687,40.8308934,531
-73.8989451,40.8310198,107
-73.8625035,40.8604491,138
-73.9097213,40.8377811,223
-73.9062618,40.8191004,264
-73.8966023,40.8563269,441
-73.912142,40.8202668,96
-73.8644341,40.8404554,195
-73.9024036,40.8216958,95
-73.9118804,40.8199438,47
-73.9112342,40.819688,102
-73.8855957,40.8744318,0
-73.8859515,40.8756937,0
-73.884995,40.8778284,27
-73.8864278,40.8764313,744
-73.8862727,40.8777922,431
-73.8853184,40.8785294,0
-73.876151,40.8129757,0
-73.876511,40.8142816,0
-73.8875195,40.8611139,1902
-73.8872991,40.8627821,326
-73.9288594,40.8406422,0
-73.9303507,40.8373396,0
-73.9229904,40.8445126,0
-73.923432,40.844583,0
-73.9243431,40.8447177,0
-73.9236587,40.8447278,0
-73.9215103,40.8448792,0
-73.9230289,40.8447649,0
-73.9179177,40.8450789,0
-73.9137415,40.8451906,0
-73.9157415,40.8451544,0
-73.9126441,40.8451785,0
-73.9115204,40.8451476,0
-73.9083953,40.845023,0
-73.9102676,40.8451005,0
-73.9057444,40.8448689,0
-73.9070911,40.8449598,0
-73.9037528,40.8447145,0
-73.9018302,40.8444874,0
-73.9002695,40.8442957,0
-73.8990965,40.8441639,0
-73.8980427,40.8440458,0
-73.8975978,40.8448924,213
-73.8960104,40.8439702,0
-73.8962032,40.8438528,0
-73.8936618,40.8439997,176
-73.8923757,40.843571,0
-73.8917667,40.843806,156
-73.8902356,40.8438619,206
-73.8890991,40.8424543,115
-73.8870232,40.841366,180
-73.8857724,40.8411244,0
-73.8846518,40.8398215,0
-73.8831888,40.8388407,0
-73.8906691,40.8352151,32
-73.9003619,40.8796098,2016
-73.8831601,40.8781249,0
-73.9032945,40.8777624,546
-73.9017322,40.8520367,866
-73.9012967,40.8548503,6
-73.9010152,40.8537131,1017
-73.9001212,40.8534302,512
-73.9007379,40.8516308,603
-73.9018459,40.8492851,784
-73.8993102,40.8531694,513
-73.8994758,40.8516078,801
-73.9052082,40.8458594,861
-73.9042152,40.8469918,265
-73.9036985,40.8444941,0
-73.9029042,40.8468347,641
-73.904279,40.8462403,165
-73.9026263,40.8453659,0
-73.9015099,40.8473399,15
-73.8999058,40.8482916,874
-73.9020698,40.8463559,0
-73.9016858,40.8450972,34
-73.9009115,40.8448184,0
-73.8995909,40.8455397,151
-73.8990122,40.8444187,0
-73.9037769,40.8505775,902
-73.90337,40.8517974,377
-73.8845275,40.8788364,0
-73.9004993,40.8551506,1141
-73.902883,40.8480393,499
-73.8990845,40.8496628,1154
-73.9021307,40.844222,0
-73.8951201,40.8534633,633
-73.8941379,40.8528706,16
-73.9090475,40.8785993,0
-73.91291,40.8796614,42
-73.9078137,40.8793618,165
-73.9068665,40.8152784,446
-73.9057297,40.8129686,70
-73.9061317,40.8118405,1070
-73.9032695,40.8530071,0
-73.8786828,40.8142699,0
-73.9141975,40.8217375,688
-73.9118416,40.8232272,83
-73.9114129,40.8288073,0
-73.9085705,40.8296891,102
-73.9065882,40.8226509,29
-73.9083036,40.8211467,418
-73.9054467,40.8210594,100
-73.9153751,40.8157733,0
-73.9149825,40.8078689,890
-73.9092987,40.8140282,669
-73.9127414,40.8457589,246
-73.9288809,40.8306932,297
-73.9233081,40.8383272,0
-73.9182088,40.8410225,288
-73.9212583,40.8347776,676
-73.918778,40.8349317,0
-73.9196265,40.8312325,229
-73.9168477,40.8501176,804
-73.9155102,40.845504,411
-73.8682551,40.8337877,504
-73.8671657,40.8555601,630
-73.8616323,40.8516227,179
-73.8642842,40.8467892,498
-73.871504,40.8352011,379
-73.870654,40.8315165,500
-73.9304822,40.8301209,0
-73.9118166,40.8281721,0
-73.8993921,40.8195341,596
-73.8698357,40.8243152,162
-73.9269822,40.8379122,715
-73.9293778,40.8337985,479
-73.926137,40.8343447,573
-73.9155591,40.8550628,339
-73.9245587,40.8441297,395
-73.9176014,40.8506286,1260
-73.8734027,40.8471692,0
-73.8672378,40.8518211,653
-73.8729461,40.8417828,0
-73.8699003,40.8394557,0
-73.8711391,40.8415339,462
-73.8695645,40.8373318,216
-73.8867162,40.8659797,502
-73.881875,40.8689532,275
-73.8860709,40.8567315,162
-73.8793523,40.8722141,839
-73.9250596,40.8481187,0
-73.9311263,40.8290993,0
-73.9083685,40.8583032,737
-73.9114479,40.8204881,128
-73.8880909,40.8517583,515
-73.9039709,40.8197907,175
-73.8620552,40.8705999,339
-73.9023462,40.8235748,453
-73.9060045,40.8592268,76
-73.8980298,40.862007,76
-73.8989405,40.8589555,0
-73.8979183,40.8608228,0
-73.8973204,40.8619141,0
-73.8980954,40.8608747,0
-73.8971137,40.8634876,1026
-73.8959717,40.8650642,1237
-73.8963295,40.8633708,0
-73.8945681,40.8656713,0
-73.8935996,40.8669415,0
-73.861324,40.8405362,311
-73.9059668,40.8610939,1496
-73.8687804,40.8684487,331
-73.9177935,40.805211,1163
-73.9086523,40.8172195,985
-73.8962876,40.8575152,856
-73.8688878,40.8266625,643
-73.8627134,40.8369533,753
-73.8648215,40.8242541,976
-73.9053386,40.8223495,1358
-73.9178469,40.821779,654
-73.9179212,40.8226637,976
-73.9192665,40.8221308,686
-73.8973778,40.8552363,732
-73.8979553,40.853532,1186
-73.9308279,40.8178188,0
-73.879124,40.8167044,0
-73.9081441,40.8433476,110
-73.9081984,40.842849,19
-73.9006232,40.8310995,0
-73.9269532,40.8316683,1538
-73.8602879,40.8119674,221
-73.8820413,40.838209,0
-73.9157526,40.8586545,0
-73.9328794,40.8320672,11
-73.8659687,40.8198761,403
-73.8640933,40.8202619,616
-73.8650296,40.8197215,336
-73.8654727,40.8177525,416
-73.8641767,40.8193097,0
-73.8627666,40.8225439,0
-73.8618292,40.822669,746
-73.8604096,40.8247436,514
-73.8631786,40.8202507,569
-73.8627075,40.8185967,117
-73.8617577,40.8182558,164
-73.860369,40.815589,31
-73.8612804,40.8160026,276
-73.8603168,40.8164939,61
-73.863114,40.815899,224
-73.8627001,40.817671,68
-73.8621916,40.8160204,355
-73.8853819,40.8291443,0
-73.884793,40.8293602,18
-73.8822609,40.8324506,0
-73.8850754,40.8396419,0
-73.8886555,40.8407934,374
-73.8620971,40.8330506,0
-73.9135321,40.839273,0
-73.9128326,40.8390627,800
-73.9156833,40.8367068,0
-73.9162674,40.8361115,0
-73.9147194,40.8367156,1095
-73.9155665,40.8358688,579
-73.9182723,40.832122,772
-73.9175287,40.8318697,28
-73.9187433,40.8297524,543
-73.91667,40.8315801,485
-73.912588,40.8367403,479
-73.9129505,40.8343532,882
-73.9136013,40.8331118,451
-73.9130006,40.8324646,979
-73.9121007,40.8340653,602
-73.9112432,40.8337748,250
-73.9147806,40.8294962,498
-73.9156314,40.8297722,522
-73.9094995,40.8404516,91
-73.9106429,40.8382675,785
-73.9108633,40.8361341,1037
-73.9074805,40.8403869,10
-73.9072529,40.8431759,337
-73.9062627,40.8441433,434
-73.8656277,40.840175,382
-73.8631946,40.8488718,367
-73.8634135,40.8469714,378
-73.8627545,40.8451396,294
-73.8616544,40.8473453,309
-73.8632288,40.8438217,141
-73.862384,40.8440693,145
-73.8603855,40.8460238,341
-73.8615278,40.8443191,95
-73.8607503,40.8554493,189
-73.9196274,40.8512155,365
-73.8606817,40.8518234,70
-73.8677203,40.8373572,371
-73.861612,40.8539153,228
-73.8711016,40.8334628,536
-73.8779461,40.8415944,303
-73.884337,40.7914102,367
-73.8802197,40.7909952,1344
-73.9196438,40.8556219,16
-73.8847048,40.8012762,0
-73.8963843,40.8229637,331
-73.8964034,40.8237051,75
-73.8973651,40.8228119,325
-73.8996818,40.8299234,175
-73.8923187,40.8226652,934
-73.9007925,40.8300838,952
-73.8784108,40.8273564,1271
-73.8994535,40.8322463,485
-73.8986344,40.8333434,180
-73.8753163,40.8072337,0
-73.8974118,40.8510143,0
-73.8990963,40.8480496,0
-73.8735705,40.8281219,0
-73.8607213,40.8359658,301
-73.8604386,40.8368755,235
-73.8605609,40.8350283,891
-73.8603562,40.8377881,0
-73.9136021,40.826362,86
-73.9083581,40.8328489,1694
-73.9072394,40.8348255,2301
-73.9063777,40.8363569,826
-73.9056979,40.8374894,1631
-73.9045209,40.8387674,210
-73.9036813,40.8411525,345
-73.9096014,40.8332398,1084
-73.8894745,40.858504,429
-73.8902367,40.857605,521
-73.8906536,40.8566662,94
-73.8886355,40.8594661,0
-73.8884014,40.8579399,0
-73.8891873,40.8570388,255
-73.8900678,40.8560104,422
-73.8876657,40.8575516,337
-73.8868173,40.8585154,173
-73.8835369,40.8689346,1004
-73.884884,40.8680998,57
-73.8843276,40.8673977,228
-73.8850831,40.8669485,376
-73.8830236,40.8681961,581
-73.882123,40.8678276,500
-73.9069765,40.8094129,0
-73.871379,40.8609339,3
-73.8956022,40.8589879,947
-73.8837594,40.8059546,0
-73.8759328,40.8029948,473
-73.9057879,40.8667871,1702
-73.8952246,40.8720861,0
-73.9026776,40.8718726,1545
-73.8942663,40.8287885,194
-73.8931676,40.8386014,34
-73.8933746,40.8224206,1036
-73.868885,40.8111468,0
-73.9065812,40.8067668,0
-73.9082237,40.8050245,0
-73.9107336,40.8035355,0
-73.9117803,40.8023206,56
-73.9123121,40.8017081,0
-73.9128757,40.801085,0
-73.869863,40.7932144,0
-73.878407,40.8697158,696
-73.9176334,40.8570837,0
-73.9194003,40.8230817,601
-73.9171612,40.8570012,0
-73.8691362,40.8770581,30
-73.8865202,40.8200657,604
-73.8868928,40.8178901,699
-73.8811383,40.8315223,112
-73.8809058,40.8298232,945
-73.8817577,40.8295861,423
-73.8799367,40.8298181,1016
-73.8802727,40.8271562,1266
-73.8812028,40.8270556,1305
-73.8829599,40.8265172,26
-73.8825275,40.824399,0
-73.8978579,40.8463601,18
-73.8898411,40.8689421,431
-73.9216903,40.8511187,0
-73.898126,40.8163356,906
-73.9014176,40.8553336,0
-73.9138194,40.8547017,902
-73.9054671,40.8649955,755
-73.9050801,40.8710661,821
-73.8950449,40.8130442,0
-73.8932929,40.8149832,27
-73.8893424,40.8088946,0
-73.8755702,40.8369671,0
-73.8800327,40.8360767,0
-73.9105063,40.8016778,0
-73.8985815,40.7987884,0
-73.9068944,40.8276905,211
-73.9058362,40.8244348,187
-73.888773,40.8347228,121
-73.8737321,40.8795191,546
-73.8677148,40.8710289,0
-73.8867048,40.8461418,0
-73.8832273,40.8508651,821
-73.8826204,40.8456303,523
-73.8992061,40.8358503,0
-73.8922219,40.8448448,513
-73.9176656,40.8794385,348
-73.8888708,40.8547705,847
-73.9018334,40.8538307,189
-73.8757211,40.8113465,0
-73.8646048,40.8255651,0
-73.9151912,40.823523,313
-73.9109083,40.82457,0
-73.9093474,40.8249631,225
-73.9097998,40.8237491,1709
-73.9089637,40.8195549,0
-73.9157448,40.8169286,0
-73.9134479,40.8055582,405
-73.9225594,40.8062791,0
-73.9213217,40.814888,187
-73.9208285,40.8086756,938
-73.9228737,40.8487964,2045
-73.8984425,40.8292395,321
-73.9021381,40.8202494,228
-73.8978044,40.8190001,0
-73.895489,40.8269612,346
-73.8673199,40.8787408,714
-73.8849764,40.8398369,0
-73.893346,40.8292381,144
-73.8808027,40.8330153,417
-73.9027899,40.8274564,418
-73.899189,40.8246345,212
-73.8998288,40.821596,517
-73.9004004,40.8176668,368
-73.8968853,40.8263103,0
-73.894454,40.8236559,29
-73.8795536,40.8773218,0
-73.8727357,40.8795081,1008
-73.8861745,40.8338319,478
-73.8900211,40.8415979,334
-73.8860457,40.84343,318
-73.8924335,40.8330152,44
-73.887788,40.8363893,473
-73.8898498,40.8492258,373
-73.8902644,40.8455637,147
-73.8891964,40.846833,186
-73.8870359,40.8439678,454
-73.8847046,40.8509692,999
-73.88396,40.8462987,0
-73.8817366,40.8451781,491
-73.9033333,40.8763333,381
-73.8980988,40.8439202,0
-73.9058934,40.8391126,88
-73.9043416,40.8370888,943
-73.8992597,40.8418251,0
-73.904559,40.8298271,234
-73.893873,40.834036,153
-73.8933099,40.8422463,841
-73.8978286,40.8306302,372
-73.8920698,40.855971,234
-73.8894991,40.8525792,212
-73.8872961,40.8532621,437
-73.9293023,40.8111406,0
-73.9293544,40.8088763,88
-73.9234061,40.8242632,1092
-73.9176803,40.8279874,5
-73.9289763,40.8158033,0
-73.86733,40.8227923,0
-73.863214,40.8244214,277
-73.8636204,40.8179973,422
-73.8607723,40.8140387,274
-73.8787982,40.8437325,1021
-73.9178307,40.8520866,453
-73.9076123,40.8687563,0
-73.8812822,40.8572993,0
-73.914142,40.8475724,838
-73.9141622,40.8428015,1311
-73.9104294,40.8335034,770
-73.9078892,40.8307947,344
-73.9272224,40.8245704,1114
-73.9281284,40.8207373,278
-73.8618532,40.8367025,541
-73.8651604,40.8386762,785
-73.8665866,40.8308125,499
-73.8622643,40.834131,0
-73.8606214,40.8295285,496
-73.8721415,40.8296428,0
-73.8687683,40.8234201,0
-73.8705337,40.8245109,0
-73.8640389,40.8157744,337
-73.8983091,40.8494386,0
-73.9074285,40.8556086,497
-73.9068692,40.8511094,519
-73.9114562,40.846596,484
-73.9072506,40.8481864,0
-73.9084594,40.8448705,0
-73.9057795,40.8447154,0
-73.9145953,40.8378429,0
-73.9116863,40.8417519,1690
-73.914834,40.8348196,1763
-73.9139359,40.8344438,885
-73.9131946,40.8304508,756
-73.9063661,40.8431398,462
-73.8621659,40.8487424,0
-73.8601986,40.8558669,485
-73.8605528,40.8475353,361
-73.8924489,40.8687443,0
-73.896698,40.8617509,197
-73.8982083,40.8579484,1021
-73.893942,40.8596215,657
-73.8907338,40.8694565,830
-73.8863049,40.8701538,549
-73.8843414,40.8704554,719
-73.8914251,40.86871,934
-73.8858134,40.8665046,414
-73.8950048,40.8563388,123
-73.8917682,40.8626306,540
-73.911405,40.8597178,344
-73.9048077,40.8614897,666
-73.9017934,40.8714611,623
-73.8988611,40.8705159,1057
-73.9011386,40.867479,827
-73.9042238,40.8606031,535
-73.9026634,40.8594843,744
-73.8991097,40.8590242,0
-73.8663246,40.860407,1287
-73.8610969,40.864318,458
-73.867803,40.8672423,391
-73.866975,40.862322,174
-73.8631468,40.8652314,0
-73.8670552,40.8586851,346
-73.8721461,40.861558,0
-73.9880658,40.8398729,65
-73.9711158,40.8303491,1354
-73.9905941,40.8362626,0
-73.9565721,40.8799384,28
-73.9505844,40.8796008,0
-73.9556115,40.8797628,40
-73.9568107,40.878498,54
-73.9560876,40.8775246,32
-73.9546855,40.878849,40
-73.9526046,40.878552,32
-73.9552631,40.878124,10
-73.9511833,40.8777847,0
-73.9989495,40.877046,78
-73.9979809,40.8224128,23
-74.0029393,40.8133835,0
-73.9903367,40.8685739,164
-73.9724606,40.8429051,413
-73.9723104,40.838551,202
-73.9788912,40.8264132,644
-73.9682474,40.8449394,574
-73.9759736,40.8280896,384
-73.9774382,40.8716169,438
-73.9900065,40.8785148,604
-74.0079362,40.8441463,0
-73.9698532,40.8361462,76
-73.9845138,40.8518062,10
-73.9939981,40.8433105,0
-74.0003584,40.8424027,0
-74.0003996,40.8423207,0
-74.0005586,40.8422972,0
-73.9978197,40.8415734,0
-73.9953354,40.8420221,0
-73.9937998,40.8431749,0
-73.9925406,40.8444262,0
-73.9912588,40.8457006,0
-73.9894051,40.8475437,0
-73.9874822,40.8494545,0
-73.9851855,40.8524546,0
-73.986295,40.8520204,0
-73.9816805,40.8575833,20
-73.9798954,40.8768921,169
-73.9540364,40.8793812,34
-73.9854934,40.8479976,77
-73.9683971,40.8517324,365
-73.979234,40.8714163,0
-73.9674753,40.8489782,85
-73.975532,40.8247564,310
-73.998942,40.8205231,69
-73.9987314,40.8380823,75
-74.0011014,40.8467994,388
-73.9962558,40.8608086,39
-74.0058814,40.825965,60
-73.9768968,40.837555,22
-73.9786498,40.8318314,16
-73.9748745,40.8331074,118
-73.9667066,40.8517829,1441
-73.9716792,40.8673936,72
-73.9842415,40.8300603,817
-73.9836966,40.8431088,1029
-73.9853906,40.8402879,80
-73.9841262,40.8415464,116
-73.9851588,40.8382326,80
-73.9825209,40.8385583,0
-73.986096,40.8351952,16
-73.9748491,40.8707598,101
-73.9798325,40.867352,113
-73.982185,40.8577849,53
-73.9767395,40.8585512,0
-73.9747436,40.8615429,0
-73.9661101,40.8540236,0
-74.0019516,40.8724204,60
-73.9888206,40.8274721,214
-73.9779674,40.8467993,89
-73.9714389,40.849362,45
-73.9774745,40.8416082,47
-74.0026017,40.8363853,0
-74.0024261,40.8305498,141
-74.0009209,40.8271655,83
-74.0010165,40.8145262,146
-73.990531,40.8174044,79
-73.9833007,40.826083,113
-73.9888615,40.8188966,234
-73.9932391,40.8164307,239
-73.9944877,40.8110291,55
-73.9758605,40.8530793,92
-73.9887243,40.8471451,246
-73.9880191,40.8467115,185
-73.9898772,40.8448716,123
-73.9845182,40.8480826,59
-73.983885,40.8520612,106
-73.9877157,40.8495739,0
-73.9826776,40.8486748,76
-73.9872939,40.846304,200
-73.9891581,40.844454,106
-73.9865799,40.8458803,182
-73.9884435,40.8440283,117
-73.990439,40.8431867,96
-73.9864558,40.8450225,95
-73.9916808,40.8419328,136
-73.9909573,40.8415165,159
-73.9889879,40.8423565,121
-73.9902326,40.841109,126
-73.9908267,40.8361871,0
-73.9895207,40.8407045,191
-73.9892493,40.8402185,51
-73.9937195,40.8359614,98
-73.9901994,40.8354364,20
-73.9923644,40.835107,38
-73.992984,40.8319593,55
-73.9924951,40.832528,47
-73.9899925,40.8363684,80
-73.9891845,40.8376838,59
-73.9890893,40.838551,69
-73.9891429,40.8360975,63
-73.9904902,40.8345263,0
-73.9905672,40.8332408,106
-73.9892362,40.8342214,16
-73.9896819,40.8328304,71
-73.9903445,40.8317037,34
-73.9912257,40.8313013,22
-73.9891331,40.8325414,139
-73.9875475,40.8415221,104
-73.9886367,40.8403204,76
-73.9878365,40.841969,0
-73.9868327,40.84111,91
-73.9861134,40.8406994,96
-73.9866704,40.8390839,62
-73.9868285,40.8370734,85
-73.9815551,40.8429745,194
-73.9834075,40.8411375,101
-73.9846692,40.8398801,62
-73.9839541,40.8394718,51
-73.9832256,40.8390835,48
-73.9844951,40.8378363,86
-73.9875441,40.8356424,43
-73.9867896,40.8354001,35
-73.9888911,40.8339935,16
-73.9882877,40.8336145,58
-73.9870603,40.8342477,61
-73.9974398,40.8197411,202
-73.9952323,40.8185886,377
-73.997763,40.8187823,157
-73.9942277,40.8197368,243
-73.9970242,40.8184024,101
-73.9921412,40.8169833,607
-73.9978889,40.8130896,291
-73.9972776,40.8156503,136
-73.9977114,40.8152127,287
-73.9955658,40.8147431,105
-73.9949927,40.8156856,230
-73.9955207,40.8176178,173
-73.9957508,40.816096,123
-73.9947481,40.8172206,129
-73.994424,40.8141359,148
-73.9984545,40.8110581,170
-73.9939705,40.8120851,309
-73.9970893,40.8105523,51
-73.9983672,40.8096714,112
-73.9978182,40.8094115,67
-73.9971811,40.8095419,28
-73.9966472,40.8103845,101
-73.9983642,40.8086823,16
-73.9963873,40.808446,184
-73.9952489,40.809842,82
-73.9949556,40.8074999,141
-73.9952747,40.8287933,65
-73.9943782,40.8297755,96
-73.9913578,40.8289044,143
-73.9918527,40.8283146,145
-73.9916102,40.8307386,21
-73.9945757,40.8243824,71
-73.9907275,40.8268186,91
-73.9908643,40.829505,102
-73.9892903,40.8303253,165
-73.9901884,40.827374,107
-73.9885546,40.8299102,133
-73.9894585,40.8252497,111
-73.9918204,40.8249273,129
-73.9884813,40.8264193,214
-73.9854579,40.827287,228
-73.9938356,40.8239738,105
-73.9923638,40.8231638,107
-73.9916299,40.8227614,140
-73.998965,40.8701568,0
-74.0060768,40.8643171,0
-74.006134,40.8509844,0
-73.8826467,40.8576631,0
-73.8846595,40.8560417,324
-73.8813064,40.857139,0
-73.8798329,40.8741922,422
-73.8810341,40.822122,0
-73.883996,40.8210326,0
-73.8852586,40.821922,0
-73.8832522,40.8206617,0
-73.8856049,40.8202179,0
-73.8850483,40.8181692,30
-73.8859696,40.8180296,964
-73.882829,40.8184067,0
-73.8835566,40.8161384,40
-73.8844811,40.815996,0
-73.8925645,40.8157538,0
-73.8900852,40.8152339,36
-73.8912509,40.8123574,0
-73.8918407,40.815095,0
-73.8903481,40.8127275,391
-73.8898018,40.8106431,0
-73.888192,40.8154743,741
-73.8877938,40.8173209,290
-73.8884901,40.8130153,603
-73.886643,40.8132887,346
-73.8863155,40.8158413,868
-73.8863587,40.8148197,76
-73.8879388,40.8109259,38
-73.8870198,40.8110647,35
-73.8860982,40.8112038,38
-73.8916924,40.8103577,0
-73.8879485,40.8072863,0
-73.8888921,40.8071367,0
-73.8854013,40.8158562,384
-73.8849058,40.8141056,0
-73.8838832,40.8137382,0
-73.8829626,40.8138462,0
-73.8857232,40.8133873,218
-73.8966589,40.8177768,741
-73.8959103,40.8536585,0
-73.8612694,40.8668112,0
-73.9177966,40.8028975,0
-73.9205017,40.8140458,65
-73.8690052,40.8601103,443
-73.8655358,40.8745745,94
-73.863282,40.8743077,136
-73.8633106,40.8725272,55
-73.8616503,40.8702568,115
-73.9321122,40.8266667,0
-73.9269296,40.8208371,295
-73.9180671,40.8245786,560
-73.8720725,40.8245888,0
-73.8644043,40.8416114,0
-73.8665226,40.8399152,603
-73.86484,40.83436,0
-73.912345,40.7998911,0
-73.9099264,40.8022523,0
-73.9099644,40.8004085,0
-73.9094917,40.804728,0
-73.9097303,40.7988703,0
-73.879067,40.8406223,34
-73.8764536,40.8402371,80
-73.8781597,40.8325118,22
-73.8771573,40.8301563,356
-73.8787826,40.8248699,839
-73.8800801,40.8222673,400
-73.8630058,40.8755062,0
-73.8699488,40.8574151,0
-73.86877,40.8701407,195
-73.8949978,40.8552276,0
-73.9016663,40.8434687,0
-73.8837233,40.8658205,167
-73.8647111,40.8786579,192
-73.8631336,40.8771669,608
-73.899689,40.8681064,0
-73.9064158,40.8163379,950
-73.8944558,40.820143,524
-73.8927904,40.8202806,646
-73.903048,40.8154907,188
-73.9051564,40.8118574,798
-73.9000384,40.8128663,552
-73.9000328,40.8117319,0
-73.8939065,40.8169599,0
-73.8935828,40.812434,6
-73.8920073,40.8124087,0
-73.8919134,40.8198769,392
-73.8914711,40.8259187,248
-73.8894897,40.8293592,225
-73.8874487,40.827648,383
-73.888271,40.8258603,655
-73.8919507,40.8178731,0
-73.8874064,40.819852,515
-73.9040655,40.8499577,926
-73.8697996,40.8743066,321
-73.8824116,40.8081205,0
-73.8866942,40.8291944,801
-73.8911626,40.8240306,876
-73.9074424,40.8576318,264
-73.9293765,40.8372893,1024
-73.9174028,40.8241192,1080
-73.8770077,40.8144169,0
-73.8612352,40.8121112,166
-73.9306617,40.8375489,0
-73.9177105,40.8133146,345
-73.9201449,40.8288124,494
-73.9200947,40.8202082,318
-73.8862153,40.8396134,0
-73.8804629,40.8407963,652
-73.8853173,40.8335349,221
-73.9280857,40.8111087,0
-73.9257385,40.8071169,26
-73.9245567,40.8118969,304
-73.9180932,40.8130987,119
-73.9217115,40.8081701,1064
-73.9192848,40.8058868,1462
-73.917183,40.8233777,642
-73.9144201,40.8247125,723
-73.9204416,40.8782352,23
-73.9051688,40.8753379,0
-73.9265557,40.8154262,0
-73.8624801,40.8796103,400
-73.906648,40.8752169,849
-73.8697949,40.8659997,717
-73.8666202,40.8737506,250
-73.8619979,40.8741617,280
-73.8660641,40.8252086,0
-73.865729,40.8364523,789
-73.9146633,40.8018433,269
-73.9129837,40.798062,0
-73.898377,40.7963439,0
-73.8790871,40.8338964,157
-73.8765538,40.8276003,1397
-73.8696089,40.8689487,914
-73.8908846,40.8614462,9
-73.9226697,40.8514915,2162
-73.8627765,40.8765606,217
-73.8800765,40.806516,0
-73.8686734,40.8782203,0
-73.8824377,40.82888,103
-73.8846712,40.8203223,45
-73.8922323,40.8165817,0
-73.8872285,40.8152691,773
-73.8865602,40.8093147,0
-73.8810718,40.8104076,6
-73.8814972,40.8082628,0
-73.8603498,40.8784524,398
-73.893535,40.8206043,342
-73.8626754,40.8400907,301
-73.9004764,40.820749,946
-73.8616835,40.8732974,62
-73.9173727,40.8208143,52
-73.9100011,40.860471,181
-73.9249837,40.8454383,0
-73.8946079,40.8648158,0
-73.8900759,40.8714825,1534
-73.8871354,40.8730268,0
-73.8869886,40.8751944,144
-73.9219246,40.8281247,0
-73.8952772,40.866009,0
-73.8939274,40.8655326,0
-73.8942879,40.867329,1247
-73.8930456,40.8666581,1754
-73.8929926,40.8689736,1067
-73.8919004,40.870168,356
-73.8911983,40.8707038,492
-73.8926327,40.8682111,0
-73.8920153,40.8690222,0
-73.8897598,40.8707748,0
-73.8865096,40.8250694,0
-73.8859401,40.8253084,0
-73.8849209,40.8257699,29
-73.9157027,40.8122501,199
-73.9035683,40.8194743,119
-73.9176923,40.8202664,115
-73.9164935,40.8207095,91
-73.9107774,40.8211458,233
-73.9084005,40.8230645,480
-73.9154944,40.8272131,450
-73.88947,40.8317996,156
-73.8958881,40.8335713,79
-73.9025421,40.8371059,291
-73.8607658,40.8468052,68
-73.860087,40.8453258,222
-73.9317144,40.836839,0
-73.9300046,40.8375692,0
-73.9288558,40.84195,0
-73.9237189,40.8337041,0
-73.923643,40.8426032,1062
-73.9247261,40.8408047,316
-73.9239698,40.8404743,337
-73.9225167,40.8410482,385
-73.9219423,40.8406067,99
-73.9219134,40.8397131,815
-73.9210932,40.8414779,1071
-73.8811237,40.8672059,0
-73.881575,40.8678786,0
-73.8838045,40.8612434,994
-73.8848353,40.8583863,0
-73.8860144,40.8580918,119
-73.8868547,40.8571267,251
-73.8852253,40.8577222,241
-73.8844677,40.8574586,148
-73.9117269,40.8435584,0
-73.9114232,40.8443472,0
-73.910157,40.8457932,0
-73.9089777,40.8466249,0
-73.9083873,40.8476259,277
-73.9073791,40.8491298,995
-73.9062656,40.8499061,0
-73.9061773,40.8504046,410
-73.9070401,40.8481702,0
-73.9063589,40.8488902,0
-73.8787143,40.8787817,235
-73.8773946,40.8776273,0
-73.8763459,40.8795628,880
-73.8752816,40.8791225,333
-73.874644,40.8796178,487
-73.8753315,40.8777459,511
-73.875455,40.876172,943
-73.8715533,40.8777994,76
-73.8725475,40.8774118,983
-73.8680643,40.8792146,700
-73.8696472,40.8756774,141
-73.8663873,40.877677,0
-73.8653181,40.8773822,36
-73.8853736,40.8431561,0
-73.8855558,40.8422313,0
-73.8891431,40.8398395,601
-73.8893976,40.8422704,0
-73.8864276,40.8426426,499
-73.8867547,40.8419712,619
-73.8872082,40.8410781,0
-73.8879949,40.8404441,197
-73.8874176,40.8401706,184
-73.8865529,40.8385009,159
-73.886794,40.8398392,111
-73.888767,40.8363689,375
-73.8897085,40.8350722,180
-73.8917694,40.8317853,1044
-73.8906783,40.8333948,261
-73.8944266,40.8299517,393
-73.891384,40.8293611,204
-73.8923937,40.8293244,749
-73.8908582,40.8312059,428
-73.8897583,40.8330741,362
-73.8857638,40.8378951,322
-73.8868917,40.8360801,816
-73.8860357,40.8357875,1116
-73.8870294,40.8341247,557
-73.8880152,40.8324744,742
-73.8889905,40.8308105,418
-73.904469,40.8493346,931
-73.9052935,40.850212,0
-73.904765,40.8489356,0
-73.9057033,40.8509793,434
-73.904739,40.8521201,269
-73.9044501,40.8525503,0
-73.9038206,40.8531869,937
-73.9029269,40.8542151,972
-73.9048177,40.8507992,0
-73.9043606,40.851365,0
-73.9156746,40.8032877,0
