Latitude,Longitude,lst_median_res10,lst_median_res250,lst_median_res500
40.81310667,-73.90916667,40.76262896,39.472107306153866,39.29660960546328
40.813045,-73.90918667,40.76262896,39.32866001807694,39.30196943569134
40.81297833,-73.909215,39.926923070000015,39.29128378486844,39.31833358312905
40.81290833,-73.90924167,39.926923070000015,39.31341039038463,39.35885469811503
40.812845,-73.90925667,39.550940870000005,39.299801850500025,39.380734324857166
40.81277667,-73.90928,39.550940870000005,39.25606092936712,39.4074547851911
40.81271,-73.90931167,39.550940870000005,39.21674177346156,39.39767424070065
40.81264333,-73.90934,39.550940870000005,39.22400725700002,39.43697974285716
40.81256167,-73.90936333,39.330478580000005,39.153974623164586,39.44714590048079
40.812485,-73.90938333,39.330478580000005,39.14684764653849,39.49434634653848
40.81240333,-73.90939333,39.330478580000005,39.11654946746838,39.53672624714288
40.81233,-73.90942,39.330478580000005,39.09023449925002,39.54450759031849
40.81223667,-73.90945333,39.145905500000026,39.04804331487502,39.56172119657145
40.81216333,-73.90947667,38.53066190000001,39.03026249000003,39.57724428673079
40.81209333,-73.90949333,38.53066190000001,39.08433675012989,39.62399967369777
40.81203167,-73.90952167,38.77675934000001,39.039605078000015,39.642837250160795
40.81198167,-73.90953,38.77675934000001,39.02611943545457,39.64783454699031
40.81194,-73.90954833,38.77675934000001,39.02182237921055,39.653392977572835
40.8119,-73.90956333,38.77675934000001,38.96497238935066,39.66775445996776
40.81186333,-73.90958167,38.77675934000001,38.95648310412501,39.66313491945689
40.81181167,-73.9096,38.77675934000001,38.91415076417723,39.68081467480772
40.81175333,-73.909615,39.15615956000005,38.93032922576925,39.67231880067095
40.8117,-73.90963167,39.15615956000005,38.83893269113926,39.69866857363346
40.81164333,-73.90964667,39.15615956000005,38.74597496506495,39.71651573203885
40.81157833,-73.90966167,39.15615956000005,38.805461943846176,39.72179241311899
40.81151,-73.909675,39.15615956000005,38.904762025696215,39.75625536342859
40.81144167,-73.90969333,39.43814621000001,38.91521051262502,39.75920137114287
40.81137667,-73.909705,39.43814621000001,38.905865310632926,39.76360614313101
40.81132,-73.90971333,39.43814621000001,38.93474782000002,39.78572423113926
40.81123,-73.909745,39.52017869000002,38.89221486367091,39.79680898597446
40.81120333,-73.909755,39.52017869000002,38.89221486367091,39.81012428721155
40.81116167,-73.90977,39.52017869000002,38.89764475620255,39.829902626900974
40.81111833,-73.90978667,39.52017869000002,38.92944532202534,39.843599338000026
40.81106,-73.90980833,39.52017869000002,38.94505409975002,39.84209106885716
40.810865,-73.909875,39.561194930000056,39.04991971050636,39.88829401857144
40.81081,-73.9099,39.561194930000056,39.10543701961541,39.88649841038463
40.81075333,-73.90992833,39.561194930000056,39.2090278953247,39.89558574240386
40.810705,-73.909965,39.561194930000056,39.19470466391893,39.92346094651615
40.81062833,-73.90995167,39.42105611000002,39.30105293346157,39.9369738072669
40.8106,-73.90991333,39.42105611000002,39.33444435961541,39.94235858707008
40.810515,-73.90974333,39.42105611000002,39.5780470665823,39.941133977993644
40.810495,-73.90966667,39.98844743000004,39.68772575787502,39.95112134535034
40.81047333,-73.90959167,39.98844743000004,39.81611864949369,39.9760257119489
40.810445,-73.90951833,39.98844743000004,39.995283470000025,40.00361489375002
40.81042333,-73.90944,39.88932485000004,40.09050600153849,40.02510705085716
40.8104,-73.909385,39.88932485000004,40.20843379316458,40.0595639477143
40.81038,-73.909345,39.88932485000004,40.248259675250026,40.059059382857164
40.81033333,-73.90925333,39.88932485000004,40.39361426230772,40.079303424888195
40.81030667,-73.90922333,39.88932485000004,40.39361426230772,40.08708093639873
40.81029333,-73.90917333,40.87884164000002,40.4193842892208,40.10027420407769
40.81028,-73.90911833,40.87884164000002,40.520388339864894,40.10814979816131
40.81026167,-73.909055,40.87884164000002,40.796626865600025,40.15777088230771
40.81023833,-73.90897833,40.87884164000002,40.84595415269233,40.18019175774922
40.81021833,-73.908895,41.40521672,40.86728959772153,40.189207430664574
40.81017333,-73.90871333,41.40521672,41.16459687615386,40.26207037189713
40.810155,-73.90862167,41.95551794000002,41.24359320285716,40.33224419086819
40.81013833,-73.90853667,41.95551794000002,41.26724702807694,40.338132577714305
40.81012667,-73.90847,41.95551794000002,41.26176669312502,40.33145547186711
40.810125,-73.90843167,41.95551794000002,41.3409754723077,40.361430698439506
40.81009667,-73.90818333,41.95551794000002,41.500233237013,40.46466031003228
40.81007833,-73.9081,41.965772000000015,41.529130761519006,40.48883041487344
40.81006,-73.90800833,41.965772000000015,41.595201665000026,40.531379224713405
40.81004,-73.90791833,41.965772000000015,41.58071890076925,40.5509636894231
40.810025,-73.90782333,42.155472110000034,41.61263428810128,40.58091684927217
40.80997833,-73.907525,42.59297867000001,41.726269585769245,40.71705717423569
40.809905,-73.90740667,42.59297867000001,41.76562063653848,40.7622510058654
40.80987,-73.90739667,42.69893729,41.81301279846156,40.74989656073957
40.80982833,-73.90739833,42.69893729,41.8753743657895,40.77657292795456
40.80977667,-73.90741167,42.69893729,41.84171540230771,40.77422934620581
40.80964333,-73.907465,42.69893729,41.86937518278483,40.78383254463725
40.80957167,-73.90749167,42.99117800000005,41.912835956075966,40.81275629152868
40.80950167,-73.90751833,42.99117800000005,41.90247454212502,40.84368719544588
40.80944167,-73.90753833,42.99117800000005,41.97870855670888,40.84443970136078
40.80939833,-73.90755,42.99117800000005,41.97870855670888,40.84825474307694
40.80920333,-73.90761333,43.87302716000002,41.90458944200002,40.90762811735671
40.80913833,-73.90763833,43.87302716000002,41.9317864973418,40.9382989117143
40.80906667,-73.90766,44.35154996000003,41.91822258253168,40.957461560095865
40.80899,-73.90768,44.35154996000003,41.950960580000014,41.01099592131834
40.80891167,-73.90770167,44.35154996000003,41.96349332000002,41.07090259394233
40.808825,-73.90772667,44.35154996000003,41.88595901350652,41.14784532693551
40.808735,-73.90775667,44.41307432000002,41.8665384453247,41.16354616719357
40.80864333,-73.907785,44.41307432000002,41.88590864807694,41.20440804500002
40.80855,-73.90781833,43.88499023000003,41.86985110962028,41.223097603076944
40.80845667,-73.90785667,43.826883890000005,41.86582820740262,41.26763866739552
40.80836,-73.90789333,43.826883890000005,41.85256104269233,41.33379637828573
40.80826167,-73.90792833,42.73311749000004,41.82992761538464,41.42048314798724
40.80806667,-73.90800833,42.73311749000004,41.75285964025319,41.51740530936104
40.80797667,-73.90802667,41.70600248000002,41.736173079615405,41.56413280961664
40.807885,-73.90804667,41.70600248000002,41.676907112222246,41.60351596259496
40.80778833,-73.90808667,41.70600248000002,41.66319069784812,41.6425629437143
40.80769167,-73.90813,41.18988146000004,41.65567432653848,41.676299558594266
40.80759667,-73.90817333,41.18988146000004,41.637826837837856,41.75668651766993
40.8075,-73.90821333,41.18988146000004,41.55698568597404,41.87211382737866
40.80741333,-73.908245,40.402027850000025,41.54982525846156,41.88808325375002
40.80732833,-73.90827,40.402027850000025,41.51145656949368,41.912360029240524
40.80723833,-73.90829833,40.402027850000025,41.47967763670887,41.934552632611485
40.80704833,-73.90836333,39.9320501,41.41929982772153,41.99462985457145
40.806955,-73.90839667,39.9320501,41.41770563923079,42.00581399544588
40.80687167,-73.90842833,39.93034109000001,41.35764927500001,42.00007193955416
40.80679667,-73.908455,39.93034109000001,41.37840003222224,42.023645046571446
40.80674,-73.90848,39.93034109000001,41.31942009139243,42.03146241313101
40.80669667,-73.90849667,39.93034109000001,41.299169320259765,42.039484733569154
40.80663333,-73.90853,40.32854042000002,41.32682136384618,42.05963061009617
40.80654167,-73.90859333,40.32854042000002,41.30793461230772,42.02238773383389
40.80648333,-73.90863333,40.32854042000002,41.35620318961541,42.03494831445163
40.80643,-73.908675,40.19694665000003,41.31855476987344,42.0360221706731
40.80638833,-73.90871333,40.64299826000001,41.29548951384618,42.03300216015976
40.80634667,-73.90875333,40.64299826000001,41.30678639721522,42.044152423598746
40.80631167,-73.9088,40.64299826000001,41.27675613500003,42.02730721085716
40.80628333,-73.90885167,40.64299826000001,41.27580788683546,42.0301284337143
40.80626,-73.90889833,40.64299826000001,41.29421760215192,42.017866774472864
40.80624833,-73.90893667,40.07731595000004,41.28063654948054,42.02593791615386
40.80624333,-73.90896333,40.07731595000004,41.28063654948054,42.033239304451634
40.80621667,-73.909165,40.07731595000004,41.24954144545456,41.975965417709695
40.806185,-73.909225,39.49625255000001,41.260695823076944,41.954732125112564
40.80615,-73.90930167,39.49625255000001,41.26016720037977,41.93019106079116
40.80609667,-73.90947667,40.09269704000002,41.33926646230771,41.86890443958468
40.80606833,-73.90954667,40.09269704000002,41.35572289092107,41.854752934805205
40.80603667,-73.909595,40.09269704000002,41.38524942594938,41.851606855942514
40.80601333,-73.90964667,40.09269704000002,41.366895457307706,41.84786658628574
40.80599,-73.9097,40.09269704000002,41.3566413973077,41.852906131250016
40.80597167,-73.90976,39.53555978,41.37451943911393,41.835451823439506
40.80591167,-73.90987167,39.53555978,41.41715815696204,41.80295488857144
40.80590333,-73.90990833,39.53555978,41.388762021153866,41.808129434267535
40.805895,-73.90994667,39.53555978,41.406027404230784,41.812262367788485
40.80588667,-73.90998333,39.53555978,41.41307372701301,41.787770339096795
40.80574833,-73.910005,39.94230415999999,41.462237607702725,41.75754665980771
40.80571167,-73.90990833,40.14396734000002,41.41575931415586,41.83044148787784
40.80562667,-73.90979167,40.14396734000002,41.48021846265825,41.81933768948883
40.80555333,-73.90964,41.11810304000002,41.52881319961541,41.797726561012674
40.80539,-73.90940833,41.41376177000001,41.638540405769255,41.83107143546328
40.80531333,-73.90931,41.31122117000004,41.6991015408861,41.82578655269232
40.80523667,-73.90921167,41.31122117000004,41.73126515346157,41.766305336057705
40.80516667,-73.90911833,41.31122117000004,41.809963555844185,41.694292189614174
40.80509833,-73.90902667,41.31122117000004,41.86682248430383,41.7066190215823
40.80503167,-73.90895333,41.72651060000001,41.94100190444446,41.60267227411394
40.80498833,-73.90889167,42.93307166000002,41.99408964670888,41.5444657697143
40.804955,-73.90883167,42.93307166000002,42.03774511734179,41.484444253428585
40.80489167,-73.90870167,42.93307166000002,42.06579405894738,41.40669567096156
40.80486167,-73.90863833,43.02706721000004,42.273647842027046,41.26841823772729
40.80483667,-73.90858,43.02706721000004,42.3230646419231,41.31236966868169
40.804815,-73.90852667,43.02706721000004,42.3230646419231,41.32014965173079
40.80479667,-73.90847333,43.02706721000004,42.33799005139243,41.21247837000002
40.80478,-73.90842333,43.19796821000003,42.36491347653849,41.17633376996837
40.80476667,-73.90837333,43.27658267000001,42.36162144125002,41.174787917714305
40.80474,-73.908315,43.27658267000001,42.44791001346156,40.98624884942859
40.80463667,-73.90824,43.27658267000001,42.476614558734205,40.82931844894906
40.804555,-73.90812,43.27658267000001,42.548522499615416,40.73163672096155
40.80449833,-73.90805,43.63205675,42.64994567000002,40.461783138945705
40.80446,-73.90797167,43.63205675,42.687401472500014,40.40671667230772
40.80441167,-73.90789,43.63205675,42.77575396025977,40.216086462958216
40.80431833,-73.90774667,45.404300120000016,42.73338733368423,39.84391480041938
40.804275,-73.90767833,45.404300120000016,42.7597166969231,39.72154156472845
40.804235,-73.907605,46.02467075000001,42.79892519151901,39.555685693290755
40.80420833,-73.907515,46.19215373,42.72634553787502,39.37777380927217
40.804175,-73.90745167,46.19215373,42.69080326772154,39.24684629191695
40.804135,-73.90736167,46.19215373,42.73708326961541,39.10965592367414
40.80409667,-73.90721833,46.28614928000002,42.782678780000026,38.84065549913463
40.80413667,-73.90718,46.28614928000002,42.702420209113946,38.85297033514288
40.80417833,-73.907135,46.28614928000002,42.80445770230772,38.78890864826925
40.80422333,-73.90709,46.28614928000002,42.8564474394937,38.8610015590446
40.80427167,-73.90704333,45.455570420000015,42.84532805797471,38.823566620254795
40.80432667,-73.906985,45.455570420000015,42.9586629892308,38.90188599914288
40.80438,-73.90693,45.455570420000015,42.99566962884618,38.907611256784584
40.80442667,-73.906875,45.455570420000015,43.09554308364866,38.992855385096796
40.80446833,-73.90682833,45.455570420000015,43.159002782000016,38.996221501961436
40.8045,-73.90678333,45.455570420000015,43.07857852423079,38.937988772154355
40.80451333,-73.90674167,45.723884990000045,43.04247021038463,38.88531434057695
40.80451,-73.9067,45.723884990000045,42.95217751538463,38.79548791942859
40.80448833,-73.90665667,45.723884990000045,43.04781329341775,38.78650178554142
40.80445333,-73.90660667,45.723884990000045,42.95285345075003,38.647411384423094
40.80441167,-73.90655667,45.723884990000045,42.93307166000002,38.46249869346156
40.80436667,-73.90649,46.55788187000002,42.924881728961054,38.3257180802251
40.80432333,-73.906415,46.55788187000002,42.44877817688314,37.991860663419374
40.804275,-73.90633,46.55788187000002,42.35744203538464,37.88535501226839
40.80422333,-73.90624167,46.586935040000014,42.16791720846155,37.72447874824283
40.80412,-73.90606,43.11251770999999,41.700240048846176,37.344543854857164
40.80407,-73.90597,43.11251770999999,41.734700531038975,37.23989325636365
40.80394333,-73.90573333,43.43381159000003,40.38280148750002,36.53878897417199
40.803915,-73.90568167,43.10397266000004,40.33020616392407,36.39579916057145
40.80389167,-73.90563,43.10397266000004,40.07740248215192,36.38053138254779
40.803875,-73.90562667,43.10397266000004,40.07289005230771,36.33257664142859
40.80382333,-73.905605,43.10397266000004,39.783755624683565,36.1288878241083
40.803785,-73.90562833,43.10397266000004,39.84281841537502,36.07378041566881
40.80373833,-73.90566833,43.10397266000004,39.69441006846156,36.07561170399363
40.80368667,-73.90572167,42.87325630999999,39.57806592615387,36.019356336485636
40.80363333,-73.90577667,42.87325630999999,39.25256908662502,35.88806042771431
40.80357833,-73.90583167,42.87325630999999,39.234576826538486,35.80962218980772
40.80352833,-73.90588333,42.87325630999999,39.06124204407897,35.80478540126626
40.80348333,-73.90592667,42.87325630999999,38.74813342250002,35.769706946634635
40.80344333,-73.90596667,42.136673,38.86036766038963,35.78526730825244
40.80340833,-73.906,42.136673,38.93988215346156,35.70098502528848
40.80338333,-73.90602333,42.136673,38.93988215346156,35.70493904726116
40.80331667,-73.90607,42.136673,38.83877504037501,35.66211302942859
40.80328,-73.90609333,42.136673,38.77727853291141,35.5943471833654
40.80319667,-73.90617,42.136673,38.57590793975002,35.55704436977709
40.80311667,-73.90625667,42.5297453,38.53318159423079,35.53305286479102
40.803035,-73.90634667,42.5297453,38.02430665142859,35.42636338199358
40.80296167,-73.90642833,42.5297453,38.30605854730771,35.482942053890696
40.802895,-73.90650333,41.063414720000026,38.310370511000016,35.48777500325952
40.80274667,-73.90665167,42.30586499000003,38.14968084575001,35.427620581142875
40.80267333,-73.906725,42.30586499000003,38.11123140730771,35.424733418461564
40.8026,-73.9068,41.51801138000002,37.79859037640003,35.374618891250016
40.80252833,-73.90687333,41.51801138000002,37.92387457025977,35.40324526816131
40.80245333,-73.90694833,41.51801138000002,37.96679541312502,35.390543202285734
40.80237833,-73.90702,41.51801138000002,38.123260208461566,35.48379641888537
40.80230833,-73.90709167,40.23283586000002,37.91823816650002,35.271276006000015
40.80225167,-73.90714667,40.23283586000002,37.812658596153874,35.287581388598745
40.802215,-73.90718,40.23283586000002,37.812658596153874,35.25925957141481
40.80219167,-73.907205,40.23283586000002,37.71340000103899,35.303265649708756
40.80219167,-73.90729,40.23283586000002,38.47103130783786,35.60363270477274
40.80221667,-73.90734333,41.059996700000056,38.66287091360003,35.762076655192324
40.80225167,-73.90740333,41.059996700000056,38.75906997675328,35.85451160106111
40.80229667,-73.90747,41.059996700000056,38.87927830696206,35.86881895522294
40.80234333,-73.90754833,41.059996700000056,39.27977795000004,36.126958324000014
40.802395,-73.90763833,42.729699470000014,39.58352022518991,36.396423084857155
40.80244667,-73.90773333,42.729699470000014,40.04977203558444,36.68925875435485
40.80250333,-73.90783167,42.729699470000014,40.31177897576927,36.865362279968174
40.802615,-73.90803167,43.56198734000003,40.856003051818206,37.36828232038587
40.80266833,-73.90812667,44.49852482000003,40.95765329346157,37.600993325576944
40.80271333,-73.90820333,44.49852482000003,41.53514645394738,37.97480639750002
40.80275833,-73.90829,44.49852482000003,41.4756805169231,38.05133902207008
40.80281167,-73.90837167,44.49852482000003,41.69096751860761,38.283328965509575
40.80283,-73.90840167,44.38573016000001,41.69096751860761,38.283328965509575
40.80285,-73.90844167,44.38573016000001,41.699636417750014,38.3036339829747
40.80287333,-73.90849167,44.38573016000001,41.770703845769255,38.42957368549522
40.80294,-73.908605,44.842035830000015,41.85183800000002,38.629861166346174
40.80298,-73.90866833,44.471180660000016,41.89201823077924,38.784563265922344
40.803025,-73.90873667,44.471180660000016,42.1214014619231,39.00182493112905
40.80307167,-73.90881667,44.471180660000016,42.12967955118423,39.23566447504856
40.80312,-73.90890167,44.471180660000016,42.13682443126584,39.29560494782749
40.80317,-73.90898667,42.4272047,42.14414444115386,39.43651936394233
40.80322,-73.90907667,42.73824452000002,42.2109372527273,39.68600227641937
40.80327167,-73.90917,42.73824452000002,42.1788141579747,39.79261116028573
40.80332167,-73.909265,42.73824452000002,42.17926678769233,39.93809736615386
40.80337667,-73.90936,42.73824452000002,42.20005780126584,40.11172401800001
40.80343333,-73.909455,42.73824452000002,42.18143175556964,40.225988934586006
40.80349,-73.90955167,42.20161538000002,42.094709876081104,40.33218849903848
40.80354833,-73.909645,42.20161538000002,42.09365921584417,40.559251239223315
40.80359333,-73.90975333,41.78461694000001,42.06437538708862,40.62256561678235
40.80364167,-73.90986,41.78461694000001,41.9880986819231,40.73583276828573
40.80368833,-73.90996167,41.78461694000001,41.93450588115387,40.872613613173094
40.80373333,-73.910065,43.41672149000004,41.84125223341773,40.907494598797484
40.803775,-73.91016667,43.41672149000004,41.80308739423078,41.01198607722046
40.80381667,-73.91026833,43.41672149000004,41.76098987675002,41.088338231766585
40.80385833,-73.91036667,43.41672149000004,41.74027032153848,41.14207272165607
40.80390333,-73.910465,43.41672149000004,41.62033003064936,41.15775870893206
40.803945,-73.91056667,43.72092527000004,41.61305862846155,41.24871316758844
40.80399,-73.91066667,43.21334930000003,41.66930258576925,41.265160594032274
40.80403333,-73.91077,43.21334930000003,41.57405814384617,41.286199510769244
40.80407667,-73.91087,43.08346454000002,41.52500278454548,41.33925995987099
40.80416833,-73.91104333,43.08346454000002,41.46627110225002,41.29980410958468
40.80421,-73.91112667,42.61690481000002,41.47620472287502,41.319479582246856
40.804245,-73.91121,42.61690481000002,41.50267301525002,41.34337668299365
40.80427167,-73.91128667,42.769006700000034,41.5021701719231,41.33170744961663
40.804295,-73.911345,42.769006700000034,41.48263937039477,41.29997157019419
40.80431167,-73.911385,42.769006700000034,41.47162709576925,41.28615752173635
40.80432167,-73.91140667,42.769006700000034,41.47162709576925,41.27356799790999
40.80437,-73.91156333,42.769006700000034,41.51638890215193,41.28245012228573
40.804385,-73.911605,42.769006700000034,41.52043428025319,41.26647022444091
40.80441833,-73.91168667,41.72992862000001,41.52484742000002,41.28018972475886
40.80443333,-73.91172667,41.72992862000001,41.53950892684214,41.278061937013
40.80448,-73.91183333,41.72992862000001,41.616473142800025,41.24197887701924
40.80449833,-73.91187667,41.72992862000001,41.59595521582281,41.22955021134617
40.804515,-73.91191667,41.19842651000002,41.617462615769256,41.216639517211554
40.80453333,-73.91195833,41.29754909000002,41.62249895341776,41.22242884789811
40.80455333,-73.91200333,41.29754909000002,41.625999449375016,41.21592351714287
40.80456833,-73.912045,41.29754909000002,41.62896723177218,41.209515964664554
40.80457167,-73.91207333,41.29754909000002,41.60901616250002,41.203661705189894
40.8046,-73.91214333,41.29754909000002,41.623222308125015,41.20723198057144
40.80461833,-73.91219333,41.07708680000002,41.61918909860763,41.21174914386584
40.804645,-73.912275,41.07708680000002,41.613416863250016,41.161303318338675
40.80469833,-73.91236667,41.07708680000002,41.614655895500015,41.141358555822805
40.804735,-73.91245333,40.91643986,41.58689097291142,41.132433687547795
40.804785,-73.912545,40.91643986,41.61241281987502,41.13749894714288
40.80482667,-73.91263,41.13006611000003,41.59620413623379,41.11950431829584
40.804865,-73.91271833,41.13006611000003,41.49083109767125,41.1324498747573
40.80490833,-73.91281,41.13006611000003,41.526290090779234,41.105505982419366
40.80495333,-73.91290833,41.13006611000003,41.55173728620255,41.105058318101285
40.80500667,-73.91301333,41.09588590999999,41.54611269632913,41.08927231257145
40.805055,-73.91312,41.09588590999999,41.51619281807694,41.092128279038484
40.80509833,-73.91322667,41.26336889000001,41.44956444784812,41.040278185886095
40.80514167,-73.91332167,41.26336889000001,41.40487059139242,41.0262939377143
40.80522667,-73.91352167,41.547064550000016,41.38578220884617,41.03088308270098
40.805275,-73.913625,41.547064550000016,41.32822249025976,41.00722553865387
40.805365,-73.913835,41.72138357,41.36364505175002,40.98059894375002
40.80540667,-73.91393667,41.72138357,41.38356926000001,40.97070092750002
40.805445,-73.91403,41.72138357,41.42694556142858,40.969628661548406
40.80548,-73.91411167,42.14521805000004,41.36356507884617,40.91686574747605
40.80550667,-73.914175,42.14521805000004,41.3054235158228,40.903301165286635
40.805525,-73.91421167,42.14521805000004,41.33175092303798,40.90727434140129
40.805535,-73.91423333,42.14521805000004,41.33685632000001,40.8930090063376
40.80557833,-73.91437,41.823924170000026,41.33458485101268,40.866105705605115
40.80556833,-73.91442167,41.823924170000026,41.28017776050634,40.86115474285716
40.80556,-73.914445,41.823924170000026,41.28017776050634,40.86596419522295
40.80552333,-73.9145,41.823924170000026,41.25346539615386,40.87670262103228
40.80547833,-73.91452667,41.823924170000026,41.16968406909093,40.866845598746
40.80542667,-73.91456333,41.823924170000026,41.13893981576924,40.84213364385854
40.80536667,-73.91460167,41.196717500000034,40.94246939692309,40.84008019061292
40.80530167,-73.91464667,40.87029659000001,40.839884976153854,40.85198655360131
40.80523667,-73.91469667,40.87029659000001,40.79951328974684,40.88255805857145
40.80517333,-73.91474167,40.87029659000001,40.67755093653848,40.895991609777084
40.80511833,-73.91478167,40.87029659000001,40.6191816719231,40.89760252932909
40.805075,-73.91480667,40.87029659000001,40.59036507860761,40.89536389003197
40.80498167,-73.91489167,40.15934843000002,40.53835426307694,40.88630413382639
40.80494,-73.914925,40.15934843000002,40.53162407584417,40.86456154682695
40.80488833,-73.91497167,40.15934843000002,40.32854042000002,40.84197901330099
40.804825,-73.91502333,40.15934843000002,40.13588838363638,40.86880189315115
40.804755,-73.91507667,40.27897913000001,40.1382562179747,40.88731049210193
40.80467,-73.91513833,39.19546679000004,40.039367163846165,40.87742653617836
40.80457833,-73.91521167,39.19546679000004,39.99554306645572,40.872468230095556
40.80448833,-73.91528333,39.45694532000002,39.89274287000002,40.846195166923096
40.80440167,-73.91535,39.45694532000002,39.80477382894739,40.84500105096156
40.80413167,-73.91556,38.98354955000002,39.62092588444446,40.812249740854455
40.80405,-73.915625,38.98354955000002,39.52971885974687,40.77093063832281
40.80396833,-73.91569333,39.05020094,39.45257291779224,40.76455228315114
40.803895,-73.91576167,39.05020094,39.50492739822786,40.786723823917214
40.80383,-73.91581333,39.05020094,39.46586284653848,40.748255747692326
40.80378667,-73.91585333,39.05020094,39.46213893480522,40.729634041129046
40.80376333,-73.91588,39.05020094,39.47352271700002,40.72794097108628
40.80375167,-73.91591167,39.05020094,39.47352271700002,40.71571826831212
40.80376667,-73.91602,39.05020094,39.36104356653849,40.71786056663464
40.80379333,-73.91610167,39.05020094,39.33233902126584,40.74088534550957
40.80383,-73.91619833,38.58705923000002,39.26577416341775,40.704620277714305
40.80387667,-73.91630333,38.58705923000002,39.18917043736844,40.67933401777422
40.80392,-73.91641167,38.58705923000002,39.07478439153848,40.69614189788464
40.80396833,-73.916525,38.41444922000002,38.98766870230772,40.69803827337622
40.80401667,-73.91664333,38.14613465000002,39.04419749461541,40.67465615906755
40.80417333,-73.91703167,38.18373287000003,38.92079210683546,40.59442754267518
40.80422333,-73.917165,38.18373287000003,38.89020299113927,40.587607830796195
40.80427333,-73.917295,37.81971374000005,38.90549754898736,40.573124165428595
40.80432333,-73.91742167,37.81971374000005,38.869327109493696,40.5391501317143
40.80437167,-73.917545,38.01624989000001,38.82448015769233,40.512036439035384
40.80442,-73.917665,38.01624989000001,38.81517694835619,40.48222924785717
40.804465,-73.91777333,38.01624989000001,38.82323126576925,40.439400766430886
40.80450667,-73.91787167,38.25038426000003,38.80866807101268,40.427030233639265
40.80454167,-73.91795833,37.58557937000003,38.84596342848104,40.40532651057145
40.80456833,-73.91803333,37.58557937000003,38.810873808846175,40.36042737974443
40.80459,-73.91809167,37.58557937000003,38.82376821246756,40.3548185094534
40.804605,-73.91813,37.58557937000003,38.8483602005195,40.34440745853038
40.80464667,-73.91817167,37.58557937000003,38.84064170113926,40.342478346000014
40.80466667,-73.91821667,37.58557937000003,38.81708332278483,40.31877464857145
40.80469,-73.91826333,37.58557937000003,38.85355662481015,40.314163034285734
40.80471333,-73.91831333,37.58557937000003,38.833770160769255,40.279483068846176
40.80473667,-73.91836667,37.80091463000002,38.83216155025319,40.277639049142884
40.80475667,-73.91842667,37.80091463000002,38.871036119493695,40.25398418057145
40.80477667,-73.91848833,37.80091463000002,38.84813825116885,40.23222589180066
40.80479333,-73.91855,37.80091463000002,38.90873042389612,40.21120689577924
40.80480667,-73.91861167,37.58216135000004,38.95451857493508,40.187489395305484
40.80480667,-73.91873167,37.58216135000004,38.9645990087342,40.166347232857156
40.80479667,-73.91877,37.58216135000004,38.9645990087342,40.16014054257145
40.804775,-73.91879833,38.26063832,39.01459295949369,40.15392842685716
40.80475,-73.91882167,38.26063832,39.00570259212502,40.153950128571445
40.80472667,-73.91884,38.26063832,39.0587881877778,40.1373205890823
40.80469,-73.91885667,38.26063832,39.03101243531647,40.132546812857164
40.80467667,-73.91885833,38.26063832,39.03101243531647,40.135455050575096
40.80465,-73.91886667,38.26063832,39.08531136063293,40.124340938535056
40.804585,-73.91888667,38.76308726000002,39.16764670316457,40.12791892228574
40.80453,-73.91890333,38.76308726000002,39.16481277518989,40.13034440086264
40.80437833,-73.91896,39.42789215000002,39.3432850575325,40.102720301221886
40.80431,-73.91901333,39.42789215000002,39.48775247394739,40.07586053503228
40.80436667,-73.91925333,39.42789215000002,39.57960464531648,39.98667372561516
40.80433333,-73.91928333,39.42789215000002,39.62641502412502,39.98138894742859
40.80428833,-73.919295,39.42789215000002,39.65916392825002,39.965546696000025
40.80417,-73.919355,39.99357446000002,39.89325557300002,39.87682095405065
40.80410333,-73.91938833,39.99357446000002,39.93360573730772,39.87017083376998
40.80402833,-73.919435,40.49773241,39.98541168855265,39.85774937906754
40.80400833,-73.91945333,40.49773241,40.03456760527029,39.839296467234746
40.80391667,-73.91954167,41.92988279000002,40.410639484805216,39.769529293729924
40.80387,-73.91958167,41.92988279000002,40.442438364936734,39.7344722677143
40.80382,-73.919625,41.92988279000002,40.50845064555558,39.73688223965192
40.80377333,-73.91965833,41.92988279000002,40.60745517860762,39.70921478974524
40.80373333,-73.91969167,42.31953707000002,40.67378207303799,39.674449292056984
40.80370167,-73.91973167,43.03732127000001,40.67378207303799,39.62170574463725
40.80368333,-73.91977167,43.03732127000001,40.69296042888891,39.60556969914558
40.80371833,-73.91994333,43.03732127000001,40.86112418189875,39.567681523865836
40.80374667,-73.92001833,41.63422406000001,40.86041029164559,39.563262018285734
40.803775,-73.92010667,41.63422406000001,40.8914969672152,39.52802707350321
40.80385333,-73.92030667,41.63422406000001,40.925269745000016,39.43029681471156
40.80394833,-73.920525,41.98115309000002,40.89615084384618,39.40705537423079
40.80399333,-73.92064,41.24115175999998,40.91051381233768,39.40371872559487
40.80408,-73.92086167,41.52313841,40.81775548769232,39.37359948504825
40.80412667,-73.92096167,41.52313841,40.81748607111113,39.33812585892407
40.80416667,-73.92105167,41.745309710000015,40.81465641632913,39.31058004318473
40.80420167,-73.92113167,41.745309710000015,40.76942227475002,39.27837554582804
40.80427667,-73.92132333,40.97112818000002,40.72340937153849,39.27180439003197
40.80429667,-73.92137167,40.97112818000002,40.68543867500002,39.238995003428585
40.80432667,-73.92143833,40.97112818000002,40.61571818787502,39.229147850571444
40.80436167,-73.92151167,40.97112818000002,40.627638803038,39.224898538164574
40.80439667,-73.92159333,40.97112818000002,40.60412923769233,39.220448010128635
40.80443667,-73.921685,40.97112818000002,40.59209254880002,39.223382451736356
40.80448,-73.92178167,40.97112818000002,40.51695322376625,39.173887104244386
40.80456667,-73.92198667,40.20036467,40.392863283875016,39.11201193775318
40.80461,-73.92209,40.20036467,40.35393760658229,39.095432738000014
40.804655,-73.922195,39.85685366000004,40.365903651125016,39.12768516015976
40.80469833,-73.9223,39.85685366000004,40.30474245575002,39.094270538630596
40.80474333,-73.92240667,39.38003987000002,40.260850644177225,39.092953490479246
40.80478833,-73.922515,39.38003987000002,40.21247917126584,39.032033184012754
40.804835,-73.92262833,39.214265900000015,40.32022323800001,39.046224205192324
40.80492833,-73.92285833,39.214265900000015,40.20019160569622,39.03535493939299
40.80497,-73.92297167,39.27237224000001,40.1361145472152,39.0167663908599
40.80501167,-73.92308,39.27237224000001,40.12177240493507,39.00708978451615
40.805055,-73.92318167,39.879070790000014,40.130230360886095,39.02860427859875
40.80515167,-73.923385,40.272143090000014,39.99872285262502,38.90148451742859
40.80520167,-73.92349167,40.518240530000014,39.97231171220781,38.89248136874195
40.80524667,-73.92360167,40.518240530000014,39.99392058860761,38.930015083885365
40.805295,-73.92371,40.518240530000014,39.94810181417723,38.90522447507989
40.80539,-73.92392167,40.73699381,39.86324580129872,38.8922576428296
40.80543667,-73.92403,41.01727145000004,39.90932903115387,38.8650893295177
40.80548,-73.92413667,41.01727145000004,39.90837714666669,38.83805655310128
40.805525,-73.92424333,41.01727145000004,39.87289206153848,38.82242909449046
40.80557,-73.92434833,41.18988146000001,39.88147205721521,38.704364378417736
40.80561667,-73.92445833,41.131775120000015,39.93608161076926,38.73320697298079
40.80566167,-73.924565,41.41376177000004,39.96162246291141,38.68042543028573
40.80570167,-73.92465833,41.41376177000004,39.94749608911395,38.64475323742859
40.80573333,-73.92473667,41.41376177000004,39.95689647615387,38.65109780663464
40.80575833,-73.9248,41.41376177000004,39.95544356155847,38.60882025765275
40.805775,-73.92484667,41.41376177000004,39.95996393000002,38.619845674271865
40.80579,-73.92488167,41.41376177000004,40.003805425270286,38.59905548466021
40.80580167,-73.92491,41.41376177000004,39.98796890720002,38.54372950700966
40.80581333,-73.92493333,41.41376177000004,39.99752515844158,38.4989411406731
40.80585,-73.92506833,41.48383117999998,39.967506649240526,38.499613082246846
40.80589167,-73.92520667,40.81560827000004,39.98823109962028,38.43610210542859
40.80594167,-73.92524667,40.81560827000004,39.99872340038464,38.41606540837063
40.80596833,-73.92531333,40.81560827000004,40.004075876710544,38.392766844741956
40.80599167,-73.92536,40.92669392000005,39.96298318100001,38.35604897382167
40.80614,-73.92578333,40.35588458000004,40.08734806064937,38.20132627067963
40.80615333,-73.92582167,40.35588458000004,40.10423840623378,38.16130692205789
40.80618167,-73.92590333,40.35588458000004,40.10369605307695,38.11238718009617
40.80619167,-73.92594167,40.35588458000004,40.10369605307695,38.103206728942325
40.80620333,-73.92597833,40.35588458000004,40.12717631675001,38.09457496492015
40.80621333,-73.92601167,40.35588458000004,40.13245856379749,38.08766131105771
40.806225,-73.92603833,40.35588458000004,40.15964076065792,38.147948405774216
40.80624,-73.926065,40.35588458000004,40.13981688714288,38.151294757612916
40.80625,-73.926095,40.35588458000004,40.13981688714288,38.15810321520902
40.806265,-73.92612667,40.35588458000004,40.12080806346156,38.148092544951474
40.80629167,-73.92619333,40.68572351,40.08508417727274,38.14325516048233
40.80630167,-73.92623,40.68572351,40.10466011000001,38.11924401368934
40.80631667,-73.926265,40.68572351,40.11408157538464,38.05621990913463
40.80633,-73.92630333,40.68572351,40.1566096319231,38.00259419028756
40.80635,-73.92634,40.68572351,40.17211192240508,38.03316582337581
40.806365,-73.92638,40.68572351,40.16740213962502,38.004563516857154
40.80638333,-73.92641667,40.21574576,40.158504741519,37.9828996245687
40.80639333,-73.92645333,40.21574576,40.15253430038464,38.01772884096155
40.80640667,-73.92648667,39.65177246000002,40.14028972354433,38.044824101783455
40.80641333,-73.92652167,39.65177246000002,40.159220254250016,37.9191618457143
40.80642333,-73.92654833,39.65177246000002,40.17780573800002,37.921632390158244
40.806435,-73.92657667,39.65177246000002,40.16573017620255,37.959505332571446
40.80644833,-73.926605,39.65177246000002,40.16573017620255,37.964097871464986
40.80646167,-73.92663,39.65177246000002,40.13698176162502,37.97288580878596
40.806495,-73.92664333,39.65177246000002,40.12609845063293,37.99218681009617
40.80659833,-73.92671833,39.01431173000003,40.11160712467534,38.03133423871384
40.80661333,-73.92674833,39.01431173000003,40.05785099194807,38.03447749826368
40.80663333,-73.92679167,39.01431173000003,40.04013402730771,38.01043816048079
40.80665667,-73.92684667,39.01431173000003,40.04013402730771,38.02151342239618
40.806685,-73.92690667,38.94936935000004,39.99670764500002,38.049437761612914
40.80674333,-73.92704167,38.72036201000003,39.87659491653849,38.08660505086818
40.80677333,-73.92711333,38.72036201000003,39.84282178842108,38.07876747334417
40.80680333,-73.92719,38.72036201000003,39.802778830769256,38.04001222712461
40.80684333,-73.92727333,38.72036201000003,39.73481768666669,37.985065865759516
40.806885,-73.92736167,38.72036201000003,39.70778039531648,38.01084528194269
40.80692833,-73.92745333,38.72036201000003,39.62515462925002,38.00110209342859
40.80697,-73.92754667,39.78849326000002,39.61803615870132,38.01647519356915
40.807015,-73.92765333,39.78849326000002,39.53317154807695,37.94593946576925
40.807105,-73.92789167,40.80022718000004,39.43404014701301,37.973431221446965
40.80715167,-73.928015,40.77630104000002,39.36355023297299,38.08653981741938
40.80720167,-73.92813667,40.77630104000002,39.208832124615405,38.02985076125002
40.80734167,-73.92849167,40.484060330000005,38.98923200825002,38.05296357447286
40.80738667,-73.92860333,39.971357330000046,38.864944256000015,38.02795171006371
40.80743667,-73.92871667,39.971357330000046,38.92643832974686,38.07688425437701
40.807485,-73.92882833,39.08609015000002,38.76786816139243,38.0651961541083
40.80753333,-73.92894,39.08609015000002,38.61684157760001,38.08250562495178
40.807575,-73.92904667,39.08609015000002,38.50100158171054,38.1076543603226
40.807615,-73.92914667,38.59560428000003,38.45830668912502,38.0971211196154
40.80765,-73.929235,38.59560428000003,38.46181947153848,38.14416355539937
40.80767833,-73.92931333,38.59560428000003,38.4527266619231,38.123791535288476
40.80769833,-73.92938333,38.59560428000003,38.377583432857165,38.13487951941749
40.80772667,-73.92942833,38.59560428000003,38.3416410119231,38.13585874961663
40.80777333,-73.92943167,39.36294977000003,38.36588304974686,38.10152622337581
40.80781833,-73.92942333,39.36294977000003,38.33715437531647,38.16436409000002
40.80786833,-73.92940667,39.36294977000003,38.446788947692326,38.13978063846156
40.80792167,-73.929375,39.36294977000003,38.54545832868423,38.14241893148389
40.80798,-73.92933,39.36294977000003,38.706963371600025,38.203370052211554
40.808045,-73.92927667,39.64664543000004,38.88924327090911,38.299834934466034
40.80811333,-73.92922,39.64664543000004,39.03851909949369,38.37611856714288
40.80823667,-73.929115,39.64664543000004,39.1454079401266,38.40715054990447
40.808295,-73.92906667,39.64664543000001,39.197474876750015,38.436325629651925
40.80834833,-73.92902667,39.64664543000001,39.2739278773077,38.48358545628573
40.80839833,-73.92898833,39.64664543000001,39.294151162307706,38.54192158324761
40.80844333,-73.92895,39.64664543000001,39.32010904635137,38.61227539690324
40.80848333,-73.92892333,39.64664543000001,39.58338832375002,38.714775508459034
40.80851167,-73.92890667,39.64664543000001,39.51703411160002,38.78286451720259
40.808535,-73.92889,39.64664543000001,39.679471738961055,38.787518959228315
40.80855833,-73.92887167,39.879070790000014,39.64561564192309,38.79185467913185
40.808615,-73.92883333,39.879070790000014,39.63559094759496,38.81975672535033
40.80865,-73.92881333,39.23819204,39.67994976237502,38.82463874714287
40.80868667,-73.92879,39.23819204,39.66738853887502,38.87492704457145
40.808725,-73.92876,39.23819204,39.71277097076925,38.91074463198085
40.80875833,-73.92873167,39.23819204,39.695600994936726,38.946421848575966
40.80878,-73.92871333,39.23819204,39.82230569835444,38.97032921468155
40.808945,-73.92870167,38.68959983000002,39.91861300887502,39.10680029354634
40.80916,-73.92889333,39.80900138000004,40.32076442450002,39.1756248016933
40.80921833,-73.92895667,39.80900138000004,40.374267392692325,39.07595659711541
40.80928,-73.92902667,39.80900138000004,40.42089185911393,39.01945514028756
40.80934333,-73.92909833,40.91302184,40.495629013076936,38.98496824740386
40.80940833,-73.929165,41.60346188000005,40.70199155455697,38.95726464859426
40.80946833,-73.92924,41.60346188000005,40.8234302773077,38.978042740000014
40.80953333,-73.92931167,41.60346188000005,41.01124609423078,38.90828758884986
40.809595,-73.92939,41.60346188000005,41.11372370187502,38.83919553600641
40.80965667,-73.92947167,42.62544986,41.118957545000015,38.79363242285715
40.80972,-73.92955667,42.62544986,41.21526025850002,38.711561964857154
40.80985667,-73.92972667,43.00997711000002,41.44030691233768,38.736854786116524
40.80992333,-73.929815,44.53270502000004,41.77236153934212,38.61580167090911
40.809995,-73.92990333,42.435749750000014,41.67454804278482,38.5551794117143
40.81013833,-73.93008167,42.435749750000014,41.65543714662501,38.45379999165607
40.81020833,-73.930175,42.709191350000026,41.775583601428586,38.42845101254021
40.81028,-73.93026833,42.709191350000026,41.9084087078261,38.42046717652461
40.81035167,-73.93036167,42.709191350000026,41.56682771692309,38.37298929471155
40.81042667,-73.93046,41.50775732000005,41.54790823848103,38.36503441657144
40.8105,-73.930555,42.83565809000001,41.544040916923095,38.27761339048079
40.81057333,-73.93064833,42.83565809000001,41.34380191192309,38.22983245923325
40.81064833,-73.93073,42.83565809000001,41.228012358441575,38.23841009253249
40.81072667,-73.93080333,44.03367410000001,41.051159319342126,38.237311443246774
40.810895,-73.93093167,44.03367410000001,41.00530838000002,38.23616442038463
40.81098667,-73.93099167,44.10545252000003,40.952307436962045,38.244941552993645
40.81107667,-73.93105167,44.10545252000003,40.86501618730772,38.24283522538219
40.81117,-73.93110333,44.10545252000003,41.00217889415586,38.312219349090924
40.811265,-73.931135,44.372058080000016,40.69196796961539,38.29439818097089
40.81136333,-73.93114,44.372058080000016,40.69502571632913,38.284051210990434
40.81145667,-73.93114,44.372058080000016,40.73044260500002,38.33179229403848
40.81154833,-73.93112667,44.09690747000002,40.73044260500002,38.390792345241174
40.81162333,-73.9311,44.09690747000002,41.12480415815792,38.463866242922094
40.81169333,-73.93104833,44.09690747000002,41.11341421769233,38.50078709057694
40.81176167,-73.93097167,44.09690747000002,41.160871556075975,38.547458093821675
40.811825,-73.930875,44.021711030000034,41.33927922025318,38.63463850520768
40.81188833,-73.93076667,44.021711030000034,41.596842170379766,38.71369577548079
40.811945,-73.93065,44.021711030000034,41.95472916615387,38.78771775236424
40.81199667,-73.93053333,44.021711030000034,42.1622432508861,38.932593924857166
40.812045,-73.93042,45.00780980000002,42.361670739615406,39.009655773269245
40.81209333,-73.93031,43.59958556000004,42.60033880640002,39.089519125192325
40.81214,-73.93020667,43.59958556000004,42.918523164615394,39.3033151806731
40.812185,-73.93011333,44.48314373,43.02261080417723,39.39919819866244
40.81222833,-73.93002833,44.48314373,43.06914346886077,39.48917080568692
40.81226833,-73.92995333,44.48314373,43.09235139200001,39.6282545230255
40.81230333,-73.92989167,44.85741692000002,43.26665310556962,39.648370664778504
40.812355,-73.9298,43.688454080000014,43.46961202025976,39.806039462347286
40.81237833,-73.929755,43.688454080000014,43.47620818423078,39.79841971424922
40.81240667,-73.92971,43.688454080000014,43.53650362126584,39.87610850600002
40.81245667,-73.92962333,43.688454080000014,43.51891596139242,39.963674923142875
40.81248,-73.929575,43.688454080000014,43.602441121012674,40.03732074792334
40.81250667,-73.92952667,43.688454080000014,43.60853011883118,40.06637171288463
40.81253333,-73.92948333,43.688454080000014,43.57517113142858,40.103110975129056
40.81259333,-73.92942333,43.028776220000026,43.61896173831171,40.253926472154355
40.81262667,-73.92941,43.028776220000026,43.6206414396154,40.33102124096776
40.81266,-73.92941,43.028776220000026,43.6206414396154,40.329529557620596
40.81269667,-73.92942667,43.028776220000026,43.58887720620255,40.29011772552718
40.81273,-73.929465,43.028776220000026,43.58887720620255,40.23744747428573
40.81276,-73.92950833,43.028776220000026,43.47584458278482,40.24928372057327
40.81279833,-73.92955,43.028776220000026,43.43043683607597,40.12656700570066
40.81284,-73.92958167,43.028776220000026,43.351202319125015,40.14275361633759
40.81296667,-73.92971667,42.743371550000006,43.17295451818183,40.100933365612924
40.81303167,-73.92978833,42.743371550000006,42.92246248103897,40.05016961752413
40.813085,-73.929845,42.743371550000006,42.79932498129871,40.0267678445484
40.81312333,-73.92989167,42.070021610000026,42.71366106846156,39.97636969798724
40.81315,-73.92992833,41.38641761000002,42.595990800125016,39.94446890600002
40.81341833,-73.930185,40.933529960000016,42.04152331337664,39.79459686714287
40.81345167,-73.93022,40.933529960000016,41.9259250826316,39.76382216692309
40.81346667,-73.93025,40.933529960000016,41.680731918800014,39.72188583167205
40.81348,-73.93027833,40.933529960000016,41.50496075818183,39.670077001189725
40.81349333,-73.93031333,40.933529960000016,41.4233943718182,39.650678913408385
40.81350833,-73.93035333,40.933529960000016,41.27985326493673,39.625995347507995
40.81354833,-73.93044667,40.68401450000002,41.19412153544307,39.56363870544588
40.813565,-73.93049,40.68401450000002,41.122717367000014,39.52218160617836
40.81359833,-73.93057667,40.68401450000002,40.86467821962501,39.421018252183565
40.813615,-73.93061667,40.68401450000002,40.72560753087502,39.40198658702534
40.813655,-73.930715,40.68401450000002,40.53627277653848,39.30060377057694
40.81368333,-73.93075833,40.877132630000006,40.21726007265825,39.302015100351454
40.81371833,-73.93080167,40.877132630000006,40.20610519076925,39.28964680457144
40.81376167,-73.93083333,40.877132630000006,39.95690646063293,39.2332282912102
40.813815,-73.93085,40.877132630000006,39.7625513646154,39.21954630269232
40.81387667,-73.93085333,40.877132630000006,39.63834773671054,39.226918086935505
40.81402833,-73.930825,41.00018135000002,39.74243652215192,39.30582855996817
40.81411333,-73.930795,41.00018135000002,39.853954832911406,39.29127951518989
40.81437833,-73.9307,40.86346055000004,39.94129224618423,39.322755169423104
40.814475,-73.93066333,40.509695480000005,39.957904353846175,39.335059600415356
40.81457833,-73.93062833,40.509695480000005,39.96672785987344,39.33171707142407
40.81468167,-73.93060333,40.509695480000005,40.07744741230772,39.35475416613421
40.81478667,-73.93059167,40.02091862000003,40.04337989428574,39.32401190667744
40.81489333,-73.930585,40.02091862000003,39.9697564851899,39.270008830601284
40.81499333,-73.93058333,40.02091862000003,39.881442041375024,39.21648652445861
40.81508833,-73.93058333,40.090988030000005,39.8326895565823,39.1925787794304
40.81517667,-73.93058333,40.090988030000005,39.89782607923078,39.189052524903865
40.81535333,-73.93057833,39.88590683000001,39.79682197962028,39.07347060314287
40.81544333,-73.930575,39.88590683000001,39.79377172126585,39.04801144156551
40.81561667,-73.93055333,39.957685250000026,39.71954127961541,39.02497529718851
40.81572333,-73.93053667,39.957685250000026,39.70758569797472,38.96674976259617
40.81583333,-73.930525,40.24479893000003,39.77899635632914,38.94310298000002
40.81593667,-73.93048833,40.24479893000003,39.717306420384645,39.009048632324856
40.81602167,-73.93045333,40.24479893000003,39.68973384462503,38.92405430028573
40.81611333,-73.930395,41.05828769000004,39.7278788923377,38.88049624700002
40.81619333,-73.93036,41.05828769000004,39.73746710428575,38.902055600482335
40.81624667,-73.930335,41.05828769000004,39.87409713269233,38.980509484134636
40.81630333,-73.93032667,41.05828769000004,39.87305680544306,38.96226361134617
40.816355,-73.93031833,41.50946633000004,39.86717180787502,38.94612494371431
40.81645,-73.93029833,41.50946633000004,39.927278188961054,38.94073088144697
40.8165,-73.93028667,41.50946633000004,39.927278188961054,38.92002857961167
40.816545,-73.93027167,41.50946633000004,39.98140353743245,38.891810769615404
40.81658667,-73.93025167,41.50946633000004,39.98373610513515,38.888829468252446
40.81662167,-73.93023167,41.94013685000005,39.91771720280001,38.90250851490386
40.81664333,-73.93021167,41.94013685000005,39.914738050649376,38.91933803279745
40.816665,-73.93021167,41.94013685000005,39.914738050649376,38.9265606396154
40.81667833,-73.93021,41.94013685000005,39.857839627307726,38.889784059038476
40.81672667,-73.93019,41.94013685000005,39.857839627307726,38.87768345601913
40.81674833,-73.93017333,41.94013685000005,39.85540100150002,38.887074579142876
40.81682667,-73.93013,42.09394775000004,39.92339688481015,38.90160959601913
40.81686833,-73.93010667,42.09394775000004,39.915803955555575,38.896779434683566
40.816915,-73.93010667,42.04951349000004,39.9082321251899,38.940960367675174
40.81700667,-73.93005667,42.04951349000004,39.92463726912502,38.915172717211554
40.81706,-73.930025,42.04951349000004,39.94262865556964,38.925383148945706
40.81712167,-73.92999667,42.04951349000004,39.95712982175002,38.92815592428573
40.81719,-73.929965,41.697457430000014,39.9541195377778,38.95373922367091
40.81732,-73.9299,41.697457430000014,40.09225883230772,38.990314834808935
40.81737833,-73.92986833,41.697457430000014,40.09225883230772,38.9600890056731
40.81743167,-73.92984,41.244569780000006,40.101378810800014,38.94220909266883
40.81748167,-73.92981167,41.244569780000006,40.20528100013701,38.95171646438314
40.81758,-73.92973333,41.244569780000006,40.247625369615406,39.00031099423079
40.81762,-73.92971667,41.244569780000006,40.247625369615406,39.00308109285716
40.81773833,-73.92967333,40.85149748000004,40.27801781187502,38.98429048155065
40.817805,-73.92964833,40.85149748000004,40.26563154556964,38.99856053592359
40.81787333,-73.92962,40.63787123000003,40.26718912430381,38.95991825517574
40.81794333,-73.92959167,40.63787123000003,40.28043178850002,38.99335588214059
40.818015,-73.92956667,39.86539871000002,40.31778880012659,39.01439285389243
40.81808333,-73.92953833,39.86539871000002,40.35651754666669,39.02371669325951
40.818155,-73.92951,39.86539871000002,40.35975689379748,39.07955890159238
40.81822333,-73.929485,39.40225700000002,40.403520529620266,39.03236755628574
40.81835,-73.92944333,39.40225700000002,40.344254434025984,38.927808259322596
40.8184,-73.92942333,39.40225700000002,40.3855448982895,38.92475303288463
40.818435,-73.92941833,39.40225700000002,40.41940648415586,38.95125420668812
40.81851333,-73.929435,39.15615956000005,40.416839270000025,38.96342363670929
40.81856333,-73.92941833,39.15615956000005,40.422882098607616,38.9858063196154
40.81862,-73.92940167,39.15615956000005,40.42331475936712,38.98000006769233
40.81868167,-73.92938667,39.15615956000005,40.45145597038962,38.95719220545163
40.81880333,-73.92934,39.60392017999999,40.48884093905407,38.93286362116131
40.81886,-73.92931167,39.60392017999999,40.4870960714474,38.969773395673094
40.81891167,-73.92928167,39.60392017999999,40.483627669240526,38.95369085936308
40.81896667,-73.92925667,39.60392017999999,40.47965634269232,38.93275668771431
40.81903,-73.92923333,41.28216800000001,40.44962053354432,38.91604638504794
40.819095,-73.92921167,41.28216800000001,40.42802168111114,38.93032224485807
40.81916333,-73.92918167,41.28216800000001,40.41478133712503,38.93547012310129
40.819235,-73.92915,41.28216800000001,40.39209422937503,38.92192690827478
40.81930833,-73.92911667,42.24092261000001,40.40109762936711,38.934861875335486
40.81946333,-73.92904833,41.28729503000005,40.37019753875002,39.02980675400002
40.81955,-73.92901333,41.28729503000005,40.35925933392407,38.968396328000026
40.81963833,-73.92897833,41.83076021000002,40.32776359727275,38.989445909260475
40.819725,-73.92894333,41.83076021000002,40.32643879959462,38.95764426616132
40.819815,-73.92891167,41.83076021000002,40.25489558118424,39.00001264308444
40.8199,-73.92888167,41.957226950000006,40.23002356506332,39.048261870961554
40.81998333,-73.92884333,41.957226950000006,40.23534529240509,39.04860586400002
40.820065,-73.92880667,41.957226950000006,40.18801220531648,39.06202837428573
40.82014833,-73.92877333,41.50263029000001,40.14433981653848,39.048404006655964
40.82023333,-73.92874,41.50263029000001,40.10018207113926,39.074804131885
40.82031333,-73.92870667,41.50263029000001,40.09637465645572,39.11731097805114
40.82038833,-73.92867667,40.94549303000002,40.05832214265824,39.085614223164576
40.82045,-73.92865167,40.94549303000002,40.06931172594939,39.09161198294306
40.8205,-73.92862833,40.94549303000002,39.98052973810128,39.09843842542859
40.82053667,-73.92861167,40.94549303000002,40.00008600443039,39.09415776228574
40.820575,-73.92859667,40.94549303000002,39.99964363653848,39.09744520682694
40.820625,-73.92858,40.94549303000002,40.00895555000002,39.07654174574195
40.82068333,-73.92856833,40.26359804000003,39.99372783269233,39.133564475865406
40.820745,-73.92855167,40.26359804000003,39.9216207569231,39.149530342866264
40.820815,-73.92852667,39.73893197000001,39.909357043164576,39.21173525057694
40.82088167,-73.92849167,39.73893197000001,39.86699955481014,39.223429918365404
40.82094833,-73.92845833,38.69472686000003,39.88575146545456,39.27518740533982
40.82101333,-73.92843,38.69472686000003,39.86791725105265,39.265966208967754
40.821145,-73.928375,38.69472686000003,39.64239481538463,39.305717168231524
40.82120833,-73.928355,38.22133109000001,39.65221066769233,39.29944512857145
40.82125167,-73.928345,38.22133109000001,39.61834941632913,39.29574498628573
40.82132333,-73.92833167,38.22133109000001,39.55295274253167,39.28746486652868
40.821405,-73.92832833,38.22133109000001,39.48038943153848,39.28008177400002
40.82146,-73.92832,37.90516424000003,39.41963193500002,39.265394237508005
40.82167667,-73.928145,37.32580985000004,39.16883652025319,39.31742152589174
40.82165,-73.92811333,37.32580985000004,39.13812731346156,39.31887358828573
40.82158833,-73.928045,37.32580985000004,39.03730568272729,39.373621465884256
40.82152667,-73.92799167,37.92396335000001,38.98569150920002,39.4066397837097
40.821495,-73.927975,37.92396335000001,39.05971596864867,39.4375436744231
40.821425,-73.927945,38.58535022000001,39.1940241192208,39.456022124887475
40.82138667,-73.92791333,38.58535022000001,39.16505517615387,39.46764969057145
40.82124667,-73.92773167,38.58535022000001,39.15337450666669,39.50481377359623
40.82120333,-73.92767167,38.58535022000001,39.0906036892308,39.50875816285716
40.82109667,-73.92757667,39.23306501000002,39.034250180000015,39.57834586854371
40.82103833,-73.92753667,39.23306501000002,39.19567464256759,39.59178620900002
40.820985,-73.92748833,39.23306501000002,39.20472573025319,39.60067744307694
40.82092833,-73.92743833,38.22474911000003,39.23983696212502,39.62812844228573
40.82081667,-73.92735,38.821193600000015,39.33396149911395,39.65206636617836
40.82076333,-73.92731167,38.821193600000015,39.34916952481015,39.65373727722932
40.82071,-73.92727,38.821193600000015,39.3780928965823,39.67535137257145
40.82066,-73.92723333,38.821193600000015,39.42846182000002,39.6536133550161
40.82061,-73.92719667,39.61246523,39.53700245077925,39.673088073398084
40.82055667,-73.92715833,39.61246523,39.61862204807695,39.720391967967764
40.82051,-73.92711833,39.61246523,39.5489845032895,39.741991649193565
40.82047,-73.92708667,39.61246523,39.583543522307714,39.762140544903865
40.82044167,-73.92707333,39.61246523,39.60978273329116,39.762140544903865
40.82026167,-73.92697167,40.23454487000004,39.76651409341773,39.81664580885717
40.820215,-73.92695667,40.23454487000004,39.80104791038463,39.83947324740387
40.82017167,-73.92693167,39.77311217000002,39.91502746092107,39.850017620000024
40.82011667,-73.9269,39.77311217000002,39.95924282873419,39.904177997420405
40.820065,-73.92686,40.39177379,39.99098958237503,39.9424123251899
40.82,-73.926745,40.39177379,40.05170243303799,39.977108284285734
40.82000833,-73.92668833,40.39177379,40.01896546571431,39.98938711073958
40.820035,-73.92663667,40.39177379,40.02556362153848,40.01620373067526
40.820075,-73.92659,40.39177379,40.03822782384616,39.99360732557694
40.820125,-73.92655167,39.77311217000002,39.98023103576925,39.994576860096174
40.82017333,-73.92651,39.77311217000002,39.94985978315792,39.948873860779244
40.82022333,-73.92646667,39.77311217000002,39.84586407670888,39.94963160862622
40.82026667,-73.92642667,39.77311217000002,39.84954169316458,39.928821970000016
40.82030333,-73.92639667,39.98673842000005,39.73307861075002,39.93755811949047
40.82032833,-73.92637,39.98673842000005,39.713655501111134,39.923364435253184
40.82045167,-73.92624833,39.28604432000003,39.61331973500003,39.907696707500016
40.82049167,-73.92622333,39.28604432000003,39.59009069118423,39.91275875087381
40.820535,-73.92619,39.28604432000003,39.6085589214286,39.914921158863656
40.82058667,-73.92613,39.28604432000003,39.54850881730771,39.90130451233012
40.82063667,-73.926065,39.51505166000001,39.44083179714288,39.90519659125808
40.820685,-73.92600333,38.78530439000002,39.4038145787342,39.88973587772154
40.820725,-73.92593667,38.78530439000002,39.35609236737501,39.89768001000002
40.820775,-73.92585833,39.49625255000001,39.325567880379765,39.89324200942859
40.820845,-73.925785,39.49625255000001,39.22746800225002,39.86669407426753
40.82091,-73.925715,39.482580470000016,39.22522109230771,39.85937883182694
40.82094833,-73.92565167,39.482580470000016,39.24833793481015,39.8787886677143
40.82097,-73.92558667,39.482580470000016,39.20783574987502,39.86776962228573
40.82097167,-73.92545167,39.482580470000016,39.28470778653848,39.874551408000016
40.82095667,-73.92536667,39.482580470000016,39.36380427500002,39.88980687846156
40.820935,-73.925175,40.220872790000016,39.465722457777794,39.917572189335466
40.82093,-73.92508,40.220872790000016,39.53679286316458,39.9027020848243
40.82092,-73.92498333,40.51140449000002,39.62072905050636,39.949009989714305
40.82091667,-73.92488333,40.51140449000002,39.63008800844159,39.93711668270098
40.82091,-73.92478833,40.51140449000002,39.699646373038,39.929288556857166
40.82097167,-73.92455833,40.76433797000004,39.90602056307695,39.946009727714305
40.821035,-73.92452,40.76433797000004,39.84795804384617,39.91838904587098
40.82110167,-73.924485,40.76433797000004,39.798281226363656,39.896297829903865
40.82117,-73.92444667,40.76433797000004,39.82296199415586,39.882295857258086
40.82124,-73.92439833,40.32683141000001,39.87467619285716,39.87892241935693
40.82131,-73.92435167,40.32683141000001,39.86126679974685,39.845328659019
40.82137333,-73.92431667,40.32683141000001,39.91640608538464,39.81278950407645
40.82143,-73.92429167,40.32683141000001,39.936300714615406,39.83229960897766
40.82147833,-73.924275,39.69620672000002,39.943947438846166,39.81433173273314
40.82151833,-73.92424833,39.69620672000002,39.93951577526318,39.800157668058276
40.821565,-73.92421667,40.34050349000003,39.93295868759496,39.79343464674124
40.82162,-73.92418,40.34050349000003,39.94125246153848,39.77954672828573
40.82168167,-73.92413833,40.34050349000003,39.9117740677778,39.81095299394323
40.821745,-73.92409833,39.78165722,39.94266732462502,39.80010255404461
40.82180833,-73.92406,39.78165722,39.95860384287502,39.80735747514288
40.821875,-73.92401833,39.78165722,39.99841665500004,39.794573391730786
40.82194,-73.923975,40.420826960000056,40.02636466520002,39.81922246874599
40.82199833,-73.92393167,40.01579159000005,40.11532987513515,39.802759054513004
40.82205,-73.92388833,40.01579159000005,40.038073619113945,39.79050353778848
40.82210167,-73.92385333,40.01579159000005,40.02696588615387,39.78172232514287
40.82214667,-73.92381667,40.01579159000005,40.04232397025002,39.774539950506345
40.82218167,-73.92378667,40.01579159000005,40.037088483846176,39.76113817980833
40.82222167,-73.92375667,40.01579159000005,40.05762988544306,39.790757426114666
40.822265,-73.92372833,39.66886256000004,40.05133023384618,39.77949502204474
40.82234667,-73.92368,40.85491550000003,40.00997230278482,39.78892729428573
40.82239167,-73.92365833,40.85491550000003,40.03752669153848,39.77026015652735
40.82244167,-73.92363167,40.85491550000003,39.999900016493534,39.7517138261415
40.82249167,-73.9236,40.85491550000003,39.94098953692311,39.78483345080387
40.822545,-73.92356667,40.56780182,40.02304392730771,39.7961618946154
40.8226,-73.923535,40.56780182,40.08546149116885,39.799293329584685
40.82270667,-73.92347,40.56780182,40.11175907461541,39.800171495000015
40.82278833,-73.92342,40.56780182,40.21812539417723,39.80043455917199
40.82282167,-73.92340167,41.21893463000001,40.18713079769232,39.79435115279744
40.82287167,-73.92337667,41.21893463000001,40.17241336171054,39.784964981290344
40.82294833,-73.92337667,41.21893463000001,40.12216650730771,39.779093705000015
40.82298333,-73.92335333,41.21893463000001,40.11588765670888,39.767756546305755
40.82303,-73.923325,41.21893463000001,40.128564616962045,39.76525614942859
40.82308333,-73.92329,40.69939559,40.12533913100002,39.764869982531664
40.82314167,-73.923255,40.69939559,40.13793172240507,39.76114910000002
40.82325667,-73.92317667,40.69939559,40.13007615615386,39.79413683964633
40.82331,-73.92314667,41.40179870000003,40.116623180000026,39.796286124368955
40.82335167,-73.92312167,40.65325232000001,40.08255395467535,39.804213960961555
40.82338333,-73.923105,40.65325232000001,40.212549689350666,39.78833889780647
40.82340833,-73.92308667,40.65325232000001,40.37095494090911,39.802631433636385
40.82346,-73.92296167,40.65325232000001,40.54792910115387,39.80068419800002
40.82345333,-73.92290333,40.65325232000001,40.65639262587502,39.798470623142876
40.82344333,-73.92283,41.270204930000034,40.722958565375016,39.82965101038218
40.82342667,-73.92274833,41.270204930000034,40.82200610230772,39.81858268685717
40.82341167,-73.92265,41.270204930000034,41.08556611884618,39.87853983543692
40.82336,-73.92245167,42.22554152000004,41.314069520000025,39.91911749548079
40.82325667,-73.92214833,42.52632728000003,41.71663385389612,40.04849432329034
40.82322,-73.922045,42.81856799000002,41.75911158822787,40.08303079235671
40.82318167,-73.921935,42.81856799000002,41.83387915325002,40.10317969369429
40.82314,-73.92182333,42.86300225000002,41.89779612725001,40.128342878322805
40.8231,-73.92170833,42.86300225000002,41.95185890576926,40.224931688750026
40.82306333,-73.92158833,42.86300225000002,41.89273318512502,40.24562359514288
40.82302667,-73.92147,42.475056980000005,41.898266105000026,40.27915873933123
40.82298833,-73.92135333,42.475056980000005,41.90080770961541,40.32787974840258
40.82295,-73.92123833,42.475056980000005,41.89989743272729,40.398819999514586
40.82291167,-73.92112167,42.475056980000005,41.71993748461541,40.440395399260474
40.82287667,-73.92101,41.29242206000004,41.48422556692309,40.473084075451624
40.82284667,-73.92088833,41.29242206000004,41.46718497870132,40.52942627609679
40.82281167,-73.92076833,41.29242206000004,41.18830561961041,40.59533831231514
40.822775,-73.92065333,40.92156689000001,41.14907884625002,40.5994212177143
40.82273833,-73.92054667,40.92156689000001,40.99900640562502,40.633664017484094
40.822705,-73.92045667,40.082442980000025,40.86542591150002,40.65601928857145
40.82268,-73.92037167,40.082442980000025,40.78735411766235,40.71810649303228
40.822655,-73.92029667,40.082442980000025,40.66547498645572,40.710273574285736
40.82263333,-73.92023667,40.082442980000025,40.53152808275002,40.71346372628573
40.82262167,-73.92019667,40.082442980000025,40.47647933692311,40.733974376996834
40.82251167,-73.92022667,40.017500600000005,40.3752095392308,40.731313386285734
40.822455,-73.92025333,40.017500600000005,40.209194555000025,40.72375725190325
40.82230833,-73.92031333,40.017500600000005,40.00626057269233,40.72092032366562
40.82227833,-73.92032333,40.017500600000005,40.00626057269233,40.71642543644233
40.82226167,-73.92032833,40.017500600000005,40.00626057269233,40.71642543644233
40.82222333,-73.92035833,39.77482118,40.00363132653848,40.71810649303228
40.82220333,-73.92037167,39.77482118,40.00363132653848,40.722160479615404
40.822115,-73.92033833,39.77482118,39.873300106883136,40.71720788454841
40.82204667,-73.92021,39.77482118,39.57721142115386,40.7417670640446
40.82201,-73.920125,39.77482118,39.54728786112501,40.73398943573251
40.82194333,-73.91992667,38.48964566000004,39.10426570229731,40.77189388237944
40.82191,-73.91981167,38.48964566000004,38.965824048846166,40.78853337524118
40.82187667,-73.91969,38.48964566000004,38.90489126923078,40.79168755542859
40.82184333,-73.91956833,37.79920562000004,38.77242108384616,40.81619421628573
40.82181,-73.91944667,37.79920562000004,38.64485484090911,40.83468944961167
40.82177,-73.91932833,37.32580985000004,38.634154353670894,40.83899013929938
40.82165,-73.91899,36.980589830000014,38.45952713311689,40.84365257280647
40.82161833,-73.91887333,36.980589830000014,38.476192683846165,40.82365960600002
40.82155,-73.91863833,36.980589830000014,38.41475994909092,40.80852966083873
40.82144667,-73.91829833,37.97694266000002,38.54766546784811,40.76347532685716
40.82142,-73.91819167,37.893201170000026,38.58002599653848,40.71623291038587
40.82139833,-73.91809,37.893201170000026,38.63739734272728,40.67604830822583
40.82136333,-73.91792,38.27601941000003,38.7866889044304,40.65925018312104
40.82133167,-73.91781667,38.27601941000003,38.82443855569622,40.63529957685716
40.82132333,-73.91771833,38.27601941000003,38.92163579531648,40.61210087351268
40.82131333,-73.91767333,38.27601941000003,38.98221301653847,40.56779630706453
40.82130167,-73.91761167,38.27601941000003,39.04110046175002,40.56029964830673
40.821285,-73.91754333,38.27601941000003,39.08036496650002,40.54407099542859
40.82126333,-73.91747833,39.10488926000005,39.15750080835445,40.53158604757964
40.82124,-73.91740833,39.10488926000005,39.1700945646154,40.5003750963898
40.82122,-73.91734167,39.10488926000005,39.23840566625002,40.513981568571445
40.821205,-73.91726333,39.10488926000005,39.30556647269233,40.505534886964874
40.82118833,-73.917175,40.173020510000015,39.417331344615405,40.47242697254021
40.82117,-73.91708,39.71329682000001,39.49007382153849,40.47095792000002
40.82114667,-73.91698,40.66863341000004,39.56673825730771,40.46395242120255
40.82112333,-73.91687667,40.66863341000004,39.61421806076924,40.441685646153864
40.82109833,-73.91677667,40.66863341000004,39.72094117554055,40.47062607339807
40.821045,-73.91656833,40.66863341000004,39.89468984341773,40.47674926166137
40.82102,-73.91647833,40.66863341000004,39.97188317923079,40.46807862945689
40.821,-73.91640167,41.456487020000026,39.99800035769232,40.457760259710625
40.82098167,-73.91634,41.456487020000026,40.15659625805197,40.462379685339826
40.820955,-73.916235,41.456487020000026,40.20211750076925,40.47807060485625
40.82094,-73.91618,41.20013552,40.20975340848103,40.46892338428573
40.82092167,-73.91612167,41.20013552,40.28306777417723,40.46279265000002
40.82090333,-73.91605833,41.09588591000002,40.28211231500002,40.47614319102238
40.82088667,-73.916,41.09588591000002,40.33791861237502,40.50315241314288
40.82087333,-73.91595167,41.09588591000002,40.43350392025318,40.49601258348103
40.82086167,-73.91592,41.09588591000002,40.43350392025318,40.51258349056963
40.820835,-73.91575167,41.33172929000003,40.52119843192309,40.52277618828574
40.82082333,-73.91571833,41.33172929000003,40.53965723759495,40.52799930366244
40.82071333,-73.915745,41.33172929000003,40.581101423461554,40.55005440846156
40.82067167,-73.91575667,41.33172929000003,40.610417518076936,40.55621791942124
40.82058167,-73.91579333,40.950620060000006,40.64954576584418,40.6004048950161
40.82053333,-73.91581167,40.950620060000006,40.64700786038463,40.600344447717056
40.82048333,-73.91583833,40.950620060000006,40.6398465792208,40.61253377851615
40.82043,-73.91586,40.950620060000006,40.63864805272728,40.63343882987099
40.82037167,-73.91588,40.68401450000002,40.58212289113926,40.62788557221156
40.82030833,-73.91590833,40.68401450000002,40.58883578923079,40.63238383367413
40.82024,-73.91594167,40.29948725000003,40.572795680389625,40.63962420167205
40.82017,-73.91598167,40.29948725000003,40.576436817894745,40.648919152709695
40.820095,-73.91601833,40.22599982,40.58203635898736,40.65937762885716
40.82002,-73.91605167,40.22599982,40.61926681734179,40.68272045728436
40.819945,-73.91608333,40.22599982,40.64652309312502,40.690699108734194
40.81987,-73.91611833,40.22599982,40.68674026278482,40.691279148857156
40.81979667,-73.91615167,40.88396867,40.68226166923079,40.70990545722932
40.81973,-73.91618333,40.195237640000016,40.6774447992208,40.70762088974195
40.81959167,-73.91626,40.195237640000016,40.68787072769232,40.714688756655974
40.81953167,-73.91630667,40.34392151000003,40.64014241434213,40.733493095967766
40.81946667,-73.91633667,40.34392151000003,40.62049990050635,40.74965577226838
40.81940167,-73.91636167,40.34392151000003,40.62470308884617,40.76210858836541
40.81933667,-73.91639,40.34392151000003,40.60571076909093,40.75639189778137
40.81927,-73.91642,40.30974131000002,40.59044620250002,40.765947747161306
40.8192,-73.91645,40.30974131000002,40.64893597423078,40.757224351942696
40.81906,-73.91651,40.20890972000004,40.71616119443039,40.77693581514288
40.81899667,-73.916535,40.10978714000001,40.77586283230771,40.798425050865404
40.81890833,-73.91657667,40.10978714000001,40.82776603734179,40.80958604428573
40.81882167,-73.916625,40.10978714000001,40.80308302565791,40.80949993748389
40.818795,-73.91663333,40.10978714000001,40.87463484615386,40.81633363758844
40.818755,-73.91664667,40.42766300000002,40.87463484615386,40.82139261153848
40.81870333,-73.91666667,40.42766300000002,40.94139578807694,40.83583881194269
40.81864167,-73.91669167,40.42766300000002,40.93608265848104,40.83931054607031
40.818575,-73.91672,40.42766300000002,41.01034887784812,40.854653415399376
40.81850667,-73.91675167,40.42766300000002,40.95230658302634,40.87135849912623
40.81844167,-73.91678,40.50115043000002,40.9437396301299,40.88229812646304
40.81838833,-73.9168,40.50115043000002,41.01986914520001,40.90391807519232
40.81815333,-73.91693,40.85833352,41.2456872096154,40.97661125375002
40.81810667,-73.91695,40.85833352,41.263066027468376,40.97758323050957
40.81805833,-73.91697833,40.85833352,41.29005080862502,41.00233666197454
40.818005,-73.91700667,40.588309940000045,41.34728344430382,40.99711486686711
40.81794833,-73.91703833,41.07879581000003,41.33803948076925,41.00551105105771
40.817755,-73.91709667,41.07879581000003,41.44506477594939,41.02907668149684
40.81771,-73.91713167,41.07879581000003,41.43584910177218,41.04041339237344
40.81767833,-73.91715667,41.940136850000016,41.467390071139256,41.02594712496817
40.81758,-73.91716167,41.940136850000016,41.483699717692325,41.04824312154841
40.80916333,-73.92288833,39.092926190000014,39.28933087769232,39.23559565942309
40.809195,-73.92286167,39.092926190000014,39.28632554949369,39.23959625840766
40.80923,-73.92283667,39.092926190000014,39.30300295769233,39.22241363238855
40.80925833,-73.92281,39.092926190000014,39.30777617555557,39.223896035714304
40.809285,-73.92278333,39.092926190000014,39.31165810737502,39.23489337942859
40.80930667,-73.92276833,39.092926190000014,39.29710906423079,39.22893943808919
40.8094,-73.92263333,39.556067900000016,39.24292645959461,39.24807000718448
40.80944333,-73.92260667,39.556067900000016,39.18287408473685,39.25629427213594
40.80945833,-73.92253,39.556067900000016,39.2224864544304,39.2461455096154
40.8095,-73.92249167,39.556067900000016,39.2224864544304,39.26063232098728
40.80955,-73.92245833,39.556067900000016,39.20924436444446,39.25867320400633
40.80961833,-73.92244333,39.556067900000016,39.23085206115386,39.2630931921154
40.80968167,-73.922405,39.90641495000003,39.247688943670894,39.26318835878596
40.809805,-73.92233167,39.944013170000034,39.244107843846166,39.27656807865386
40.80987333,-73.92229333,39.944013170000034,39.14590550000001,39.27724730057694
40.80994,-73.92224833,39.75260405,39.12478388923078,39.288197015288475
40.81000333,-73.9222,39.75260405,39.10581948063293,39.29877425346156
40.81006833,-73.92215333,39.75260405,39.07029276269231,39.320257597612915
40.81014,-73.9221,39.75260405,39.122264195000014,39.32620332495209
40.81021333,-73.92204667,39.44498225000001,39.16332425576925,39.35902619077172
40.81035667,-73.92191833,39.44498225000001,39.138117606329125,39.37891680628573
40.81051167,-73.92180333,39.03311084000004,39.09296945607596,39.4168622537143
40.81058833,-73.92174,39.03311084000004,39.09671668653847,39.42831528109326
40.81067,-73.92168667,39.03311084000004,39.09292619000002,39.44206429401931
40.81074667,-73.92163667,38.57851418000001,39.15433957532469,39.451519628058264
40.81082333,-73.92159,38.57851418000001,39.1196787696154,39.468396775541414
40.81089833,-73.92154,38.75112419000004,39.09826420888891,39.47620661509436
40.81097167,-73.92148,38.05043009000002,39.10467292962026,39.491358075158246
40.81111667,-73.921365,38.05043009000002,39.07112535730771,39.51902291721156
40.81119333,-73.92130833,38.05043009000002,39.04881094520002,39.53270047480771
40.81126833,-73.92126167,38.32558070000002,39.079726336447386,39.54547536724027
40.81134167,-73.92121167,38.32558070000002,39.106225793461554,39.54755571557694
40.81141333,-73.92117667,38.32558070000002,39.1161817058228,39.552779678227864
40.81153,-73.92109333,38.09828236999999,39.18950661762501,39.58533808714287
40.81157,-73.92105,38.09828236999999,39.18149184746837,39.594412459810144
40.81159667,-73.92101667,39.71671484000001,39.22263788569622,39.59704579682695
40.81161167,-73.920995,39.71671484000001,39.21300078870132,39.59704579682695
40.81168833,-73.92089833,39.71671484000001,39.22325484870132,39.62253245289391
40.81173167,-73.92087167,39.71671484000001,39.31437444730771,39.639721748461554
40.811785,-73.920845,39.638100380000026,39.31437444730771,39.64934588490386
40.81183833,-73.92081833,39.638100380000026,39.40999136576925,39.6550912471613
40.81188833,-73.92079667,39.638100380000026,39.40367747584417,39.66752291667744
40.81194,-73.92075833,39.638100380000026,39.39401869538463,39.67169634974443
40.81199333,-73.92074667,39.638100380000026,39.40045921025976,39.688821159099696
40.81204333,-73.92067667,39.638100380000026,39.45214694576924,39.70014678485532
40.81209167,-73.92061833,39.57828503000002,39.4677471396154,39.7202533671154
40.81213667,-73.92056833,39.57828503000002,39.53549488088609,39.7409482783281
40.81217333,-73.92052833,39.57828503000002,39.57134217687502,39.74610438657145
40.81220333,-73.92050333,39.57828503000002,39.60545612569622,39.763243315428596
40.81222167,-73.92048833,39.57828503000002,39.61868175387501,39.76470818114288
40.81388833,-73.91933167,41.75385476,40.77334911363639,40.36527862206453
40.81397167,-73.919275,41.80512506000002,40.77944134587501,40.372339904857164
40.81405167,-73.91921833,41.80512506000002,40.849788470000014,40.40427194939299
40.81413333,-73.91915667,41.80512506000002,40.8832115136709,40.44007237197454
40.81429167,-73.91903667,40.907894810000016,40.99283722594596,40.488544420546646
40.814365,-73.91897833,40.907894810000016,41.10482357040543,40.54911810938909
40.81443333,-73.91892667,40.907894810000016,41.11014957038464,40.56529050948555
40.81460167,-73.918785,40.70281361000002,41.204320403461566,40.63371921211541
40.81463333,-73.91875,40.70281361000002,41.23968071341774,40.64324782971431
40.81465333,-73.91872333,40.70281361000002,41.26752243329116,40.651565011714304
40.81467667,-73.91865667,40.70281361000002,41.26691670822786,40.65215833589174
40.81467,-73.91863167,40.70281361000002,41.30383025662339,40.64683391588426
40.81469667,-73.91848333,40.70281361000002,41.308041113417744,40.687246281730786
40.814725,-73.91843333,40.70281361000002,41.35491047692308,40.72323408846155
40.814795,-73.918335,40.62419914999998,41.42843789337501,40.71336797527158
40.81482333,-73.918295,40.65325232000004,41.42990001632912,40.723814713653866
40.814845,-73.91827,40.65325232000004,41.45631173692309,40.71693743468155
40.81486333,-73.91824667,40.65325232000004,41.48223033518989,40.72587168142859
40.81500167,-73.91813167,40.72332173000001,41.54225795937501,40.79592744146498
40.81504833,-73.91806,40.936947980000014,41.543213869240525,40.83039777961541
40.81507333,-73.918015,40.936947980000014,41.54464164974685,40.83198221342859
40.8151,-73.91796833,40.936947980000014,41.553835690886096,40.86905959228573
40.81512833,-73.91791833,40.936947980000014,41.550226218500015,40.88266656714288
40.81514333,-73.91786667,40.936947980000014,41.57812959253167,40.87808208000001
40.81515,-73.91781833,40.936947980000014,41.5675507596154,40.89114651200002
40.815135,-73.91776167,41.058287690000014,41.54704291696204,40.886066589326944
40.81510833,-73.91769833,41.058287690000014,41.56575410807694,40.86169658790998
40.81544833,-73.91716167,41.41376177000001,41.61679215800002,40.99642043945862
40.81548167,-73.91711333,41.41376177000001,41.62957295683546,40.99602239844939
40.81552,-73.91707667,41.41376177000001,41.642228284050645,41.02051530337581
40.81556667,-73.91699833,42.15718112000002,41.65267704139242,41.039211883142876
40.81557667,-73.916965,42.29902895000001,41.65836653037976,41.04704077657144
40.81559333,-73.91692833,42.29902895000001,41.65836653037976,41.054131811714306
40.815615,-73.91689333,42.29902895000001,41.66713345769232,41.06287963060705
40.81563333,-73.91685667,42.29902895000001,41.66713345769232,41.06558532755629
40.81567,-73.91681667,42.29902895000001,41.67421933298702,41.088878415922345
40.815715,-73.91679167,42.29902895000001,41.705517490675696,41.10141280451925
40.81575,-73.91670167,42.00507923000001,41.708510507662346,41.10528271739551
40.81579167,-73.91662167,42.00507923000001,41.703103652911416,41.093873076000015
40.81583,-73.91653333,42.78096977000001,41.72188750884618,41.080913023025495
40.81586,-73.91644667,42.78096977000001,41.73003543312502,41.07171484818473
40.815895,-73.91638833,42.78096977000001,41.7540957742308,41.08740035085445
40.81592833,-73.91634167,42.78096977000001,41.75296780544306,41.09628995709267
40.81596,-73.91630667,42.78096977000001,41.75304522894739,41.10603522422583
40.81598167,-73.91627667,42.78096977000001,41.76860044884618,41.11095377308684
40.81604167,-73.91622667,42.78096977000001,41.812285595569634,41.11567875744411
40.81608167,-73.91618833,43.29709079000003,41.831768087692325,41.122123595576944
40.81612,-73.91612667,42.17256221000002,41.84915455447371,41.13883167741937
40.81615333,-73.91607333,42.17256221000002,41.84819211200002,41.12701937651759
40.81618167,-73.91602,42.17256221000002,41.84622894153848,41.12486809875401
40.81620167,-73.91598333,42.17256221000002,41.84622894153848,41.12014949783441
40.81621833,-73.915955,42.17256221000002,41.87792023278482,41.127284886719764
40.81631833,-73.91588167,41.35052840000003,41.89834182063292,41.11542449548079
40.81636167,-73.91585167,41.35394642000003,41.87026463346155,41.12395226454841
40.816395,-73.915815,41.35394642000003,41.89334458886079,41.11535876432694
40.81643333,-73.915795,41.35394642000003,41.90512405538463,41.11020774140577
40.81646333,-73.915765,41.35394642000003,41.934571612307714,41.10799094249203
40.81646,-73.91572667,41.35394642000003,41.95309503974686,41.08625920810129
40.81645167,-73.91569,41.35394642000003,41.96600996341775,41.08814382342859
40.81646167,-73.91565667,41.35394642000003,41.987647328000016,41.08826318285717
40.81651333,-73.9156,41.01898046000002,42.03030335227851,41.078387606974545
40.81657333,-73.91554667,41.01898046000002,42.0682001651316,41.09159133325809
40.81663,-73.91549667,40.964292140000026,42.05233992961541,41.10096897832799
40.81668667,-73.91545,40.964292140000026,42.10807994807695,41.10310661463024
40.81681333,-73.915335,40.964292140000026,42.097690265569646,41.055840085772886
40.81688167,-73.91526,41.07537779000003,42.12753718111113,41.044626426519
40.81694667,-73.91519333,41.07537779000003,42.17699698278483,41.03252815003166
40.81699333,-73.91511333,41.07537779000003,42.18465674230772,41.041230455576944
40.81702167,-73.91503667,41.58295376000004,42.21749118342107,41.04667973896105
40.81705333,-73.91499,41.58295376000004,42.21057613513516,41.03373858829035
40.81708333,-73.91495167,41.58295376000004,42.19502669671054,41.02694113883873
40.81712167,-73.91492,41.58295376000004,42.21167224653848,41.02044690083873
40.817155,-73.91486667,41.85639536000002,42.23110675769233,41.00026843331212
40.81724167,-73.914755,42.423786680000006,42.23040895354433,40.96296291000002
40.81729,-73.91469833,42.423786680000006,42.236379672025336,40.95336862703824
40.81735667,-73.91461833,42.423786680000006,42.23395677177217,40.93757933401276
40.817425,-73.91453833,43.30392683000002,42.26532727280002,40.93597296788463
40.81750167,-73.91444333,43.30392683000002,42.22185716077924,40.87743389778848
40.817565,-73.914355,43.30392683000002,42.22214513303799,40.85783438057145
40.81762833,-73.91426667,43.30392683000002,42.21167224653848,40.840601180573266
40.81769167,-73.914175,43.39792238000001,42.17089592525002,40.814835405605116
40.81775333,-73.91408167,43.39792238000001,42.18732980923078,40.80575407451925
40.81782,-73.914,43.78074062000002,42.14668604576925,40.78335139315114
40.81789167,-73.913915,43.78074062000002,42.10939457115386,40.755336817652754
40.81795,-73.91384167,43.78074062000002,42.03522189387502,40.73794932677318
40.81800667,-73.913785,43.69870814000001,42.04404033139242,40.71451625942859
40.81805,-73.91373833,43.365451190000016,42.01024952607597,40.713197880285726
40.81807667,-73.91370667,43.365451190000016,42.01191527000002,40.70131142286626
40.81813167,-73.91361667,43.365451190000016,41.9831250246154,40.69700297600002
40.81812333,-73.91358167,43.365451190000016,41.93531268253166,40.68321477096156
40.818105,-73.91354333,43.365451190000016,41.93531268253166,40.66243620121407
40.81803667,-73.9134,42.72286343000002,41.86673595215191,40.59987152828574
40.81801167,-73.91335,42.72286343000002,41.845384143670906,40.57541664936711
40.817955,-73.913295,42.72286343000002,41.85045764576925,40.5863976072669
40.81791333,-73.913295,43.314180890000046,41.8626099418182,40.57490248090325
40.81772333,-73.91339833,43.314180890000046,41.89920714215192,40.567039841019124
40.81757167,-73.91349,43.66110992000003,41.92440963139243,40.568457031501616
40.81749167,-73.91353833,43.90378934,41.89576917480522,40.57028565446947
40.81741,-73.91358667,43.69016309000003,42.00128389610392,40.59137077141481
40.81732833,-73.913635,43.69016309000003,42.01995638115388,40.61453667038464
40.81725167,-73.91368,43.69016309000003,42.01989786101269,40.61775250468356
40.81718167,-73.91371667,43.69016309000003,42.0285943422785,40.610895999142876
40.81712,-73.91375167,43.35519713000002,42.03045478354432,40.64616671028573
40.81707333,-73.91378333,43.12106276000003,42.01812395189876,40.65050804432694
40.81703,-73.91380833,43.12106276000003,41.997936444615405,40.66310393570969
40.81699667,-73.91383,43.12106276000003,41.99907633237503,40.659217422211555
40.81697833,-73.913845,43.12106276000003,42.02383507392407,40.6557178662739
40.81663167,-73.91402,42.78951482000002,42.06835698987015,40.6598960276849
40.81656167,-73.91406167,42.56905253000002,42.04355504972976,40.696981890811706
40.8165,-73.91410833,42.56905253000002,42.04243330571432,40.69770856083603
40.81635167,-73.91420333,42.56905253000002,42.04276509153849,40.68591522586541
40.81620333,-73.91427167,42.553671440000016,41.9345122601266,40.66510181655065
40.816135,-73.914315,42.553671440000016,41.901729098947385,40.676037282354855
40.81605833,-73.914355,42.47847500000003,41.85827965307694,40.649681417316316
40.81583333,-73.914485,42.47847500000003,41.73913951805197,40.633106883794234
40.81576833,-73.91452667,42.16572617000003,41.761800546753264,40.65405428262138
40.81571667,-73.91456333,42.16572617000003,41.71175914526318,40.655648231125426
40.81567667,-73.91458667,42.30586499,41.6658632319737,40.64174424616885
40.81553167,-73.91471667,42.10591082000002,41.57397604924052,40.60957155322686
40.8155,-73.914735,42.10591082000002,41.54410664807694,40.58443727951926
40.81546167,-73.91476167,42.10591082000002,41.53934155544306,40.58066837936308
40.81541333,-73.91479167,42.10591082000002,41.515557416923095,40.55420027057144
40.81535833,-73.91482167,42.10591082000002,41.44757420835445,40.536120235886095
40.8153,-73.91485333,41.65815020000002,41.43190356846156,40.52827478163989
40.81523667,-73.91488667,41.45477801000004,41.380358392727295,40.50731724601944
40.81518167,-73.91492333,41.45477801000004,41.29606794800002,40.479859013750016
40.81511,-73.91495333,41.45477801000004,41.2915900419737,40.4668048419355
40.81503667,-73.91498333,41.45477801000004,41.27725730037977,40.45980112415337
40.81496167,-73.91501167,41.29925810000003,41.239139887468376,40.42640315288463
40.814885,-73.91504667,41.29925810000003,41.22868475115387,40.43121795990386
40.81481167,-73.91508167,41.29925810000003,41.18094202307695,40.424255970418024
40.814685,-73.91516333,40.60881806000003,41.15148281759496,40.37976189114288
40.81463833,-73.9152,40.60881806000003,41.09707572708862,40.37820545182111
40.81460667,-73.915225,40.60881806000003,41.09039571537502,40.36632733195586
40.81447,-73.91532667,40.60881806000003,41.05267863153848,40.37298012270703
40.81441333,-73.915355,40.63445321000003,41.05267863153848,40.353447049711555
40.81435,-73.91538333,40.63445321000003,41.01558553472975,40.34017717417478
40.81427833,-73.91542167,40.63445321000003,40.85160991486845,40.32351746432695
40.81420333,-73.91547,40.63445321000003,40.84369738307694,40.32953734250002
40.81413167,-73.91551667,40.55583875000002,40.82784905412502,40.33076862291141
40.81398167,-73.915605,40.55583875000002,40.71011962775002,40.3229793557143
40.8139,-73.91564333,40.99505432000001,40.692815901500026,40.29992545769233
40.81381833,-73.91569,41.17450037000003,40.61499678846155,40.29661523958469
40.81373,-73.91573333,41.17450037000003,40.51211838025318,40.29633592264334
40.81364833,-73.91577667,41.01385343000001,40.47345570384617,40.290212084968374
40.81356333,-73.91582833,41.01385343000001,40.44384310766235,40.283770952250826
40.81339833,-73.915905,41.01385343000001,40.326921357894754,40.27120094346156
40.81331833,-73.91594833,40.64983430000001,40.221508191153866,40.25776440009617
40.81323333,-73.91598833,40.64983430000001,40.19716027625002,40.24629023171977
40.81314333,-73.91603833,40.64983430000001,40.13016708425002,40.266126512208224
40.81305,-73.91607667,40.56609281000004,40.057413555063306,40.240596712373446
40.81296333,-73.91612167,40.56609281000004,40.03148340909093,40.2064863328296
40.81287667,-73.91617167,40.56609281000004,39.96408308230771,40.21054277400002
40.81253833,-73.916365,40.17302051000004,39.8861731692208,40.21070665334407
40.812455,-73.91641167,40.17302051000004,39.84873031376627,40.18257118324761
40.812285,-73.91647667,39.88248881000001,39.77986056846156,40.159195547316315
40.81220833,-73.91651167,39.88248881000001,39.78680588303801,40.14800582859875
40.81206,-73.916585,39.88248881000001,39.74969651350652,40.1062760008654
40.81197833,-73.91664,39.330478580000005,39.73987411653849,40.127590234617855
40.81189667,-73.91669167,39.330478580000005,39.80504253405066,40.12761981303516
40.81181167,-73.916745,39.556067900000016,39.79458722986845,40.167474496903246
40.81173,-73.91678833,39.06216401000003,39.793220781168856,40.13892300403227
40.81165333,-73.91683333,39.06216401000003,39.781879169350674,40.105057041354854
40.81151333,-73.91692667,39.06216401000003,39.7857674972152,40.08036386592359
40.81145,-73.91696333,38.68447280000004,39.7663856819231,40.094542552396184
40.81139167,-73.917,39.06387302000002,39.776119162278505,40.10068503927217
40.81127333,-73.91706167,39.06387302000002,39.78540389576926,40.08677537477709
40.81122,-73.91709167,38.98867658,39.78597356576925,40.092401249807715
40.81117,-73.91712833,38.98867658,39.74982968311691,40.09086595785716
40.81112667,-73.91716333,38.98867658,39.75689906197371,40.091169371897124
40.81108667,-73.91719333,38.98867658,39.79246615337665,40.107337005922346
40.81104333,-73.91722167,38.98867658,39.818523007142886,40.14042764291264
40.81095167,-73.917275,39.118561340000014,39.82624101837503,40.11492498651901
40.81089333,-73.91730667,39.118561340000014,39.83572602387502,40.11826165942859
40.81078167,-73.91737167,39.118561340000014,39.81761216115387,40.101094667412156
40.810725,-73.91739333,39.118561340000014,39.79858991118423,40.085998823387115
40.81065667,-73.91742667,39.340732640000056,39.79459377670888,40.105741761898756
40.81053333,-73.91752,39.340732640000056,39.785724231139255,40.09735055449046
40.81046833,-73.917555,39.82609148000003,39.81914862687502,40.07458477895572
40.81041,-73.917595,39.87223475000002,39.79977710807694,40.094351449041554
40.81035,-73.91763,39.87223475000002,39.82982022909092,40.114177811993585
40.81021333,-73.917705,39.87223475000002,39.84995103519481,40.081964896816736
40.81013667,-73.91775333,39.93888614000002,39.85415868269232,40.04673823457145
40.81004333,-73.91778833,39.93888614000002,39.88090797575002,40.039042834331234
40.80995667,-73.91783333,40.55071172000001,39.90494092887502,40.03450905939492
40.80987,-73.91788167,40.164475460000034,39.89141838725002,40.00234266098728
40.80978833,-73.91793833,40.164475460000034,39.90814587038464,39.964269320576946
40.80971,-73.91799,40.164475460000034,39.90154751645572,39.94632632047773
40.80963333,-73.91804,40.164475460000034,39.94070331518989,39.923319997961805
40.80955833,-73.91809,39.98673842000002,39.92878744454548,39.884335200225095
40.80948667,-73.918135,39.98673842000002,39.92188481974028,39.86703078707398
40.80941833,-73.91817333,39.98673842000002,39.954113857307725,39.851699153954996
40.809355,-73.91820667,39.52872374,39.94647680779223,39.81897890116507
40.80929833,-73.918235,39.52872374,39.95508928544306,39.803221225159255
40.809195,-73.91829667,39.52872374,39.97016751291141,39.79092070732486
40.809145,-73.91833,39.52872374,39.95734344800002,39.79092156851267
40.80904667,-73.9184,39.20401183999999,39.95402926658229,39.7760961557143
40.80899833,-73.91843,39.20401183999999,39.96228643076925,39.777103500063916
40.80890167,-73.91847667,39.20401183999999,39.925635763766245,39.745315949290344
40.80885833,-73.91849833,39.20401183999999,39.894673829350666,39.74600430398716
40.80881833,-73.91851333,39.44156423000001,39.8752145623077,39.73110129717044
40.80878333,-73.91853167,39.44156423000001,39.87540862571431,39.73110129717044
40.78433667,-73.98123333,37.119019640000005,36.736245220769256,36.18220915520768
40.78432833,-73.98125667,36.74474645000004,36.736245220769256,36.15908940528664
40.78432167,-73.981285,36.74474645000004,36.67827034307694,36.12810851485716
40.78429667,-73.98131833,36.74474645000004,36.66569378230771,36.089370954857166
40.78426833,-73.98133833,36.74474645000004,36.63783597632914,36.08669621857145
40.78423167,-73.981375,36.74474645000004,36.63783597632914,36.12973217402558
40.784195,-73.98141833,36.74474645000004,36.68593897769232,36.092555156387114
40.784155,-73.98145333,36.74474645000004,36.663984772307714,36.095503410673096
40.78405333,-73.981505,37.16858093000002,36.69219980075952,36.071277150571454
40.78401167,-73.981535,37.16858093000002,36.66351439240509,36.05399173514288
40.783965,-73.98156,37.16858093000002,36.68179079412501,36.07246328057326
40.783935,-73.98157833,37.16858093000002,36.72956005734179,36.060858525015995
40.78383167,-73.981645,37.27795757000001,36.66579906597404,36.03077848592235
40.78367167,-73.98176,37.27795757000001,36.72789736423079,35.958257863961684
40.78363,-73.98180167,37.14636380000002,36.74228974812502,35.967325939142874
40.78359833,-73.981845,37.14636380000002,36.73934170587502,35.917416886082826
40.78355167,-73.98188167,37.32751886,36.79536775886079,35.9825933024841
40.78338833,-73.98197333,37.32751886,36.81777958620255,35.93429472050957
40.78332833,-73.98199833,37.32751886,36.93183922423079,35.97214246769232
40.78326167,-73.98203333,37.42322342000003,36.9756706525676,36.033896886730794
40.783195,-73.982065,37.46765768000003,36.98805550526319,36.01575935652599
40.78312167,-73.98209,37.46765768000003,36.96270071233769,35.992430356623814
40.78304667,-73.98212667,37.46765768000003,36.9683887965823,35.98732406885716
40.78297833,-73.98217167,37.58899739,36.96242612115388,35.9471162177143
40.78291167,-73.98221333,37.58899739,36.97804822538464,35.94075521372613
40.78283833,-73.98225833,37.58899739,37.0441380176316,35.99271038183873
40.78276667,-73.98230833,37.594124420000014,37.00343431810129,36.00887703025318
40.78269833,-73.98235833,37.46253065000002,37.04215691525002,35.953800345714306
40.78263167,-73.98241167,37.46253065000002,36.996163183625015,35.95163017428573
40.78256333,-73.98247,37.46253065000002,37.04451545721521,35.9697487581731
40.78249333,-73.98254,37.58899739,36.99150973805197,35.917596635870986
40.782425,-73.9826,37.58899739,36.91415754384617,35.925179988842466
40.78235167,-73.982645,37.58899739,37.00806545230772,35.9016659895177
40.78228167,-73.98269167,37.58899739,36.992638350500016,35.919061326571445
40.78215833,-73.98278833,37.853893940000034,37.04106249153848,35.94239082543133
40.782025,-73.9829,38.17176979999999,37.03985742038464,35.910497600576946
40.78188167,-73.98299833,38.48280962000001,37.13815167402599,35.95157897289391
40.781815,-73.98304833,38.48280962000001,37.08777543153848,35.95052636824283
40.78175167,-73.98310667,38.48280962000001,36.97937216037501,35.932516389428585
40.78168333,-73.98317,38.18544188000001,36.97541953392408,35.87863215595543
40.7816,-73.983225,38.18544188000001,36.97373242737502,35.91087435485716
40.78151667,-73.98328833,38.18544188000001,36.99031804076925,35.910711103537
40.78142167,-73.98335833,38.057266130000016,37.02590050538464,35.924251844519254
40.78133167,-73.98341167,37.58216135000001,36.98052236907896,35.893455491387115
40.78125167,-73.98346,37.58216135000001,36.89973229437501,35.861739749680524
40.78118167,-73.98351333,37.58216135000001,36.8921539707595,35.80455223114288
40.78111167,-73.98354667,37.31042876000001,36.88552067115387,35.839173821057706
40.78108333,-73.98359167,37.31042876000001,36.88552067115387,35.814146684230785
40.78105,-73.983635,37.31042876000001,36.841897095384624,35.82489791974279
40.78101,-73.98368333,37.31042876000001,36.84735194911394,35.77448741805114
40.78093667,-73.98372333,37.31042876000001,36.8384352546154,35.76219632496817
40.78088333,-73.98375833,37.45911263000002,36.84313350670888,35.74239309600002
40.78081833,-73.98379167,37.45911263000002,36.82775241670887,35.75444005411395
40.78077,-73.983825,37.45911263000002,36.89278132886077,35.75802323403848
40.78073833,-73.98386167,37.45911263000002,36.862623750129885,35.73509210203885
40.78072167,-73.98388167,37.45911263000002,36.834896727500016,35.7256897816505
40.78056833,-73.984055,37.353154010000026,36.86365410730771,35.61756426341855
40.78054833,-73.98409167,37.353154010000026,36.82135282325002,35.60272372290737
40.78054667,-73.98416,37.353154010000026,36.79505269307695,35.558490838942326
40.78052833,-73.984205,37.01647904000001,36.79505269307695,35.55067978682695
40.78048833,-73.984225,37.01647904000001,36.82375030468356,35.530070313853514
40.78044833,-73.98423167,37.01647904000001,36.80705958384617,35.5297056524841
40.78040167,-73.98425333,37.01647904000001,36.81633017265824,35.5276112297143
40.780355,-73.984275,37.01647904000001,36.83656301225001,35.53845123600002
40.78031167,-73.984295,37.45227659,36.88251894846155,35.56441759798079
40.78026667,-73.98432167,37.45227659,36.83982137473686,35.53617868148388
40.78022667,-73.98434333,37.45227659,36.83181718025976,35.53188583533983
40.78018667,-73.98436333,37.45227659,36.80939260160001,35.50344647519233
40.78015167,-73.98437833,37.45227659,36.83757267736845,35.50552248413464
40.780125,-73.98438167,37.45227659,36.87074709636367,35.51018180491964
40.78009833,-73.98439667,37.45227659,36.87244017153848,35.51111510980771
40.780075,-73.98441,37.93763543,36.92900880090911,35.545285200032176
40.78004333,-73.98441667,37.93763543,36.93137466860762,35.54247424312104
40.78003833,-73.98444167,37.93763543,36.92268068346157,35.53357541716562
40.780075,-73.98463667,37.641976700000015,36.83661669269233,35.35179955817893
40.78008167,-73.98470833,37.641976700000015,36.82775550714288,35.309507762540214
40.780105,-73.98477667,37.11731063000002,36.77437698824326,35.18121044865386
40.78012667,-73.98485,37.11731063000002,36.604940554026,34.98319960213594
40.78018333,-73.98499,37.11731063000002,36.50480144600001,34.83770899828027
40.78023,-73.98510167,36.16197404000002,36.40301018115387,34.68537301971247
40.78024833,-73.98515167,36.16197404000002,36.315230066623386,34.58633825771706
40.78026833,-73.98522667,36.16197404000002,36.209668911184224,34.482094391096794
40.78027333,-73.98526167,36.16197404000002,36.14118108500002,34.41120045157558
40.78035833,-73.98556833,34.94174090000001,35.7593488123077,33.973735934285735
40.78037667,-73.98556167,34.94174090000001,35.77898273569622,33.93088589942859
40.78048833,-73.98552333,35.19980141000002,35.67367920846155,33.93222760445862
40.78053167,-73.98550333,35.19980141000002,35.66199126632913,33.92769735945689
40.78062667,-73.98547333,34.341878390000005,35.50510847493672,33.84521715159746
40.780685,-73.98546,34.341878390000005,35.51213394269233,33.836884924000024
40.78073667,-73.98544,34.341878390000005,35.39406609101268,33.82840796831212
40.78080667,-73.98542167,34.341878390000005,35.37260611734179,33.77112330428573
40.78086167,-73.9854,34.341878390000005,35.277875044050646,33.75141002674052
40.78093667,-73.98537167,33.60187706000002,35.25782010846155,33.725457472000016
40.78100167,-73.98533833,33.60187706000002,35.13864952653847,33.66899554276529
40.78107667,-73.9853,33.60187706000002,34.971517112692325,33.68916255471155
40.78121833,-73.98521667,33.348943580000025,35.06771292657896,33.737423604741956
40.78129833,-73.98517,33.348943580000025,35.038894873544315,33.73548658538463
40.78137667,-73.985125,33.348943580000025,35.059078497974696,33.77933107923569
40.78151167,-73.98504333,33.20880476000002,34.88554076346156,33.73516345971248
40.781565,-73.98506,33.20880476000002,34.92339608379749,33.699567326857164
40.78162833,-73.98504333,33.20880476000002,34.81563732462502,33.652069120252385
40.78170333,-73.985015,33.17633357,34.707179277500025,33.64117347348103
40.78186167,-73.984955,34.16755937000002,34.5385227051899,33.591308325142876
40.781945,-73.98492167,34.16755937000002,34.46762554684212,33.54716661689323
40.78202667,-73.98488,34.04621966000002,34.327790012692326,33.51407667125002
40.78211333,-73.984835,34.04621966000002,34.311808467215215,33.52656049789139
40.78221833,-73.98478667,34.04621966000002,34.325822690789494,33.585442999322595
40.78231667,-73.98474667,33.95222411,34.368201582987034,33.53941851446947
40.78241,-73.98470833,33.95222411,34.31142693909093,33.47616865884246
40.78249667,-73.98467,33.95222411,34.1155319136709,33.38200614171431
40.78257333,-73.98463667,33.832593410000015,34.09627229037502,33.35274803219747
40.78270667,-73.98458167,33.832593410000015,33.96188001650002,33.27172789570066
40.782765,-73.98456167,33.832593410000015,33.883301251012675,33.28348200708863
40.78281167,-73.98455,33.60016805000004,33.92000927150002,33.22461858009617
40.782855,-73.98454167,33.60016805000004,33.78850095200002,33.150425415207685
40.78289833,-73.98453,33.60016805000004,33.81104690417724,33.074693300189296
40.78293667,-73.98451833,33.60016805000004,33.79881909987502,33.083625185759516
40.78297667,-73.98449667,33.60016805000004,33.76730922800002,33.07753109028573
40.78307833,-73.98444,35.03573645000003,33.76777920575002,33.074606784285734
40.783205,-73.98434667,35.03573645000003,33.9271660283117,33.11989752456312
40.78326667,-73.98428833,35.03573645000003,34.03550986400001,33.121854741548404
40.78331833,-73.98422667,34.61702900000003,34.06905824818184,33.12697074567744
40.78338333,-73.98416167,35.40317360000003,34.03617922625002,33.10808710400002
40.783445,-73.98410167,35.40317360000003,34.00224551807695,33.07750037507989
40.78351167,-73.984035,35.40317360000003,34.024331185769256,33.068233209903866
40.78357667,-73.98397,34.93661387000003,34.123146472625024,33.16327456342859
40.78377,-73.98383667,34.96908506,34.22882968797299,33.12131998680647
40.783835,-73.98377,34.96908506,34.20431390151901,33.13701541980833
40.7839,-73.98370333,34.333333340000024,34.213196266666685,33.124041108955716
40.78403333,-73.98355833,34.333333340000024,34.2633061277778,33.217545125428586
40.78409167,-73.983495,34.333333340000024,34.41121536714288,33.250461878750016
40.78415833,-73.983395,33.57624190999999,34.562067238400026,33.392155538349535
40.78422333,-73.98331,34.30428017000003,34.51685472153848,33.4441096095177
40.78428667,-73.98324833,34.30428017000003,34.50284576937502,33.422306225142876
40.78438833,-73.98313,33.86164658000004,34.471083928076936,33.46472491242813
40.78443667,-73.983075,34.53499652000005,34.57547193405065,33.52205655813293
40.78448167,-73.983055,34.53499652000005,34.54332246615386,33.50957966914287
40.78452167,-73.98302833,34.53499652000005,34.54332246615386,33.543732376826945
40.78455,-73.98299833,34.53499652000005,34.593169444805206,33.571858410324694
40.78458833,-73.98297333,34.53499652000005,34.57508897081083,33.565845432500026
40.78462167,-73.98295833,34.53499652000005,34.62946029191783,33.556851006893226
40.78465,-73.982945,34.22737472000003,34.55046875720002,33.53142174451615
40.78468,-73.98293333,34.22737472000003,34.397045232800025,33.47185536009617
40.78469333,-73.98292667,34.22737472000003,34.43807766342107,33.493506043247606
40.78469667,-73.98292333,34.22737472000003,34.38631265000002,33.493506043247606
40.784865,-73.9828,34.740077720000016,34.41976980730772,33.551121654038475
40.78492667,-73.9828,34.23933779000004,34.32096939111113,33.422777138607614
40.78497333,-73.982825,34.23933779000004,34.22229151076926,33.409030201428585
40.785005,-73.98287167,33.810376280000014,34.22229151076926,33.351271558365404
40.78508,-73.98291833,33.810376280000014,34.129739200649375,33.19450073096465
40.785125,-73.98298833,33.810376280000014,33.63993101600001,32.89185461375002
40.78516,-73.98306,33.810376280000014,33.47668112230772,32.77094101141481
40.78519667,-73.98313667,33.06524792000002,33.44066766101269,32.59733839866244
40.78522167,-73.98321833,33.06524792000002,33.29724061924053,32.514935779808326
40.785255,-73.98329667,33.06524792000002,33.0967239902532,32.28538596628573
40.785285,-73.98337167,33.06524792000002,32.99290704101269,32.149262240766795
40.785315,-73.98344667,32.87042078000002,32.72487721587502,31.97471935683708
40.785345,-73.98352,32.87042078000002,32.66564244253166,31.85685886829116
40.78536833,-73.98359,32.87042078000002,32.43354718666669,31.73722854362778
40.78539667,-73.983665,32.87042078000002,32.26385202822787,31.549912979776376
40.785425,-73.98373833,32.87042078000002,32.08004747576925,31.47215220142859
40.78545333,-73.98380667,32.87042078000002,32.03857680870132,31.326217593215453
40.78547833,-73.98386833,32.64995849000002,31.91042938644739,31.168103483677434
40.78550167,-73.98392833,32.64995849000002,31.506220637600023,30.963110667909987
40.78551833,-73.98398833,32.64995849000002,31.367868065974047,30.830717345000025
40.78555833,-73.98401333,32.64995849000002,31.25349756558444,30.737653232926064
40.78566167,-73.98405,32.64995849000002,30.971133879125016,30.641746557738873
40.78572167,-73.98407833,32.64995849000002,30.85465430151901,30.497416853343967
40.785765,-73.98412667,32.135546480000016,30.70754964329116,30.451803868354446
40.78580667,-73.98417333,32.135546480000016,30.52988885975002,30.27765791265825
40.78584333,-73.98422167,31.81767062,30.419590888076943,30.20960071857144
40.78586833,-73.98427333,31.81767062,30.364179525384635,30.106036851442322
40.78588667,-73.98432667,31.81767062,30.278752088947385,30.003247780612924
40.78589167,-73.98438833,31.81767062,30.132231641038977,29.84818221803861
40.78588667,-73.98445667,31.81767062,29.91777734923079,29.7011404037143
40.78587333,-73.98452167,31.26395138000001,29.80772532162502,29.617474869714304
40.78584667,-73.98458333,31.26395138000001,29.820659985443065,29.579302936560527
40.785815,-73.984635,31.26395138000001,29.71142260812502,29.50444394439492
40.785615,-73.98470333,31.563028129999992,29.881556987341792,29.639452199260475
40.78554667,-73.98468833,31.563028129999992,30.16388161844158,29.802100729126234
40.78539,-73.98467,31.58524526,30.35651089076925,29.973974355714304
40.78530333,-73.98467333,31.58524526,30.4222420446154,30.027365998285735
40.78519833,-73.98468667,31.58524526,30.58935254807695,30.111273433365405
40.78509833,-73.9847,31.45877852000001,30.95630738506496,30.30680069524274
40.78489833,-73.98475333,30.363303110000004,31.055364518461555,30.394804765480785
40.78479333,-73.98479,30.363303110000004,31.028618483506516,30.407764934677434
40.78469,-73.984835,30.363303110000004,30.91953037766235,30.395268740771723
40.78458667,-73.98488167,31.487831690000007,31.016144930000017,30.51103081363346
40.78449,-73.98493,31.487831690000007,31.13936244111113,30.617161402373434
40.78439667,-73.984975,31.487831690000007,31.140340201012684,30.637076715127407
40.78431,-73.98502333,30.705105110000005,31.205396424875016,30.72615577285716
40.784235,-73.98506667,30.705105110000005,31.162024270769265,30.70837570741216
40.78416833,-73.98511,30.705105110000005,31.250390274675347,30.824024641322595
40.78411167,-73.985155,30.705105110000005,31.28712036367091,30.78891254250806
40.784065,-73.98518833,31.508339810000024,31.19261116769233,30.798875356430884
40.78403833,-73.985215,31.508339810000024,31.076769811052653,30.751901011650503
40.78401667,-73.98523167,31.508339810000024,31.076769811052653,30.771409185064535
40.78399,-73.98524667,31.508339810000024,30.923901656075977,30.727891910000018
40.78394667,-73.98526667,31.508339810000024,30.964247271898763,30.7672934802548
40.78389,-73.98528833,30.298360730000013,31.00334926538464,30.76879712805114
40.78374333,-73.98535833,30.71877719,30.92840075868424,30.82863500757283
40.78365667,-73.98540667,30.71877719,30.910683869873445,30.93653761657145
40.78356333,-73.98546167,31.272496430000047,30.978765813846177,30.99022494500002
40.78345667,-73.98554167,30.11720567000004,30.94440923525002,30.953885804554155
40.78334333,-73.98562833,30.11720567000004,30.869439913684225,30.970666580289407
40.78322167,-73.98572,30.756375410000032,30.85174704597404,30.971754631672045
40.78297333,-73.985905,31.20584504000001,30.799826989250025,31.06377950171976
40.78285167,-73.985995,31.20584504000001,30.778592540000023,31.06317026967744
40.78273,-73.98608333,31.00759988000001,30.90004180192309,31.113184825787798
40.782605,-73.986175,31.00759988000001,30.714440577125025,31.05148074628573
40.78247333,-73.98627,31.59720833000003,30.717587372911417,30.986717405428593
40.78234167,-73.98636,30.85378898000002,30.83746793450002,31.10352759098728
40.78220833,-73.98645,31.47757763000004,30.88053498650002,31.046733496285732
40.782075,-73.986545,31.47757763000004,30.90440196846156,31.045703659228312
40.78194167,-73.986645,31.486122680000022,30.66851880381581,30.95443746178573
40.7817,-73.98682333,31.486122680000022,31.012575478734192,31.00528864742859
40.78158167,-73.98692833,32.15434559000002,30.977140562531662,30.946217030382186
40.78146167,-73.98704,32.15434559000002,31.091364464729747,30.889220616354855
40.78134333,-73.98715167,32.118456380000026,31.118101437974698,30.855214969235693
40.781225,-73.98726833,32.118456380000026,30.948584952405074,30.754285410509574
40.78098333,-73.98750167,31.59379031000003,31.28874312246755,30.70701131346156
40.78086333,-73.98761667,33.054993860000025,31.00450229937501,30.65360151657145
40.78073667,-73.98772667,31.21097207,31.00292714379748,30.611273362875416
40.780605,-73.98783833,31.47586862000003,31.21217059649352,30.62480929388351
40.78035167,-73.98803833,31.47586862000003,31.047015275189885,30.56524298685716
40.77612,-73.99120333,32.308156490000016,30.92964273153848,30.80793695607719
40.77599333,-73.991295,33.027649699999984,31.086608726923103,30.938995335714306
40.77573667,-73.99148333,32.86187573000004,31.028414745384637,30.96127037173079
40.77561167,-73.991575,32.86187573000004,31.09275014851353,30.989578588653867
40.77549167,-73.991665,33.04815782,31.116869706875026,31.0564233117143
40.77536667,-73.99176667,32.579889080000015,31.063033153076947,31.065350176250014
40.77498167,-73.99205667,32.13383747000003,31.15009670113926,31.17549798230286
40.77485667,-73.99215333,32.458549370000014,31.06101185075952,31.25063851866244
40.774745,-73.99224167,32.458549370000014,31.117358798552655,31.29684706603228
40.77463,-73.99232833,32.80718740999998,31.34526996974686,31.40772592828027
40.77451667,-73.99241333,32.80718740999998,31.39319526125001,31.419057644267536
40.77439833,-73.9925,33.227603870000024,31.20091520346156,31.376724059164008
40.77427667,-73.99257333,32.27568530000002,31.41734057623378,31.488691707935505
40.774165,-73.99264333,32.82769553,31.532629114625024,31.532320377070086
40.77404667,-73.99271833,32.82769553,31.63379867230772,31.634488849423096
40.77392,-73.9928,31.85526884000004,31.69812645215192,31.699984466634632
40.77367667,-73.99296833,32.14921856000001,32.05671568962028,31.824452405714304
40.77342333,-73.99315,32.23296005000003,32.11860781126584,31.87471978394232
40.77329333,-73.99324667,33.25665704000002,32.43972862696205,32.04150724923325
40.77316667,-73.99334,33.25665704000002,32.420710135769255,32.08225494701925
40.77304333,-73.99342833,34.01887550000001,32.45396316594938,32.10140437894906
40.77292333,-73.99350667,34.01887550000001,32.811848346363654,32.237774857019254
40.77280333,-73.99359,34.777675939999995,33.008482828354445,32.20911555060511
40.77268833,-73.99366333,33.83942945000001,33.048959577777794,32.28644392485717
40.77257833,-73.99373167,33.83942945000001,33.0371588069231,32.42083575061095
40.77239167,-73.99387167,34.56917672000003,33.449667004810145,32.467280063258805
40.77231333,-73.99393167,34.56917672000003,33.47327405750002,32.4643794737342
40.77224833,-73.99397833,35.07846170000005,33.48332801189876,32.47604223031849
40.77215667,-73.99404333,35.07846170000005,33.60023213787501,32.53675821053799
40.77212167,-73.99406833,35.07846170000005,33.70301151253166,32.520930947714305
40.77209333,-73.99408833,35.07846170000005,33.67483864076925,32.553123690159765
40.772065,-73.99410667,35.07846170000005,33.75926134454548,32.56832166504825
40.77204,-73.99412333,35.07846170000005,33.86634635750002,32.62347986087099
40.77201667,-73.99414167,35.34677627000002,33.948761700129886,32.63771335038837
40.77199667,-73.99416,35.34677627000002,34.032503759230785,32.62932398019294
40.77191167,-73.99422333,35.34677627000002,33.97475196909093,32.60525875271846
40.77189167,-73.99424333,35.34677627000002,33.928118074210545,32.56392172766992
40.77185833,-73.99426833,35.34677627000002,33.7808255501266,32.507242504760406
40.77177333,-73.99430833,35.34677627000002,33.91021275025318,32.508040129428586
40.77173167,-73.99432667,35.464697960000024,33.85371502076924,32.496055063980904
40.77168833,-73.99435,35.464697960000024,33.841006997692325,32.520696180926535
40.77164833,-73.99436833,35.464697960000024,33.96381470346155,32.506630974025576
40.77161,-73.99438333,35.464697960000024,34.03414561532469,32.561974698649536
40.77157667,-73.9944,35.464697960000024,34.18329557896105,32.63097254289391
40.771545,-73.994415,35.16903923000001,34.16292989987343,32.64749357173079
40.77151833,-73.99443,35.16903923000001,34.16292989987343,32.67169818228574
40.77149333,-73.99444333,35.16903923000001,34.16292989987343,32.64100110742859
40.77146833,-73.99445667,35.17929329000003,34.26095676650002,32.629727948057344
40.77117667,-73.99362,36.74474645000004,36.50664630038463,34.116031622980785
40.77113333,-73.99351167,36.82165190000004,36.77602583039475,34.2974165653226
40.771095,-73.99339833,36.82165190000004,36.924236889870144,34.441814260932496
40.77104833,-73.99328333,36.713984270000026,37.361348493846165,34.72835566423079
40.77093667,-73.99304,39.04507391000004,37.6197376596154,35.04883521993612
40.77088333,-73.99291167,39.04507391000004,37.7594873622785,35.22407153603836
40.77081833,-73.99278167,37.75306235000002,38.02911128576925,35.42301439228574
40.77076833,-73.99264667,37.75306235000002,38.18355980569622,35.57902856569622
40.77071167,-73.99252333,37.54798115000003,38.28094668558443,35.78548300854371
40.77066,-73.99240333,38.328998720000016,38.58096222135137,36.01049712776701
40.77062,-73.99229667,38.328998720000016,38.54234013500002,36.12640697565497
40.77052333,-73.9921,38.24696624000004,38.62167209075951,36.33425204487263
40.77048833,-73.99201333,38.24696624000004,38.66805332417723,36.39479926451925
40.77043167,-73.99186667,38.24696624000004,38.76915424550002,36.5526721140823
40.77040333,-73.99180333,39.34756868000005,38.81367395600002,36.627435893322804
40.77036667,-73.99176833,39.34756868000005,38.84719191462502,36.7168743474204
40.770325,-73.99172667,39.34756868000005,38.92414522772154,36.76952438228574
40.770285,-73.99171,39.192048770000014,38.92414522772154,36.82217227163464
40.770275,-73.99169167,39.192048770000014,38.95208623769232,36.82217227163464
40.77027667,-73.99168167,39.192048770000014,38.95208623769232,36.82217227163464
40.77022667,-73.99166667,39.192048770000014,38.90859725428574,36.86192940664518
40.77015333,-73.99146667,39.192048770000014,38.851023592727294,37.05842647134617
40.77014667,-73.991395,39.12881540000001,38.88177581346156,37.093134920285735
40.77014167,-73.991315,39.79703831000003,38.97504832076925,37.11731605542859
40.77013,-73.991245,39.79703831000003,38.93290660810128,37.158462937675175
40.770085,-73.99107333,39.805583360000014,38.92047358881581,37.29992500698054
40.77005833,-73.99097333,39.805583360000014,38.88634960625002,37.3392385583228
40.77003167,-73.99087167,39.805583360000014,38.9184557387342,37.41610074224686
40.77000333,-73.99076167,39.805583360000014,38.96618173587501,37.48542267566881
40.76997167,-73.99065833,39.805583360000014,38.95456211115386,37.5107432963259
40.769945,-73.99055333,39.944013170000005,38.90791490230771,37.56577335920384
40.76991167,-73.99045333,39.944013170000005,38.96799539569621,37.637535451082826
40.76984333,-73.99026,40.35588458000001,38.99746264423079,37.71583230900323
40.76971667,-73.98994167,41.024107490000006,39.0359447679747,37.8265660047785
40.76969167,-73.98988,41.024107490000006,38.99963177230771,37.851461049968165
40.76967167,-73.989825,41.024107490000006,39.03010911730771,37.89394137815289
40.76964833,-73.98977833,41.024107490000006,39.02719503615386,37.89726006875002
40.76963333,-73.98972667,41.024107490000006,38.97911961618423,37.90131896750002
40.7696,-73.98959167,40.64812529000005,38.97132688354432,37.9200990280255
40.76958833,-73.98950833,40.64812529000005,39.02930829275002,37.95813273348103
40.769575,-73.98942,40.64812529000005,39.12057321253166,38.00595760932909
40.769555,-73.98933,40.64812529000005,39.11953482670888,37.97922134000002
40.76952,-73.98924,40.59685499,39.09521929202533,38.00729402028848
40.76948,-73.98915,40.59685499,39.14627326164559,38.02495227742859
40.769445,-73.98906167,40.59685499,39.2239283796154,38.04166802285716
40.76941333,-73.98898,39.73038692,39.22708347500002,38.06728071089174
40.76936167,-73.98886667,39.73038692,39.226684706000015,38.08034600781352
40.7693,-73.988815,39.43301918000003,39.26979733160002,38.03533931259617
40.76928167,-73.98880667,39.43301918000003,39.20461110324677,38.04166523163989
40.769265,-73.98882167,39.43301918000003,39.20041392421054,38.060206958896124
40.76916667,-73.98851333,38.71865300000002,39.33962178350002,38.04810800657144
40.76922833,-73.98845833,38.71865300000002,39.39430353038463,38.07363635762059
40.76926667,-73.98842833,38.71865300000002,39.38412373805197,38.073597891157576
40.76935,-73.98835833,39.05532797000001,39.58461976040002,38.05025367606453
40.76939,-73.98831833,39.05532797000001,39.54343022078949,38.05705731205789
40.76943167,-73.98828167,39.05532797000001,39.51260712670888,38.03808058780257
40.76946833,-73.98823833,39.05532797000001,39.51260712670888,38.03444135200002
40.769505,-73.98819833,38.29652752999999,39.51095003600002,38.03803572410096
40.76954,-73.98817,38.29652752999999,39.55109230126584,38.05753826535034
40.76956167,-73.98814833,38.29652752999999,39.526950642125016,38.063453178860776
40.76958167,-73.98813,38.29652752999999,39.53640346848103,38.083717686050974
40.76963167,-73.98808667,38.778468350000026,39.50365826000002,38.081062471772164
40.76969333,-73.988045,38.778468350000026,39.522084893461546,38.090025783471354
40.76972667,-73.98802333,38.778468350000026,39.49674083857144,38.10923981675243
40.76975333,-73.98799667,38.778468350000026,39.47668657653848,38.09075615288464
40.769785,-73.98798167,38.778468350000026,39.46937448363638,38.09575172057694
40.769815,-73.98796333,38.778468350000026,39.39343481324326,38.11647505709679
40.76987167,-73.98790167,38.73061607,39.28828600844157,38.15693803464288
40.769975,-73.98788,39.205720850000006,39.2511069636709,38.15573139846156
40.77000333,-73.98785833,39.205720850000006,39.2511069636709,38.1393255659937
40.77002667,-73.98783833,39.205720850000006,39.2217941972152,38.14171835114287
40.77021667,-73.98764333,39.43301918,39.06198872692309,38.20120640173079
40.77028667,-73.98759667,39.43301918,38.965407751538464,38.25068552778848
40.77037667,-73.98752333,39.43301918,38.82778862576924,38.31722248710613
40.77049167,-73.98742667,39.92521406,38.71406679594937,38.30924169356689
40.77058,-73.98735167,39.92521406,38.63861075949368,38.33425596028573
40.77066167,-73.98729833,39.92521406,38.59223008076924,38.363934828269244
40.77085,-73.9872,39.86881673000005,38.41383735222224,38.416590890759515
40.77099833,-73.98709333,39.78507524,38.336382519615405,38.451894557316315
40.77108667,-73.98703167,39.78507524,38.31368509092107,38.46335998361292
40.771175,-73.98697167,39.78507524,38.20444337276317,38.475000928006445
40.771355,-73.98685667,38.51698982000002,38.08596873384617,38.4842830933654
40.77144667,-73.986785,38.51698982000002,38.0876172822785,38.48199060562302
40.77161,-73.98666833,37.94788949000002,37.994077149870144,38.4737557385437
40.77168833,-73.98661167,37.59583343000003,37.98785403153848,38.46522886874195
40.77177333,-73.98652833,37.438604510000005,38.02710967506332,38.426215096538485
40.77186333,-73.98646333,37.438604510000005,38.04412811562501,38.38395288600002
40.77193833,-73.98637833,37.438604510000005,38.06249997312501,38.326172071714296
40.77201833,-73.98632167,37.24719539000003,38.10849316392407,38.307581319038476
40.77210833,-73.98623833,36.96520874000004,38.08325184615386,38.25713813605771
40.77220833,-73.98616167,36.96520874000004,38.18035867076925,38.21953443846156
40.77231333,-73.98608,36.86437715,38.2754353179747,38.167212440000014
40.77252,-73.98593333,37.21643320999999,38.44962453974684,38.03152723817894
40.77262333,-73.98586,37.47449372,38.44850124425001,37.990631016285725
40.77272833,-73.985785,37.313846780000006,38.52499404405064,37.95116644885716
40.77284,-73.98571333,37.82996780000002,38.54950483076925,37.9392121295484
40.772945,-73.98564,37.82996780000002,38.64762654440001,37.88310097585211
40.77305667,-73.98556333,37.82996780000002,38.7760021836709,37.85881414713377
40.773165,-73.985485,38.33241673999999,38.8325650896154,37.83270003891722
40.77326833,-73.985405,38.33241673999999,38.84227851087501,37.801306504904474
40.77336333,-73.98533833,38.33241673999999,38.92182543558443,37.785352198102906
40.77346833,-73.98525833,39.79362029000001,38.92522126064936,37.769091874662394
40.77357,-73.98517833,39.79362029000001,38.98344138481014,37.7442817633654
40.773665,-73.98510833,40.03800872000002,39.04862172822786,37.72331251350321
40.77375167,-73.98504833,40.03800872000002,39.07726387050634,37.70005048742859
40.773835,-73.98498833,41.91962873,39.111966314230784,37.706329195903244
40.77393667,-73.98494167,41.34881939000002,39.004912175000015,37.706067287714305
40.77407833,-73.98488,41.34881939000002,38.97542079730771,37.69530323742859
40.77435333,-73.98466833,40.60540004000004,38.8465220046154,37.6905191571154
40.77445167,-73.98458333,37.95643454000003,38.74948007911395,37.711617501142875
40.77453333,-73.98452833,37.95643454000003,38.73474798025319,37.684968642643334
40.77461,-73.984465,37.95643454000003,38.7052621494937,37.691684013006345
40.77466667,-73.984435,37.95643454000003,38.65126917714288,37.7063805495177
40.77481667,-73.98433167,36.96862676000001,38.34865233500001,37.7332644679221
40.77489,-73.98426667,36.96862676000001,38.31867892884616,37.732674352108646
40.77497,-73.984255,36.96862676000001,38.245560092531655,37.74135887645572
40.77502333,-73.98421667,36.536247230000015,38.24400251379747,37.745807221560526
40.77513167,-73.98413167,37.028442110000015,38.10468574924052,37.758994900636964
40.775185,-73.984065,37.028442110000015,37.972040499736856,37.78995491425808
40.775245,-73.98397833,37.028442110000015,37.91377502115386,37.79497430906755
40.7754,-73.98389333,36.17564612000001,37.75227193287502,37.80616724220449
40.77541333,-73.98385833,36.17564612000001,37.701967333076944,37.809503500769246
40.77548833,-73.98381333,36.17564612000001,37.57863377807694,37.833527782492034
40.77558667,-73.98374833,35.51425925000001,37.42451613269232,37.85714763211541
40.77567667,-73.98368333,35.51425925000001,37.267638610886095,37.879632831821105
40.775775,-73.983615,35.628762920000014,37.16672238162502,37.88184768318474
40.77584167,-73.98358,35.300633000000005,37.08981309730771,37.90599963466456
40.77590833,-73.98354,35.300633000000005,37.065326439746855,37.900937831142876
40.77600167,-73.983495,35.300633000000005,37.00476011428574,37.90464934596156
40.77603167,-73.98347333,35.300633000000005,36.94197969618424,37.90494443163989
40.77605667,-73.98343167,34.98446615,36.85177604960002,37.91019267326925
40.77598667,-73.98336833,35.300633000000005,37.02154033884617,37.92655973057694
40.77596333,-73.98333833,35.300633000000005,37.00758342384617,37.930151707866266
40.77593333,-73.983305,35.300633000000005,37.044104429493686,37.93030025057145
40.77592667,-73.98325,35.300633000000005,37.07551373111113,37.924739682618316
40.775905,-73.983205,35.300633000000005,37.05374860423079,37.94052928079874
40.77588667,-73.98317,35.300633000000005,37.055807903038,37.94405238156053
40.77586833,-73.98314,35.300633000000005,37.06470379653848,37.94396205355771
40.775855,-73.98311333,35.51938628000002,37.074888242531664,37.94819525536743
40.775975,-73.98255833,37.248904400000015,37.15098689115387,37.98270163903539
40.775925,-73.98252833,37.248904400000015,37.19387877539476,37.987473258834974
40.77587667,-73.98249167,37.248904400000015,37.30827113487502,37.984368390351456
40.77583,-73.98246833,37.248904400000015,37.3160100837975,37.979911517115404
40.77578167,-73.98244833,36.99084389000004,37.30666017384618,37.97728664603836
40.77574333,-73.98242833,36.99084389000004,37.354971185189896,37.97064000528665
40.77564167,-73.98234333,36.99084389000004,37.39174165684213,37.969632507548404
40.77555,-73.98231167,36.99084389000004,37.460497144430406,37.941286743428584
40.77548667,-73.98228833,36.84216002,37.57703432000002,37.93646896285716
40.77543333,-73.98226333,36.84216002,37.57982498189875,37.93100077015925
40.77542167,-73.98225333,36.84216002,37.613580841538486,37.93121435728436
40.77497833,-73.98245,37.348026980000014,37.94475269949368,37.84225536556964
40.77492,-73.98246333,37.348026980000014,38.024643508734194,37.83197165517574
40.77485333,-73.98247667,37.348026980000014,38.03226638115386,37.83356166668813
40.77478,-73.98248667,37.348026980000014,38.12043021581083,37.826659331923096
40.77470833,-73.98248667,38.29994555000002,38.18608853243245,37.81119625467744
40.77462167,-73.98253167,38.29994555000002,38.29382909315791,37.77712675941749
40.77455333,-73.98248667,38.29994555000002,38.25613864810128,37.77744713805114
40.77447333,-73.98249,38.29994555000002,38.32475864455697,37.75502798450481
40.77431,-73.98250833,38.91860717000003,38.459645606081104,37.73877082300973
40.77414167,-73.98252667,39.46207235000003,38.56967679934212,37.68873033071431
40.77405167,-73.98252167,39.46207235000003,38.542559238846174,37.668041858967754
40.77387667,-73.982515,39.892742870000006,38.67241858280003,37.632801726442324
40.77378667,-73.98251,39.892742870000006,38.68624839480522,37.60305413463024
40.7737,-73.98250333,39.892742870000006,38.68624839480522,37.57580493538712
40.773615,-73.98249833,40.14738536000005,38.62153850675003,37.54542852041403
40.77353667,-73.9825,40.14738536000005,38.68047771168834,37.53541165709679
40.77346,-73.9825,40.14738536000005,38.68047771168834,37.51453181279745
40.77338167,-73.98249833,40.14738536000005,38.727061329200026,37.4849241939355
40.77330333,-73.98249833,39.979902380000055,38.658371556363655,37.47251282204547
40.77322667,-73.9825,39.979902380000055,38.658371556363655,37.44929130009617
40.77315167,-73.9825,39.979902380000055,38.58077861825002,37.44090321035146
40.77299167,-73.98246333,38.86050083000001,38.594389983421074,37.38557024790999
40.77291167,-73.982455,38.86050083000001,38.56129091038963,37.36646456865387
40.772835,-73.98244333,38.86050083000001,38.47082463961541,37.36189139231513
40.77275833,-73.982435,38.086319300000014,38.433594458607615,37.32689493571431
40.77268167,-73.982435,38.086319300000014,38.38965775848103,37.333543661075964
40.77237333,-73.98242333,37.28821163000004,38.17439904615386,37.23238761006392
40.77230167,-73.982415,37.28821163000004,38.110330890500016,37.20773672873419
40.77223167,-73.98239333,36.5311202,37.978972109375015,37.21347092600002
40.772165,-73.98237,36.5311202,37.90313073443039,37.16985048028573
40.7721,-73.98235,36.5311202,37.83989736443039,37.13968610277958
40.77203167,-73.982335,36.5311202,37.82151269789475,37.14677175722582
40.77196667,-73.98232,35.88511442000001,37.78810787151899,37.09953908930382
40.7719,-73.98230667,35.758647680000024,37.693073935696205,37.097956363885366
40.77183,-73.9823,35.758647680000024,37.57679933112502,37.05866346405065
40.77176833,-73.98228833,35.758647680000024,37.49822266653848,37.039024825769246
40.77172333,-73.98228,35.616799850000035,37.45287474350001,37.02829515691085
40.77167667,-73.98227167,35.616799850000035,37.38813463240509,37.00204980367091
40.77161833,-73.98226833,35.616799850000035,37.38813463240509,37.02142042674123
40.77156833,-73.98228,35.616799850000035,37.30882656312501,37.009171926730794
40.77152167,-73.982295,35.616799850000035,37.26562673835445,36.994878451582295
40.77148167,-73.98228833,35.478370040000016,37.23040815253167,36.99450062885717
40.77145667,-73.98228,35.478370040000016,37.15873789772154,36.99213381156053
40.77143333,-73.98227667,35.478370040000016,37.14323061500002,36.98616316197454
40.77141333,-73.98228333,35.478370040000016,37.14323061500002,36.95821435722046
40.77127333,-73.982165,35.478370040000016,36.91950367769233,36.89293660600002
40.77122167,-73.982155,35.478370040000016,36.903294985316485,36.89985006269233
40.77117667,-73.98216167,35.75352065000004,36.84143697730772,36.89625654689323
40.77113,-73.98217,35.75352065000004,36.77431010350652,36.882009266116526
40.77069,-73.98152833,35.710795399999995,36.10939949552633,36.3446272581169
40.77065167,-73.98159,35.59800074,36.10241273202704,36.33679699884617
40.77062,-73.98163,35.59800074,36.08633370129872,36.35124134876625
40.77057333,-73.98163333,35.59800074,36.08633370129872,36.33515925077672
40.77050833,-73.98165167,35.59800074,36.0861069758228,36.333563012076695
40.77042667,-73.98166,35.59800074,36.04586952518989,36.30843400596156
40.77037833,-73.98167833,34.635828110000006,36.02994206230771,36.31843854658149
40.77030833,-73.981695,34.635828110000006,35.99327960987343,36.29617803427654
40.770265,-73.98169333,34.635828110000006,35.94697170402599,36.2848029516399
40.77014,-73.981725,35.62192687999999,35.83788949810128,36.19279608977708
40.76997333,-73.981785,35.97569195000003,35.71357254125002,36.13936751531647
40.76987,-73.98187167,36.29698583000004,35.68996278443039,36.1326774983228
40.76979667,-73.98183833,36.29698583000004,35.63866641384618,36.04691356351614
40.76969667,-73.98182833,36.29698583000004,35.62212157734178,36.01212912828573
40.76959833,-73.98182,36.84045101000001,35.52983503734179,35.93999867745225
40.76948667,-73.981825,36.84045101000001,35.498705095696224,35.860249143514395
40.76877,-73.982095,37.58387036000002,35.52295966454547,35.58330325400002
40.76873667,-73.982195,37.58387036000002,35.511793083670895,35.635409070000016
40.76863833,-73.98227833,37.58387036000002,35.55495099443039,35.655279788535054
40.76855333,-73.98230333,37.58387036000002,35.510905317875014,35.604678941496836
40.76846833,-73.98234333,36.87292220000003,35.54602930769233,35.6085177246154
40.76836,-73.98238833,36.87292220000003,35.42928467683546,35.548238069840785
40.768285,-73.98241833,36.87292220000003,35.37273591556964,35.54301307111467
40.768205,-73.98242833,36.36021920000002,35.381021369113945,35.51155738657145
40.76788,-73.98240667,35.85264323000004,35.18236518139243,35.385296812857156
40.76782333,-73.98238833,35.85264323000004,35.15912697200002,35.382349802993645
40.76777833,-73.98235167,35.85264323000004,35.13111235423079,35.31820512846156
40.76772667,-73.98226167,35.300633000000005,35.121295115189895,35.305629405031866
40.76773167,-73.982215,34.972503080000024,35.11712805125002,35.275298155271585
40.76773,-73.98217,34.972503080000024,35.048067281645594,35.25337562854432
40.767755,-73.981835,34.80160208000004,34.951247268125016,35.08075480202533
40.76776333,-73.98174333,34.80160208000004,34.92939330275002,35.03633514777072
40.76779,-73.98164333,34.80160208000004,34.86536951562502,35.00602596846156
40.76781333,-73.98156667,34.80160208000004,34.826523339746856,34.94330749250002
40.767845,-73.98149,34.56746771000002,34.779085873250025,34.918905271142876
40.76788333,-73.98142833,34.56746771000002,34.81307380962502,34.93266584056964
40.76792333,-73.98138167,34.56746771000002,34.80010940037978,34.91337998721521
40.76796,-73.98134833,34.56746771000002,34.783701295769255,34.89907590355771
40.76799833,-73.98133,35.77402877,34.82680997750002,34.9158948981169
40.76804,-73.98132833,35.77402877,34.83199178346156,34.947837464519246
40.76807667,-73.98133333,35.77402877,34.83372714139242,34.97538940800002
40.768105,-73.98134833,35.77402877,34.84108021100002,34.97538940800002
40.76812667,-73.98136667,35.77402877,34.8920281787342,34.99194987213377
40.768145,-73.981385,35.77402877,34.891850954230776,34.99409974140129
40.76819833,-73.98142667,35.77402877,34.91567308924053,35.0221351251911
40.76821667,-73.98144667,35.77402877,34.9220653746154,35.01196916028848
40.76848167,-73.98139167,36.117539780000016,35.02584555462502,35.125811651182126
40.76853,-73.98137,36.117539780000016,35.01245930113925,35.15253322202534
40.768595,-73.98135,36.445669700000025,35.017834570250024,35.17053731787976
40.76864833,-73.98133167,36.445669700000025,35.01985142115385,35.180650606623814
40.76867,-73.98132167,36.445669700000025,35.01985142115385,35.1501470008654
40.76869167,-73.98131,36.445669700000025,34.99145362126583,35.149227776496836
40.76871333,-73.98129667,36.445669700000025,35.02212845787501,35.157005629428596
40.76873667,-73.98128667,36.445669700000025,35.00439017797469,35.17412285657145
40.76876,-73.98128,36.445669700000025,35.00488662846155,35.17412285657145
40.76878167,-73.98127,36.445669700000025,35.01708877126583,35.17651956130992
40.76880833,-73.981255,36.48839495000004,35.01708877126583,35.19743172840258
40.76884,-73.98123333,35.274997850000034,35.02914776671054,35.19649878938909
40.76893333,-73.98118,35.274997850000034,35.064219950000016,35.226915510961554
40.76898,-73.98114167,35.274997850000034,35.04892024142858,35.208717022038854
40.76902667,-73.98111167,35.274997850000034,35.01836151500002,35.22984285734826
40.76906833,-73.98107833,35.274997850000034,35.0557470101266,35.21503058800002
40.76911333,-73.98105667,35.54843945000002,34.98940091637502,35.24266272767518
40.76916167,-73.98103333,35.54843945000002,34.98758509325002,35.260607332675185
40.76921167,-73.98100667,35.54843945000002,34.98816188412502,35.2818555917143
40.76926167,-73.98097667,35.54843945000002,35.04246432481015,35.29323814085716
40.769315,-73.98094,33.982986290000014,35.01730050462502,35.28186119047925
40.76936833,-73.98090167,34.33162433000001,35.0488169496154,35.29638238538463
40.769475,-73.980815,34.33162433000001,35.08525391923079,35.35669937885715
40.76953,-73.98077667,34.33162433000001,35.05161509987342,35.33416684365386
40.76958333,-73.98073833,34.33162433000001,35.06050627848103,35.34156654596776
40.76963667,-73.98069833,34.704188509999994,35.03298427805196,35.33935224263667
40.76969,-73.98065833,34.704188509999994,35.006135520384625,35.31954750938909
40.769745,-73.98061833,34.704188509999994,34.97795876576924,35.33302725707397
40.76986833,-73.98053,34.704188509999994,35.02719140000001,35.39687467742859
40.76993667,-73.98048167,35.00155625000002,35.066498630000005,35.385821415399384
40.77000667,-73.98043167,35.00155625000002,35.062927237307704,35.410004162403865
40.77008,-73.98038167,34.639246130000004,35.04731012531647,35.39462310729301
40.77015167,-73.980325,36.15513800000002,34.99822587153847,35.420247214373006
40.77022333,-73.98026833,36.15513800000002,34.98178716135137,35.4129796670874
40.77029,-73.980215,36.15513800000002,34.99049265894738,35.42224197524118
40.77035667,-73.98016167,36.15513800000002,35.00958210708862,35.44309390342859
40.77042333,-73.9801,36.64391486000002,34.9940495858228,35.434217009493686
40.77049333,-73.98003333,36.64391486000002,34.964823351518994,35.41707427369428
40.770645,-73.97993,36.64391486000002,35.069478442307705,35.445239424919635
40.77071667,-73.97987333,37.60608749000002,35.150824781315805,35.46181126682694
40.77078333,-73.97981833,37.60608749000002,35.223570141184226,35.4435683818182
40.77084167,-73.979775,37.60608749000002,35.17151510346155,35.45188586259617
40.77089167,-73.97973667,37.60608749000002,35.201943080759506,35.43635327199369
40.770925,-73.97970667,37.60608749000002,35.16124187187502,35.44806359600002
40.77102333,-73.97953833,36.40294445000004,35.192424544050645,35.375867538949066
40.77106667,-73.97950667,36.40294445000004,35.280847922692324,35.38471738054142
40.77112,-73.97946333,36.40294445000004,35.32427060584417,35.383194721806476
40.77117,-73.97942,36.40294445000004,35.39995796276317,35.40283839225082
40.77121833,-73.97938833,36.40294445000004,35.502984222987024,35.38669741621361
40.77125333,-73.97936,37.18225301000004,35.466495749740275,35.40398951445163
40.77127667,-73.97934333,35.62705391,35.466495749740275,35.39105666414793
40.771295,-73.97932833,35.62705391,35.439479107307704,35.393554941153866
40.77130833,-73.97932667,35.62705391,35.439479107307704,35.393554941153866
40.771405,-73.97926667,35.62705391,35.511247119875016,35.40025854813293
40.77144833,-73.97923833,35.62705391,35.51818997300002,35.381971025142875
40.77149333,-73.97921,35.99107304000003,35.549678482250016,35.37738653800002
40.77154167,-73.979175,35.99107304000003,35.59029937848103,35.392722346538484
40.77158333,-73.97914167,35.99107304000003,35.66338132769233,35.35963505906754
40.77162167,-73.979115,35.99107304000003,35.71936208303799,35.38470209575082
40.771655,-73.97908833,35.99107304000003,35.71936208303799,35.39171831891376
40.77168167,-73.97906,34.58968484000002,35.71977311075951,35.41295022228573
40.771695,-73.97902667,34.58968484000002,35.742509433670904,35.37730441359874
40.771705,-73.97894667,34.58968484000002,35.70298278285716,35.3342801647267
40.771695,-73.978895,34.58968484000002,35.65366563714287,35.29369772716131
40.77168333,-73.97882833,34.58968484000002,35.52951054177217,35.225670596401294
40.771675,-73.97874167,34.58968484000002,35.42082615898735,35.17341755085716
40.77166,-73.97866167,34.58968484000002,35.38093483696204,35.123671796285734
40.77167667,-73.97845333,33.99324035000001,35.27328884000003,34.984471680776714
40.77169667,-73.97833833,33.99324035000001,35.12155942653848,34.897333767142875
40.77171667,-73.97822667,33.70441766000005,35.07074979237502,34.86193827114287
40.77172667,-73.97811,33.70441766000005,34.98481671615386,34.817433480571445
40.771715,-73.97787,33.504463490000006,34.67915908506331,34.64705874714288
40.77168833,-73.977755,33.504463490000006,34.54302886700002,34.59982496600002
40.77166333,-73.97764,33.51129953000003,34.50399637658231,34.53287669028848
40.77164,-73.97752333,33.51129953000003,34.244686769350665,34.47141145662381
40.771555,-73.97715667,33.35919764000002,33.89430006440003,34.260322460865396
40.77146667,-73.977005,32.83282256000004,33.758651686202555,34.15266502335445
40.77135833,-73.976875,32.76275315000001,33.59006542126584,34.07703051433546
40.77128167,-73.97674833,32.76275315000001,33.50608485846156,33.98872834589174
40.77120333,-73.97662,32.84991266000003,33.44362717298704,33.88941936630226
40.77112667,-73.976495,32.84991266000003,33.361861032207806,33.80484260453379
40.77103833,-73.97637167,32.84991266000003,33.27805211455698,33.749924133280274
40.77095167,-73.97624333,32.84991266000003,33.22104905949369,33.66303559357829
40.77086,-73.97611667,32.80718741000001,33.174795461000016,33.588270085142874
40.77077167,-73.97599167,32.80718741000001,33.086720096923095,33.50017474022154
40.77068167,-73.97586667,32.67559364000002,33.04473980000002,33.44396232368934
40.77059833,-73.97573667,32.39189798000001,32.97302796480522,33.33026024164518
40.77052,-73.97560333,32.39189798000001,32.96589325222224,33.31005686350159
40.77044333,-73.97546833,32.42266016000002,32.91498483822787,33.21111438054315
40.77035833,-73.97534,32.28593936000004,32.897587380519504,33.142004520741956
40.77027333,-73.97521333,32.28593936000004,32.859794243461565,33.07583826906454
40.77017167,-73.97509667,32.28593936000004,32.85404457025318,33.06914727509495
40.77007667,-73.974975,32.50981967000001,32.84026432506332,33.0171235046497
40.76999167,-73.97485667,32.50981967000001,32.83389616884618,33.01221348064518
40.76991167,-73.974735,32.53545482000004,32.801606086202554,32.99161942885716
40.76983333,-73.97461167,32.47563947000003,32.76859407025318,32.9794097531949
40.769675,-73.97435667,32.57818007000003,32.726863940000015,32.99681631125002
40.769595,-73.97424,32.50640165000004,32.689784912911406,33.001932909394924
40.76951167,-73.97412833,32.50640165000004,32.7173905388889,33.03695490902209
40.76944833,-73.97401333,32.50640165000004,32.685716237692326,33.01504918575564
40.76938333,-73.973905,32.57647106000002,32.66572185855265,33.052086894437316
40.76932,-73.97378833,32.93365415000005,32.64312245000002,33.08710352865386
40.76927333,-73.97367167,33.0960101,32.639835892307715,33.10202429124206
40.76922667,-73.97353833,33.0960101,32.68633598857145,33.157120989838724
40.76919167,-73.973405,32.92340009000003,32.66306811101268,33.188953116857164
40.76910333,-73.97315667,32.76788018000002,32.68723221443041,33.25908763200002
40.76901667,-73.97290333,32.825986520000015,32.69026083974686,33.38258123714287
40.76897333,-73.97277667,32.825986520000015,32.716177219240535,33.42659773914287
40.76893667,-73.97263667,32.825986520000015,32.72030134160002,33.44829695877815
40.76890333,-73.97249167,32.381643920000045,32.76350777779223,33.56996088610934
40.76886833,-73.97236167,32.152636580000035,32.81404508303799,33.6187918769231
40.76882333,-73.972235,32.152636580000035,32.86622397063293,33.68297834865387
40.76874,-73.97197167,32.381643920000016,33.00699014873419,33.843840323428594
40.76870333,-73.971835,32.381643920000016,33.03957004475002,33.914137601428585
40.76865833,-73.971705,32.121874400000024,33.139830869230785,33.97123753315114
40.76861,-73.97157833,32.121874400000024,33.22271182887502,34.08769308738856
40.76855833,-73.97145,32.20219787000002,33.41589404675002,34.195103635601285
40.76849667,-73.97132667,32.49272957000002,33.44582447155847,34.23237536019295
40.76843833,-73.97120667,32.614069280000024,33.76476568844158,34.387233310225824
40.76837833,-73.97109333,32.614069280000024,33.85805549569621,34.460591793897784
40.76832167,-73.97099,33.00030554000003,33.95469027632914,34.53330383812104
40.76827667,-73.97089833,33.00030554000003,34.106532569873444,34.6145821317143
40.76823667,-73.97081833,33.304509319999994,34.18423317269233,34.657312019580665
40.76820333,-73.97075167,33.304509319999994,34.317043662405084,34.72796273800002
40.76817667,-73.970695,33.304509319999994,34.367748528875026,34.76449060335445
40.768155,-73.97064667,33.304509319999994,34.48003391444447,34.82454932503166
40.768135,-73.97061167,33.304509319999994,34.51656517164559,34.87843108865817
40.76811833,-73.97057833,33.304509319999994,34.569753510875024,34.8880594807962
40.76810333,-73.97055,33.304509319999994,34.64516357712502,34.91385050579115
40.76793333,-73.97041667,34.95199496000001,34.96872994103898,35.055497221575585
40.76791667,-73.97043833,34.95199496000001,34.98241101139242,35.048400652307706
40.76789667,-73.97046833,34.95199496000001,34.98241101139242,35.03090972527158
40.767855,-73.97051667,34.31282522000004,34.98028857000003,35.032907930284836
40.76780167,-73.97068667,34.31282522000004,34.86244283600002,34.91792326857145
40.76775167,-73.97071333,34.31282522000004,34.793641122025335,34.93195885228574
40.76770167,-73.97073333,34.536705530000006,34.82416977615387,34.92647410684715
40.76765333,-73.97074833,34.536705530000006,34.82416977615387,34.94175733278848
40.767625,-73.970765,34.536705530000006,34.82416977615387,34.95335340384617
40.76759667,-73.97078,34.536705530000006,34.8165784044737,34.93997144270098
40.76753333,-73.97080333,34.536705530000006,35.11720706369865,34.96154987954548
40.76743167,-73.970895,34.89559763,34.97046541423079,34.92394966769233
40.76741333,-73.97092667,34.89559763,34.93769552189876,34.91392622142407
40.76738833,-73.97095833,34.89559763,34.9119703677778,34.89477557455698
40.76736667,-73.97098833,34.89559763,34.92147074341774,34.86995162914288
40.767345,-73.97101167,34.89559763,34.92147074341774,34.876515499235694
40.76731167,-73.97106167,34.138506199999995,34.919653568227865,34.87289221142859
40.767265,-73.97111833,34.138506199999995,34.849005744875015,34.84860256771431
40.76720833,-73.971145,34.138506199999995,34.89101142594939,34.85922555685716
40.76717667,-73.97117167,34.45980008000001,34.89101142594939,34.84330410108282
40.76713833,-73.97120333,34.45980008000001,34.91529621894739,34.84368439054664
40.76709833,-73.97123667,34.45980008000001,34.95648395960002,34.84800445796777
40.76697833,-73.971305,34.15730531000003,34.8921576996154,34.827610904212236
40.76688667,-73.971385,34.30598917999998,34.842340605875016,34.825115887428595
40.76684,-73.971425,34.30598917999998,34.77863999692309,34.78454463624206
40.76677667,-73.97148667,34.30598917999998,34.79149755837501,34.78020135605097
40.76674833,-73.971505,34.30598917999998,34.79929491650002,34.78105598200002
40.76673333,-73.97151333,34.30598917999998,34.83279692075953,34.78180244199369
40.76672333,-73.97152,34.30598917999998,34.83279692075953,34.76768230057145
40.76664,-73.97155333,34.48714423999999,34.87976680052633,34.804681627240285
40.76642167,-73.97158167,34.19319452000002,34.972289453750015,34.81139350990448
40.76634333,-73.97162,34.24788284000002,34.9636335344304,34.815095120857166
40.766305,-73.97166167,34.24788284000002,34.921627166923095,34.7990056994231
40.76625667,-73.97170333,34.24788284000002,34.87431268727274,34.781016529126234
40.76620833,-73.97174667,34.24788284000002,34.78681344680002,34.79054829096156
40.766105,-73.97182,34.389730670000006,34.79069070846156,34.78980881548079
40.76605667,-73.97185167,34.389730670000006,34.819282948888905,34.7921322176266
40.76602167,-73.97187833,34.389730670000006,34.819282948888905,34.7911054160568
40.76598333,-73.97190333,34.389730670000006,34.7895741108861,34.78755445321658
40.76598833,-73.971925,34.389730670000006,34.7895741108861,34.784274016582295
40.76597667,-73.97194333,34.389730670000006,34.78763092325002,34.784274016582295
40.76593333,-73.971965,34.389730670000006,34.78046660189876,34.77829640859874
40.765915,-73.971975,34.389730670000006,34.78046660189876,34.771012964303814
40.7659,-73.971985,34.389730670000006,34.775165172222245,34.78676010987384
40.76583,-73.972035,34.49227127000003,34.77375398115386,34.797950023598744
40.76576667,-73.97208333,34.49227127000003,34.80814958584418,34.78394966058066
40.7657,-73.97209333,34.49227127000003,34.83928794153847,34.8263415109325
40.76566167,-73.97211333,33.99324035000001,34.771760136153866,34.81407620443732
40.76562667,-73.97213167,33.99324035000001,34.73146608519482,34.812647450096485
40.7656,-73.97214333,33.99324035000001,34.73146608519482,34.79952921625809
40.76558,-73.97215667,33.99324035000001,34.68527696513159,34.776575315436915
40.76553833,-73.97219833,34.26155492000004,34.66154979215191,34.77796440347136
40.765495,-73.97222833,34.26155492000004,34.68212281126584,34.80657177257145
40.765475,-73.972245,34.26155492000004,34.68212281126584,34.815653940000026
40.76537167,-73.97236333,34.26155492000004,34.61763472506331,34.81075285506331
40.76534833,-73.97239667,33.87360965000005,34.60413570936711,34.82125569500002
40.76531833,-73.97243333,33.87360965000005,34.55901030153848,34.823408390288485
40.76527,-73.97246167,34.263263929999994,34.58179710153848,34.83549103392286
40.76522167,-73.9725,34.263263929999994,34.58179710153848,34.83304017070742
40.76516333,-73.97252667,34.263263929999994,34.546565203076945,34.84438175707008
40.76509,-73.97255667,34.263263929999994,34.52413673493673,34.83198990542859
40.76498,-73.97264333,34.15388729000003,34.5032045519231,34.84762995061095
40.76493833,-73.97268667,34.15388729000003,34.47776659538463,34.85589601307694
40.76489667,-73.97272833,34.15388729000003,34.469550201153865,34.87164957961541
40.76486,-73.97276667,34.15388729000003,34.48359305038962,34.888254399935505
40.76483,-73.97279833,34.15388729000003,34.48317134662339,34.908445428649536
40.764805,-73.97282667,34.15388729000003,34.46556798875001,34.92064496764334
40.76476833,-73.97285,34.03254758,34.43204489227849,34.90780947993673
40.76473667,-73.97287167,34.03254758,34.42228731050002,34.90203886705698
40.76467,-73.972925,34.31282522000001,34.40192872887502,34.90159815400002
40.76464333,-73.97294333,34.31282522000001,34.41131483333335,34.91582905314288
40.76459167,-73.97294667,34.31282522000001,34.42908062525002,34.921070017142874
40.76457,-73.97289333,34.03254758,34.48552068050002,34.937011564150964
40.76456,-73.97282,34.03254758,34.51661370730771,34.942096943750016
40.76455667,-73.97276833,34.03254758,34.54394244888891,34.958647119177236
40.76454,-73.972675,34.03254758,34.61483796153848,34.95530923817893
40.76453167,-73.97263167,34.21370264000004,34.608572729740274,34.94351606522582
40.76452167,-73.97258833,34.21370264000004,34.628503781428584,34.94499904487099
40.76450833,-73.97254167,34.21370264000004,34.65594184307694,34.9725523783654
40.76449167,-73.97249667,35.01693734000003,34.72734778653848,35.00326526000002
40.76447167,-73.97245,35.01693734000003,34.78494464075952,35.015076418000014
40.76444667,-73.972405,35.01693734000003,34.78494464075952,35.04510616514288
40.76442833,-73.97235667,35.52622232000002,34.78773530265825,35.04550456146968
40.76438667,-73.97228167,35.52622232000002,34.815806838441574,35.06133852238712
40.76435667,-73.97222833,35.52622232000002,34.813280315000014,35.05498472288463
40.76432167,-73.97217167,35.52622232000002,34.85766648597405,35.078827916428594
40.76429833,-73.972105,35.52622232000002,34.89502796000002,35.11887346700967
40.76423,-73.97195333,35.30234201000002,35.03952694653849,35.1863812994231
40.764195,-73.97190333,35.30234201000002,35.03502255974686,35.19250818261148
40.76416333,-73.97186667,35.30234201000002,35.06275195423079,35.21734615048079
40.764105,-73.971825,35.215182500000026,35.05650416645572,35.239337233694286
40.76408,-73.97178833,35.215182500000026,35.11564362269233,35.24933539952079
40.76405333,-73.97176667,35.215182500000026,35.11564362269233,35.26474928520902
40.76403,-73.97174667,35.215182500000026,35.113130188571446,35.26509775970876
40.76390333,-73.97141,35.67148817,35.2733983919231,35.44015285163464
40.76394167,-73.97136333,35.67148817,35.2814291244737,35.45422195064937
40.76402833,-73.97131833,35.215182500000026,35.38555082155846,35.461818470482335
40.764055,-73.97129833,35.215182500000026,35.41949683653848,35.46243393389069
40.764085,-73.97127833,35.045990510000024,35.429696547402614,35.46418525700002
40.76410833,-73.971255,35.045990510000024,35.450598627500014,35.47264015533983
40.76419,-73.97115833,35.045990510000024,35.51759073784812,35.52908152085716
40.76432333,-73.97109,35.83897115000002,35.69640942974685,35.569696279142875
40.76440167,-73.97102667,35.83897115000002,35.750409375384635,35.620592749612925
40.76458333,-73.97088667,36.19444523000004,35.921566088987355,35.61848173285716
40.764675,-73.97081167,36.19444523000004,36.04157878289476,35.62840457919357
40.76482667,-73.970675,36.76867259000002,36.23694853064938,35.72104394706454
40.76490333,-73.97060833,36.76867259000002,36.27448747050635,35.715430278386094
40.76496,-73.970555,36.76867259000002,36.32185192550002,35.71437075742859
40.76501167,-73.970515,36.76867259000002,36.340555035555575,35.74358026905065
40.76508833,-73.97044333,37.12243766,36.46144018468356,35.76706834003166
40.76514667,-73.97039667,37.12243766,36.47640996961541,35.789108592211555
40.76521,-73.97035667,37.12243766,36.53361625407897,35.811887780487034
40.76526833,-73.970315,37.12243766,36.66225823400002,35.84949361221155
40.76532167,-73.97026667,37.47107570000003,36.704728982077945,35.86007659388352
40.765375,-73.97022333,37.47107570000003,36.70603080038464,35.85929966066881
40.76541667,-73.970195,37.86072998000003,36.70896540518989,35.850185510857166
40.76544667,-73.97016333,37.86072998000003,36.72516855063294,35.86525605140577
40.76546667,-73.97012667,37.86072998000003,36.74034246269233,35.86532386509617
40.76549667,-73.97008333,37.86072998000003,36.76974619884617,35.8937031507668
40.765515,-73.97004167,37.86072998000003,36.80229736175003,35.949953388566904
40.76553,-73.96999333,37.86072998000003,36.88116438746837,35.96742812949369
40.76552667,-73.96993167,38.12391752000002,36.87027323450002,35.99844962948884
40.76546333,-73.96986833,38.12391752000002,37.004581701153874,36.04583804634618
40.76541167,-73.9698,38.12391752000002,37.07077796531648,36.11938442571431
40.76538667,-73.96972333,38.12391752000002,37.14469805607597,36.16418761485717
40.76531833,-73.96956333,38.16664277000004,37.22238145259742,36.257695138806476
40.76528667,-73.96948667,38.03333999,37.26861498200002,36.34921229636658
40.76525333,-73.96939667,38.03333999,37.476091755324695,36.46061117327976
40.76521667,-73.96930667,38.03333999,37.48235954807694,36.485755237101934
40.765155,-73.96912167,38.05555712,37.58901930038463,36.61188312971431
40.76512667,-73.96904,38.05555712,37.630868135000014,36.655209663269254
40.765105,-73.96890833,38.05555712,37.705509146750025,36.69119386449369
40.76507333,-73.96886833,37.992323750000025,37.74189970240508,36.72141356506371
40.76505333,-73.96883833,37.992323750000025,37.75098086346156,36.77152822012782
40.76494333,-73.96873,38.040176030000055,37.76252599287502,36.809634575714306
40.76493,-73.968675,38.040176030000055,37.8045955746154,36.85756849798079
40.764885,-73.96852333,38.00941385000005,37.89793558959461,36.9501617833654
40.764865,-73.96843,38.00941385000005,37.89919380246755,37.008225236077195
40.764845,-73.96833,38.00941385000005,37.89328881153848,37.035919028750016
40.76482833,-73.968225,38.00941385000005,37.90873762454547,37.06583635138711
40.76479667,-73.968125,38.00941385000005,37.901768706973705,37.130319920865404
40.76476333,-73.96802833,38.12733554000002,37.91308193189875,37.18838244009618
40.76473,-73.96792667,38.12733554000002,37.92964580825002,37.20450269257145
40.76469667,-73.96782167,38.12733554000002,37.94118004333336,37.25980745113927
40.76464667,-73.96772333,38.46913754000002,37.931253683797486,37.291228168285734
40.76460833,-73.96764333,38.46913754000002,37.974379145000015,37.331678733215455
40.76456833,-73.96755333,38.46913754000002,37.883288912000026,37.33158793142859
40.76453,-73.96748167,38.49989972000003,37.83923917925002,37.35241072628573
40.76448833,-73.967405,38.42983031000003,37.84694973481015,37.37152045924053
40.76445833,-73.96733667,38.42983031000003,37.84456011615386,37.393595102403864
40.76443,-73.96727667,38.42983031000003,37.83673725519482,37.40807862398716
40.76440833,-73.967225,38.42983031000003,37.869020987973,37.41697364233011
40.76438833,-73.96719,38.42983031000003,37.880554496000016,37.42034917590912
40.76437167,-73.96715833,38.42983031000003,37.85513072355265,37.42438467038463
40.76412333,-73.96693167,37.93079939,37.82875634987343,37.39568997091774
40.76408833,-73.96693,37.93079939,37.82870740512502,37.38337907257145
40.76400833,-73.96695667,37.93079939,37.78776174291141,37.3634514734286
40.76396833,-73.96697667,37.93079939,37.757591226500026,37.33301717651759
40.76393167,-73.967,39.21084788000002,37.759768591772165,37.311104670707415
40.7639,-73.96702333,39.21084788000002,37.810800928354446,37.29540371375002
40.76387167,-73.96704167,39.21084788000002,37.810800928354446,37.27462093142859
40.76374333,-73.96718667,39.21084788000002,37.81685114825002,37.20642564182694
40.76370667,-73.96721,39.21084788000002,37.861233918846175,37.17827818351615
40.76367333,-73.96723167,39.13906946000003,37.81478390346155,37.16146096501599
40.76364,-73.96725,39.13906946000003,37.81478390346155,37.15246036451925
40.76362,-73.96727,39.13906946000003,37.81478390346155,37.14750314000002
40.76349833,-73.96740667,39.13906946000003,37.67317708769233,37.03828269983873
40.76339333,-73.96752667,38.36659694000002,37.69103405115387,36.97495823514287
40.763375,-73.96754333,38.558006060000025,37.664799555063325,36.95854142391722
40.76335667,-73.96757,38.558006060000025,37.6490074373418,36.93524373399362
40.76333,-73.96759167,38.558006060000025,37.68349049987344,36.928964623769986
40.76330333,-73.96761333,38.558006060000025,37.68349049987344,36.92134232996807
40.76326833,-73.967645,38.558006060000025,37.7056044569231,36.90613286548079
40.76323667,-73.967675,38.558006060000025,37.65764262500003,36.88682507877815
40.76321333,-73.96767667,38.558006060000025,37.65431708389613,36.869432742282974
40.7632,-73.96769333,38.558006060000025,37.63067094153849,36.86489752163463
40.76302667,-73.96772167,39.02114777,37.51036073506496,36.77653073887462
40.76299667,-73.96774333,39.02114777,37.49000627230771,36.75696779482317
40.76296833,-73.96776,39.02114777,37.4760274469231,36.747004980900336
40.76294333,-73.96777333,39.02114777,37.49104299405065,36.72855154571431
40.762915,-73.96778667,39.02114777,37.49104299405065,36.72086371342859
40.76289,-73.967805,37.37878916000005,37.439786047777794,36.71746178085445
40.76286333,-73.96782833,37.37878916000005,37.44706302784812,36.68754328933546
40.76282,-73.96788,37.37878916000005,37.42854271362502,36.66575882009496
40.76278833,-73.967915,37.37878916000005,37.438626143038,36.659257851050974
40.76271833,-73.96806,37.37878916000005,37.35591471846155,36.605651719710636
40.76270167,-73.96810667,36.541374260000026,37.35675192578949,36.60019176867744
40.76267833,-73.96814333,36.541374260000026,37.322036711038976,36.56377882980647
40.76265667,-73.968195,36.541374260000026,37.21463542025976,36.532186270546646
40.76260667,-73.96822333,36.420034550000025,37.19619142922079,36.49513757144697
40.762555,-73.96821667,36.420034550000025,37.14603514423078,36.46417662441937
40.76252167,-73.96815667,36.420034550000025,37.16494096064936,36.459303313537
40.76249667,-73.96811167,36.420034550000025,37.25081579276316,36.46102866689322
40.76244833,-73.96797333,37.26428548999999,37.267575334250026,36.46790853171431
40.76242,-73.96789667,37.26428548999999,37.30784333461541,36.47372913255593
40.76236667,-73.96781667,37.26428548999999,37.30907031615386,36.4786776944231
40.76232333,-73.96773,39.02456579,37.33550145101268,36.47487478200002
40.76225833,-73.967645,39.02456579,37.40162774818184,36.49746542378642
40.76218667,-73.96755667,39.02456579,37.39910008653848,36.47848159295822
40.76212333,-73.96745167,39.90983297,37.30660485012502,36.43836258673079
40.76202833,-73.96723833,40.23454487000001,37.35464107064937,36.428859855659184
40.76197167,-73.96715167,40.23454487000001,37.3462530708861,36.44686381596156
40.76194,-73.96706833,40.23454487000001,37.33753495658231,36.44224621990417
40.76189,-73.96696333,40.23454487000001,37.32451186772155,36.440575326242055
40.76187167,-73.966945,40.23454487000001,37.32451186772155,36.440575326242055
40.76186667,-73.966935,40.23454487000001,37.32451186772155,36.42690832839119
40.761805,-73.96677167,39.62101028000001,37.35339815428574,36.473168222193564
40.76176833,-73.96667667,39.87907079000004,37.35572834151902,36.45223186019233
40.76168667,-73.96646,39.87907079000004,37.26874667194808,36.4309744263107
40.76164833,-73.96634667,39.63639137000001,37.23653116760002,36.404215252307715
40.76160167,-73.96623,39.63639137000001,37.21884335230772,36.41783803394233
40.76155,-73.96611833,38.43153932000001,37.22688196734179,36.43848532675161
40.76149333,-73.966,38.22474911000003,37.16137712835445,36.42225297644233
40.76144667,-73.965885,38.22474911000003,37.16892705860762,36.40083557548079
40.76138333,-73.96577167,38.22474911000003,37.167091023846176,36.41547900423569
40.76134167,-73.96567167,38.22474911000003,37.09312813850002,36.37757514600002
40.7613,-73.965575,37.98036067999999,37.079361843846165,36.379318615271586
40.76126667,-73.96548833,37.71717314,37.0922525483117,36.360235792330116
40.76123167,-73.96540333,37.71717314,37.00040510810812,36.357106360357164
40.76120167,-73.96532667,37.47449372,37.02392857076925,36.33594797144233
40.76116667,-73.965255,37.47449372,37.02392857076925,36.311222154571446
40.761115,-73.96517833,37.47449372,36.94643099262502,36.311403560859894
40.76107167,-73.965115,37.47449372,36.91480349444447,36.28857016876974
40.76103833,-73.96506833,36.97888082000003,36.870910327468366,36.26855115885716
40.76101167,-73.96503,36.74474645000004,36.82044044987343,36.25710532449369
40.76098167,-73.96501167,36.74474645000004,36.82044044987343,36.23837555115387
40.760895,-73.96493,36.74474645000004,36.809178346493525,36.2253124947573
40.76088167,-73.96490333,36.74474645000004,36.82075357423078,36.20700178257236
40.76086333,-73.964875,36.74474645000004,36.73065807269232,36.19523104488748
40.760845,-73.964855,36.74474645000004,36.71372134538463,36.18327896530548
40.76083333,-73.96483667,36.74474645000004,36.71372134538463,36.174448164437315
40.76069167,-73.96467333,36.32262098000004,36.60291998262502,36.11508748628574
40.76068333,-73.964625,36.32262098000004,36.57897248000003,36.0921921777143
40.76067333,-73.964575,36.32262098000004,36.50327210115388,36.05934061837062
40.76066,-73.96452667,36.4456697,36.50954672311692,36.068193494483886
40.760645,-73.964475,36.4456697,36.51650597346157,36.0634594731731
40.76063,-73.964415,36.4456697,36.48590715063293,36.0591133397143
40.760605,-73.96434333,36.4456697,36.5179889459494,36.064827162643326
40.76057,-73.96420667,36.860959130000026,36.45995527076926,36.04466231819937
40.76053833,-73.96410167,36.860959130000026,36.42857960000003,36.04009924060705
40.76049333,-73.96400833,37.15661786000004,36.41685754423079,36.03885958884617
40.76044833,-73.96391333,36.91906547000002,36.34838759230772,35.99787652742859
40.76037833,-73.96375833,36.91906547000002,36.32809857615386,35.97732975125002
40.76034833,-73.96368,36.91906547000002,36.32727578355266,35.95570541097405
40.76031833,-73.9636,36.91906547000002,36.23802498500002,35.892815990870986
40.760285,-73.96351667,36.91906547000002,36.24132093285717,35.8726018290997
40.76025333,-73.96343167,37.149781820000015,36.21781594175002,35.85817716714288
40.76022333,-73.96334833,37.149781820000015,36.196428525555575,35.84128780800002
40.76015167,-73.963175,37.084839440000025,36.12902692316458,35.71518295451926
40.76011667,-73.96309,37.084839440000025,36.08891927075952,35.676528393142874
40.76007833,-73.963005,37.084839440000025,36.047064480125016,35.59437720613926
40.76003833,-73.96291667,37.04040517999999,36.02187848607597,35.515564212907364
40.75999,-73.96282333,37.04040517999999,35.98732636423079,35.47020719670928
40.75995167,-73.96272667,37.04040517999999,36.03424218870131,35.4468879876206
40.759905,-73.96262667,36.45763277,35.88309468090911,35.27195592281555
40.75985833,-73.96253167,36.45763277,35.8479105869231,35.19676682173078
40.75981333,-73.96244,36.45763277,35.83213511000002,35.09971310371431
40.75964667,-73.96201,35.26987082000002,35.68730192075951,34.64655024280257
40.75962,-73.96193667,35.26987082000002,35.69056499412502,34.49534639945862
40.75959333,-73.96186667,35.07504368000002,35.68110682884617,34.5007671791374
40.759565,-73.96179333,35.07504368000002,35.65736635052634,34.45703469165051
40.75950333,-73.96164,35.07504368000002,35.50608667653847,34.14148741233228
40.75948167,-73.96156167,34.933195850000004,35.492362559375024,34.06302673923569
40.75943333,-73.96140667,34.933195850000004,35.38708227207794,33.86355826105771
40.75941667,-73.96133167,34.933195850000004,35.2272841383784,33.72258482096465
40.75939167,-73.961245,34.04792867000003,35.2615886946154,33.639365375819956
40.759365,-73.96116,34.04792867000003,35.240752750886095,33.530494696285736
40.7593,-73.96098333,33.577950920000035,34.99474212038463,33.26410266318474
40.75925833,-73.960885,33.577950920000035,34.86290733615385,33.19090977141937
40.759215,-73.960785,33.63947528,34.67428083500002,32.97795234232486
40.75910833,-73.96059333,34.68880741999999,34.2860288196154,32.65681080628573
40.75901167,-73.9604,34.799893070000024,33.80693577302633,32.279979735384636
40.75897167,-73.96030833,34.799893070000024,33.50420056538463,32.08847451967848
40.75893833,-73.96022833,34.799893070000024,33.40132473650002,31.944158993038
40.758855,-73.96006,34.79476604000004,32.91356232730772,31.711133229840275
40.75881833,-73.96001,34.79476604000004,32.85976195447371,31.632579324064537
40.75880833,-73.959925,34.700770490000025,32.61759546518989,31.514090764285736
40.75879667,-73.95988167,34.700770490000025,32.50342670666669,31.46301035428574
40.75879167,-73.95982667,34.700770490000025,32.38536868538464,31.378613392779574
40.758795,-73.959775,34.700770490000025,32.29865012187502,31.357379062753186
40.75881,-73.95973333,34.700770490000025,32.2994600087342,31.347649328343966
40.75884333,-73.959675,34.65120920000004,32.26558267126585,31.361228882324863
40.75888833,-73.959615,34.692225440000016,32.18125154230771,31.368365317884635
40.75893667,-73.95957833,34.692225440000016,32.15490046337664,31.389797161382663
40.75898167,-73.95954667,34.692225440000016,32.29700173554056,31.4737116170874
40.75901,-73.959535,34.692225440000016,32.623597596027416,31.55811126951458
40.759105,-73.95945667,34.58968484000002,32.612754656923094,31.616664751538483
40.75912833,-73.959415,34.58968484000002,32.5054714293671,31.60857108319622
40.75913167,-73.95937833,34.58968484000002,32.45754532662502,31.54493432571431
40.75913167,-73.95934333,34.58968484000002,32.42776555696204,31.47366432366244
40.759145,-73.95927833,33.95051510000002,32.23588672962502,31.527360658639264
40.75919667,-73.95923833,33.95051510000002,32.36751754620254,31.534802251464992
40.75928833,-73.95916833,33.95051510000002,32.39976380807695,31.62948841664539
40.75932667,-73.95914333,33.95051510000002,32.39976380807695,31.62463491813506
40.75936333,-73.959125,33.95051510000002,32.38164392000002,31.672365928863655
40.75939667,-73.95911,33.95051510000002,32.49758675631581,31.70434841993571
40.75942333,-73.95909333,34.19490353000003,32.53494673594597,31.779989438349542
40.75945167,-73.95906833,34.19490353000003,32.60329112360002,31.823834081870988
40.75947833,-73.95904833,34.19490353000003,32.657569281200026,31.835832285755647
40.75949667,-73.95903167,34.19490353000003,32.61005199675326,31.875820921672048
40.75956,-73.95897167,34.19490353000003,32.732531795949384,31.893056950000016
40.75961833,-73.95891333,32.83282256000001,32.77261781531647,31.907274663291158
40.75965667,-73.95888,32.83282256000001,32.787491069750025,31.97274164446204
40.75970167,-73.95883833,33.405340910000035,32.76039514886078,31.975362170095565
40.75974833,-73.9588,33.405340910000035,32.83873024888891,32.010756300443056
40.75979333,-73.95876667,33.405340910000035,32.86081571113926,32.05028647474524
40.759835,-73.95873167,33.405340910000035,33.07001983103898,32.061515024308704
40.75992333,-73.95866667,33.405340910000035,33.33801977283786,32.21106267025808
40.75997,-73.95863333,33.64972934000002,33.35331598220782,32.27480037572818
40.76006167,-73.95856667,33.64972934000002,33.33724010645572,32.22843524257145
40.76011667,-73.95851667,33.64972934000002,33.16825849775002,32.27647993522295
40.76017667,-73.95846667,33.64972934000002,33.13103398848103,32.23557223933546
40.760235,-73.95842167,35.87827838000001,33.224719915625016,32.327113438503204
40.76028333,-73.95838167,35.504005190000015,33.29373606708863,32.327037240605115
40.76032833,-73.95834167,35.504005190000015,33.36086226012989,32.369461041639894
40.76036667,-73.95830167,35.504005190000015,33.52763500220781,32.494559864580665
40.76040167,-73.958265,35.504005190000015,33.58953667610392,32.49675206299037
40.76044,-73.95823333,35.504005190000015,33.712546412692326,32.53524532845163
40.76048833,-73.95819833,35.75352065000001,33.66074795710527,32.51024137376625
40.76052833,-73.95817333,35.75352065000001,33.54537156481014,32.472505374984046
40.76056833,-73.95814833,35.75352065000001,33.603650157875016,32.50349524445863
40.76060833,-73.95812167,35.75352065000001,33.60349953784812,32.510286256857164
40.76064833,-73.95809667,35.75352065000001,33.66186769307694,32.50305982789811
40.76069167,-73.95807667,35.75352065000001,33.701172704303815,32.55874960598729
40.76072833,-73.958055,35.75352065000001,33.8010862769231,32.57647106000002
40.76080833,-73.958015,36.06626948000002,34.05660688961041,32.72172591958201
40.760835,-73.95800333,36.06626948000002,34.13028564556964,32.75638667824283
40.76087833,-73.95799333,36.06626948000002,34.13028564556964,32.78204597400001
40.76089,-73.95799333,36.06626948000002,34.13028564556964,32.78204597400001
40.76101333,-73.95795833,35.702250350000014,34.43371631487502,32.9436702465823
40.761,-73.957685,35.97740096000001,33.868179757468376,32.60194396221521
40.76103833,-73.95767167,35.215182500000026,33.98424100620255,32.630007420727864
40.76107667,-73.95765,35.215182500000026,33.97813697412503,32.652763436571455
40.76112167,-73.95762833,35.215182500000026,34.124769220886094,32.695786082993656
40.761165,-73.95760167,35.215182500000026,34.2263449319231,32.69484449468155
40.76128833,-73.95754,34.50252533,34.571318390759515,32.857630418535045
40.76133167,-73.95753,34.50252533,34.55806815500003,32.882459565632935
40.76136667,-73.95751667,34.50252533,34.675754856125025,32.89476600843951
40.76139667,-73.95750833,34.50252533,34.707282034430406,32.911622072038234
40.76142667,-73.95749833,34.50252533,34.87576013417724,33.00368546105097
40.76144833,-73.95748667,34.50252533,34.87576013417724,33.00368546105097
40.76146333,-73.95748167,34.50252533,34.8808957619231,32.999033337667754
40.76166833,-73.95738833,37.11560162000001,35.37458652363639,33.20134927300973
40.761725,-73.95738167,37.11560162000001,35.52753182116885,33.33064223990293
40.76177833,-73.95735,37.11560162000001,35.64615976538463,33.337046452508055
40.76183,-73.95731833,37.31555579000002,35.614935475454566,33.36061446441937
40.76188667,-73.957275,36.79259873000004,35.483086042278494,33.30756581865387
40.761945,-73.95723167,36.79259873000004,35.574961554556985,33.30241510457145
40.76200167,-73.95718167,36.79259873000004,35.65729024076925,33.306777149142874
40.762055,-73.957135,36.79259873000004,35.55561729200002,33.32362853028574
40.76210333,-73.95709167,37.02160607000002,35.60782213924053,33.40619814504794
40.76214833,-73.95705,37.02160607000002,35.77374393500002,33.391376644419374
40.762355,-73.95691667,37.02160607000002,35.80433665620255,33.52350520394324
40.76241833,-73.95687,37.37878916000005,35.94486403884618,33.545539791054324
40.76248333,-73.95682,37.37878916000005,35.83142487207794,33.43747689225083
40.76254667,-73.95677333,36.99938894000002,35.77076611454548,33.48975281549841
40.76265833,-73.95667833,37.25061341,35.94081949278483,33.60260325274763
40.76270333,-73.95663833,37.25061341,35.94486487088611,33.59035887514288
40.76273667,-73.95661,37.25061341,35.94585999063294,33.58335095479235
40.76278833,-73.95656667,37.25061341,36.059455073038,33.710518934554166
40.76292,-73.95649333,36.96691775000002,36.05588395769233,33.708676621428594
40.76295333,-73.95651833,37.52063699000004,36.21558875115387,33.843622803610245
40.76298167,-73.95656667,37.52063699000004,36.35439991278483,33.927369753706095
40.76303333,-73.95670333,37.52063699000004,36.565500154415616,34.12089237112905
40.76306833,-73.95678,38.15126168000003,36.58871605649352,34.287272233942325
40.76311167,-73.95685833,38.15126168000003,36.94929497155847,34.55857975184468
40.763155,-73.956945,38.15126168000003,36.99579785569623,34.68881834019171
40.76325667,-73.95712333,38.730616070000025,37.25177466038464,34.93228401399363
40.76330167,-73.95721,38.730616070000025,37.354300561012685,35.082593610253184
40.76334333,-73.95729833,38.730616070000025,37.500623583421074,35.31490434324677
40.76342333,-73.957485,39.40225700000002,37.67851490113927,35.636119801142875
40.76347,-73.95756833,39.15103253000001,37.726726067692326,35.78269432711541
40.76351,-73.95764167,39.68937068,37.797230270779245,35.9430222943226
40.763555,-73.95768833,39.68937068,37.82066812220782,36.036860266250024
40.76361833,-73.95774833,39.68937068,37.89092998565792,36.27677540851615
40.76368,-73.957965,40.28752417999999,38.0233269442308,36.5252178363898
40.76368333,-73.95801,40.28752417999999,38.049802731898765,36.53552879267518
40.76369833,-73.95805,40.28752417999999,38.06589771215193,36.654859097115406
40.763705,-73.95810667,39.86027168000004,38.0966815251899,36.654451042285736
40.763715,-73.95817333,39.59708414000002,38.11996543437502,36.704876830127816
40.763735,-73.95822833,39.59708414000002,38.16604461650002,36.76913669814699
40.76375333,-73.95827833,39.59708414000002,38.18500921924053,36.82490767221521
40.76377333,-73.95832333,39.59708414000002,38.22180701683547,36.873145350987286
40.763795,-73.95836833,39.59708414000002,38.251502501111126,36.90957938284812
40.76382,-73.95840333,39.59708414000002,38.32575160100002,37.033612543428596
40.76383667,-73.95843333,39.59708414000002,38.33490453936712,37.03949370800002
40.763825,-73.95856,39.59708414000002,38.434409580384646,37.07624540563697
40.76383833,-73.95860167,39.59708414000002,38.46442680730773,37.13993571722583
40.76386167,-73.95862833,39.59708414000002,38.4784594127273,37.16501357902915
40.76388833,-73.95865667,39.339023630000014,38.50234116285717,37.17568074003218
40.76390833,-73.95868,39.339023630000014,38.5805927056757,37.21304266604504
40.763975,-73.95863833,39.12539738000004,38.58220564160001,37.32459540881031
40.764025,-73.95862,39.12539738000004,38.60980903844157,37.39859487135924
40.76406167,-73.958615,39.12539738000004,38.58125297807695,37.40915018974279
40.76410333,-73.95858667,39.12539738000004,38.58125297807695,37.407050616102254
40.76414,-73.958555,39.12539738000004,38.57094261670889,37.40288836430381
40.76417333,-73.95852833,39.12539738000004,38.52912379100002,37.42122050382167
40.76420167,-73.95851167,39.12539738000004,38.52845533012661,37.42070344665607
40.76423167,-73.95848833,39.12539738000004,38.4900676377778,37.45429927905065
40.76427,-73.95846167,38.37856001000003,38.49571264550002,37.456812248285736
40.76442167,-73.958395,38.37856001000003,38.48657376860762,37.56336770009587
40.76444,-73.95834333,38.37856001000003,38.48370794576925,37.56307192740387
40.764495,-73.95830833,38.37856001000003,38.45639568063294,37.57588412914288
40.76460333,-73.95825,38.08802831000003,38.441295820126605,37.58791973401276
40.76462167,-73.958245,38.08802831000003,38.42820675050002,37.606180016019124
40.76464,-73.95825,38.08802831000003,38.44149051746839,37.607654989617856
40.764685,-73.95823167,38.08802831000003,38.44448835730772,37.643373487019254
40.76473833,-73.95820833,38.08802831000003,38.42641229000002,37.64861978725809
40.76480667,-73.958175,37.90687325000002,38.35532671189192,37.67190910344054
40.76488,-73.95813,37.90687325000002,38.28509713844158,37.682168658649545
40.764955,-73.95808833,37.67786590999998,38.34645658164559,37.71064634942859
40.76501333,-73.95795,37.67786590999998,38.30253097538464,37.721235451309916
40.76510167,-73.95787833,37.29333866000002,38.24369775837503,37.700213664968174
40.765195,-73.95780833,36.78576269000001,38.1656129819231,37.70522655562703
40.765275,-73.95775167,36.78576269000001,38.10077660081083,37.73621007339808
40.76542,-73.95762167,36.756709520000015,38.04837495139244,37.76175931200002
40.765475,-73.95756833,36.02354423000003,37.99632586202534,37.743858732452246
40.76553167,-73.95752,36.02354423000003,37.986705379625015,37.74610732829116
40.76559833,-73.95747167,35.076752690000035,37.96854714837502,37.77398280257145
40.76566333,-73.95742833,35.076752690000035,37.96506612215192,37.823153530828044
40.765725,-73.957295,35.076752690000035,37.73795839675678,37.75468286757283
40.76579667,-73.95723667,35.076752690000035,37.67406561144739,37.76891602797429
40.76587167,-73.95718167,36.38414534000003,37.709969338354455,37.78835476285717
40.76595333,-73.95712833,36.38414534000003,37.68207270384618,37.81744601519233
40.76602333,-73.95708,36.38414534000003,37.66969333653849,37.82279762663464
40.76616333,-73.95699,35.98594600999999,37.6654427219231,37.85201457852092
40.76623167,-73.956925,35.98594600999999,37.64942623076925,37.87980934565919
40.76630167,-73.95687167,35.98594600999999,37.58149550194808,37.880328465645185
40.76636833,-73.95682,35.98594600999999,37.53923890653848,37.85371317932694
40.76644667,-73.95676833,36.58068149000002,37.54367617544306,37.8512601176266
40.76652167,-73.95672667,36.58068149000002,37.548673407215205,37.86244443270703
40.76660167,-73.95669833,36.58068149000002,37.54504515846155,37.88729632134617
40.766675,-73.95666167,36.977171810000016,37.57268607936711,37.89699593661344
40.76676333,-73.95659833,36.977171810000016,37.57451353025002,37.89984732000003
40.766845,-73.95654167,36.977171810000016,37.59176641886078,37.92968743798079
40.76693333,-73.95646833,37.214724200000006,37.53008036576925,37.94647532517574
40.76704667,-73.95638333,37.214724200000006,37.45409803486845,37.975233650000014
40.767105,-73.95633667,37.214724200000006,37.50510053545457,37.97282125324761
40.76716167,-73.95629167,37.214724200000006,37.53196465884618,37.99670343157558
40.767225,-73.95625,37.305301730000025,37.55101464275002,38.024151357120274
40.76728333,-73.95620833,37.305301730000025,37.56212915683546,38.02327642474524
40.76736333,-73.95616167,37.305301730000025,37.59953628500001,38.05906250153356
40.767445,-73.95610667,37.305301730000025,37.65592649412501,38.13452965828574
40.76753167,-73.95606833,37.44544055000003,37.65811241779223,38.130428296806464
40.767585,-73.956,37.44544055000003,37.69187529460529,38.158415420576944
40.76765,-73.95594167,37.39929728000004,37.66417134302634,38.15635563238712
40.767755,-73.95586167,37.55652620000001,37.66473465594938,38.16329528057145
40.76782,-73.95582167,37.55652620000001,37.68606483139243,38.167480946879
40.767875,-73.95578667,37.55652620000001,37.7327489273418,38.187655454857165
40.76794667,-73.95573167,37.55652620000001,37.777853811519,38.19354747028573
40.768025,-73.95567833,37.54798115000003,37.782872676329134,38.21606164250002
40.7682,-73.95559333,37.54798115000003,37.83453237101268,38.24262589714287
40.76829,-73.955555,37.66932086,37.872189111153865,38.250537142683726
40.768355,-73.95552167,37.66932086,37.86368190636366,38.25217095227275
40.76841333,-73.95548833,37.66932086,37.89880672280001,38.26991972800644
40.76846333,-73.95544167,37.66932086,37.98240699460528,38.291752193376226
40.76851667,-73.9554,37.77357047000004,38.00943576038463,38.3115459362058
40.76856833,-73.95536333,38.00428682000003,37.99453031987344,38.3262100497143
40.76862833,-73.95529667,38.00428682000003,38.0403707273418,38.33363046366244
40.76888833,-73.95507,38.23671218000004,38.161037217200025,38.40885359048389
40.76898167,-73.955065,38.23671218000004,38.29659411480521,38.45655502300973
40.76900667,-73.95499167,38.23671218000004,38.33487070307695,38.461468905384635
40.76901,-73.95494833,38.23671218000004,38.359454154615406,38.44621059753995
40.76900167,-73.95490833,38.23671218000004,38.372271729615406,38.42881575485716
40.76899333,-73.954865,38.798976470000014,38.384349281375016,38.414101992571446
40.76898,-73.9548,38.798976470000014,38.385634013417736,38.38725154657145
40.76894667,-73.95473667,38.798976470000014,38.38517694615387,38.373978989584685
40.76891,-73.95467,38.798976470000014,38.37687319493509,38.34577356572818
40.76886667,-73.95459,38.7015629,38.37003805472975,38.25973971151615
40.76882333,-73.95451667,38.7015629,38.48607620873419,38.249785282218674
40.76877667,-73.95444,38.33583476000004,38.50972111924052,38.18782364314288
40.76873333,-73.95436667,38.33583476000004,38.49753339846155,38.1532226594231
40.76864,-73.95422,38.012831870000014,38.51099746848102,37.99846212452534
40.76860667,-73.95413167,38.012831870000014,38.56257821662339,37.96911661097089
40.76856833,-73.95405167,38.012831870000014,38.597357110769245,37.847134097898106
40.76853333,-73.95397,38.012831870000014,38.604798321139256,37.731745841142875
40.76851333,-73.95388667,37.49671085000003,38.61483605075951,37.65174789685716
40.76848833,-73.95381833,37.49671085000003,38.60219930576924,37.64416773846156
40.76847,-73.95374,36.35851019000003,38.62322188160001,37.57663445548079
40.76845,-73.95367333,36.35851019000003,38.69349637280002,37.45938276383873
40.768435,-73.95361333,36.35851019000003,38.68749131116885,37.35028353689322
40.768415,-73.953555,36.35851019000003,38.6739119946154,37.285491501543426
40.76836667,-73.95344,37.77357047000001,38.66270996379748,37.154680982000016
40.76834833,-73.95338667,37.77357047000001,38.67700135884617,37.148644294235694
40.76832833,-73.95334667,37.77357047000001,38.63411108759495,37.00562275742859
40.76831,-73.95330333,37.77357047000001,38.58508729538463,36.9099798705112
40.76829167,-73.95326,38.74941518000003,38.598467426623394,36.90273615509679
40.76827,-73.95322333,38.74941518000003,38.63195958363637,36.84656168241159
40.76822,-73.95321333,38.600731310000015,38.58443162712503,36.74448436539938
40.76817833,-73.95320667,38.600731310000015,38.58301385189875,36.68152400019172
40.76814833,-73.95304167,38.600731310000015,38.512576680253176,36.48880991728437
40.768115,-73.95293167,38.600731310000015,38.41791050607596,36.34708794594939
40.76811833,-73.95288333,38.600731310000015,38.43719219923079,36.351908186401296
40.76813,-73.95284333,38.600731310000015,38.45535590807694,36.3670333296154
40.76815833,-73.95281167,38.600731310000015,38.4642102644156,36.36191721958201
40.76819333,-73.95278,38.600731310000015,38.52647701653848,36.36655907580647
40.76823333,-73.95274167,39.52188770000001,38.53014270708862,36.33196066522295
40.76827333,-73.95270667,41.083922840000014,38.53014270708862,36.26511143714288
40.76831833,-73.95266833,41.083922840000014,38.60611793645572,36.30883460315289
40.76835333,-73.95263667,41.083922840000014,38.64289410101268,36.31563845342859
40.76839,-73.95260667,41.083922840000014,38.6174103822785,36.397779199329094
40.76842667,-73.952585,41.083922840000014,38.61994144772154,36.43792985663463
40.76846167,-73.95256,41.083922840000014,38.65947852875003,36.467832229041555
40.76852167,-73.95252333,41.083922840000014,38.68116294518989,36.49731435457145
40.76869333,-73.952355,41.49408524000003,38.80653555269233,36.59263353412905
40.76874833,-73.95232,41.49408524000003,38.866338097922096,36.61684083383873
40.76886667,-73.95224,41.49921226999999,39.016375858961055,36.581966003967764
40.76892667,-73.95219667,41.56586366000005,39.04031935653848,36.6411452746624
40.76899,-73.95215,41.56586366000005,39.04641975537502,36.66494758117091
40.76904667,-73.95210333,41.56586366000005,39.17857388346155,36.677637872611484
40.76910333,-73.95206,39.909832970000025,39.243713456923096,36.77264384721156
40.76916167,-73.95202333,39.909832970000025,39.28982550462502,36.736754793714304
40.769225,-73.95199167,39.909832970000025,39.33569325153848,36.78222454789139
40.76937333,-73.95191,39.70475177000003,39.63440522324326,36.920884384180084
40.76943833,-73.95186333,39.70475177000003,39.6434937492208,36.948427364387115
40.76950667,-73.95181833,39.70475177000003,39.63861957291141,36.90926315468155
40.76957833,-73.95177667,39.70475177000003,39.64113387275002,36.92452887657145
40.76964833,-73.95173333,39.60050215999999,39.71154561222223,36.97882132914559
40.76972,-73.951685,39.60050215999999,39.80043469696204,36.93840169742859
40.76987833,-73.95155,39.46207235000003,39.94348732076925,37.07009375115387
40.76995,-73.95143833,39.46207235000003,40.00607721736844,37.055542125714304
40.77003333,-73.95138,39.38858492,40.02857671544306,36.95432732189876
40.770115,-73.95131333,39.38858492,40.14558981784812,36.94808066200002
40.77019333,-73.95125667,40.01408258000001,40.116969308607615,37.02656329451925
40.770275,-73.9512,40.01408258000001,40.2126955016456,37.00988870431312
40.77035333,-73.951145,40.01408258000001,40.17758508101268,37.02692299000002
40.77043667,-73.95109667,40.79851817000002,40.177720287500016,37.01910745411395
40.77052167,-73.95104,40.79851817000002,40.14957639846156,37.0945019196154
40.7706,-73.95098667,40.79851817000002,40.12977805960528,37.12716518116885
40.77076333,-73.95088667,41.11810304,40.14017200610391,37.132114723054684
40.77092,-73.95077,41.11810304,40.05161671212501,37.1314261872785
40.77107167,-73.95065167,41.16082829000001,40.02188267692309,37.21851589421224
40.77114833,-73.95059667,41.16082829000001,40.00129829740262,37.29553674360131
40.771225,-73.95055333,41.04461561000002,39.9070586031169,37.32619826136366
40.77130833,-73.95050333,41.04461561000002,39.92670396615386,37.278702523076944
40.77138667,-73.95044833,41.04461561000002,39.88121246075952,37.24408119400002
40.77146667,-73.95039833,41.04461561000002,39.87017961139242,37.29073187892407
40.77155,-73.95034333,40.43279003000001,39.88315943417722,37.38041080846647
40.77172167,-73.95024,40.424244980000026,39.79278714762502,37.35975133114288
40.77189,-73.95013333,39.54752285000001,39.740531428076935,37.42698105096156
40.77198167,-73.95009,39.54752285000001,39.74459868736844,37.45332956067744
40.77206333,-73.95002833,38.61782141000003,39.62027784714287,37.41132629250806
40.77230833,-73.949845,37.91541830000003,39.42659416772153,37.42360440949046
40.77244167,-73.94971167,37.91541830000003,39.26478157220781,37.43862649083603
40.77249833,-73.94959,37.91541830000003,39.04669177280002,37.28913734375002
40.772545,-73.94954167,37.91541830000003,38.97458820269232,37.26191916846156
40.77257167,-73.94951833,37.26941252000003,38.93177531115386,37.27273801398091
40.77256667,-73.94951667,37.26941252000003,38.97458820269232,37.220408159776376
40.77263,-73.94949333,37.559944220000034,38.88254916888891,37.33532297844939
40.77268333,-73.94959167,37.26941252000003,38.9592989144304,37.52478666284347
40.77271833,-73.94966333,37.26941252000003,39.043001735375015,37.63219071280257
40.772755,-73.94972833,37.26941252000003,38.99482036278482,37.73560332085716
40.77279,-73.94979833,37.26941252000003,39.00198997888891,37.842401388575965
40.77282167,-73.94986833,37.26941252000003,39.00143006712501,37.98087773716563
40.77286,-73.949935,36.82165190000004,38.89838388500002,38.0243609057143
40.77290333,-73.94999833,36.82165190000004,38.89838388500002,38.152445266213604
40.77295167,-73.95006667,37.12927370000003,38.83864828880002,38.256580799483885
40.77303833,-73.950235,37.12927370000003,38.84246858346155,38.48454040082804
40.77308167,-73.95032667,37.52747303000001,38.77680260607596,38.58740321603835
40.77312333,-73.95041667,37.594124420000014,38.78794362063293,38.71389489914288
40.77316,-73.950505,37.594124420000014,38.787098850500016,38.75831513623005
40.7732,-73.95058667,37.594124420000014,38.78091288329116,38.78992363108628
40.77323833,-73.95066167,37.91712731000001,38.79296248544305,38.83964005714288
40.77327333,-73.95074167,37.91712731000001,38.788295157500016,38.91918769085716
40.77335,-73.95090333,37.91712731000001,38.7509708173077,38.9821482717042
40.77338167,-73.95099167,37.98890573000003,38.785819434109605,39.03015637500002
40.773425,-73.95109667,37.98890573000003,38.78707913115386,39.08111748219356
40.77350667,-73.95129,37.98890573000003,38.79692133139241,39.12253817914288
40.77354167,-73.95136833,37.98890573000003,38.86624135076924,39.152741540000015
40.773575,-73.95144167,38.15297069000002,38.90144960907896,39.18349269412905
40.77360833,-73.951515,38.15297069000002,38.9279310093671,39.18878758952534
40.77363833,-73.95159333,37.983778700000016,38.94651378898735,39.20466159140577
40.773665,-73.95167667,38.1034094,38.96608697346155,39.197159367211555
40.773705,-73.95175167,38.1034094,38.99823838278482,39.20069116867091
40.77373,-73.95183833,38.1034094,39.01597691923078,39.21820976923078
40.77379,-73.95201667,38.506735760000026,39.07662486384616,39.20252741144233
40.77382167,-73.95209833,38.506735760000026,39.08211670175001,39.2019139206731
40.77384833,-73.95217833,38.506735760000026,39.10531651250002,39.19926090281555
40.77387833,-73.95225,38.506735760000026,39.112294970000015,39.222545472718465
40.77391,-73.95231833,38.47084655000003,39.16290682025976,39.209303726270115
40.77393667,-73.952385,38.47084655000003,39.19476565769232,39.19779324877421
40.773955,-73.95245833,38.47084655000003,39.207905786835454,39.19281918085716
40.77397833,-73.952515,39.40567502000002,39.21723530487501,39.188717556857156
40.77401167,-73.95259667,39.40567502000002,39.22070755307694,39.17389189942677
40.77402333,-73.95262833,39.40567502000002,39.22755345275002,39.1708700258228
40.77404,-73.952645,39.40567502000002,39.22759185139242,39.14792673298079
40.77414,-73.95281167,40.27214308999999,39.26950909337664,39.14263632925808
40.77415667,-73.95285,40.27214308999999,39.27469474076924,39.13048072923325
40.77417333,-73.95288833,40.27214308999999,39.29320901576925,39.12276015370609
40.77419167,-73.95292,40.62932618000002,39.28043526153847,39.10287642600002
40.77421,-73.95295,40.62932618000002,39.28135549769232,39.08576462428573
40.77423167,-73.95298667,40.62932618000002,39.28388101620254,39.08251429149683
40.77425167,-73.953025,40.99163630000001,39.28788150575001,39.075808789520785
40.77427333,-73.95306167,40.99163630000001,39.32013574025976,39.077588920769244
40.774295,-73.9531,40.99163630000001,39.32604864618423,39.06726338611652
40.77431167,-73.95313667,40.99163630000001,39.32013574025976,39.08033464535486
40.77432667,-73.953175,40.99163630000001,39.32013574025976,39.08262267311899
40.774345,-73.95320833,40.99163630000001,39.345244426400015,39.07505577032156
40.77436167,-73.95323833,40.99163630000001,39.35010970802634,39.06545995785716
40.774375,-73.95326833,40.99163630000001,39.35111986961041,39.06119298159093
40.77438833,-73.953295,40.99163630000001,39.3522355919231,39.04831116932694
40.77439833,-73.95332,40.99163630000001,39.36597340307694,39.04721154630227
40.77449333,-73.953475,40.71648569000001,39.38514526696204,39.03945472838609
40.77451,-73.95350167,40.71648569000001,39.38137640346156,39.034128626210205
40.77452667,-73.95353333,40.71648569000001,39.38137640346156,39.02021657865386
40.774545,-73.95357,40.21403674999999,39.38242404444446,39.02436504914287
40.77456333,-73.95361,40.21403674999999,39.41506375848103,39.0173716717143
40.77458167,-73.95364833,40.21403674999999,39.41709033038464,39.02955588009617
40.77461667,-73.95372833,40.21403674999999,39.43326019423079,39.02715952864954
40.77464,-73.95376833,40.21403674999999,39.44686881948054,39.020411411993585
40.77465333,-73.95381833,39.22110194000004,39.42730056961541,39.01634730242041
40.77466833,-73.95386,39.22110194000004,39.43929276101269,39.0071935677143
40.77467667,-73.95390167,39.22110194000004,39.43929276101269,39.00413853798109
40.77468667,-73.95393667,39.22110194000004,39.43630740177218,39.00037922942859
40.77469667,-73.95396667,39.22110194000004,39.43630740177218,39.00316482182694
40.77470667,-73.95399333,39.22110194000004,39.45339583769233,39.00316482182694
40.77470167,-73.95402167,39.22110194000004,39.45339583769233,39.00600846919616
40.77466833,-73.95408833,39.06387302000002,39.45283925701301,39.00558533810291
40.77463667,-73.95411833,39.06387302000002,39.46109577285717,39.00903033780647
40.77459833,-73.95414667,39.06387302000002,39.4724838188158,39.015343794480536
40.774555,-73.954175,39.06387302000002,39.41884954012661,39.002332279712476
40.77447,-73.95424333,39.06387302000002,39.41142156612501,38.99723790628573
40.77443,-73.95427333,39.24673709000001,39.40052635696205,39.003667039142876
40.77439333,-73.9543,39.24673709000001,39.3667355516456,38.98614572124205
40.77435667,-73.95431833,39.24673709000001,39.36812006607597,38.98151397757964
40.77433167,-73.95433833,39.24673709000001,39.36812006607597,38.986923889233246
40.77423,-73.95442167,39.24673709000001,39.35739007924053,39.00089081440896
40.77419833,-73.954445,39.24673709000001,39.36788210265825,39.00769813257144
40.77416333,-73.95447833,39.45523631000003,39.3647669451899,38.99539326057145
40.774115,-73.95450667,39.45523631000003,39.3487801301266,38.99942435400002
40.77405333,-73.95453833,39.45523631000003,39.3574982444304,39.00800738200002
40.77399667,-73.95459,39.45523631000003,39.375902266842125,39.013423932597426
40.77393,-73.954635,39.50308859,39.34152141384618,39.00250853512905
40.77386667,-73.95467833,39.61417424000001,39.302712716233785,39.00168159480646
40.77375333,-73.95475167,39.61417424000001,39.32106820848103,39.01132231885716
40.77369667,-73.95479,39.61417424000001,39.31721752772153,39.013638976857166
40.77364,-73.954825,39.61417424000001,39.31113864405064,39.00940103037977
40.77358667,-73.95486,39.50137957999999,39.30425933797471,39.01178631394907
40.77351,-73.95492,39.48087146,39.28184751063293,39.013718474936326
40.77348333,-73.95494333,39.48087146,39.28184751063293,39.018510543706086
40.773435,-73.954995,39.48087146,39.305540526184224,39.015993263955004
40.77342333,-73.955035,39.48087146,39.242156943200015,39.02399064240386
40.77342167,-73.95508,39.48087146,39.20567466054056,39.018214888322596
40.77343,-73.95512833,39.48087146,39.18643971153848,39.01061345434085
40.77345,-73.95519167,39.313388480000015,39.18643971153848,39.00688599964858
40.77347833,-73.955265,39.313388480000015,39.16783779500002,39.00271101338609
40.77351667,-73.95534667,39.313388480000015,39.14778757430382,38.9962559037143
40.77355667,-73.955435,39.313388480000015,39.07627429769233,38.99069135536743
40.77359,-73.95552833,39.313388480000015,39.01072064569623,38.99855935348245
40.77362333,-73.95562,39.313388480000015,38.972633248625016,38.99024952232486
40.77365667,-73.95570833,39.34073264,38.93705571384617,38.98611306500002
40.77369167,-73.95581333,39.34073264,38.90081210337502,38.96544489485716
40.77374,-73.955925,39.34073264,38.85677208090911,38.9580194847573
40.77383167,-73.95614333,39.18008570000001,38.72113883272729,38.93253284503228
40.77387333,-73.95624333,38.85708281000001,38.68718968769233,38.926505863653865
40.77391833,-73.95634333,38.78530439000002,38.63950586155847,38.910342375659184
40.77396167,-73.95644333,38.78530439000002,38.58808901807695,38.90169841189713
40.77400667,-73.95654333,38.78530439000002,38.573745831111125,38.89928345882913
40.77405833,-73.95664667,38.78530439000002,38.5451127693671,38.89473528428573
40.77410667,-73.95675333,38.78530439000002,38.5268328522785,38.88471451771431
40.77415333,-73.95686667,38.51528081000001,38.478969896233785,38.87858325838712
40.77420833,-73.95697667,37.465948670000046,38.4621500687342,38.87025416095543
40.77425667,-73.95708833,37.387334210000006,38.44393505075952,38.86763717527159
40.77429833,-73.9572,37.387334210000006,38.41078705571431,38.86822179427187
40.77433667,-73.95731,37.387334210000006,38.363634656000016,38.84310849350484
40.77436833,-73.95742667,37.300174700000014,38.37860383076926,38.835023518503206
40.774405,-73.95753167,37.300174700000014,38.37383886987502,38.833880550031864
40.77444667,-73.95763167,37.32410084,38.36043152417723,38.83419292685716
40.77449,-73.957725,37.32410084,38.340485863164574,38.8271422694231
40.77459667,-73.95799833,37.32410084,38.30950735278483,38.813791518471355
40.77462833,-73.95807667,37.32410084,38.29187642683546,38.8048467837143
40.77468,-73.95821333,37.45398560000001,38.280258642597424,38.79256356109327
40.77473167,-73.95834,37.73939027,38.23524731428573,38.781709385145646
40.77476,-73.9584,37.78553354000002,38.24480293620255,38.786454685192325
40.77478333,-73.95845,37.78553354000002,38.25057895734179,38.775869344377014
40.77479333,-73.9585,37.78553354000002,38.26269789615386,38.77666105827478
40.77481,-73.95854167,37.78553354000002,38.26269789615386,38.767411989485545
40.77482833,-73.95857,37.78553354000002,38.27026502189875,38.761559010673096
40.77486833,-73.95868667,37.7616074,38.30945465692309,38.745607000160796
40.77489,-73.958725,37.7616074,38.30945465692309,38.737147318407665
40.77489,-73.95888333,37.7616074,38.31114175653847,38.72038922353505
40.77485833,-73.95892667,37.7616074,38.31963161455698,38.708175789012756
40.77481667,-73.95895833,37.7616074,38.34047976153848,38.70561771671976
40.77477167,-73.95898833,37.7616074,38.34047976153848,38.69869989610934
40.77472833,-73.95902167,37.7616074,38.32566947974028,38.68360446805827
40.77469,-73.95904667,37.41980540000003,38.36206917324677,38.68046129742766
40.77465333,-73.95908,37.41980540000003,38.39225428493508,38.674168963009734
40.77462167,-73.959115,37.41980540000003,38.410742665844175,38.65953779280647
40.77459833,-73.95915333,37.41980540000003,38.41418629538463,38.6520234503834
40.77449333,-73.95933333,37.32922787000001,38.44177174696204,38.61492258291141
40.77443167,-73.95939,37.25574044000001,38.45253271444447,38.59335444405065
40.774385,-73.959415,37.25574044000001,38.46799820000002,38.59056948228574
40.77434667,-73.95944,37.25574044000001,38.48747653192309,38.5807177588103
40.77429167,-73.95944333,37.25574044000001,38.4903877301316,38.56969899616131
40.77425,-73.95944333,37.25574044000001,38.50645092500002,38.56238333077421
40.77417667,-73.95948,37.70350106000001,38.5551357996154,38.53838247552718
40.77415333,-73.95948667,37.893201170000026,38.5551357996154,38.530585458658166
40.77410667,-73.95950333,37.893201170000026,38.57384144379749,38.527879281153865
40.77404167,-73.959525,37.893201170000026,38.57818968443039,38.51692956644233
40.774005,-73.95954,37.893201170000026,38.58944284921054,38.51185725922332
40.773955,-73.95956667,37.893201170000026,38.59234162454547,38.500627427483884
40.77390667,-73.95961333,37.893201170000026,38.615389357307706,38.4778743058654
40.77386667,-73.959665,38.53066190000001,38.61739970623378,38.45570724919616
40.77381167,-73.95971,38.53066190000001,38.619574240769246,38.43631030625002
40.77376167,-73.959765,39.02627480000001,38.629243654050654,38.41556872971521
40.77371333,-73.95980667,39.02627480000001,38.64018807837502,38.41015492417199
40.77366333,-73.959855,39.02627480000001,38.65080530300001,38.39205902569621
40.77361333,-73.9599,39.115143320000016,38.68112051115386,38.37665089439875
40.77349833,-73.95997667,39.115143320000016,38.67610530948054,38.35307922219357
40.773435,-73.96000667,39.115143320000016,38.70311024689191,38.33461482360131
40.77330333,-73.96008,39.17324966000004,38.72827970189875,38.30498493846156
40.77325,-73.96010833,39.17324966000004,38.73107618807695,38.29685305571431
40.77321,-73.96012833,39.17324966000004,38.72484816125002,38.290472751714304
40.77317,-73.96025333,39.17324966000004,38.73130832721522,38.265526631142876
40.77305,-73.96027333,39.07925411000002,38.78878649787502,38.242267818857165
40.77299833,-73.96030667,39.07925411000002,38.80338045730772,38.23696880450481
40.77293667,-73.96034333,39.07925411000002,38.82204810500002,38.23141424900002
40.77285333,-73.9604,39.07925411000002,38.83639940692309,38.21424855817309
40.77278833,-73.96045167,38.97158648000001,38.8253536901316,38.20047339977275
40.77271833,-73.96053333,38.97158648000001,38.815277796153865,38.173208397025334
40.77265167,-73.96058833,39.02627480000004,38.802351764750014,38.18298177643314
40.77252,-73.96069167,38.89126300999999,38.82899095812502,38.15033048865387
40.77246,-73.96074,38.89126300999999,38.78861285807695,38.14570739750002
40.77240667,-73.96081833,39.72184187000002,38.79136164063293,38.13258269210864
40.77235667,-73.96086167,39.72184187000002,38.79961187115386,38.1219996920579
40.77231333,-73.96089167,39.72184187000002,38.77028309157896,38.119148830806466
40.77227333,-73.96092167,38.69472686,38.72068244937502,38.11328671338659
40.82427167,-73.92816333,39.99528347,40.1985022873077,39.23325065325881
40.82436167,-73.92810167,39.99528347,40.060072477307706,39.28704033538218
40.82451833,-73.92797333,41.13519314000001,39.9017042173077,39.369479064615405
40.82459167,-73.92792167,41.13519314000001,39.774865000769246,39.39989067846156
40.82466167,-73.927865,41.13519314000001,39.80833553194807,39.404495251806466
40.82474167,-73.92780833,42.18281626999999,39.75418326177216,39.43366817113926
40.824825,-73.92775167,42.18281626999999,39.67100423075952,39.4341042657143
40.82490333,-73.92770167,41.03436155,39.58300617012502,39.466665994713395
40.82498167,-73.92766167,42.553671440000016,39.61053711615386,39.46436188085716
40.82519833,-73.92756333,42.553671440000016,39.53778599039475,39.51137839824677
40.82527333,-73.92752833,42.726281450000016,39.43060903769233,39.50175205653848
40.82533833,-73.92750167,42.726281450000016,39.43133180303799,39.49652837123419
40.82539667,-73.92748167,42.726281450000016,39.45067173898736,39.489600974571445
40.82543333,-73.92747,41.37274553,39.43271243461541,39.488201214000014
40.82545167,-73.92745167,41.37274553,39.431245270886095,39.48266211060511
40.82543833,-73.92719,39.95597624000004,39.00526274115386,39.468062075143784
40.8254,-73.927005,39.95597624000004,38.65091995810128,39.44603813515925
40.82537667,-73.92693667,39.95597624000004,38.56973116658229,39.42422920818473
40.82535667,-73.92687667,39.95597624000004,38.52458301632913,39.431910486803815
40.82534,-73.92681333,39.95597624000004,38.52844895115386,39.42524946361024
40.825325,-73.92674,39.95597624000004,38.31755484291141,39.41902801268989
40.82531667,-73.92667833,39.95597624000004,38.12831211714288,39.40347535874195
40.82530833,-73.92662,38.58535022000004,38.10741151202534,39.40839738528848
40.825305,-73.92657167,38.58535022000004,38.10741151202534,39.40218104400002
40.825355,-73.92636667,37.38391619000001,38.015592578461565,39.34544337269233
40.8254,-73.92633,37.38391619000001,37.99106903379749,39.348907585923584
40.82544833,-73.926295,37.38391619000001,37.96640376500002,39.343817594153364
40.82557333,-73.926215,37.40784233,37.95452738391306,39.29501522167215
40.82563167,-73.92618,37.40784233,38.17694121987015,39.28740601506453
40.82567833,-73.926145,37.40784233,38.19094622389612,39.30879448527333
40.82572333,-73.92610833,36.09361364,38.235890124556974,39.30689966742859
40.82576833,-73.92607667,36.32774801000002,38.28350444113926,39.30645991398091
40.82580333,-73.926045,36.32774801000002,38.23351326384618,39.317184454134626
40.82582833,-73.92601667,36.32774801000002,38.2614171093671,39.29862241589174
40.82585333,-73.925995,36.32774801000002,38.25047190153849,39.286991944134634
40.82587333,-73.92597833,36.32774801000002,38.28257422050636,39.29725629643313
40.82604833,-73.92577833,36.69518516000002,38.37288609680001,39.24859543097089
40.82614667,-73.9257,36.69518516000002,38.43802479384617,39.2572696148882
40.82621833,-73.92565667,36.69518516000002,38.47279054887502,39.256553080981035
40.82629333,-73.92560667,37.443731540000016,38.490194231111126,39.23773917930601
40.82638,-73.92555667,37.82825879000001,38.57687006911394,39.27208469228573
40.82648,-73.92550667,37.82825879000001,38.65333330610392,39.26811625380647
40.82658833,-73.92545,38.795558450000016,38.67709593405065,39.26540640177217
40.82667333,-73.92540333,38.795558450000016,38.66727453481016,39.234963309082296
40.82676,-73.92535833,38.795558450000016,38.7325880046154,39.20266982894232
40.826845,-73.92531,39.54923186000002,38.73731718815791,39.19860737331171
40.82691167,-73.92527,39.54923186000002,38.78131670000002,39.23270348865386
40.82702,-73.92521667,39.54923186000002,38.8879531551899,39.19873241420384
40.82714167,-73.92513667,40.25505299000002,38.87526842923079,39.13883940096156
40.82719333,-73.925105,40.25505299000002,38.85451929500003,39.143099010734836
40.82733667,-73.92502333,39.86881673000002,38.903072707307714,39.151158514711554
40.827475,-73.92499667,40.51653152,39.05510886615387,39.12390538714288
40.82753667,-73.92505667,40.84466144000004,39.05605101269233,39.10333708952533
40.827555,-73.92509833,40.84466144000004,39.05605101269233,39.08711118792334
40.82757833,-73.92514,40.84466144000004,39.05949094307695,39.0655219689457
40.82760333,-73.925185,40.84466144000004,39.06750466625002,39.100801787038236
40.82762167,-73.92523667,40.84466144000004,39.10095204708863,39.099616206993694
40.82764,-73.92528833,41.18304541999999,39.11871471269232,39.073815854536754
40.827655,-73.92533333,41.22577067000003,39.20188112623378,39.082111618681694
40.82766833,-73.92537833,41.22577067000003,39.21047540346155,39.09793309789139
40.82767833,-73.925415,41.22577067000003,39.22600986615386,39.106440932571445
40.82769333,-73.92544833,41.22577067000003,39.24907345810129,39.10671220400001
40.82785833,-73.92572,40.83953441,39.40127716760002,39.13830259653847
40.82785,-73.92579,40.83953441,39.51694542783786,39.19044450577421
40.82784,-73.92586333,40.83953441,39.53220834480521,39.21483557000002
40.82784,-73.92594167,40.83953441,39.53220834480521,39.21613376028848
40.82784167,-73.92603167,40.83953441,39.56553318615386,39.248036592811516
40.827855,-73.92611167,40.83953441,39.56553318615386,39.24205660777421
40.82787667,-73.92619,40.877132630000006,39.63530381818183,39.2685860409968
40.82790167,-73.92626,40.00724654000004,39.702078703076936,39.302194739260464
40.82792833,-73.92633,40.00724654000004,39.712799260126594,39.314554947142874
40.82795167,-73.92639667,40.00724654000004,39.723486792125016,39.314667516146514
40.82797,-73.92645333,39.85001762000002,39.75429142696204,39.32454602936307
40.82799833,-73.926505,39.85001762000002,39.71515352222224,39.35504627264986
40.82802333,-73.92654667,39.85001762000002,39.73190366637502,39.35714456142859
40.82812667,-73.92664167,39.85001762000002,39.75966203935067,39.376500955401944
40.828145,-73.92668667,40.04997179000003,39.80791382818183,39.39017815835486
40.82817333,-73.92674833,40.62078113000001,39.86601220076924,39.398855412788485
40.828205,-73.92682,40.62078113000001,39.882948928076935,39.40605722670928
40.828275,-73.92698167,40.964292140000026,39.951029105789495,39.44214496155341
40.82831333,-73.92707,40.964292140000026,39.93928564883119,39.464361985192326
40.82835833,-73.92716667,40.964292140000026,39.96134428423079,39.50727347346156
40.82840167,-73.92725833,40.964292140000026,39.9955646994937,39.49716654585444
40.82850833,-73.92745333,41.14202918000004,40.00309299670888,39.52803471057145
40.82857,-73.92755667,41.48554019000002,40.01450983250002,39.59103347029127
40.828635,-73.92766667,41.48554019000002,40.00374198784812,39.562345225192324
40.8289,-73.92810667,41.24286076999999,39.945246253164576,39.51215448114288
40.828965,-73.92821167,41.24286076999999,39.928913309493694,39.50978311961785
40.82903,-73.92831667,39.94743119,39.92217582000002,39.517701707151915
40.82909,-73.92841833,39.94743119,39.97155452346155,39.50976526893892
40.82915,-73.92851833,39.94743119,39.91916506407896,39.44477410134617
40.82921,-73.92863167,39.87736178000003,39.88437310307694,39.40042748288464
40.82927167,-73.92874,38.69301785000002,39.83824681362502,39.35547895485716
40.82943167,-73.92905833,38.89297202000003,39.644551892750016,39.18808103659237
40.829495,-73.92916,39.55264988000002,39.59238436250001,39.115029386000025
40.82955833,-73.92926333,39.02456579,39.51781236846156,39.05675214500002
40.82969,-73.92945667,39.02456579,39.2317722973077,38.820407785112565
40.82974833,-73.929555,39.02456579,39.19424912037501,38.71384607028573
40.82980333,-73.92965167,38.725489040000014,39.12548391215192,38.65771273202534
40.829855,-73.929745,38.725489040000014,38.99919023645572,38.5964750097785
40.8299,-73.92984167,38.725489040000014,38.92333469116885,38.462789006057704
40.82996,-73.93004667,38.50673576,38.73775118675002,38.2901105784395
40.82996,-73.93015167,38.50673576,38.6490162507595,38.19022168257145
40.82995167,-73.93024167,38.25038426000003,38.62787571558442,38.12907752125404
40.82993833,-73.93031,38.25038426000003,38.55134530307693,38.06594306501609
40.82993,-73.93036167,38.25038426000003,38.485416955769246,38.01372447394906
40.82992167,-73.9304,38.25038426000003,38.49622534850002,37.9687611137143
40.82987667,-73.93065667,38.25038426000003,38.28811227822786,37.76494377939492
40.82986,-73.93069667,38.25038426000003,38.31079776350002,37.762562916773184
40.82983833,-73.930745,37.944471470000025,38.20962437150002,37.725652668849854
40.82982167,-73.93079,37.944471470000025,38.20259687911394,37.6709595626266
40.82980667,-73.93083667,37.944471470000025,38.14500243087501,37.6709595626266
40.82976333,-73.93093667,38.15809772,38.04365894911394,37.56170237086264
40.82974167,-73.93098,37.08483944000005,38.0104054977778,37.52971373200002
40.82972167,-73.93101667,37.08483944000005,37.958597843797484,37.51485683515926
40.829675,-73.93112833,37.08483944000005,37.85839133473686,37.41542022321545
40.82966833,-73.93129,37.06091330000004,37.44254837923078,37.25545012740387
40.82977167,-73.93140667,37.06091330000004,37.28343516615386,37.194226965414025
40.829825,-73.93144,36.82677893000002,37.28213274632913,37.16092304124205
40.829845,-73.93145,36.82677893000002,37.229185053846166,37.14974347682694
40.82991833,-73.93149,36.82677893000002,37.15695966200002,37.068576631464985
40.83001333,-73.93154333,36.82677893000002,37.11464723779222,37.041328375112556
40.83007667,-73.931575,37.534309070000006,37.028373749600014,37.0002105794231
40.83014,-73.93160167,37.534309070000006,36.94190405818184,36.94203787216131
40.83020333,-73.93163167,37.534309070000006,36.929724295526334,36.90182050825244
40.83027167,-73.93166167,37.534309070000006,36.73453565607596,36.88733993085989
40.830345,-73.93168667,37.32410084000003,36.72110153949369,36.85979066948884
40.830425,-73.93171167,37.32410084000003,36.53773990962027,36.791297923025496
40.83050333,-73.93173833,37.32410084000003,36.477896745714304,36.720313119935504
40.83057833,-73.931765,37.32410084000003,36.50583561615387,36.70162261300321
40.830645,-73.93179,36.94299161000001,36.46468514037976,36.698961258285735
40.83072167,-73.931805,36.94299161000001,36.45639968683546,36.6708181607325
40.83080167,-73.931815,36.94299161000001,36.48609435961541,36.63054023427217
40.83088667,-73.93182167,36.804561800000045,36.54016280987344,36.559205291550654
40.830975,-73.93182333,36.804561800000045,36.44702814384617,36.51564539009679
40.831065,-73.93181833,36.804561800000045,36.61012405468356,36.51251578734179
40.831145,-73.93181667,37.12072864999999,36.67270843354432,36.48786156471339
40.831235,-73.9318,37.12072864999999,36.72802411164559,36.45793211888537
40.83132833,-73.93178667,37.12072864999999,36.78648901925002,36.37567624600002
40.83142333,-73.93177167,37.50183787999998,36.89266576289476,36.32777013310682
40.83151333,-73.93175667,37.50183787999998,36.99553271230772,36.33181708142859
40.8316,-73.93174,37.50183787999998,37.13963592518989,36.34300431514287
40.831675,-73.93171333,37.90003721,37.27213828278483,36.316747610189886
40.83174333,-73.931685,37.90003721,37.29912300153848,36.31712147346156
40.83181,-73.931665,37.90003721,37.2927837866234,36.2465398113505
40.83187833,-73.931645,37.90003721,37.38106784000003,36.175089313516146
40.83193833,-73.93162667,38.139298610000026,37.65726784210528,36.17272748603898
40.83199167,-73.93161,38.139298610000026,37.6725613205195,36.168351025534
40.83207667,-73.93158,38.139298610000026,37.68753587797471,36.167650783407666
40.83211833,-73.93156833,38.139298610000026,37.717670699873445,36.14270685719747
40.83215333,-73.93155,38.139298610000026,37.717670699873445,36.14823097875401
40.83217833,-73.93154,38.139298610000026,37.71252813846156,36.15772872853505
40.832215,-73.931535,38.35805189000004,37.80930630730772,36.152010292596174
40.83236833,-73.93148333,38.22645812000002,37.89061574461541,36.15127225214059
40.83239667,-73.931465,38.22645812000002,37.89061574461541,36.15617425685716
40.832425,-73.93144833,38.22645812000002,37.92721046900002,36.15617425685716
40.83246,-73.93143167,38.20253198000003,37.972486254177234,36.13325182114288
40.8325,-73.93141167,38.20253198000003,37.99648672307695,36.11012681305734
40.83269333,-73.931315,38.20253198000003,38.088094041153866,36.105587595414036
40.83273667,-73.93129167,37.98890573,38.088094041153866,36.1026422683923
40.83276,-73.93127333,37.98890573,38.09801603077924,36.08844236378643
40.83321167,-73.93101167,37.56507125000002,38.33776863973687,36.260514002954565
40.83324333,-73.930995,37.56507125000002,38.29530054846156,36.26072414346156
40.83327167,-73.93098,37.36340807000002,38.30156802784813,36.25774958124603
40.83329833,-73.93097167,37.36340807000002,38.30156802784813,36.26404412142407
40.83333167,-73.93095667,37.82313176000002,38.276403937250016,36.2794237177143
40.833365,-73.93093833,37.82313176000002,38.28571101101269,36.314239732875414
40.83340167,-73.93092,37.82313176000002,38.28307178037978,36.292348643630596
40.833445,-73.93090333,37.82313176000002,38.2855285169231,36.34234032615387
40.83348833,-73.93088833,37.82313176000002,38.28601711850003,36.3470771294304
40.833535,-73.930875,37.73426324000002,38.27676710187502,36.34158233778483
40.83358,-73.930855,37.73426324000002,38.28687919506332,36.29222890407645
40.83362667,-73.93083,37.73426324000002,38.289340923846176,36.29116417012906
40.83367667,-73.9308,37.73426324000002,38.27451015441561,36.29832427796119
40.83372333,-73.93077333,37.73426324000002,38.265321451298725,36.365555047942145
40.83376667,-73.93075,37.73426324000002,38.25355813571431,36.40969779596776
40.83380833,-73.93073167,37.47278471000001,38.25355813571431,36.439292714466035
40.83385167,-73.93070833,37.47278471000001,38.262054999342126,36.431176192612924
40.83389,-73.93068667,37.47278471000001,38.25576764150003,36.441782111757206
40.83392167,-73.93066,37.47278471000001,38.260270558354456,36.44048824292995
40.83395167,-73.930635,37.47278471000001,38.260270558354456,36.4476662577143
40.83398667,-73.93062167,37.47278471000001,38.24777692423079,36.47807035942859
40.83403,-73.93061333,37.47278471000001,38.26648839269233,36.50528785653848
40.83406833,-73.9306,37.47278471000001,38.26403442961541,36.52942214519233
40.83411167,-73.93058,37.39417025,38.268306378026345,36.51579441776701
40.83420333,-73.93050667,37.39417025,38.22855652468357,36.530002561714305
40.83425167,-73.930475,37.39417025,38.1816128322785,36.55142693984079
40.83429833,-73.93044333,37.39417025,38.18630720151901,36.547171914177234
40.83434833,-73.93041667,37.206179150000025,38.17862775038464,36.630799709776376
40.83439833,-73.93039333,37.206179150000025,38.164522732278506,36.62357546391722
40.83444167,-73.930375,37.206179150000025,38.16410116538465,36.61076549142859
40.83451333,-73.93032833,37.206179150000025,38.15476847974028,36.60612430768491
40.83455,-73.93028167,37.206179150000025,38.14932172270272,36.68474799178573
40.83456333,-73.93025833,37.206179150000025,38.15267045851353,36.714668987361584
40.83459333,-73.93000667,37.73597225000003,38.07868283759496,36.948642809201296
40.834605,-73.92992167,37.73597225000003,38.078124816153874,37.01092200103228
40.83462,-73.92983667,38.264056340000025,38.03003294467535,37.1353045333654
40.83463333,-73.92974667,38.264056340000025,37.99258334645573,37.272555779549855
40.83464167,-73.92961833,38.264056340000025,38.03732046898736,37.35377055158229
40.83465,-73.92956167,38.264056340000025,38.02574679367091,37.416246318857155
40.83465667,-73.92951667,38.264056340000025,37.99435725556964,37.416246318857155
40.83467,-73.92946333,38.264056340000025,37.9841464616456,37.50433608251594
40.834675,-73.929395,38.264056340000025,37.97712021948056,37.585899120258084
40.83465833,-73.92931833,38.730616070000025,37.9568289269231,37.65450944000002
40.83462333,-73.92923,38.730616070000025,38.01267849730772,37.78615599092654
40.83460833,-73.92913833,38.730616070000025,38.03361770412502,37.80316964958468
40.83459667,-73.92903833,38.90835311000001,38.05222674153848,37.855663397299054
40.83457333,-73.928945,38.90835311000001,38.11443821120002,37.97156754790324
40.83454667,-73.928865,38.90835311000001,38.23981538236844,38.10981681369777
40.83452,-73.928805,38.32387169,38.247864565769255,38.12638243826925
40.83449833,-73.92875833,38.32387169,38.247864565769255,38.12303035875799
40.834485,-73.92872833,38.32387169,38.2517687744304,38.126934058285734
40.83436333,-73.92851,38.32387169,38.41819173556964,38.22563082853505
40.83435333,-73.92847833,38.32387169,38.45496152115387,38.24130617472671
40.83434333,-73.92844833,38.32387169,38.45166291275002,38.255968477388556
40.83433,-73.92841333,38.16835178000002,38.48826114556964,38.259699720857164
40.83428333,-73.92830667,38.16835178000002,38.5392280488889,38.280102645917744
40.834255,-73.928225,37.641976700000015,38.54667034810129,38.30131057396168
40.83424167,-73.92817833,37.641976700000015,38.56425800797471,38.30494779514287
40.83423167,-73.92812833,37.641976700000015,38.60594487215192,38.307777605382185
40.83423,-73.92808333,37.641976700000015,38.60739206692309,38.323385741469664
40.834215,-73.92799167,36.89343032000002,38.65499792623378,38.334181057767005
40.834205,-73.92795833,36.89343032000002,38.679301380129886,38.34296111259617
40.83417167,-73.92786,36.89343032000002,38.71784231576925,38.35569858869012
40.834155,-73.927805,36.89343032000002,38.73657624237502,38.36682553369428
40.83413667,-73.92773667,36.99255290000002,38.74577521064937,38.37730016288463
40.834125,-73.92765333,36.99255290000002,38.74577521064937,38.39057856733768
40.83410833,-73.92757667,36.99255290000002,38.74927471342467,38.405343747889624
40.83409333,-73.92750333,36.99255290000002,38.8173982661039,38.43569681548079
40.83406333,-73.92735167,37.69666502000001,38.81225915531647,38.46437517136944
40.83405,-73.92727333,37.69666502000001,38.83013303692309,38.47116323555912
40.834025,-73.927165,37.87611107000001,38.77077780500001,38.51047695817309
40.83401333,-73.927135,37.87611107000001,38.76510699909092,38.51499965029034
40.83401,-73.92710333,37.87611107000001,38.78545975454547,38.518555029805846
40.83401833,-73.92705333,37.87611107000001,38.79505451115386,38.529084775016095
40.83404333,-73.927005,37.87611107000001,38.84489779064937,38.54398228662381
40.83407333,-73.92696667,37.127564690000014,38.86641663384618,38.55270922451924
40.83411,-73.92693333,37.53772709000003,38.87194669960528,38.54903100103228
40.83419,-73.92686833,37.53772709000003,38.89437816746836,38.53748712348103
40.83423167,-73.92683667,37.53772709000003,38.91019191822785,38.544083615477724
40.83428167,-73.9268,37.53772709000003,38.940012520250015,38.562980694203844
40.834335,-73.92676,37.53772709000003,38.96553921384616,38.55702405742859
40.834395,-73.92671167,37.61292353000002,38.9715645696154,38.56823820961541
40.83445667,-73.92666833,37.61292353000002,38.97477963026317,38.578563796419374
40.83451667,-73.92662667,38.39565011000002,38.99111476760001,38.59273755354841
40.83457833,-73.92658667,38.39565011000002,39.04083467740261,38.58690436825245
40.83463167,-73.92654667,38.72036201,39.03922383730771,38.57583015788463
40.83474333,-73.926415,38.72036201,39.0807251565823,38.58784297980894
40.834825,-73.926345,38.72036201,39.09175124562501,38.6213750657143
40.83489667,-73.92626667,38.92373420000004,39.094744751923095,38.62722644259617
40.834915,-73.92624833,38.92373420000004,39.10475609038963,38.62976794119356
40.83493,-73.92622833,38.92373420000004,39.10475609038963,38.64703549327923
40.83499,-73.92619667,38.92373420000004,39.140085628108125,38.62935998396775
40.83501167,-73.92620667,38.92373420000004,39.1510793521918,38.627529922833894
40.83503333,-73.92624167,38.92373420000004,39.1034804814865,38.588128739483885
40.83505333,-73.926285,38.92373420000004,39.09487621423079,38.55620363144696
40.835075,-73.92632667,38.92373420000004,39.09487621423079,38.54099838813506
40.83509167,-73.92635833,38.92373420000004,39.09487621423079,38.51879135601912
40.835105,-73.92638167,38.92373420000004,39.10428353493673,38.5107071737143
40.83514667,-73.92647167,39.29458937000001,39.1060141779747,38.49763555388537
40.83515833,-73.92651333,39.29458937000001,39.072903344444455,38.46122525636078
40.835175,-73.92656333,39.29458937000001,39.06504120405065,38.45426806445862
40.83519333,-73.92661667,39.29458937000001,39.041915486455714,38.43777282442309
40.83521333,-73.92667,39.245028080000026,39.019942698846165,38.42439455561292
40.83523667,-73.92672333,39.245028080000026,39.035482091375016,38.40269297286626
40.83527167,-73.92681,39.245028080000026,39.03622599746837,38.39295282265178
40.835285,-73.92684167,39.245028080000026,39.00213232962027,38.35789405149684
40.83529833,-73.92688,39.245028080000026,38.99531542653848,38.356781087692326
40.83533,-73.92700833,39.22964699000005,38.930570240000016,38.33142388657145
40.83535,-73.92707333,39.22964699000005,38.92053528384616,38.320014053279756
40.835375,-73.92713167,39.22964699000005,38.88009895766235,38.31575250980584
40.835395,-73.92718667,39.22964699000005,38.81132893468355,38.29883359798079
40.83543333,-73.92730333,39.61588325000002,38.77336295303799,38.29671863335465
40.83545333,-73.92736167,39.61588325000002,38.73548350354432,38.29306021163463
40.83548667,-73.92744833,39.61588325000002,38.70591310727274,38.261561515112554
40.83578667,-73.92762667,39.361240760000015,38.45647333769232,38.21726331859426
40.83582833,-73.927605,39.361240760000015,38.45647333769232,38.21480477349516
40.83593,-73.92755667,39.361240760000015,38.49247840260275,38.23069735259742
40.83595,-73.92754833,39.361240760000015,38.44828299905407,38.21096712581995
40.83596833,-73.92754167,39.15957758000002,38.3873973906579,38.21096712581995
40.83599,-73.92753833,39.15957758000002,38.360138213896114,38.204262970836034
40.836015,-73.92753167,39.15957758000002,38.37268802692309,38.20115374612905
40.83604667,-73.927525,39.15957758000002,38.37268802692309,38.1989161324759
40.83615,-73.92748833,39.15957758000002,38.34392551620256,38.21711264759495
40.83620833,-73.92745333,39.15957758000002,38.34898764708863,38.225253674857164
40.83626833,-73.92741667,38.77675934000001,38.35478530126585,38.24128949659237
40.83632333,-73.92738333,38.77675934000001,38.389138565569645,38.252334284230784
40.83637333,-73.927355,38.77675934000001,38.43160505115387,38.24909423309679
40.83641833,-73.92734333,38.77675934000001,38.39652597762502,38.24513749044588
40.836455,-73.92733167,38.77675934000001,38.40034447924055,38.23363053657144
40.83651,-73.92730833,38.70839894000002,38.34050749620255,38.22344700714287
40.83653833,-73.927295,38.70839894000002,38.34866315151901,38.23545063949529
40.83656333,-73.92726833,38.70839894000002,38.36265972708864,38.24909021728436
40.83659,-73.92724833,38.70839894000002,38.375526517250016,38.2578026696497
40.83661167,-73.92723333,38.70839894000002,38.38492012316458,38.264929834000014
40.83666,-73.927195,39.08096312000004,38.436491066923104,38.27103933308919
40.83668833,-73.927175,39.08096312000004,38.436491066923104,38.2656612756731
40.83673333,-73.92715167,39.08096312000004,38.47384286623379,38.26155898022582
40.83692167,-73.92713167,39.04507391000001,38.2872278522078,38.23028961016131
40.83696833,-73.92717,39.04507391000001,38.238048713461545,38.22652932875002
40.83698667,-73.92717833,39.04507391000001,38.204067925696215,38.226163274824295
40.83709167,-73.92727,38.826320630000026,38.04521866444446,38.15706260984229
40.83712833,-73.92729833,38.826320630000026,38.014604967875016,38.14782195828573
40.837155,-73.927325,38.826320630000026,37.95972276177216,38.137106736857156
40.83732333,-73.92745667,38.60927636000002,37.81758843269232,38.047611047781366
40.837435,-73.92749833,38.60927636000002,37.653290778860764,37.93578445750801
40.837495,-73.927515,38.60927636000002,37.637127384125016,37.91790561710193
40.83754833,-73.92753167,38.60927636000002,37.5795759246154,37.90646790788463
40.8376,-73.92755,38.224749110000005,37.56056567818183,37.89262231177422
40.837655,-73.92757333,38.224749110000005,37.53646781947371,37.841181110774215
40.83771833,-73.92760333,38.224749110000005,37.35172213675677,37.711810573365405
40.837785,-73.92762333,38.224749110000005,37.24890440000002,37.69786297556272
40.83785667,-73.92763667,37.99745078000001,37.26549056115386,37.67712879706072
40.83792833,-73.92766167,37.99745078000001,37.25680045886077,37.61569049857145
40.83807,-73.927735,37.99745078000001,37.111457270750016,37.46075110942859
40.83814167,-73.927775,37.05236825000003,37.08964603062502,37.41754863038463
40.83820833,-73.92781667,37.05236825000003,36.96075233417723,37.34899341696487
40.83826667,-73.92785167,37.05236825000003,36.96755862875002,37.34135912828573
40.83832167,-73.92788333,37.05236825000003,36.91113993612503,37.26621765098728
40.83837167,-73.92791167,36.652459910000005,36.91032815637502,37.198089836000015
40.83841333,-73.92795,36.652459910000005,36.89905490987344,37.16532464596216
40.83844667,-73.92798833,36.652459910000005,36.87112554846156,37.134115895000015
40.83847167,-73.928025,36.08677760000003,36.81798652328949,37.075669412233026
40.83853667,-73.92805167,36.08677760000003,36.82025361909093,36.97272069070741
40.83856333,-73.92806167,36.08677760000003,36.76887497276317,36.939276848713845
40.83858333,-73.92806833,36.08677760000003,36.75046593680002,36.90393166440516
40.838645,-73.92803167,35.91074957000004,36.82566237680002,36.95680107022509
40.83864333,-73.92787667,36.22349840000004,36.8807442073077,37.136939516559494
40.83862833,-73.9278,36.652459910000005,36.965208740000016,37.17960733105771
40.83861667,-73.92772333,36.88317626000003,36.97053815276317,37.2444376693182
40.83860833,-73.92765167,36.88317626000003,36.993995570779234,37.29774668902914
40.83858333,-73.92746,36.88317626000003,37.20087683692309,37.57135599645162
40.838575,-73.92741333,36.88317626000003,37.20087683692309,37.5803592208654
40.83856833,-73.92737333,36.88317626000003,37.22861261037976,37.58440544939299
40.83858667,-73.92727167,36.88317626000003,37.28558238384617,37.65893533769233
40.83858,-73.92715,37.17370796000003,37.3024148887838,37.784577373633454
40.83858167,-73.92711,37.17370796000003,37.3754167136,37.84134476721156
40.838615,-73.92686167,37.51550996,37.59031201307693,37.96967109809679
40.83861667,-73.92682667,37.51550996,37.62628079236844,38.00072453292209
40.83859167,-73.92660167,37.86585701000001,38.00648411857144,38.17698447153848
40.83859167,-73.92656833,37.86585701000001,38.00648411857144,38.17965668757284
40.83857167,-73.9264,37.86585701000001,38.112819771519,38.246128167788484
40.83854333,-73.92622167,37.86585701000001,38.375479294605285,38.35109932659093
40.8387,-73.92611167,37.927381370000006,38.41070254423079,38.34536577730771
40.83875333,-73.92607333,37.927381370000006,38.41006065111113,38.3465322972785
40.83879667,-73.926045,37.927381370000006,38.424530215696215,38.35776525224685
40.83883167,-73.926025,37.927381370000006,38.39968162076924,38.36430011764333
40.83885333,-73.92601333,37.927381370000006,38.41661252379748,38.36929880342859
40.838995,-73.925925,37.77357047000004,38.42148245346156,38.3767530312739
40.839055,-73.92589833,37.77357047000004,38.41507067818184,38.38214341806453
40.83917833,-73.92584333,38.97500450000001,38.45590935870132,38.38360461186497
40.839235,-73.925805,38.97500450000001,38.46784482730772,38.38215331307694
40.83928833,-73.925765,38.97500450000001,38.53502206653848,38.404211592788485
40.83934667,-73.925725,38.97500450000001,38.551170020000015,38.41144749730771
40.83940333,-73.92569833,38.97500450000001,38.551170020000015,38.418353188530375
40.83946333,-73.92566167,39.38345789000002,38.5881766596154,38.44731056983925
40.83952667,-73.92562333,39.38345789000002,38.571345215974034,38.42674857906454
40.83966,-73.92554667,40.1200412,38.55826565645571,38.44511311827478
40.83973,-73.92551,39.65177246000002,38.56040732721521,38.43447293907645
40.83980333,-73.92546667,39.65177246000002,38.55494672111113,38.45284786240508
40.83987667,-73.92542667,39.65177246000002,38.56549941153848,38.46068013153848
40.83993667,-73.92538167,39.65177246000002,38.507867701688326,38.45980919375002
40.83998833,-73.92535,40.26188903000002,38.58927632405406,38.44859634238711
40.84002833,-73.92532667,40.26188903000002,38.61291632935066,38.458933256990306
40.840055,-73.92531,40.885677680000015,38.65852283236844,38.455926004902615
40.84012167,-73.92547167,40.26188903000002,38.440843930000014,38.39020940094938
40.84010833,-73.92551833,40.26188903000002,38.40930055696204,38.368234968754
40.84011333,-73.92561333,40.26188903000002,38.32315432777779,38.31718708126584
40.84011833,-73.92569167,40.26188903000002,38.25141404807695,38.243559140191714
40.84012,-73.92579167,40.26188903000002,38.18999184168833,38.19279829163463
40.84012,-73.925885,39.30826145000003,38.096378662658246,38.144056710857164
40.84015667,-73.92612333,39.30826145000003,37.86540271620255,37.94623456259495
40.84016667,-73.92618,37.23865034000002,37.86540271620255,37.92503352878596
40.840175,-73.92621667,37.23865034000002,37.79909606807694,37.91075986951615
40.84018333,-73.926245,37.23865034000002,37.78017152112502,37.862635553450495
40.84023167,-73.92632833,37.23865034000002,37.76333777262502,37.78474393411394
40.84026333,-73.92633667,37.24719539000006,37.72751373215192,37.742813715428596
40.84029,-73.92631667,37.24719539000006,37.726353591153874,37.742813715428596
40.84033,-73.92628667,37.24719539000006,37.72158993207794,37.754141436442325
40.84037833,-73.92626167,37.24719539000006,37.65902122640002,37.714165939711556
40.84042833,-73.92623167,37.24719539000006,37.68594273808222,37.74048536378642
40.84048167,-73.92620667,37.24719539000006,37.72616208870132,37.7793446008738
40.84053167,-73.92617667,36.99767993,37.74182232269233,37.793270794276545
40.84058,-73.92614833,36.99767993,37.7473512279747,37.799811690639
40.84063,-73.92611667,39.05361896,37.754705628846175,37.811754636285734
40.84068,-73.92609167,39.05361896,37.80800702150002,37.80901479485716
40.840725,-73.92606167,39.05361896,37.8239335177778,37.82296410395571
40.84077333,-73.92603167,39.05361896,37.83840468481014,37.841659598571454
40.84082333,-73.925995,38.54091596000001,37.85654290550002,37.851436896869025
40.84087333,-73.92596,38.54091596000001,37.87821958883119,37.852306214580665
40.84092,-73.925925,38.54091596000001,37.84037523269232,37.85654208648564
40.84096833,-73.925895,38.54091596000001,37.86116818769233,37.8614732637143
40.84102,-73.92586,39.48428948000003,37.90155395637503,37.891264292000024
40.84107,-73.92585333,38.58705923,37.92469887329116,37.890145503386094
40.84111833,-73.92581833,38.58705923,37.89728981417724,37.91150887137382
40.84122167,-73.925755,38.58705923,37.948200219090936,37.9272371029221
40.841355,-73.92569,38.25892931000001,38.03579395307694,37.93716435673079
40.84139,-73.925665,38.25892931000001,37.976351079615405,37.96418827990355
40.84146333,-73.92562167,38.25892931000001,37.96132948222225,37.948073370822804
40.84149667,-73.92559667,38.25892931000001,38.023886352405086,37.943773804525335
40.84152667,-73.92557833,38.25892931000001,38.023886352405086,37.94981620828027
40.84154667,-73.92556333,38.25892931000001,38.02232877367091,37.95937122490509
40.84177667,-73.92549333,38.060684150000014,38.0134755231169,37.884744043344064
40.84189667,-73.92543167,37.9154183,38.01718011063293,37.86990238810128
40.84195333,-73.92538833,37.9154183,38.08160329772154,37.886321726571445
40.84206833,-73.9253,38.645165570000046,38.10802594649352,37.96832594183873
40.842145,-73.92524,38.47084655000003,38.2045222194937,37.97317955144232
40.84217333,-73.925225,38.47084655000003,38.2230181896154,37.98126480141937
40.84220167,-73.92520667,38.47084655000003,38.19321010727274,37.97841537601288
40.84222833,-73.92518667,38.47084655000003,38.14793243974028,37.96903159758066
40.84226,-73.92516167,38.47084655000003,38.13999974230772,37.96904396634617
40.84232667,-73.92509833,38.47084655000003,38.16591644075002,37.952642165428585
40.84236667,-73.92507833,38.47084655000003,38.16204158923079,37.95138370789811
40.84242,-73.92504833,38.51698982000002,38.17414943417724,37.93703128952231
40.842465,-73.92501667,38.51698982000002,38.22312663215192,37.958951644185326
40.84250333,-73.92498333,38.51698982000002,38.25743663037976,37.968625478000014
40.84253333,-73.924945,38.51698982000002,38.27549356076924,37.991474687707026
40.842565,-73.92490667,38.51698982000002,38.27549356076924,38.025875475354866
40.84259833,-73.92487333,38.51698982000002,38.302076263766246,38.04993232009711
40.84263667,-73.92485333,38.51698982000002,38.29121820560002,38.017333922233036
40.84267667,-73.92481333,38.22304010000002,38.34109671184212,38.04369264673078
40.84271333,-73.92479167,38.22304010000002,38.34744271103898,38.03038356755629
40.84276667,-73.92477,38.88784499000002,38.32460721329116,38.013212859490466
40.84281833,-73.92473833,38.88784499000002,38.31322823531648,38.01885150394907
40.84288667,-73.92471833,38.88784499000002,38.33460777846156,37.99042909674124
40.84296,-73.92469333,38.56313309000004,38.32758509444447,37.953768268069645
40.84302833,-73.92467833,38.56313309000004,38.31002654569623,37.95422096514287
40.843155,-73.92464667,38.56313309000004,38.26268913200002,37.918377671948896
40.84321333,-73.92464167,38.060684150000014,38.27104575269232,37.893575524571446
40.84326333,-73.92463667,38.060684150000014,38.225472152692326,37.901571496932924
40.84333667,-73.924625,38.060684150000014,38.23389231350002,37.84173617265825
40.84336,-73.92462167,38.060684150000014,38.25027609481015,37.85595128324842
40.84337667,-73.92462333,38.060684150000014,38.25027609481015,37.85595128324842
40.843475,-73.92458833,37.67102987000001,38.21769673962026,37.80183152742859
40.84352167,-73.924555,37.67102987000001,38.23988918576924,37.79164970762059
40.84357333,-73.92452167,37.67102987000001,38.18646284701301,37.766673982700986
40.84363167,-73.92443,37.67102987000001,38.211387759090925,37.86766525283873
40.84373,-73.92432,37.67102987000001,38.25358865375002,37.90614081714287
40.84374833,-73.92429833,37.46594866999999,38.25358865375002,37.90498576743673
40.84376833,-73.92427833,37.46594866999999,38.265786983038,37.92353881885352
40.84378833,-73.92425667,37.46594866999999,38.2839728796154,37.96791010394232
40.84380667,-73.92424,38.04530306000004,38.2839728796154,37.96687424325881
40.843825,-73.92423,38.04530306000004,38.28382893670888,37.96958412012741
40.84387333,-73.92417667,38.04530306000004,38.269464599493695,37.95322946373803
40.843905,-73.92416167,38.04530306000004,38.25074742462503,37.93546525857144
40.84393833,-73.92415,38.04530306000004,38.23850772215192,37.943093411142875
40.84396833,-73.92412667,38.04530306000004,38.278867760000026,37.9311225681731
40.84398833,-73.92408833,38.04530306000004,38.26556559558444,37.934140477073974
40.844,-73.92405,38.04530306000004,38.26556559558444,37.938564600485456
40.84401833,-73.92400833,38.28969149,38.26243847720002,37.96204907605771
40.844065,-73.92392833,38.71865300000002,38.26592485760001,38.02269027495179
40.84408833,-73.92389,38.71865300000002,38.27504592329116,38.04616304259618
40.84411,-73.92384833,38.71865300000002,38.29352580730771,38.096808144121425
40.84412333,-73.92378833,38.71865300000002,38.32446984350002,38.12858338857144
40.84414333,-73.923655,39.118561340000014,38.34171894632914,38.17450097104432
40.844145,-73.92360833,39.118561340000014,38.34381014000002,38.186250268857165
40.84410333,-73.92344833,39.118561340000014,38.46525342636366,38.3319566219231
40.84410167,-73.92342333,39.118561340000014,38.484259033544326,38.35107433961785
40.844055,-73.92328333,39.118561340000014,38.57633519225002,38.45685232434507
40.84403833,-73.92326333,39.118561340000014,38.58818414797471,38.48582229788464
40.843985,-73.92326,39.13736045000002,38.68501362594938,38.50268982897766
40.84391333,-73.92325833,39.13736045000002,38.69526092562502,38.51825535272154
40.84383833,-73.92325,39.13736045000002,38.74175708455699,38.568973114617854
40.843755,-73.92323333,39.13736045000002,38.759885570379765,38.57656569089175
40.84368167,-73.92323167,39.28604432000003,38.81431429392407,38.63197789092359
40.84361833,-73.92323667,39.28604432000003,38.83514690949369,38.64749157083068
40.84356667,-73.92323833,39.28604432000003,38.92321699960528,38.65855097735486
40.843525,-73.92323667,39.28604432000003,38.92723986153848,38.67616328663463
40.84348833,-73.92323667,39.28604432000003,38.917763481519,38.68742423314288
40.84345,-73.923235,39.63980939000004,38.9500616072152,38.69662092203824
40.843415,-73.92323333,39.63980939000004,38.9649825277778,38.71962648670888
40.84338667,-73.92323333,39.63980939000004,38.96870928594937,38.71797370895901
40.84336167,-73.92323167,39.63980939000004,38.97861971346155,38.73026662386584
40.84333833,-73.92323,39.63980939000004,38.97861971346155,38.7377040794231
40.84323,-73.923205,39.63980939000004,39.06128759461539,38.77475735685716
40.84317167,-73.92319667,39.98161139000001,39.07642767038463,38.78644555003197
40.84308,-73.92316833,40.10636912000001,39.11801358038463,38.82669550961292
40.84304167,-73.92315833,40.10636912000001,39.13830259653848,38.84609788720259
40.843,-73.923145,40.10636912000001,39.17601036846156,38.88231131453378
40.84289667,-73.9231,40.47038824999999,39.23680346937502,38.9130214919489
40.84283833,-73.923075,40.47038824999999,39.28647157250002,38.93625407648389
40.84277167,-73.92304333,40.47038824999999,39.29665349896106,38.966453937064536
40.842695,-73.923015,40.47038824999999,39.379356266000016,39.05634458366561
40.842615,-73.92298833,40.32170438,39.39855044584418,39.086529766720275
40.84252833,-73.922955,40.32170438,39.399627753846175,39.10695092285716
40.84244667,-73.92292333,40.32170438,39.42804358126585,39.11345063812104
40.84236167,-73.92289667,39.52872374000003,39.48028069111113,39.15905297882913
40.84227667,-73.92287,39.52872374000003,39.507588261898746,39.19037785894906
40.84219,-73.92283833,39.52872374000003,39.49689342875002,39.2591055021154
40.84210333,-73.9228,39.35611373,39.50400718287502,39.28521144803799
40.84201667,-73.92275667,39.35611373,39.55048657620255,39.35809574479235
40.841935,-73.92271,39.35611373,39.57456793325002,39.38075602657145
40.841855,-73.92267167,39.19888481000004,39.58476595103898,39.40876986182695
40.84177833,-73.92264,39.19888481000004,39.60984474800003,39.46379238587099
40.84170333,-73.92261167,39.50479760000002,39.60884482723687,39.517719920774205
40.84163,-73.92258333,39.50479760000002,39.65674611730772,39.552215758488764
40.841555,-73.92255,39.59195711000004,39.64645073265825,39.571962774651915
40.84148333,-73.9225,39.59195711000004,39.68149625417724,39.60335413847135
40.84141333,-73.92245333,39.59195711000004,39.71716345512502,39.644220263428586
40.84134833,-73.92240667,39.59195711000004,39.72093328240509,39.65947665523964
40.84129,-73.92235667,40.09269704000002,39.73739602430383,39.72314137281151
40.84124167,-73.922305,40.09269704000002,39.73739824307695,39.7413104329618
40.84119833,-73.92225667,40.09269704000002,39.72830543346156,39.79234808766775
40.841155,-73.92221667,40.09269704000002,39.75418159769233,39.81868759003196
40.84111833,-73.92219,40.09269704000002,39.74892643354433,39.844605755000025
40.84109,-73.92217,40.09269704000002,39.75795018384618,39.87145145375002
40.84107167,-73.92215667,40.09269704000002,39.75795018384618,39.88203674929034
40.84106167,-73.92201833,40.09269704000002,39.89607435784812,39.917935752236446
40.84107667,-73.922,40.09269704000002,39.8962923523077,39.940107643942326
40.84126667,-73.92178167,40.47038825000001,39.9462992483117,39.98719452234729
40.84130667,-73.92173833,40.47038825000001,39.98502941000002,40.005081427652755
40.841325,-73.921715,40.371265670000014,40.01768788876714,40.015563350879496
40.841505,-73.92150667,40.65325232000004,40.214015116962045,40.0245761191083
40.84154167,-73.921485,40.65325232000004,40.21598074887502,40.02534798452533
40.841585,-73.92145833,40.65325232000004,40.237357164936725,40.02529455643314
40.841635,-73.92143,40.41399092,40.233476738750014,40.016865824857156
40.84168833,-73.92138667,40.41399092,40.26007046807695,40.005858649713396
40.84174833,-73.921335,40.41399092,40.27846864649353,40.00762816359225
40.84181,-73.92128667,40.98309125000003,40.33650080868423,40.007460853151144
40.841865,-73.92124667,40.58147390000005,40.35204485623379,40.014755158129056
40.84191333,-73.92120667,40.58147390000005,40.38653720807694,40.00529728578277
40.84195833,-73.92118,40.58147390000005,40.36711212670888,40.01046445439875
40.841995,-73.92115,40.58147390000005,40.42863648670888,39.99869063914287
40.84212667,-73.92107,40.58147390000005,40.47733245518989,39.97914824542859
40.842175,-73.921045,40.23967190000002,40.510250908250015,39.981992379490464
40.84221667,-73.92103833,40.23967190000002,40.517057369230784,39.990978079423094
40.84230167,-73.92101833,40.23967190000002,40.49251884784812,39.951559941142875
40.84235,-73.92098333,40.23967190000002,40.473848995250016,39.960582428857165
40.842405,-73.92094167,40.07047991000002,40.481347276625016,39.94629185000002
40.84246,-73.92090333,40.07047991000002,40.50774850658229,39.944586445506346
40.84251833,-73.92086333,40.07047991000002,40.51572083576925,39.95543943557694
40.84257667,-73.92082167,40.07047991000002,40.52345633974028,39.97463663165586
40.84263333,-73.92077833,40.07047991000002,40.57192623080002,39.96359511683873
40.842685,-73.92073833,40.24308992000002,40.615742879740274,39.96989720495148
40.84272833,-73.920695,40.24308992000002,40.59935277384617,39.965867616205806
40.84276667,-73.920655,40.24308992000002,40.5880719765823,39.96251837382168
40.842805,-73.92061833,40.24308992000002,40.59237695113927,39.966388138503206
40.84284667,-73.92058333,40.24308992000002,40.59245100269233,39.95862739653848
40.84288833,-73.92055167,40.24308992000002,40.59595666423078,39.94449212821658
40.84293333,-73.92051167,40.24308992000002,40.594718727500016,39.94564105610762
40.84299,-73.92047167,39.59708414000002,40.59384799772153,39.94527870272154
40.84311167,-73.92038333,39.59708414000002,40.55459163459461,39.93063878851614
40.843175,-73.92034,39.59708414000002,40.56564891129872,39.93111041926047
40.843235,-73.9203,39.44498225000004,40.59545272538463,39.91813700576925
40.84329667,-73.92026167,39.44498225000004,40.61341102437502,39.918481103142874
40.84335667,-73.92022667,39.44498225000004,40.62636245379748,39.92888324440896
40.84341167,-73.92019167,39.44498225000004,40.59662290222224,39.89916788227849
40.84345833,-73.92016167,39.44498225000004,40.55609510150002,39.90034932085716
40.84349167,-73.92014333,39.20401184000002,40.54699083746838,39.900552396708875
40.843505,-73.92013667,39.20401184000002,40.54708007375002,39.900552396708875
40.84351167,-73.92012167,39.20401184000002,40.55583875000002,39.88621065400001
40.84353,-73.92009333,39.20401184000002,40.55583875000002,39.90547280346156
40.84349167,-73.91981167,40.25676200000001,40.76306716769232,40.000377528746
40.84346167,-73.91974667,40.371265670000014,40.77313937150002,40.00548870114287
40.84342833,-73.91968167,40.371265670000014,40.79962902650002,40.01906265691084
40.84340167,-73.919615,40.98480025999999,40.81725398333335,40.032627501803816
40.843375,-73.91954833,40.98480025999999,40.88712709354432,40.05535300819622
40.84335333,-73.91948333,40.98480025999999,40.88454546087502,40.074875287156566
40.84333667,-73.91942667,40.98480025999999,40.93991738487502,40.08272144488819
40.84332167,-73.91938333,41.74018268,40.95546586050634,40.06561165753945
40.843315,-73.91935667,41.74018268,40.96619341362501,40.07573132996837
40.84334833,-73.91925,41.74018268,40.973905321250015,40.07842464319622
40.84337667,-73.91921167,41.74018268,40.9737890436709,40.08746115585989
40.84341333,-73.91917667,41.74018268,40.95102093888891,40.063227434019005
40.84345167,-73.91914333,41.74018268,40.94091375961539,40.059363206857164
40.84349667,-73.91910833,42.68526521000001,40.944294503506505,40.05567581694535
40.843595,-73.91901833,42.68526521000001,40.88745505040002,40.00563064913463
40.84365333,-73.91897,42.68526521000001,40.88243494307694,40.008424595436914
40.84371167,-73.91892667,42.68526521000001,40.88243494307694,39.99229542385352
40.84376833,-73.91887833,41.15570126,40.86222746683546,39.982115954857164
40.843825,-73.91883333,41.54535554000003,40.86153520962026,39.988763107006385
40.84388167,-73.918785,41.54535554000003,40.83692816975001,39.95119210054142
40.84393833,-73.91873333,41.54535554000003,40.79010291822786,39.94057344828573
40.84404667,-73.91863167,41.03094353000003,40.75792363376625,39.90335297375002
40.84410167,-73.91855667,41.09246789000002,40.7825973926316,39.890623253701314
40.844155,-73.91848833,41.09246789000002,40.77573137000002,39.88188273936104
40.84421167,-73.91845167,41.09246789000002,40.76634605675002,39.87874629443039
40.84428,-73.91842667,40.49260538000004,40.71975417162501,39.8577868337143
40.84435333,-73.918405,40.49260538000004,40.67700539569623,39.83759881400002
40.84442833,-73.91838333,40.49260538000004,40.626675023461566,39.82451393230771
40.84458167,-73.91835333,40.0687709,40.50871279925002,39.80848596428573
40.84473833,-73.91832667,40.1200412,40.43752267307694,39.78718411451925
40.84491333,-73.9183,39.836345540000025,40.2717383244737,39.75902661983873
40.84500667,-73.91828667,39.836345540000025,40.23675143987343,39.765429763142876
40.8451,-73.91827333,39.72184187000002,40.160213751519,39.755757065284826
40.84518333,-73.91826333,39.72184187000002,40.130444798375024,39.753874990981025
40.84526667,-73.91825667,39.72184187000002,40.06591533898735,39.73521460111467
40.84534333,-73.91824667,39.72184187000002,39.99663736103897,39.71896238048233
40.84541833,-73.91824333,39.658608500000014,39.92223424769232,39.71465092376998
40.84549333,-73.91822667,39.658608500000014,39.86914122556963,39.70468666485716
40.84557,-73.918195,39.658608500000014,39.86187252481014,39.70454625613925
40.84565333,-73.91817667,39.581703050000016,39.78227071076925,39.71190449555912
40.84573167,-73.91817667,39.581703050000016,39.77613068116886,39.68821668610934
40.84580167,-73.91817333,39.581703050000016,39.67163692688314,39.67552218606453
40.84584667,-73.91815667,39.581703050000016,39.619984874000025,39.681886205337634
40.845895,-73.918145,39.66031751000003,39.57872323769233,39.69605834935693
40.84595,-73.91814167,39.66031751000003,39.57872323769233,39.686013107299054
40.846,-73.91813833,39.66031751000003,39.57700868075952,39.683348194281166
40.84604667,-73.91813667,39.66031751000003,39.58236529137501,39.6744209375719
40.846085,-73.91813333,39.66031751000003,39.54916612884617,39.65383091613421
40.84611333,-73.91813667,39.66031751000003,39.54916612884617,39.65614905932694
40.84617,-73.91809,39.55435889000003,39.5498755131169,39.66888468310681
40.84618833,-73.91806833,39.55435889000003,39.55144480884618,39.69026090385854
40.846195,-73.91803333,39.55435889000003,39.52495959139242,39.70250972472671
40.84620833,-73.91797833,39.55435889000003,39.49956101807693,39.715378306538476
40.84622333,-73.91790833,39.55435889000003,39.4837053879747,39.70830083230034
40.84623333,-73.91777667,39.55264988000002,39.47878997346156,39.725897334244394
40.846245,-73.91772667,39.55264988000002,39.45741141363638,39.73775771474196
40.84625,-73.91766833,39.55264988000002,39.461557305890416,39.78466463370132
40.84625833,-73.917605,39.55264988000002,39.42139341460528,39.81242489520902
40.84626333,-73.917505,39.59366612000002,39.39926623250001,39.83460323759742
40.84624667,-73.91747,39.59366612000002,39.40333060884617,39.8399443206731
40.84623167,-73.91744333,39.59366612000002,39.41541637700002,39.83934859271567
40.846215,-73.917425,39.59366612000002,39.41541637700002,39.858072826369444
40.84618833,-73.91739167,39.59366612000002,39.41809238379748,39.88083947971431
40.846165,-73.917345,39.59366612000002,39.439438922692325,39.88412728942859
40.846135,-73.91733333,39.949140200000016,39.45575550291141,39.89740873857145
40.84609,-73.917325,39.949140200000016,39.47550646658229,39.909375782611484
40.84602833,-73.917315,39.949140200000016,39.47037943658229,39.909214471142874
40.84596333,-73.91730833,39.949140200000016,39.49130080307694,39.90685580926754
40.84590167,-73.91730667,39.949140200000016,39.50237469974685,39.92299726108628
40.84583667,-73.91730333,40.12687724,39.52947836779222,39.93544599689323
40.84576333,-73.91729667,40.12687724,39.582535644615405,39.92978057868169
40.84568167,-73.91728667,40.12687724,39.6551685696154,39.9590350413376
40.84552333,-73.91730333,39.875652770000016,39.74087596887502,39.942445221142876
40.84544167,-73.917315,39.875652770000016,39.78816460423079,39.95008234653848
40.845275,-73.91735667,39.78336623000001,39.94712832746838,39.93398697800002
40.845195,-73.91740167,39.78336623000001,40.030690651538464,39.916918579714306
40.84503833,-73.917495,39.83805454999998,40.15292341772152,39.91090720485716
40.84496,-73.91753667,39.771403160000006,40.18693360423078,39.8924470798077
40.84487667,-73.91757167,39.771403160000006,40.28428144307694,39.881189077475746
40.84479167,-73.91759833,39.89445188000002,40.412851580000016,39.875466531730794
40.84470167,-73.91761667,39.89445188000002,40.459621487000014,39.8727300363376
40.84461833,-73.91762167,39.89445188000002,40.49637396615387,39.870602426346174
40.844535,-73.91761167,40.325122400000026,40.50865231805197,39.85741966652735
40.844455,-73.91761,40.325122400000026,40.62303702320003,39.86216692826925
40.84438333,-73.91760833,40.325122400000026,40.73136284115387,39.877856348810305
40.84432,-73.91760333,40.325122400000026,40.73136284115387,39.88233046722047
40.844225,-73.91759,40.868587580000025,40.781882363797486,39.89309868911674
40.84414,-73.91747,40.93523897000003,40.76066359850002,39.89278627342859
40.84407667,-73.91731,40.93523897000003,40.77746229038463,39.894046537884634
40.84404,-73.91723167,40.96429214,40.71877206824326,39.88628414389613
40.84397167,-73.917075,41.17279136000002,40.64757753038463,39.85153979289391
40.84390667,-73.91688167,41.05828768999999,40.56871040759496,39.863673371879
40.84380333,-73.91673667,41.05828768999999,40.487179273250014,39.841281466645384
40.84378333,-73.91669167,41.05828768999999,40.49481194987343,39.84152665259496
40.84376,-73.91664333,41.05828768999999,40.47948872825002,39.8473783893671
40.84373833,-73.91659167,41.35736444,40.450998371111126,39.831137642018945
40.84371,-73.91650667,41.35736444,40.39421832329116,39.8083917968153
40.84364667,-73.91625667,41.2479878,40.18090824846156,39.80098936527333
40.84361667,-73.91619833,41.2479878,40.14883144538463,39.78261338636658
40.84358833,-73.91613,40.72332173000001,40.14883144538463,39.78520670230771
40.84356667,-73.91606667,40.72332173000001,40.13432677076924,39.78721977190325
40.84354167,-73.91601333,40.72332173000001,40.0672616444156,39.7769245769231
40.84351333,-73.91598,40.72332173000001,40.06642648884617,39.76685675519233
40.84349333,-73.91596,40.72332173000001,40.06708408493508,39.76159970713828
40.84337833,-73.91581833,39.95768525,39.89553353189875,39.73694995520769
40.84339167,-73.91579667,39.95768525,39.89553353189875,39.72654847261983
40.84338,-73.91570333,39.95768525,39.85997260325002,39.70968891000002
40.84337167,-73.91567167,39.95768525,39.835501851519005,39.71557731423569
40.84341333,-73.915565,39.95768525,39.78045458333335,39.694449035664576
40.84344,-73.91553167,39.95768525,39.73884543784811,39.698998828694286
40.84346,-73.91551167,39.95768525,39.73884543784811,39.68306802528665
40.84347333,-73.91549,40.32170438000003,39.73884543784811,39.66526981693292
40.84352667,-73.91542,40.32170438000003,39.74622374600001,39.66947252819937
40.84432167,-73.91458,38.838283700000034,39.5662781392308,39.62463578364219
40.84437167,-73.91453667,38.838283700000034,39.54874357142859,39.63813345761292
40.844415,-73.91449833,38.838283700000034,39.54364909400002,39.649640318906776
40.84447,-73.91444333,38.838283700000034,39.55688911259742,39.65165078291265
40.84452833,-73.914395,38.838283700000034,39.56772422461541,39.666918013365404
40.84459167,-73.91435,38.71010795000004,39.5524119165823,39.66897649400002
40.84464667,-73.91430833,38.71010795000004,39.57060530151901,39.67318951207008
40.844705,-73.914255,38.75625122000002,39.60586715341775,39.67266701219747
40.84474667,-73.91422167,38.75625122000002,39.66164674000002,39.6691429023344
40.84478667,-73.914185,38.75625122000002,39.652875744936736,39.67634422600002
40.844905,-73.91406333,38.54775200000006,39.6403712563014,39.70552859272729
40.84504333,-73.91398167,39.20913887000003,39.72418628115388,39.72722006440896
40.84508167,-73.913945,39.20913887000003,39.74475125721522,39.73050665955416
40.84509667,-73.913915,39.45865433000003,39.74384537375003,39.732313638280274
40.84509167,-73.91383,39.45865433000003,39.71960701076927,39.69615194403848
40.84507667,-73.913775,39.20913887000003,39.72903659111113,39.66668843968356
40.84505333,-73.91371333,39.46719938000001,39.72650878192311,39.65319392228574
40.84504333,-73.91364833,39.46719938000001,39.71877441615388,39.63829271231513
40.845035,-73.91358333,39.46719938000001,39.74379266077925,39.62456612338712
40.84496,-73.91333667,39.46719938000001,39.671134028987375,39.5764007369231
40.84493833,-73.91327333,39.46719938000001,39.650640518311725,39.58032924774922
40.84491333,-73.91320833,39.65348147000003,39.60976679315792,39.568802780967765
40.84489,-73.91313833,39.65348147000003,39.61334282972976,39.523072981129054
40.84487333,-73.91306333,39.65348147000003,39.63755262038465,39.481444805290344
40.844855,-73.91299667,39.65348147000003,39.63755262038465,39.466888154536754
40.84483667,-73.91293833,39.64322741000004,39.61791675556965,39.45663164094938
40.84481833,-73.91288167,39.64322741000004,39.65309694275002,39.45185626800002
40.84479,-73.91282833,39.15274154000002,39.63814364607598,39.42567152554142
40.844765,-73.912765,39.15274154000002,39.650063450000026,39.399854557827496
40.84474,-73.91269667,39.15274154000002,39.67756501881582,39.3933756609355
40.84471667,-73.91262667,38.872463900000014,39.66553107215193,39.38217613250002
40.84470167,-73.91255667,38.872463900000014,39.63158883556965,39.37212819111822
40.8447,-73.91248833,38.872463900000014,39.62842311087502,39.325611146455714
40.844685,-73.91243,38.872463900000014,39.6221057992308,39.33786785721156
40.84467167,-73.912375,38.872463900000014,39.62252702637502,39.29451341400002
40.84466667,-73.91233167,38.872463900000014,39.64506621822788,39.297747793544325
40.84472333,-73.91223333,38.872463900000014,39.66224562384618,39.288605087395524
40.84477167,-73.91215167,38.872463900000014,39.67753907230772,39.275160910285734
40.84478667,-73.912105,38.68276379,39.67087064675002,39.28156291600001
40.84485167,-73.91202,39.03481985000002,39.65030141341775,39.27031169313294
40.84487833,-73.91198167,39.03481985000002,39.65030141341775,39.278052507211555
40.84490167,-73.91191,39.03481985000002,39.642028883506526,39.27999959009649
40.84491333,-73.91184333,39.00576668000002,39.661703193783815,39.238548083750025
40.844915,-73.91178833,39.00576668000002,39.56107945635137,39.23091210129872
40.84490833,-73.91174,39.00576668000002,39.57559944285717,39.19210960854371
40.84490333,-73.91168833,39.00576668000002,39.57559944285717,39.18417963070742
40.84489333,-73.91163,39.00576668000002,39.57559944285717,39.17234037903848
40.844875,-73.91157167,39.20913887000003,39.57627694325002,39.16160327555912
40.84487167,-73.91147833,39.20913887000003,39.55663757000004,39.15451649250805
40.84488167,-73.91136167,39.20913887000003,39.42520330760002,39.07055020971156
40.84486333,-73.91123667,39.20913887000003,39.42762922538464,39.05686169692309
40.84484833,-73.91110167,39.20913887000003,39.415950713038,39.01497153765825
40.84484167,-73.91097667,38.99038559000002,39.34231185177218,38.95988085701925
40.84481333,-73.91079667,39.01431173,39.29372404848104,38.91427731399363
40.84480833,-73.91075667,39.01431173,39.292464062692325,38.89000973600002
40.84484667,-73.910715,39.25357313000001,39.28145811594939,38.890167073428586
40.84486833,-73.91067,39.25357313000001,39.28207087175002,38.87291564468155
40.84487667,-73.91060667,39.25357313000001,39.26956771076926,38.86919377509617
40.844885,-73.910545,39.25357313000001,39.282892639220805,38.86792866310681
40.8449,-73.91047333,39.4877075,39.25890801256758,38.81741054873788
40.84490333,-73.91040333,39.4877075,39.198269566400015,38.783277679423094
40.84489667,-73.91034167,39.4877075,39.19056170935068,38.77797769874196
40.84489333,-73.910275,39.4877075,39.19056170935068,38.76940840596156
40.84489333,-73.91021,39.4877075,39.15801810837503,38.756125235288486
40.84489667,-73.91014667,39.4877075,39.16716824779223,38.72237423145163
40.84489667,-73.91007833,39.4877075,39.16716824779223,38.71978680922332
40.84488167,-73.91001167,39.4877075,39.106279254800015,38.6562494065595
40.844875,-73.90993167,40.096115060000045,39.07191413115387,38.61160981596156
40.84486833,-73.90984167,40.096115060000045,39.07191413115387,38.60185421721155
40.84485667,-73.90966167,40.16618447000002,39.06571349230771,38.53039263475886
40.84484333,-73.90956167,40.16618447000002,38.97318451532469,38.44535520019419
40.84482167,-73.90935333,40.07047991000002,38.96531289898736,38.38424409072786
40.84482333,-73.90925333,40.07047991000002,38.9107543772152,38.34964790114287
40.84483167,-73.90915833,40.07047991000002,38.86311983233768,38.27489289215436
40.84483833,-73.909065,40.07047991000002,38.83482129012988,38.226579014598094
40.844845,-73.90897167,40.07047991000002,38.835720185000014,38.214811735559124
40.84485,-73.90879333,39.86368970000004,38.82294643076924,38.157568090702895
40.844845,-73.90870333,39.86368970000004,38.711927934675344,38.102288377363365
40.84481167,-73.90862667,38.96645945,38.69288468038963,38.04295801067963
40.84479833,-73.90846333,38.96645945,38.68500686562502,38.03343764771431
40.84479833,-73.90839833,38.96645945,38.64952354550002,38.019174196000016
40.84479667,-73.90834833,38.87417291,38.64700437822786,38.01985780000002
40.8448,-73.90831333,38.87417291,38.614814417721526,38.00358693971431
40.8448,-73.90829333,38.87417291,38.59304076500002,37.99246025239618
40.84478167,-73.90815167,38.87417291,38.57573156115386,37.95485741501609
40.844765,-73.90805167,39.34756868000002,38.56332298000002,37.97772144936711
40.84476333,-73.90801167,39.34756868000002,38.5415216850633,37.97685585314288
40.84476333,-73.907975,39.34756868000002,38.5356355573077,37.96645927597446
40.84477,-73.90792833,39.34756868000002,38.52711570425002,37.962551281487364
40.84473167,-73.90789167,39.34756868000002,38.477212612250014,37.93540557885716
40.84471333,-73.90784833,39.34756868000002,38.45449197329116,37.955336663322804
40.844715,-73.90778667,39.34756868000002,38.45449197329116,37.94643164440896
40.84471667,-73.90770833,39.34756868000002,38.46537339139242,37.95660926306711
40.84471833,-73.90762,39.34756868000002,38.50158736737502,37.97265924958601
40.84471833,-73.90751167,39.18521273000002,38.46132801329115,38.00021023245225
40.84472167,-73.90740333,39.18521273000002,38.44337421425003,38.025476380696226
40.844725,-73.90730667,39.09634421000001,38.38197803000001,38.02371440464518
40.84472333,-73.90722833,39.09634421000001,38.44125255405065,38.07495492777072
40.844715,-73.90717,39.09634421000001,38.500310747721535,38.07858806428573
40.84471167,-73.90707167,39.09634421000001,38.46119064350002,38.11691923221521
40.84471167,-73.90702667,39.239901050000014,38.478201782911405,38.12432572302549
40.84471333,-73.90699,39.239901050000014,38.49425349708862,38.14605845210193
40.844695,-73.90684333,39.239901050000014,38.43026851769233,38.153343166538484
40.844695,-73.90679667,39.239901050000014,38.49735756762502,38.2032372857143
40.84469167,-73.90673167,39.239901050000014,38.61562105962501,38.238094627579635
40.84468833,-73.90666333,39.239901050000014,38.60732633576925,38.258392505576936
40.84468833,-73.90659833,39.239901050000014,38.63134395162501,38.282801367405085
40.84469333,-73.90644,39.62101028000001,38.67338559762502,38.34212652929938
40.84469167,-73.90635167,39.62101028000001,38.72820209337503,38.38664095185306
40.84466833,-73.90628667,39.62101028000001,38.789149662500016,38.4169015137143
40.84465667,-73.90619167,39.69278870000002,38.89874804113925,38.46961105550957
40.844645,-73.90599333,39.69278870000002,39.01273251822786,38.55414983230771
40.84463667,-73.90589167,40.11662318000003,39.08503013113925,38.584282088750015
40.844635,-73.90578167,40.11662318000003,39.19314591222224,38.64059922466879
40.84463833,-73.90567,40.11662318000003,39.28444347518988,38.74089169479497
40.84463667,-73.90556833,40.11662318000003,39.41149430721519,38.803284260285736
40.84463667,-73.90547833,40.11662318000003,39.48178145233767,38.810401009517705
40.84463333,-73.90541,40.50627746000004,39.48712340797469,38.86031094000002
40.84463333,-73.90535333,40.50627746000004,39.55604653737501,38.87558352142859
40.84463167,-73.90531,40.50627746000004,39.68255627303799,38.915199966519005
40.84463167,-73.90527,40.50627746000004,39.70635122807693,38.96000136413464
40.84462833,-73.90523,40.50627746000004,39.71596714812502,38.98218666860762
40.84457167,-73.905105,40.82415332000002,39.89274287000001,39.033549047692325
40.84453833,-73.90507167,40.95745610000003,39.909699800389625,39.022175374083616
40.84443667,-73.90502333,40.95745610000003,40.05606879864866,39.06438738223303
40.84437167,-73.90501833,40.95745610000003,39.94993921766234,39.02761759357145
40.844305,-73.90502,40.95745610000003,39.94993921766234,39.047845573653866
40.84417667,-73.90502167,41.20013552000003,39.94807484311689,39.02857539038463
40.844115,-73.905025,41.20013552000003,39.94807484311689,39.02735330145633
40.84404667,-73.90502167,41.20013552000003,40.001265005000015,39.013679780964644
40.84398,-73.90502667,41.283877010000026,39.94200392851353,39.01729013327976
40.843915,-73.905035,41.283877010000026,39.81969933870131,38.9916134224272
40.84385333,-73.90504167,41.283877010000026,39.793732724868434,38.98055739980584
40.8438,-73.905055,41.283877010000026,39.74697308115386,38.94680308739551
40.84374,-73.90506,41.283877010000026,39.70204398792208,38.96234680012905
40.843715,-73.90506167,41.331729290000055,39.70204398792208,38.94979384603227
40.84369167,-73.905065,41.331729290000055,39.70204398792208,38.94979384603227
40.84366833,-73.90507167,41.331729290000055,39.70204398792208,38.94875938180066
40.84364333,-73.90507833,41.331729290000055,39.70204398792208,38.92277803363346
40.84355333,-73.90519333,40.36955666,39.41364300168833,38.86859933222582
40.84356,-73.90524667,40.36955666,39.36809871038464,38.842131728967765
40.843565,-73.90529167,40.36955666,39.36809871038464,38.818122894935506
40.84356667,-73.90533167,40.36955666,39.31140962631581,38.79251219516236
40.84357167,-73.90536333,40.36955666,39.31123557129872,38.78399912669905
40.84357333,-73.90538833,40.36955666,39.31123557129872,38.75428393517687
40.84356833,-73.90542167,40.36955666,39.31140962631581,38.744265955064954
40.84357167,-73.90546667,39.41592908000001,39.23550319760002,38.69313324938909
40.84358167,-73.90552,39.41592908000001,38.99251030513515,38.645182162330116
40.84360667,-73.90557833,39.41592908000001,38.890649519230784,38.54847736758845
40.84361333,-73.905725,39.41592908000001,38.84866593575002,38.536719632898105
40.84361333,-73.90578667,39.41592908000001,38.77693462307693,38.50208375833868
40.84362667,-73.90583833,39.41592908000001,38.77693462307693,38.480991058076945
40.84363667,-73.90590167,39.41592908000001,38.68911780153847,38.46081229836015
40.84364833,-73.905975,38.51698982000002,38.586881670519496,38.3951744632039
40.84365667,-73.90605333,38.51698982000002,38.478742608860784,38.33346843846156
40.84366167,-73.90613333,38.51698982000002,38.383751127875016,38.32186970685716
40.84366333,-73.90620333,38.51698982000002,38.30065051662503,38.29909104500002
40.84367,-73.90634,37.33093688,38.21633552230772,38.23570655675243
40.84368833,-73.90637833,37.33093688,38.16761934714288,38.21010675335486
40.84369333,-73.906415,37.33093688,38.11541685987015,38.18596560887099
40.84370167,-73.90647667,37.33093688,38.12358886423078,38.18826120222932
40.84371,-73.90649833,37.33093688,38.07514500384617,38.187427586857154
40.84371333,-73.90669,36.93102854,37.933521146666685,38.112008532594956
40.84371,-73.90674833,36.93102854,37.86736882653848,38.08475724308919
40.84370333,-73.9068,36.93102854,37.8483067919231,38.057392114711554
40.843705,-73.906855,36.93102854,37.74238103750002,38.027090212330116
40.84371333,-73.90697,36.93102854,37.73467426772154,38.0354125037143
40.843715,-73.90702667,36.93102854,37.68591961962502,38.02508791314287
40.843715,-73.90708167,36.81823388000001,37.69690603423079,38.00087968541403
40.84371,-73.90714,36.81823388000001,37.64172351333335,37.99529829272153
40.84371167,-73.907235,36.81823388000001,37.60483859807693,37.949090711086285
40.84371333,-73.907275,36.81823388000001,37.55814643025976,37.92561171770969
40.84371,-73.90730833,36.81823388000001,37.508494024210535,37.905722848446615
40.843705,-73.90733333,37.12927370000003,37.5327315223077,37.906191844083615
40.84372333,-73.907415,37.12927370000003,37.5197067693671,37.918391434857156
40.84372667,-73.90746,37.12927370000003,37.502998318888906,37.919972054493684
40.84373167,-73.90751667,37.12927370000003,37.53306017807694,37.89623575826925
40.84373667,-73.90758,37.12927370000003,37.51949765000001,37.89801011927447
40.84374167,-73.90764667,38.76479627000003,37.532001906500014,37.88011503628574
40.84374667,-73.90778333,38.76479627000003,37.50819799316457,37.82183904730771
40.84375167,-73.90785667,38.76479627000003,37.51303189550002,37.83489472439875
40.84374833,-73.907935,38.76479627000003,37.54326514772154,37.83631399636944
40.84374667,-73.90801167,38.76479627000003,37.57324853835444,37.84474474952231
40.84374167,-73.908075,38.76479627000003,37.53231883050635,37.840434125573275
40.843735,-73.90813667,38.27089238000002,37.55881930202533,37.826162113194904
40.843735,-73.90819167,38.27089238000002,37.49612618868423,37.774502156096794
40.843735,-73.90823667,38.27089238000002,37.524011189230784,37.79572734644233
40.84376167,-73.90836333,38.57680517000003,37.66163031500002,37.820434472651776
40.84376167,-73.90840667,38.73745211000002,37.65220912696205,37.82486254082805
40.84376833,-73.90847833,38.73745211000002,37.73018790846156,37.84154320319491
40.84377333,-73.90856333,38.73745211000002,37.72667004367091,37.86821164600001
40.84377333,-73.90865167,38.73745211000002,37.75654610115386,37.81340142887099
40.84377,-73.90873833,38.79726746000003,37.76314334569623,37.878026246285735
40.84376333,-73.90891333,38.79726746000003,37.88753331405066,37.92354426156053
40.843775,-73.90906167,38.79726746000003,37.98174925062502,37.94648527159237
40.84377667,-73.90912,38.79726746000003,37.99008067437502,37.92840786801919
40.84378167,-73.90917667,38.79726746000003,37.98122600151901,37.97286483234179
40.84378167,-73.90922667,38.752833200000026,38.05694569062501,37.99308028627391
40.84379,-73.90926333,38.752833200000026,38.08629738961541,38.0021889006731
40.84380167,-73.90937167,38.752833200000026,38.14587172538464,38.05729343047925
40.84378167,-73.90940167,38.752833200000026,38.14587172538464,38.06433695412142
40.84367333,-73.909445,38.35121585000002,38.0705271822785,38.03032887714288
40.84363667,-73.90945667,38.35121585000002,38.05119695346156,38.014507908746
40.84360333,-73.90947,38.27943743,37.95019008038464,37.99032349392285
40.843445,-73.909525,38.14613465000002,37.78449037805197,37.94819270145163
40.84337667,-73.90954167,38.14613465000002,37.797204279342125,37.915897925387114
40.84334333,-73.90955333,38.14613465000002,37.7387767792308,37.90729502490387
40.84331833,-73.90956667,38.14613465000002,37.75275948746837,37.902920475258085
40.843215,-73.90961833,38.14613465000002,37.67595714558444,37.90105382366561
40.84312167,-73.90962167,37.72742720000002,37.63003582493508,37.87773711834953
40.84307167,-73.90963333,37.72742720000002,37.57107469538464,37.85979579446948
40.843015,-73.90964333,37.72742720000002,37.44479155886078,37.83605274643314
40.842955,-73.90965333,37.72742720000002,37.44801488151901,37.7893597630255
40.84289333,-73.90966833,37.99061474000001,37.39314484400002,37.79077486684716
40.84282,-73.90968,37.99061474000001,37.31090468683546,37.74222592035034
40.84266167,-73.90969333,37.18396202000002,37.21339746855265,37.709496421941765
40.84257833,-73.90971,37.18396202000002,37.2780657351899,37.704358277714306
40.84241167,-73.909745,37.59241541,37.20598445265825,37.61254254050957
40.84233,-73.90975667,36.91735646000001,37.18067217575002,37.588264957142876
40.842245,-73.90976333,36.91735646000001,37.105283472125016,37.56146212664538
40.84216,-73.90977333,36.91735646000001,37.116199773500014,37.53134279468155
40.84208333,-73.90975833,36.43541564000003,37.11724654212502,37.51363222608282
40.84200167,-73.90973833,36.43541564000003,37.03038908341773,37.47649119347136
40.841925,-73.90972167,35.80649996,36.9527181977778,37.442795911107616
40.84185333,-73.90970667,35.52622231999999,36.92774031822787,37.438848654285735
40.84179167,-73.90969333,35.52622231999999,36.90458270576926,37.40855670717043
40.84173833,-73.90968,35.52622231999999,36.91242662346156,37.38609229276529
40.84168333,-73.90966833,35.52622231999999,36.87051205769232,37.36820096663463
40.841625,-73.909655,35.52622231999999,36.79494314115386,37.352448704285734
40.841565,-73.90964,35.56723856000002,36.74643382696204,37.34988742126584
40.84150833,-73.90962333,35.56723856000002,36.68707277075952,37.338978961867106
40.84145167,-73.9096,35.56723856000002,36.660939228846175,37.3215756681731
40.84139833,-73.90958667,35.56723856000002,36.660939228846175,37.30864256890325
40.841345,-73.90957167,35.56723856000002,36.598833947567584,37.28834394045163
40.84129333,-73.90955667,35.905622540000024,36.51612648560002,37.26199021766992
40.84124,-73.909545,35.905622540000024,36.49963843684212,37.25006963409093
40.84119333,-73.909545,35.905622540000024,36.49963843684212,37.253215515548405
40.841155,-73.90955167,35.905622540000024,36.49963843684212,37.24164665623378
40.84089833,-73.90968,36.43541564,36.6880423746154,37.184555502572366
40.84076667,-73.90974167,38.88271796000004,36.70065399200002,37.177596498575966
40.84067667,-73.909785,38.88271796000004,36.77406254461541,37.1810392863376
40.84057167,-73.90983,38.88271796000004,36.83488090333335,37.1842324329747
40.84051333,-73.909865,39.58683008000003,36.88168635384617,37.18039208800001
40.84045833,-73.90990333,39.58683008000003,36.82980256307694,37.15061159655951
40.8404,-73.909945,39.58683008000003,36.89585891315792,37.14867178778137
40.840345,-73.90998833,39.58683008000003,37.12343643207794,37.17820448145633
40.84022,-73.91006667,39.92350505000002,37.23086244632914,37.192257500285734
40.84014833,-73.910115,39.92350505000002,37.231835662625016,37.19051142224685
40.84008,-73.91016,39.92350505000002,37.37610666329116,37.22011792264333
40.83990333,-73.91026167,39.88761584,37.49316303177216,37.25017255073251
40.83985333,-73.91029167,40.63445321000003,37.543654542405086,37.25497846101912
40.839775,-73.91033667,40.63445321000003,37.69942079862502,37.3061724597785
40.83951,-73.91051333,40.4789333,38.03846702000002,37.39126659223303
40.839455,-73.91054167,40.868587580000025,38.01403039649353,37.40560959112905
40.839405,-73.91056333,40.74553886000004,37.98801877544306,37.43756825314288
40.83933333,-73.91060667,40.74553886000004,38.015168238101296,37.44251468161394
40.839315,-73.91062,40.74553886000004,38.07240620576925,37.47146882690098
40.83915667,-73.91069167,40.46013419000002,38.148211421645584,37.532638038000016
40.83910667,-73.91072667,40.46013419000002,38.20566516500001,37.5480194931731
40.83906,-73.91076,40.46013419000002,38.19682028868422,37.562991677961186
40.83900333,-73.910795,40.46013419000002,38.17420185269233,37.607051546923095
40.838865,-73.91086833,39.88761584000002,38.29856103556965,37.7066952160703
40.83879167,-73.91090833,39.88761584000002,38.38825189565792,37.740592089935504
40.838715,-73.91094833,39.88761584000002,38.38806911692309,37.74883653427654
40.83864333,-73.91098833,39.88761584000002,38.43615586649352,37.8448677124272
40.83856833,-73.91103,39.27749927000002,38.38618482384618,37.87710799250002
40.83848667,-73.91107667,39.27749927000002,38.40032852487502,37.88783466089174
40.83841,-73.911125,39.27749927000002,38.42446829112502,37.95618576006331
40.83833667,-73.91117333,38.83315667000005,38.423708160253184,38.010621478517365
40.83827167,-73.91121833,38.83315667000005,38.46674930807694,38.02063363628574
40.83821333,-73.91125667,38.83315667000005,38.46144699500001,38.05699225019232
40.83817333,-73.91129,38.83315667000005,38.43735439298703,38.07083346422582
40.83813167,-73.911355,38.98184054000001,38.53047714216218,38.1533760321154
40.83812,-73.91140333,38.98184054000001,38.55638582974028,38.17730347546625
40.83812,-73.911465,38.98184054000001,38.54512275384617,38.180725669711556
40.83813333,-73.911535,38.98184054000001,38.56765439493672,38.17903857009617
40.83814833,-73.911605,38.98184054000001,38.55642684822786,38.19734469644233
40.838165,-73.91167167,39.29458937000004,38.57264507986844,38.22374575574195
40.83818667,-73.91173833,39.29458937000004,38.57798150155846,38.24629582450163
40.83821167,-73.9118,39.29458937000004,38.57371047621624,38.28085612740387
40.83823167,-73.91186,39.29458937000004,38.60609935423079,38.275893020192946
40.83825,-73.91191167,39.754313060000015,38.60200211230772,38.326550234519246
40.83826333,-73.91195667,39.754313060000015,38.59803961925002,38.3466042357143
40.83827,-73.91199,39.754313060000015,38.59803961925002,38.3466042357143
40.83830667,-73.91219,39.754313060000015,38.58256760115386,38.40079352028756
40.83832333,-73.91224667,39.754313060000015,38.585170324210544,38.43808127711041
40.83833167,-73.91231167,39.754313060000015,38.60441225461541,38.42266120415337
40.83834,-73.91237,39.754313060000015,38.57105078189876,38.442288666337596
40.83834667,-73.91241833,39.754313060000015,38.609532711500016,38.455416785664575
40.838355,-73.91245667,40.26701606,38.62223454974686,38.456015173407664
40.83839167,-73.91255833,39.76798514000004,38.593785718076944,38.492796987356705
40.83841,-73.91261167,39.76798514000004,38.55590765531648,38.49463705428574
40.83843333,-73.912675,39.76798514000004,38.55590765531648,38.51852410693293
40.83846,-73.91274833,39.83976356,38.56850113423079,38.553481565576945
40.83848833,-73.91282333,39.83976356,38.57546392164559,38.553323915142876
40.83852,-73.91289333,39.83976356,38.5843334672152,38.556112585428586
40.83854833,-73.91296,39.67740761000002,38.562635530126606,38.59569108685716
40.838595,-73.91307667,39.67740761000002,38.57949075714288,38.60361837543691
40.83862833,-73.91316,39.67740761000002,38.49442626905408,38.661073789707814
40.83872,-73.91335,38.44862942000003,38.49126921950002,38.70748746800002
40.83873833,-73.91339,38.44862942000003,38.46730035425002,38.70792542449047
40.838755,-73.91343,38.44862942000003,38.47896434750002,38.714936581428596
40.83876667,-73.913465,38.44862942000003,38.46514985000002,38.72074599642407
40.83877667,-73.91349667,38.32728971000003,38.47443763430382,38.72787294566881
40.83879167,-73.91353667,38.32728971000003,38.46528685924052,38.75240731252398
40.838835,-73.91364667,38.32728971000003,38.41771770162502,38.79556933541403
40.83885833,-73.91371167,38.32728971000003,38.44348075696204,38.80466231914288
40.83888333,-73.913785,38.26405634,38.40908422658229,38.8387789863376
40.838905,-73.91385333,37.313846780000034,38.42176728846155,38.843095052993654
40.83892833,-73.91392,37.313846780000034,38.38632627063293,38.8392928297143
40.83895167,-73.91398833,37.313846780000034,38.37858192038463,38.84670824288464
40.83897167,-73.914075,38.15809772000003,38.37170177506496,38.86157380067963
40.83897833,-73.91416333,38.15809772000003,38.354283303846174,38.904031286634634
40.839015,-73.91424,38.15809772000003,38.313444565696216,38.91213265134617
40.839045,-73.91432167,38.15809772000003,38.31118557730771,38.91248640255593
40.83912333,-73.91454,38.15809772000003,38.183238156578966,38.96535491299037
40.83914833,-73.91460333,38.81777558000002,38.19593695423079,38.98344547567309
40.83916667,-73.914675,38.81777558000002,38.20629180200002,38.992865010857166
40.83917667,-73.91475333,38.52553487,38.17896900462502,39.00524041342859
40.83918667,-73.914825,38.52553487,38.18643699974685,39.017359645923584
40.83921333,-73.91487833,39.28091729000002,38.131147946923086,39.04613523786626
40.83923833,-73.91492667,39.28091729000002,38.131147946923086,39.040850683365406
40.83925833,-73.914975,39.28091729000002,38.185923908461554,39.05665231536979
40.83928167,-73.91505667,39.28091729000002,38.19162060846155,39.08513527457144
40.83928833,-73.91508833,39.28091729000002,38.20573637375002,39.080952234586015
40.839295,-73.91511167,39.96793931000002,38.20007801692309,39.10065794906754
40.83936,-73.915245,39.96793931000002,38.1966875877778,39.16313621474686
40.83937833,-73.91532333,39.96793931000002,38.1976678746154,39.1575093513376
40.83939167,-73.91540667,39.96793931000002,38.2419966188158,39.15349129922583
40.83940833,-73.91545333,39.96793931000002,38.31427494153847,39.17945375096465
40.83943667,-73.91553333,39.96793931000002,38.33241674000002,39.25307240095543
40.83944667,-73.91555833,39.60562919,38.33241674000002,39.26066579450481
40.83946,-73.91558333,39.60562919,38.328522793164574,39.26066579450481
40.83947,-73.915605,39.60562919,38.328522793164574,39.27450713747606
40.83952167,-73.915715,39.802165340000016,38.36902553315792,39.303311404854384
40.83893833,-73.9165,39.23819204,38.68197337287502,39.28717096035034
40.83888833,-73.91653833,38.29652753000005,38.70986693576925,39.268055894230784
40.83883,-73.91657333,38.29652753000005,38.72123842538464,39.28499052150161
40.83876833,-73.916615,38.29652753000005,38.721459152222245,39.29719615107597
40.838705,-73.91665167,38.29652753000005,38.73668524653848,39.2784030733654
40.83837333,-73.916935,37.124146670000016,38.70307471653848,39.325138606261994
40.83831833,-73.916975,36.954954680000014,38.70327191000002,39.343206635428594
40.83826,-73.91701833,37.59412442000004,38.68789082000002,39.35170285657145
40.83816333,-73.91710333,37.59412442000004,38.67687220289477,39.337624343495165
40.83812833,-73.917135,37.59412442000004,38.63576601500002,39.32307287000002
40.8381,-73.91715833,37.59412442000004,38.61036391181821,39.334429635273324
40.83807833,-73.91717333,37.74964433000002,38.60725662090912,39.352778671650505
40.83796667,-73.917245,37.74964433000002,38.62262394443041,39.33721633827478
40.83793,-73.91727833,38.46230150000002,38.59495528886079,39.34469148594938
40.83788833,-73.91731833,38.46230150000002,38.59097480987344,39.34096667640129
40.83783,-73.91735,38.16151574000003,38.54904471269233,39.355994370571445
40.83777833,-73.91739833,38.16151574000003,38.55804932607597,39.34965323678346
40.83772833,-73.91744,38.16151574000003,38.52336574192309,39.34033825307694
40.83768667,-73.91747333,38.16151574000003,38.50286344620256,39.31120444166136
40.837655,-73.91748833,38.16151574000003,38.50286344620256,39.31763643456871
40.83753667,-73.91757667,37.99403276000001,38.4954649472152,39.33134122314287
40.83750833,-73.91759833,37.99403276000001,38.4954649472152,39.308223472000016
40.837475,-73.91762167,37.99403276000001,38.49515721725002,39.29941609472845
40.8374,-73.91767833,37.99403276000001,38.4466096809091,39.28622624687099
40.83718333,-73.91783,37.97523365000001,38.42379469240508,39.245337329428594
40.83712167,-73.91787667,37.97523365000001,38.398116276329134,39.245541329009605
40.83706167,-73.91792167,37.97523365000001,38.42980867696204,39.21701446703824
40.83699667,-73.917955,37.84876691,38.48330096037503,39.19864143832281
40.836875,-73.918015,37.84876691,38.412564926923096,39.17779419784568
40.836825,-73.91804167,37.84876691,38.38965747753249,39.14677936271847
40.83675167,-73.91809167,38.182023860000015,38.52921922922081,39.128815400000015
40.836725,-73.91812,38.182023860000015,38.55527608298704,39.12796644373379
40.83656667,-73.91831333,38.182023860000015,38.74143258898736,39.122507302579635
40.83654,-73.91835,38.43837536000001,38.7643361519231,39.12548474153357
40.83649667,-73.91839167,38.43837536000001,38.80344125862502,39.08971433628573
40.83644833,-73.91842833,38.699853890000014,38.83501711126585,39.08905098261148
40.8364,-73.91847,38.699853890000014,38.81593510769233,39.06866267262138
40.83631167,-73.91854667,38.699853890000014,38.9086194492208,39.046689501446956
40.83627333,-73.918575,38.699853890000014,38.963551913506514,39.04208175980583
40.83623833,-73.91860167,38.699853890000014,39.00210764576925,39.046491673922844
40.83620667,-73.91862667,38.98696757000005,39.00210764576925,39.042824350511204
40.83617667,-73.91865,38.98696757000005,38.978638850379774,39.038659714240524
40.83614333,-73.91867333,38.98696757000005,39.05099135712502,39.03872771363059
40.83610833,-73.91870333,38.98696757000005,39.07566302569622,39.03691106670929
40.83606833,-73.918735,38.98696757000005,39.089764521500015,39.04018948394324
40.83603333,-73.91877,38.98696757000005,39.08972179625002,39.02179882142859
40.836005,-73.91880167,38.98696757000005,39.105754581519,39.02555321800002
40.83593167,-73.91887,39.19204877000004,39.117873297013006,39.0064227193226
40.835885,-73.91892167,39.7782392,39.07814436324677,38.98439575883497
40.83582333,-73.91897333,39.7782392,39.05033240230771,38.97991652551615
40.83571333,-73.91908333,39.7782392,39.11717682556963,38.96848754731015
40.835675,-73.919125,39.01089371000003,39.15797538312502,38.961923791714305
40.83564,-73.91916,41.08050482000005,39.153332308888906,38.97931745899056
40.83559,-73.91919167,41.08050482000005,39.16961801375002,38.96591517929938
40.83548167,-73.91924167,41.08050482000005,39.12563534341774,38.945203296869025
40.83545333,-73.91926667,41.08050482000005,39.10083583884617,38.92058544524118
40.83542833,-73.91928333,41.08050482000005,39.09470093115387,38.92090228278848
40.83540333,-73.91929667,40.72332173000004,39.09470093115387,38.91972648964858
40.83537833,-73.91930667,40.72332173000004,39.05128259189876,38.92550831514288
40.835345,-73.91932167,40.72332173000004,39.03250511493673,38.928817963924075
40.8353,-73.91934,40.72332173000004,39.04301877139243,38.92596570987263
40.83525167,-73.91937333,40.72332173000004,39.06054153215192,38.922387543386094
40.8352,-73.91941167,41.28729503000002,39.013900702278505,38.91349657278848
40.83515,-73.91945167,41.28729503000002,39.06551456907897,38.90983535815536
40.83498,-73.91956833,40.38835577,38.97984669500002,38.89889842564518
40.83492333,-73.919605,40.38835577,38.97853068518989,38.89966157342859
40.83482,-73.91966167,39.28946234000003,38.93362049835444,38.90869055783441
40.83477,-73.91969,39.28946234000003,38.93359886531646,38.91628702667723
40.834715,-73.91971833,39.28946234000003,38.87129571594939,38.92110537251594
40.83466,-73.91974667,39.28946234000003,38.87291251512501,38.91521627714288
40.83461333,-73.91976167,39.28946234000003,38.87369088153847,38.90346161663463
40.83457667,-73.91977333,38.17176979999999,38.86125545779223,38.893517800612926
40.83451333,-73.91981333,38.17176979999999,38.82905942807694,38.89229827567309
40.83448,-73.91982833,38.17176979999999,38.79532048658229,38.904176136677336
40.834415,-73.91986,38.17176979999999,38.81565027269232,38.91933021269232
40.83438,-73.919885,38.17176979999999,38.82128013215192,38.923400066634635
40.834305,-73.91993167,37.14807281,38.785830239230776,38.92793551625002
40.83422833,-73.91997667,37.36340807000002,38.74555895230771,38.92804506817309
40.83418333,-73.92000333,37.36340807000002,38.73560993038963,38.94417637749198
40.83414167,-73.92004167,37.36340807000002,38.69095372103897,38.94996283257237
40.83409667,-73.92007667,37.36340807000002,38.66314346740261,38.93542339019233
40.83400667,-73.92013833,36.55162832000002,38.66033303375001,38.937096045700656
40.83396167,-73.92016,36.55162832000002,38.64618232278482,38.93355691242813
40.83391333,-73.92018667,36.55162832000002,38.61045952076924,38.939077069329095
40.83385667,-73.920215,36.55162832000002,38.62560930367091,38.94841383322686
40.83380333,-73.92024833,37.21472420000004,38.57001295076924,38.94744332285716
40.83376,-73.92027333,35.92954868000001,38.58249465898736,38.95624348894906
40.83371667,-73.9203,35.92954868000001,38.517507020394746,38.9566889683923
40.83361833,-73.920355,35.92954868000001,38.44288714640001,38.96195337861738
40.83357,-73.92038667,35.92954868000001,38.44234825337664,38.96235561368934
40.83351833,-73.92041667,35.86802432000002,38.45822616846155,38.96046972485625
40.83346167,-73.92044333,35.86802432000002,38.45996513189874,38.94508060022154
40.8334,-73.92047333,35.86802432000002,38.43861034887501,38.94025102449369
40.833345,-73.92050333,36.713984270000026,38.3949794858228,38.95209291514288
40.83328667,-73.92053167,36.713984270000026,38.3575543301266,38.95571710142859
40.83323333,-73.92056333,36.71056625000003,38.32666235189875,38.951237210288475
40.83317833,-73.92059167,36.71056625000003,38.282855450000014,38.92259850006391
40.83311833,-73.92062833,36.71056625000003,38.28533351450001,38.91159209085716
40.83306,-73.92067333,36.71056625000003,38.27637809111113,38.92334232509556
40.832925,-73.92075833,36.683222090000015,38.25601522884616,38.90310009528848
40.83285833,-73.9208,36.683222090000015,38.25182693077923,38.905290208961055
40.83279,-73.92084167,36.683222090000015,38.227705235405416,38.89413901388351
40.83272667,-73.92088167,36.61827971,38.27562502307694,38.87076038520902
40.83266667,-73.92092333,36.61827971,38.2842399644304,38.84444698685716
40.832605,-73.92096,36.61827971,38.31813279222224,38.839365351898756
40.83255333,-73.92098,36.61827971,38.33460777846155,38.82393239807694
40.83249833,-73.921005,36.61827971,38.36017192772153,38.821988235222946
40.83244667,-73.92103167,37.71375512,38.41194979287501,38.798078423343966
40.83233167,-73.92110167,37.71375512,38.42423718636365,38.78954119614149
40.83226833,-73.92113833,37.71375512,38.42623700692309,38.7657000733654
40.83220167,-73.921175,37.71375512,38.51514934769232,38.75806364143313
40.83214167,-73.92120667,37.92225434000005,38.54191107974686,38.762260142980786
40.83207833,-73.92122167,37.92225434000005,38.55779243375001,38.751363669108294
40.83202667,-73.92125,37.92225434000005,38.54982080157896,38.7323969800971
40.83197667,-73.92128333,37.92225434000005,38.55836117896106,38.72982772022582
40.83189667,-73.92134,38.18715089,38.70320532519482,38.69823308696776
40.831855,-73.92137167,38.18715089,38.69674659909093,38.68234065890677
40.831715,-73.921465,38.18715089,38.73520227405065,38.688338547859445
40.83169,-73.92148,38.18715089,38.77117219192309,38.67434472471156
40.83166667,-73.92149167,38.18715089,38.79244329253166,38.67960536645571
40.83164167,-73.921505,38.47768259,38.808760552250014,38.67960536645571
40.83161,-73.92152333,38.47768259,38.84855939303799,38.67754423398092
40.83157,-73.921545,38.47768259,38.87668367777779,38.673093822025336
40.83153333,-73.921565,38.71181696000002,38.89945749384617,38.673220461142876
40.831485,-73.92158667,38.71181696000002,38.88609215923079,38.65426933480771
40.83142167,-73.92160333,38.71181696000002,38.89526569131581,38.63741438270969
40.83135833,-73.92159,38.99551262000003,38.83469039692309,38.653513426538474
40.831295,-73.92153833,38.84682874999999,38.85604442417723,38.673108427770714
40.83126,-73.92144167,38.84682874999999,38.780198722625016,38.6847486212342
40.83121667,-73.92134833,38.84682874999999,38.75170828202533,38.68641977341774
40.83117667,-73.92126333,38.97500450000004,38.69393808615386,38.69339824254841
40.831145,-73.92118167,38.97500450000004,38.68027599063292,38.71532178685715
40.83111667,-73.92110833,38.97500450000004,38.67339588333336,38.73213038265824
40.83108833,-73.921035,39.38174888,38.61598422425002,38.73841546914014
40.83106167,-73.92095833,38.63662052000001,38.5924458564557,38.75486231028573
40.83102833,-73.92088167,38.63662052000001,38.65104722779222,38.74693134553056
40.831,-73.920805,38.63662052000001,38.54849103135136,38.764905821923094
40.83097,-73.92072167,38.67080071999999,38.5298298819737,38.754642087207806
40.830935,-73.92063667,38.67080071999999,38.474308390769245,38.79194323653848
40.83090167,-73.92055333,38.67080071999999,38.477682590000015,38.82749252257145
40.83086833,-73.92046167,38.67080071999999,38.41429778873419,38.85182515503187
40.83084333,-73.92036667,38.99038559000002,38.33507020289476,38.86374739592235
40.83077833,-73.92018,38.911771130000034,38.34312509379748,38.925655475573265
40.83074833,-73.92009333,38.911771130000034,38.3645811846154,38.94692322706072
40.83067,-73.91991833,39.49625255000004,38.33019052960528,38.96227818281555
40.83062833,-73.919835,39.49625255000004,38.36442183636365,38.990286676237965
40.830585,-73.91975333,39.49625255000004,38.42343247769232,39.01667049140577
40.830545,-73.919675,39.74234999000001,38.48112197262502,39.02883012485624
40.83051333,-73.91959,39.74234999000001,38.53848736684212,39.033998422612925
40.83048667,-73.91950167,39.74234999000001,38.540153833918936,39.071262297211554
40.830425,-73.91932167,39.74234999000001,38.69431056269232,39.10792207457145
40.83037167,-73.91917333,39.74234999000001,38.80085427111112,39.132671489019
40.83035333,-73.91912,38.63149349,38.82584470316458,39.13346347178346
40.830345,-73.91906833,38.63149349,38.83843513126584,39.14104601469651
40.83034,-73.91902833,38.63149349,38.84753898792209,39.132788436109344
40.83036333,-73.91896167,38.63149349,38.87195996115386,39.12592870682694
40.83039667,-73.918925,38.63149349,38.92645108769233,39.13338183117837
40.830475,-73.91888833,38.63149349,39.00372901423078,39.116211451250024
40.83051333,-73.91887667,38.63149349,39.0109161969737,39.08384465466021
40.83055,-73.91886167,38.18885990000001,39.00754142115386,39.070538708520914
40.83058167,-73.918845,38.000868800000006,39.00754142115386,39.07372303290737
40.83061833,-73.91883333,38.000868800000006,38.99589714725001,39.06753518428573
40.83065,-73.918825,38.000868800000006,38.984980845875015,39.069623974285726
40.83067833,-73.91881,38.000868800000006,39.02257194500002,39.08435943828573
40.83070667,-73.91879333,38.000868800000006,39.02257194500002,39.06542419149683
40.830735,-73.91878167,38.000868800000006,39.00098145200002,39.055760630759515
40.83078667,-73.91875333,38.000868800000006,39.03166142645572,39.06585416535034
40.83080833,-73.91873333,38.000868800000006,39.03422908111113,39.045877198612004
40.83082667,-73.91871833,38.000868800000006,39.03422908111113,39.04425726281647
40.830845,-73.91870333,38.000868800000006,39.03633416265825,39.04444456028573
40.830965,-73.91862167,38.376851000000016,39.04158842907898,38.99891957844662
40.830995,-73.91860833,38.376851000000016,39.036079120526345,38.991629004326946
40.83102667,-73.91860333,38.376851000000016,39.043274952105286,38.98612130781352
40.83104833,-73.91859333,38.546042990000046,39.05268677272729,38.97802136974278
40.831215,-73.918515,39.21597491000003,39.06281300113925,38.98060504550957
40.83123833,-73.9185,39.21597491000003,39.06281300113925,38.98059017805113
40.83138833,-73.91831333,39.77653019000002,39.10164430430381,38.95980359316296
40.831435,-73.91827667,39.77653019000002,39.10187074883118,38.94098315028848
40.83149,-73.918235,39.77653019000002,39.08324180000001,38.93659818581472
40.83154667,-73.91819167,39.77653019000002,39.033636689230775,38.938620003662436
40.831605,-73.91815,39.77653019000002,38.99601017987343,38.93970687038464
40.831665,-73.91811667,40.11149615,39.009995384230784,38.91889935558066
40.831725,-73.918085,40.11149615,39.017907309480535,38.92190941835486
40.83177833,-73.918055,41.11297601000001,39.03797494538463,38.93589509752414
40.83182833,-73.918025,41.11297601000001,38.98760297115386,38.929548131125415
40.83189333,-73.91799167,41.11297601000001,38.9820402944156,38.92154161160773
40.83191833,-73.917985,41.11297601000001,38.979101741923095,38.920831074038475
40.83193667,-73.91798,40.75921094000003,38.979101741923095,38.92468971677318
40.83212833,-73.91786833,40.75921094000003,38.88206896886078,38.941640706050975
40.83216667,-73.91784167,40.75921094000003,38.867380136075965,38.935648441142874
40.832205,-73.91781833,40.16789348,38.85539543303799,38.929585110031866
40.83223833,-73.917795,39.92008703000002,38.84257813538464,38.94171146124206
40.83226833,-73.91778167,39.92008703000002,38.84257813538464,38.9358177771154
40.832295,-73.91776,39.92008703000002,38.8452529096104,38.9273286339355
40.83231667,-73.917745,39.92008703000002,38.83236962592107,38.911260646493524
40.83246167,-73.91760333,39.16470461,38.87653923153849,38.931569437539956
40.83248833,-73.91757833,39.16470461,38.8689809808861,38.936315768857156
40.832515,-73.91755167,39.16470461,38.89111347162502,38.93102453379748
40.832545,-73.91752833,39.16470461,38.888357693000025,38.93845672245225
40.83257833,-73.917515,38.821193600000015,38.89191200113926,38.94267527249203
40.83261,-73.91749667,38.821193600000015,38.883667410000015,38.95055916708863
40.832645,-73.91747333,38.821193600000015,38.89066485650002,38.961104552000016
40.83268,-73.91745167,38.821193600000015,38.87462720379749,38.96528213200001
40.832715,-73.91743,38.821193600000015,38.85887727050002,38.969039293121035
40.83275,-73.91741833,37.44031352000002,38.85887727050002,38.97194252375002
40.83281667,-73.91739333,37.44031352000002,38.81561227620255,38.95358709903848
40.83285667,-73.91737667,37.44031352000002,38.81561227620255,38.9482517117143
40.83295167,-73.917335,37.44031352000002,38.76530897300002,38.971038511714305
40.833,-73.91731,37.24548638000002,38.773604244615406,38.972053066857164
40.833045,-73.91728167,37.24548638000002,38.74958824430382,38.96976896142859
40.83309,-73.917255,37.24548638000002,38.752197798846176,38.97502648083603
40.83313667,-73.917235,37.24548638000002,38.78539316974028,38.97237994892859
40.83317833,-73.91721667,37.24548638000002,38.73918390680002,38.98577345403848
40.83321667,-73.9172,37.24548638000002,38.726580907500015,38.968891287180355
40.833385,-73.91715833,37.40442431000002,38.58077094961541,38.96431770990387
40.83342833,-73.91714167,37.40442431000002,38.55986650126585,38.96301438870255
40.83347,-73.917125,37.40442431000002,38.53641628810129,38.96804407003166
40.83350833,-73.91710833,37.40442431000002,38.53004238387502,38.96543946942859
40.83354667,-73.91708667,37.788951560000015,38.486638667721536,38.975135124968176
40.83358,-73.91707167,37.788951560000015,38.46444317075952,38.972250490254794
40.83361167,-73.91705333,37.788951560000015,38.42930446076925,38.971444517508004
40.83364,-73.917025,37.788951560000015,38.42930446076925,38.96819037038463
40.83366167,-73.91699,37.788951560000015,38.3637266796154,38.962997326516145
40.83369167,-73.91696333,37.85902097000002,38.33147678450002,38.959617932403866
40.83371833,-73.91694,37.85902097000002,38.32458558025319,38.962685386250016
40.83374167,-73.91692,37.85902097000002,38.31127321884617,38.95362288600001
40.83375833,-73.91690167,37.85902097000002,38.29427769405065,38.95362288600001
40.83402667,-73.91661667,38.23842119,38.25648477670889,38.97403569815289
40.834055,-73.91660167,38.23842119,38.22332493500002,38.97490621827478
40.83407667,-73.91658,38.07948326000002,38.22332493500002,38.970036320288486
40.83415667,-73.916515,38.07948326000002,38.17016895518989,38.95878523312104
40.83421833,-73.91646167,38.07948326000002,38.17296610700002,38.945213471714304
40.83425833,-73.91642667,37.60096046000001,38.16451746269233,38.96275296652868
40.83430167,-73.91639833,37.60096046000001,38.19688575708863,38.961815283142876
40.83434667,-73.91635833,37.771861460000025,38.206462703000014,38.96060309726117
40.83439333,-73.91631167,37.771861460000025,38.1359255639474,38.95833889603228
40.83444333,-73.91626667,37.771861460000025,38.195783581538485,38.95306762565918
40.83449333,-73.916225,37.771861460000025,38.27017848974686,38.959585066826946
40.83454167,-73.91618167,37.39246124000002,38.27004897246756,38.973927439035386
40.834595,-73.91614167,37.39246124000002,38.24078751153848,38.96822323596155
40.83464,-73.91610333,37.28650262000002,38.278074548607606,38.970494011582296
40.83468667,-73.916065,37.28650262000002,38.275912596875024,38.98372316371431
40.83473667,-73.916035,37.28650262000002,38.30789244650002,38.997890138643555
40.83478167,-73.915995,37.28650262000002,38.31552133734178,38.98625775753995
40.83482333,-73.91595833,37.28650262000002,38.34922912587502,38.98002877306964
40.83486167,-73.91591833,37.28650262000002,38.36745144500002,38.99011258520769
40.83489833,-73.91588333,37.63172264000002,38.34859684766236,38.980301881479114
40.83499167,-73.91578333,37.63172264000002,38.54957198467535,38.968765517980785
40.83502667,-73.91574667,37.63172264000002,38.547041762077946,38.97506494729905
40.83506,-73.91571,37.63172264000002,38.54525421615387,38.966623777884635
40.83509667,-73.91567667,37.63172264000002,38.56890911113926,38.9645062957143
40.83513667,-73.91564333,38.31361763000001,38.55495120462503,38.970029382000014
40.83517833,-73.915605,38.78701340000004,38.57439502769234,38.97293198628573
40.83525667,-73.91553667,38.78701340000004,38.63617190487501,38.95629247331212
40.83528333,-73.91551333,38.78701340000004,38.65826085912502,38.94511845803799
40.83530167,-73.91548667,38.78701340000004,38.67205543620256,38.939288903714306
40.83531667,-73.915465,38.78701340000004,38.68517393230772,38.95220313974442
40.83533667,-73.91542667,38.78701340000004,38.69581441181822,38.9324225863226
40.83540333,-73.91534167,38.78701340000004,38.77579528307696,38.90514323865387
40.83544333,-73.91530167,39.115143320000016,38.83981515051952,38.9050453487097
40.83549,-73.91525,39.115143320000016,38.83948877115388,38.8833369283654
40.83554,-73.91519667,39.115143320000016,38.838089002658265,38.867103576571445
40.83559167,-73.91514833,39.115143320000016,38.85685072222225,38.871053288571446
40.83564,-73.91510167,39.52872374000003,38.89459557950002,38.85331325313293
40.83568333,-73.91505667,39.98502941000001,38.94325635269234,38.84121343142859
40.835725,-73.91501833,39.98502941000001,38.96061852974686,38.81101573789811
40.83575667,-73.91498667,39.98502941000001,38.98024108192309,38.81125724057694
40.835785,-73.914965,39.98502941000001,39.02690443526317,38.78658753019419
40.83580833,-73.91494833,39.98502941000001,39.02690443526317,38.78340242725808
40.83582833,-73.914945,39.98502941000001,39.032400602077935,38.76890233298703
40.83582833,-73.91487,39.98502941000001,39.05941661417724,38.77229844169331
40.83581833,-73.91481667,40.66350638,39.07811477000001,38.77360174057144
40.83578,-73.914655,40.66350638,39.165443071111135,38.76586169712027
40.83575833,-73.91456333,41.04119759000002,39.27995323307695,38.76959023415338
40.835735,-73.91447,41.04119759000002,39.32225802556964,38.759154345961555
40.83571,-73.91438333,41.04119759000002,39.324945660125024,38.76762834371431
40.83569,-73.91430667,41.04119759000002,39.37127571615387,38.768630725981026
40.83567667,-73.91424167,41.18646344000001,39.39239233468357,38.76875311799365
40.835665,-73.91419,41.18646344000001,39.42006099025319,38.77171395060511
40.835655,-73.91414833,41.18646344000001,39.43682659468357,38.77452032056964
40.83564667,-73.914115,41.18646344000001,39.43682659468357,38.775476217476054
40.83563833,-73.91409,41.18646344000001,39.443952461923104,38.77736187557694
40.83560333,-73.91395667,41.18646344000001,39.50898248346156,38.780589692571446
40.83557667,-73.91388833,41.18646344000001,39.48775076607597,38.79386576812104
40.83554667,-73.91380167,41.18646344000001,39.49389454886079,38.79786236854432
40.83551833,-73.91371167,41.21551661000001,39.50799651615387,38.80127896257236
40.835485,-73.913625,41.21551661000001,39.5628115610811,38.82709493873788
40.835455,-73.91354,41.21551661000001,39.47268152896106,38.87180234774195
40.83542167,-73.91345667,40.97796422000002,39.45694532000002,38.87877409076925
40.835395,-73.913375,41.58637178000004,39.43154813341774,38.89517858987343
40.835365,-73.91329,41.58637178000004,39.42635842307694,38.8968294997143
40.83533333,-73.91321,41.03094353000003,39.42898766923079,38.9293034977636
40.83531333,-73.913125,41.03094353000003,39.45718633423079,38.949867811250016
40.83529167,-73.913045,41.03094353000003,39.44750303975002,38.9470743937143
40.83526667,-73.912975,41.03094353000003,39.422137761898746,38.974345932452245
40.835225,-73.91285833,41.03094353000003,39.42607358807693,38.982097164504815
40.83520833,-73.91281333,41.03094353000003,39.40091115462501,38.989758231898755
40.83518833,-73.91275167,41.03094353000003,39.40525872269232,39.00810561355771
40.83518167,-73.91273333,41.03094353000003,39.40525872269232,39.00810561355771
40.83513333,-73.91258333,40.70794064000003,39.4239765701266,39.055387649714305
40.83511667,-73.91253333,40.70794064000003,39.41105840150002,39.072119671428595
40.83509,-73.91245833,40.70794064000003,39.40915793911393,39.07234235436711
40.835005,-73.91218333,40.18156556,39.33349709116885,39.131973473495165
40.83497333,-73.912075,39.73893197000001,39.33657909670888,39.13482980057694
40.83493833,-73.91197333,39.73893197000001,39.31055455202532,39.16499758314287
40.83490167,-73.91187167,39.73893197000001,39.26308223692309,39.20211718674123
40.83487,-73.91177833,39.69962473999999,39.22267778038962,39.207490307299054
40.83484,-73.911695,39.69962473999999,39.23152690100002,39.201608375142875
40.83481167,-73.91162333,39.69962473999999,39.241281404230776,39.194824550573266
40.83478167,-73.91156167,39.53555978000003,39.2224864544304,39.20024769139242
40.83477,-73.91153,39.53555978000003,39.2224864544304,39.20013663261148
40.83468333,-73.91128833,39.40225700000002,39.16571248769231,39.20642198230771
40.83465667,-73.91121833,39.40225700000002,39.165559115000015,39.193616718857164
40.83463333,-73.91114833,39.40225700000002,39.19165937531648,39.193081747563305
40.83461,-73.91108333,39.40225700000002,39.19046955822785,39.19032880480771
40.83458667,-73.91102833,40.08415199000001,39.20771839415586,39.189455031350505
40.834565,-73.91098,40.08415199000001,39.23497640276317,39.20153710474028
40.83453,-73.910885,40.08415199000001,39.18949664840002,39.2304657761415
40.83451333,-73.91083,40.08415199000001,39.2312450253247,39.19670870723475
40.83449333,-73.91077,40.08415199000001,39.22276712923079,39.175459399044605
40.83447833,-73.91071167,40.08415199000001,39.20983112721521,39.18666131942859
40.83445667,-73.910645,40.08415199000001,39.19559496575001,39.17223510485716
40.834435,-73.910575,40.08415199000001,39.20706209835445,39.18106227714287
40.83441167,-73.91050833,40.07731595000001,39.16796925730772,39.17945778897765
40.83439,-73.91043333,40.07731595000001,39.14366381155845,39.1875756698714
40.83436333,-73.91035167,40.07731595000001,39.13327180582281,39.1690178257143
40.83433667,-73.91027667,40.02775466000003,39.14483189115386,39.144004774134636
40.83431,-73.910205,39.98844743000004,39.13835556974686,39.12689412442676
40.83429167,-73.910145,39.98844743000004,39.10375704087502,39.14114082338609
40.834275,-73.91009833,39.98844743000004,39.08871775287501,39.13207608257145
40.83426,-73.91006333,39.98844743000004,39.11396015923079,39.123573707987234
40.83419167,-73.90989667,39.68937068,39.04421940500002,39.11964939138266
40.83418333,-73.909865,39.68937068,39.05337794576925,39.11502319789139
40.83413833,-73.90980333,39.68937068,39.03300267481016,39.12282290980771
40.83411333,-73.90979333,39.68937068,39.03243161807695,39.128947710451634
40.83407833,-73.90979833,39.68937068,39.08435950696205,39.16443160520768
40.83400667,-73.90984167,39.386875910000015,39.11936176240509,39.20517657929938
40.833975,-73.909865,39.386875910000015,39.14588413737502,39.250632547714304
40.83396167,-73.90987833,39.386875910000015,39.14800390468356,39.26224296485716
40.83375333,-73.90998667,38.59047725000002,39.221989737402616,39.38547762909093
40.83368333,-73.91002167,39.03823787000002,39.23766086121624,39.43384326572817
40.83360833,-73.91006,39.03823787000002,39.323842294415606,39.50795269538463
40.83353333,-73.910105,39.03823787000002,39.33630674230771,39.54634010657144
40.83338667,-73.91017833,38.77334132000004,39.39582684987501,39.61166194138803
40.833315,-73.91022,38.77334132000004,39.408479549230776,39.65469676600002
40.83324333,-73.91025833,38.57851418000001,39.40143494455697,39.69385341869012
40.83317833,-73.91031167,38.89126300999999,39.49340420000001,39.743344622829596
40.83311,-73.91034833,38.89126300999999,39.55425072481015,39.80035867228573
40.83305,-73.91038833,38.89126300999999,39.60318465670888,39.822602478754014
40.83299167,-73.91041333,38.86050083000001,39.62628684837502,39.86051817182694
40.83294,-73.91044,38.86050083000001,39.67990366407896,39.87484788141937
40.832895,-73.910465,38.86050083000001,39.662470418701325,39.88597873009711
40.83285667,-73.91048333,38.86050083000001,39.662470418701325,39.89326276300972
40.83282667,-73.910495,38.86050083000001,39.64590335986844,39.89961737646304
40.832695,-73.91057167,40.35588458000001,39.7527136019231,39.99466450163463
40.83107333,-73.91334333,40.96941917000001,40.31835044787502,40.26043961645572
40.831035,-73.91336333,40.96941917000001,40.34459213417724,40.25228396113927
40.83101333,-73.913385,40.96941917000001,40.33712819525002,40.248842861305754
40.830895,-73.913445,40.96941917000001,40.320083011538486,40.284840925445884
40.83085833,-73.91346333,40.96941917000001,40.333755091538485,40.29143048857145
40.83082,-73.91348833,41.304385130000014,40.32306726139243,40.298044086000026
40.83077833,-73.91351667,41.04461561,40.30935191531648,40.30492255079116
40.83073,-73.91355,41.04461561,40.32784816278483,40.29717601742859
40.83062833,-73.91364167,41.04461561,40.30069232115388,40.28246309250805
40.83056667,-73.91367833,40.99676333000002,40.338794480000026,40.281083795048254
40.83049833,-73.91372333,40.99676333000002,40.37901170233768,40.292475363311915
40.83036333,-73.91380333,40.61223608000003,40.35015182493673,40.32149689635785
40.83031,-73.91383,40.61223608000003,40.36094752212502,40.34195831180382
40.83026833,-73.91386,41.02068947000004,40.37137383518989,40.34918460767518
40.83023167,-73.913885,41.02068947000004,40.362783916666686,40.33904866819623
40.83017333,-73.91390833,41.02068947000004,40.36666448923079,40.35998620400002
40.83001833,-73.91393833,40.964292140000055,40.342037216923096,40.40804225057694
40.83,-73.91390833,40.964292140000055,40.342037216923096,40.42038469223644
40.82998833,-73.91387833,40.964292140000055,40.36172550025319,40.43434170257145
40.82997667,-73.91385833,40.964292140000055,40.36172550025319,40.4429737826266
40.82995,-73.913815,40.964292140000055,40.354303745750016,40.44274026600002
40.82993,-73.91377167,40.964292140000055,40.36037073125002,40.47602527028573
40.829815,-73.91345833,41.44965098000006,40.50026347544306,40.61802924169331
40.82979667,-73.91341333,41.44965098000006,40.50115043000003,40.64370581191085
40.82978333,-73.91338167,41.44965098000006,40.49510316384618,40.66385146855771
40.82976333,-73.913255,39.926923070000015,40.499748165384645,40.691257447142874
40.82973667,-73.91317833,40.760919950000016,40.53384356935067,40.70370383385854
40.82970333,-73.9131,40.760919950000016,40.63291948307695,40.75649630675243
40.82967167,-73.91301333,40.760919950000016,40.66747215961541,40.79085765552718
40.82960333,-73.912825,41.343692360000006,40.78977336558444,40.83283619338712
40.82957167,-73.91274,41.343692360000006,40.833017385200016,40.86102849730771
40.82953833,-73.91265833,41.343692360000006,40.93401198846156,40.89082114278848
40.82951,-73.91259,41.343692360000006,41.00902926253168,40.902279491428594
40.82948667,-73.912525,40.69597757,41.05670685575002,40.918486317834414
40.82946333,-73.91246333,40.69597757,41.0756188042308,40.93712758933123
40.82944333,-73.91240167,41.37274553000003,41.12709670512502,40.95153405585445
40.82938333,-73.91220167,41.37274553000003,41.31208649151902,41.00171674628573
40.82934833,-73.91210333,42.11958290000001,41.35445912300002,41.01339913620255
40.829335,-73.91207,42.11958290000001,41.39722709825001,41.01975140141957
40.82932333,-73.91204167,42.11958290000001,41.41411233615387,41.040831763578296
40.82926833,-73.91185833,42.79976887999999,41.56314677230771,41.05631575538464
40.82924833,-73.91182,42.79976887999999,41.5931634301299,41.07522845902914
40.829205,-73.91171,41.8974116,41.78117700961542,41.118799917864095
40.82917667,-73.91165667,41.8974116,41.81477197171056,41.123949070970895
40.82915167,-73.91161833,41.8974116,41.81262694805197,41.13421812788464
40.82912833,-73.91159667,41.8974116,41.83569254265826,41.136241478402575
40.82911167,-73.91158667,41.8974116,41.83569254265826,41.13884987885716
40.828985,-73.91167333,41.8974116,41.78436058850002,41.17388729657145
40.82894833,-73.9117,40.78313708000002,41.75227721230772,41.177294465714304
40.82891167,-73.91172833,40.78313708000002,41.74652116012661,41.196136979142885
40.82887167,-73.911755,40.78313708000002,41.72236953730772,41.20314819788464
40.82882333,-73.911785,40.78313708000002,41.7024734853247,41.2164813737097
40.828755,-73.91182667,40.78313708000002,41.67327724797299,41.232172588488766
40.82869667,-73.91185833,40.46184320000003,41.63141318828949,41.258483649196165
40.82863667,-73.91189,39.74576801000004,41.6289455987342,41.26337433270702
40.82856333,-73.91193167,39.74576801000004,41.64209848582281,41.27324740321658
40.82849167,-73.91197167,39.74576801000004,41.58549536461541,41.28168597153848
40.82842333,-73.91200833,39.80045633,41.56043376746837,41.29913251779555
40.82835667,-73.91204667,39.80045633,41.53477698443041,41.30281175571431
40.82831,-73.912075,39.80045633,41.51259951500002,41.32307468807694
40.82826667,-73.91210167,39.80045633,41.48803624407896,41.334986396720794
40.82821833,-73.91212667,39.80045633,41.51978612115386,41.34652975480771
40.82817667,-73.91215333,39.132233420000034,41.502024564936725,41.34842207238855
40.82812,-73.91217667,39.50650661000003,41.44835826730771,41.348966812587875
40.828055,-73.91221,39.50650661000003,41.48949227562502,41.356406523566896
40.82799333,-73.91225,39.50650661000003,41.39062267407896,41.364013040193576
40.82793167,-73.91230167,39.50650661000003,41.36023470038464,41.3562634431731
40.827865,-73.91237,40.59514598000004,41.27704097000003,41.36232166451924
40.82779167,-73.91244333,40.32170438000003,41.24508897291142,41.37752857396168
40.82772833,-73.91253167,40.32170438000003,41.214277577750025,41.368757840000015
40.82766667,-73.912625,40.32170438000003,41.100925298461554,41.35336949305734
40.82760167,-73.91271333,40.67205143000001,41.08633298230772,41.35460373153848
40.82754,-73.91279833,40.67205143000001,41.00161264587503,41.33541858142859
40.82742167,-73.91297167,40.60198202000001,40.952047840506346,41.301704222939314
40.82737333,-73.91305333,40.60198202000001,40.9181713569737,41.305949872922106
40.82732667,-73.91311,40.907894810000016,40.88041572815792,41.289152410643105
40.827255,-73.913205,40.907894810000016,40.81931112500003,41.266200807211554
40.827215,-73.91324833,40.87371461000004,40.82776360362502,41.25531212857145
40.82717333,-73.91329667,40.87371461000004,40.77677696683546,41.25024827968053
40.82713167,-73.91335167,40.87371461000004,40.78752858670888,41.22456238904461
40.827085,-73.91341833,41.171082350000006,40.805375572625024,41.20484611401901
40.82695,-73.91361667,41.18646344000001,40.71678191840002,41.154745093633466
40.8268,-73.913845,41.499212270000015,40.74968320925002,41.07351686800002
40.82675,-73.91393333,41.499212270000015,40.7377077002532,41.02915287939493
40.82664667,-73.9141,40.50798647000005,40.70186175632914,40.98394575500002
40.82659833,-73.91417667,40.50798647000005,40.68262998556964,40.95931702200002
40.82654833,-73.91424833,40.85320649000005,40.724641345316485,40.944429646000025
40.82650167,-73.91431833,40.15934843000002,40.69067747569623,40.923155777891395
40.82646,-73.91439,40.15934843000002,40.733087501428585,40.9121371113505
40.82642333,-73.91446167,40.15934843000002,40.7818778094737,40.87690732643089
40.82639333,-73.914535,40.15934843000002,40.74205425519482,40.8379627802251
40.82637833,-73.91460667,39.67569860000003,40.72236987632913,40.83737767214059
40.82637333,-73.914675,39.67569860000003,40.69736614062502,40.82426182857145
40.82637833,-73.91474,39.67569860000003,40.67051770307694,40.8089078657143
40.82639167,-73.914805,39.67569860000003,40.66473336153848,40.802170226401294
40.82641,-73.91486333,39.67569860000003,40.674293118441575,40.77930007690325
40.826425,-73.91491667,39.67569860000003,40.639922042000016,40.76286997423079
40.82643833,-73.91496333,39.67569860000003,40.56135315560002,40.74551147201925
40.82645,-73.91500333,39.67569860000003,40.53245229736845,40.73967235451926
40.82646667,-73.91503667,39.67569860000003,40.50713196500002,40.72241173766236
40.82647667,-73.91506667,39.67569860000003,40.5049679588312,40.73438067858066
40.82648833,-73.91509167,39.67569860000003,40.5049679588312,40.73514192456594
40.8265,-73.91512,39.50479760000002,40.50450271884618,40.723896877596175
40.80900167,-73.92848667,37.56336224000003,40.0711235631169,39.431387600873805
40.80914833,-73.92836333,37.77186146,40.06651413038463,39.56297447057145
40.80923,-73.92830167,37.77186146,40.11221351222224,39.65380055731015
40.80931167,-73.92824,37.77186146,40.10816466215192,39.74451870205698
40.809395,-73.928175,38.255511290000015,40.14541001077925,39.86794579221156
40.80956167,-73.92805167,38.255511290000015,40.31681531341775,40.09974602373804
40.80965,-73.92799,38.11708148000002,40.30251088307694,40.21549379057694
40.80993167,-73.92779,39.050200940000025,40.421440450769246,40.40473287538218
40.81016667,-73.92760833,39.19888481000001,40.46548032384617,40.54429331588426
40.81023667,-73.92755833,39.19888481000001,40.40530914920002,40.55823245951925
40.8103,-73.92751667,39.19888481000001,40.525009109078965,40.5938313569231
40.81036167,-73.92747833,39.19888481000001,40.70244584835445,40.64514812926753
40.81042167,-73.92743833,38.35634288,40.72458212487502,40.65004046628573
40.81047667,-73.92740167,39.56803097000002,40.7653239373077,40.700574970702895
40.81052,-73.92736667,39.56803097000002,40.76239099658229,40.690235514108295
40.81055667,-73.92733833,39.56803097000002,40.77936849384616,40.715631185000014
40.81062333,-73.927295,39.56803097000002,40.864144154000016,40.73581106657145
40.81065,-73.92727833,39.56803097000002,40.874853950000016,40.73581106657145
40.81074333,-73.92724333,40.39519181000003,41.00086939298704,40.793777045483886
40.81076667,-73.92722667,40.39519181000003,41.05833151076925,40.81846948351615
40.81080833,-73.92719,40.39519181000003,41.10735142012659,40.82631293713828
40.81091667,-73.92708833,40.39519181000003,40.858117189620266,40.83577786405752
40.810985,-73.92701833,41.05657868000003,40.96059289050634,40.82816624854431
40.81104667,-73.92694333,41.05657868000003,40.93626437600002,40.834984306942694
40.811095,-73.92687333,40.622490140000025,40.94361095569622,40.82477181885716
40.81114,-73.926805,40.622490140000025,40.90541893653847,40.839364058520914
40.81117833,-73.92673333,40.622490140000025,41.01398835184212,40.845904356363654
40.81122167,-73.926665,40.51482250999999,40.84075843067569,40.816983146634634
40.81126833,-73.92659,40.84637045000002,40.79553835769232,40.798342886923095
40.81131667,-73.92651667,40.84637045000002,40.75136215333335,40.7816119508228
40.81137,-73.92643667,40.84637045000002,40.73188869038463,40.75506903996817
40.811425,-73.92635333,40.74212084000001,40.68797334594938,40.7332165713376
40.811475,-73.926265,40.74212084000001,40.621854738846174,40.719679128557715
40.811535,-73.92616833,40.87884164000002,40.511316848461554,40.64920437644233
40.81164667,-73.92596833,40.87884164000002,40.55168520670888,40.61877085221156
40.81169833,-73.92586667,40.87884164000002,40.53287666692309,40.59892668379423
40.81175,-73.92576667,40.760919950000016,40.34731704302633,40.54104203116131
40.8118,-73.92566667,40.64128925,40.29309982512502,40.498318356285736
40.811905,-73.92546667,40.09953308000004,40.173547982222246,40.450230557918
40.81196333,-73.92536333,40.09953308000004,40.07619852038464,40.39151551517687
40.81202,-73.925255,39.378330860000005,39.91067637753249,40.36384164263667
40.81211833,-73.92504167,38.80581251000004,39.8351557229114,40.35686506971155
40.81217,-73.92494,38.80581251000004,39.75380912115386,40.33903549423079
40.81222333,-73.92483333,38.80581251000004,39.519477557692326,40.312107631538474
40.81227833,-73.92472167,38.922025190000056,39.425252919367104,40.3343554220767
40.81239667,-73.92449667,38.63662052000001,39.22384073807693,40.31218743293931
40.81245833,-73.92438333,38.63662052000001,39.10821850025975,40.2813783171154
40.81252,-73.924275,38.63662052000001,38.94001476894738,40.3155375639806
40.81257667,-73.92417,39.270663230000025,38.91739571987343,40.34609168142858
40.81263167,-73.92406167,39.13394243000002,38.85422724898735,40.3417716407325
40.81268667,-73.923955,39.13394243000002,38.69193847526317,40.32370099038837
40.81274,-73.92385167,39.13394243000002,38.6019427601266,40.35189689000002
40.81277,-73.92376333,39.13394243000002,38.55190554329116,40.33232310136944
40.81280833,-73.923685,38.66054666,38.535198161111126,40.378348925283035
40.81284667,-73.92362333,38.66054666,38.44532095192309,40.34388353200002
40.81288,-73.923575,37.79066057,38.40656148153847,40.34002540681674
40.81290333,-73.923535,37.79066057,38.38120120727274,40.324504951225826
40.81291833,-73.92350167,37.79066057,38.37212347883118,40.31419792450163
40.81292833,-73.923475,37.79066057,38.33455869920001,40.32064720394232
40.812935,-73.92343167,37.51550996000003,38.35012033076924,40.31591242971062
40.81298333,-73.92333333,37.51550996000003,38.32319708078949,40.34826570316131
40.81301667,-73.92327167,37.51550996000003,38.36767859189875,40.36267163563696
40.81305167,-73.92321,37.51550996000003,38.35237710038464,40.37114048773888
40.81315833,-73.92300667,38.09486435000002,38.43664471696204,40.32632747115387
40.81320667,-73.92293167,38.09486435000002,38.45548682262502,40.33968164124205
40.81322333,-73.9229,38.09486435000002,38.419861085000015,40.30819064277957
40.813305,-73.92277667,38.09486435000002,38.471495541139255,40.334139462285734
40.81339833,-73.922605,38.14613465000002,38.50552805960001,40.29981356582527
40.81342833,-73.92254333,38.14613465000002,38.59510956657897,40.291219636688325
40.813465,-73.92247,38.14613465000002,38.65730392307695,40.30563638887462
40.8135,-73.92239,38.14613465000002,38.69731228538463,40.316593574778494
40.81371667,-73.921955,38.90322608000002,38.98260740346156,40.283322410191104
40.813765,-73.92186333,38.90322608000002,39.05571736468357,40.29134910714287
40.81381167,-73.921775,38.90322608000002,39.08799635346156,40.27695241942309
40.81385667,-73.92168667,38.90322608000002,39.291540865675685,40.27655664980584
40.81390167,-73.92159833,38.90322608000002,39.439810830129886,40.30358118070741
40.813945,-73.92151167,39.66544454000001,39.48675564632912,40.32623109319622
40.813985,-73.921425,39.66544454000001,39.586310887088615,40.318177505859886
40.814025,-73.92133333,39.66544454000001,39.69348983230771,40.34708290549523
40.81406833,-73.92124333,40.39519181,39.76167494923079,40.35338425990356
40.81411,-73.92115167,40.39519181,39.83615084265825,40.375969516571445
40.81415833,-73.92106,40.39519181,39.92641913115386,40.38974263434507
40.81421333,-73.92097,41.38129058000001,39.99050256860761,40.424402818503204
40.814265,-73.92088,41.38129058000001,40.015901141923095,40.42843782446947
40.81436,-73.92070833,41.38129058000001,40.25614850923079,40.471215190322596
40.814405,-73.92062833,41.38129058000001,40.26258128721521,40.500423422571444
40.81444333,-73.92055167,41.38129058000001,40.28790870725002,40.5175786277143
40.81447667,-73.920485,41.1625373,40.402136015189896,40.541889091942686
40.81451,-73.92042,41.46503207000001,40.44204897025319,40.54818369562302
40.81454,-73.92035,41.46503207000001,40.49131266730773,40.549442326720275
40.81458,-73.92026167,41.46503207000001,40.53427061113927,40.57231230841773
40.814625,-73.92016167,42.05976755000003,40.62428568215193,40.58249493792334
40.814675,-73.92006,42.05976755000003,40.68773926538464,40.59732306280256
40.81472667,-73.91996,42.05976755000003,40.70290238974029,40.600929049322595
40.81477667,-73.91986667,42.22041449000002,40.86262913972975,40.607760883942326
40.81486667,-73.91969167,42.22041449000002,40.89139629038464,40.648087312000015
40.81490667,-73.919615,42.22041449000002,40.92088328600001,40.661595989840784
40.81494167,-73.91955167,42.22041449000002,41.02949411645572,40.695445878000015
40.81497,-73.91949833,42.22041449000002,41.02949411645572,40.687033933003214
40.81499,-73.91945833,42.22041449000002,41.075750266538485,40.69446089231513
40.81502333,-73.91939333,41.36249147000001,41.07888234215192,40.71796214484179
40.815035,-73.919365,41.36249147000001,41.07888234215192,40.72816212224686
40.81507,-73.91930667,41.36249147000001,41.13892764333335,40.75275888642407
40.81509,-73.91927167,41.36249147000001,41.14875840687502,40.763494350414035
40.81512667,-73.91919667,41.36249147000001,41.209940964875024,40.76985020542859
40.81514,-73.91915667,41.36249147000001,41.216857858354444,40.76985020542859
40.81515167,-73.91911333,41.089049870000025,41.22592404269232,40.76860774739552
40.81520167,-73.91900833,41.089049870000025,41.29339203864867,40.77078810451615
40.81525333,-73.91888667,41.089049870000025,41.37640456423078,40.81559727958201
40.81528333,-73.918825,40.92327590000002,41.407163693417736,40.814767415239636
40.815315,-73.91875667,40.92327590000002,41.40076031417724,40.82714949575951
40.81535,-73.91869333,40.92327590000002,41.43515684455698,40.833826859142874
40.81538167,-73.91863167,40.92327590000002,41.47780582423079,40.864470667731645
40.81542833,-73.91856833,40.92327590000002,41.51603944538464,40.881912345064535
40.81547167,-73.9185,40.92327590000002,41.50161353721521,40.89290435085716
40.81550333,-73.91843667,40.92327590000002,41.5211049044304,40.92122399945862
40.81554167,-73.91837333,41.28558602000001,41.50989358250001,40.968724715142876
40.81557833,-73.91832333,41.47015909999999,41.5508769569231,40.96644060971431
40.815775,-73.91801167,41.75214575000004,41.628231708481024,41.01317309162422
40.81580833,-73.91796,42.55879847000003,41.618062311111125,41.012490548607616
40.81584167,-73.91790167,42.55879847000003,41.64664724807694,41.01897498240387
40.81591333,-73.917775,42.88351037000004,41.618479805375024,41.052856836000025
40.81594167,-73.91772,42.88351037000004,41.633748133164566,41.06438115696487
40.815965,-73.91768,42.88351037000004,41.66045847324676,41.05853418182694
40.815985,-73.917645,42.88351037000004,41.67286544194806,41.0668991093204
40.81600833,-73.91760667,42.88351037000004,41.6636935273077,41.07493958230771
40.81605833,-73.91752167,42.88351037000004,41.66443848038463,41.11975744904156
40.816085,-73.917475,43.63889279,41.65049210455698,41.123213637211556
40.816125,-73.91740333,43.63889279,41.64655960653848,41.15819861977421
40.81614,-73.91737833,43.63889279,41.64896149688313,41.14338762384617
40.81615667,-73.91735333,43.63889279,41.62471495307694,41.140369626881046
40.81617333,-73.91732167,43.63889279,41.62471495307694,41.13557109413463
40.81622667,-73.91722833,43.814920820000026,41.65393316233769,41.15222240145633
40.81626167,-73.91716833,43.814920820000026,41.67162508653849,41.149447712154355
40.81629667,-73.9171,43.814920820000026,41.662871340125015,41.15889683742859
40.81633667,-73.91703167,43.814920820000026,41.68358815653848,41.16241171779554
40.81637667,-73.91696333,43.86448211000001,41.68272533113928,41.163489773726134
40.81640667,-73.916895,43.86448211000001,41.69414622312502,41.17318323490448
40.81649833,-73.916765,43.86448211000001,41.70291738402599,41.19164040860392
40.81654333,-73.91670667,43.322725940000026,41.78484180973686,41.17819864565918
40.816585,-73.91665,43.322725940000026,41.78801276506495,41.18033628196143
40.816625,-73.9166,43.02194018000003,41.76846898653848,41.18164763546328
40.81672,-73.91649167,43.02194018000003,41.78416832487502,41.18912190000001
40.81674167,-73.91646333,43.02194018000003,41.793921550000015,41.188031835253184
40.81676167,-73.91644,43.02194018000003,41.807304047750016,41.173144012857165
40.81678333,-73.91641667,43.02194018000003,41.84542740974686,41.17860199400002
40.81680667,-73.91639167,43.02194018000003,41.83205819227851,41.17724235756331
40.81682833,-73.916365,43.02194018000003,41.83205819227851,41.188079330865406
40.81685,-73.91634333,43.02194018000003,41.846338493461566,41.188079330865406
40.816875,-73.91631667,43.02194018000003,41.83062528815791,41.19066129951458
40.81690833,-73.91628333,42.669884120000034,41.84314498376626,41.17531628445163
40.81694833,-73.916235,42.669884120000034,41.89901244481016,41.168955704115774
40.81699333,-73.91617667,41.91450170000002,41.93016762500002,41.167625863537
40.81704167,-73.916115,41.91450170000002,41.97341872423079,41.17372802894233
40.817085,-73.91605833,41.91450170000002,41.954804049746855,41.15907601392407
40.81712167,-73.916005,41.91450170000002,41.95201338784812,41.15733951480893
40.81723,-73.91588,41.50092128000006,41.95143767862502,41.14053927384617
40.81726667,-73.91585167,41.50092128000006,41.93483453692309,41.14552438109679
40.81732667,-73.91579833,41.50092128000006,41.99600833076925,41.12615668137383
40.81742833,-73.91573,41.58637178000001,42.02836996884618,41.11002906326925
40.81748667,-73.91569,41.58637178000001,42.06034461831171,41.09730916913185
40.81753167,-73.915645,41.57611772000004,42.06368312987344,41.0843663172785
40.81756833,-73.9156,41.57611772000004,42.0451652493671,41.08028848962027
40.81765667,-73.915465,41.57611772000004,42.0188594751899,41.05980559664539
40.817695,-73.91539833,41.66498624000002,42.03546893346156,41.05972282019233
40.81778,-73.91529,41.66498624000002,42.05266858538463,41.024742265142876
40.81782,-73.91523833,41.66498624000002,42.05925484700002,41.00786375685716
40.81785667,-73.915195,41.66498624000002,42.07683601696204,40.99215549291141
40.81788833,-73.91515167,41.66498624000002,42.10969660164558,40.98957238376998
40.81792167,-73.91511,41.66498624000002,42.111442615526336,41.015923107694825
40.817965,-73.915055,42.80660492000001,42.07926779230771,41.004484098649534
40.81801667,-73.91500167,42.80660492000001,42.0378133446154,40.972475668653864
40.818065,-73.91495333,42.80660492000001,42.07472138750003,40.970440137013
40.818125,-73.91486667,42.80660492000001,42.06193085379749,40.926704736519
40.81832,-73.91464667,43.049284340000014,42.04769492807694,40.89780455287542
40.81836333,-73.91459667,43.049284340000014,42.04951349000002,40.89482005388351
40.81844833,-73.91447167,43.69699913,42.01923959857145,40.85462425392285
40.81848333,-73.91443167,43.69699913,42.014290128051975,40.861086619710626
40.81852333,-73.91439167,43.18087811000004,41.97985510772154,40.846440980571444
40.81856167,-73.91435,43.18087811000004,41.96354379708863,40.855463468285734
40.81859667,-73.91431167,43.18087811000004,41.96412872115387,40.83644734114288
40.81862667,-73.91427833,43.18087811000004,41.95992192730772,40.83619751389243
40.81865833,-73.91425167,43.18087811000004,41.95992192730772,40.83852528028574
40.818695,-73.914215,43.18087811000004,41.91595111354432,40.83185200314288
40.818745,-73.91416667,43.18087811000004,41.92247708000002,40.83254499730771
40.81880333,-73.914115,42.794641850000005,41.89350529142859,40.81931204086818
40.81892667,-73.91399667,42.43745876,41.767373467307706,40.80976367490386
40.81899167,-73.913935,42.43745876,41.72925799582279,40.8226892318153
40.819055,-73.91387667,42.194779340000025,41.700481063076936,40.81532343500002
40.81912,-73.91382,42.194779340000025,41.67949091461539,40.815271893428594
40.81918333,-73.91376667,42.194779340000025,41.59784350962502,40.81204918885716
40.81930667,-73.91366167,42.38277044,41.50256282907896,40.82183983700966
40.819375,-73.91359833,42.38277044,41.38893615105265,40.83281965458067
40.81952833,-73.91346167,42.37080737000002,41.21486761886078,40.816492805527176
40.81968667,-73.91333167,42.25288568000002,41.069396255000015,40.8218527296154
40.81976667,-73.91327,42.25288568000002,40.9514526546154,40.81527961423079
40.81984667,-73.91320833,41.63593307000002,40.85088398923079,40.828277949903864
40.81992833,-73.91314833,41.63593307000002,40.822663413846165,40.853388416870985
40.82001,-73.91308667,41.63593307000002,40.72294925346156,40.84977208971248
40.82009,-73.91303333,41.63593307000002,40.6287345996154,40.84406082945689
40.82017167,-73.91298167,41.09417690000001,40.52489667421054,40.830658583870985
40.82025333,-73.912935,41.010435410000014,40.50195085240508,40.834515545189895
40.82041667,-73.91283333,40.48576934000005,40.39741352300002,40.85411796200002
40.8205,-73.91277833,40.48576934000005,40.33804952692309,40.85834440541404
40.820585,-73.91272667,40.48576934000005,40.31528404513515,40.878396528070766
40.82074833,-73.912615,39.728677910000016,40.250539450769246,40.90319231114651
40.82083,-73.91255833,39.728677910000016,40.2651556187342,40.90644788460066
40.82091333,-73.91249833,39.663735530000025,40.222516068846176,40.92060353085989
40.820995,-73.91244333,39.663735530000025,40.2672107573418,40.922548892571456
40.821075,-73.91239,39.663735530000025,40.24374204223687,40.9171289769355
40.82115167,-73.91234167,39.663735530000025,40.29671822113925,40.93433516663463
40.82122833,-73.91229333,39.711587810000026,40.29024106769233,40.94653377326925
40.82131,-73.91224167,39.711587810000026,40.32685332038464,40.96162696363346
40.82139,-73.91218833,39.711587810000026,40.33877256961541,40.94721296019171
40.82146833,-73.91213167,39.87394376000003,40.34828167653848,40.94960670471156
40.82154667,-73.91207833,39.87394376000003,40.41009087153847,40.951655325673094
40.82161833,-73.91203,39.87394376000003,40.43640524346156,40.96902311371431
40.821675,-73.91199167,39.87394376000003,40.45128627746838,40.95202524600002
40.82172,-73.91196,40.03971773000004,40.48883679384616,40.975384376879006
40.82175667,-73.91193333,40.03971773000004,40.50102225425002,40.965026905445875
40.82177833,-73.911925,40.03971773000004,40.512417236666685,40.97541152151901
40.82189333,-73.911795,40.268725070000016,40.5302260869737,40.949221779090934
40.82189667,-73.91178833,40.268725070000016,40.55412974000001,40.94533816825245
40.82201667,-73.91158833,40.75237490000001,40.709584750886094,40.92583397229301
40.822045,-73.91151333,40.75237490000001,40.71744974692309,40.932523059203845
40.82207,-73.91143667,40.75237490000001,40.7431592258228,40.90740340137382
40.82209,-73.91136833,40.75237490000001,40.80269081779223,40.8914607493226
40.82210167,-73.91131,40.75237490000001,40.81637513346156,40.88219371749198
40.82212,-73.911225,40.75237490000001,40.81822586759496,40.861577373375816
40.82212667,-73.91118833,40.75237490000001,40.81362497444447,40.859220474556984
40.82213833,-73.91115167,40.75237490000001,40.83385962038464,40.84192375837582
40.82214833,-73.91111167,40.75237490000001,40.83385962038464,40.82539822185306
40.82216,-73.91106167,41.136902150000026,40.85329302215192,40.813155976285735
40.82217167,-73.91100167,41.136902150000026,40.86043192468357,40.78625223746838
40.82219,-73.91092667,41.136902150000026,40.872240588875016,40.78305517856232
40.82411167,-73.90863167,40.20549170000001,40.663439795194826,40.47065287090325
40.82419333,-73.90859667,40.195237640000016,40.55896443934213,40.46486006974279
40.82427667,-73.90856333,40.195237640000016,40.58136434807695,40.500014765290345
40.82436167,-73.90852833,40.195237640000016,40.66004453923079,40.49877196703824
40.82444333,-73.90849,40.23454487000004,40.59979098153848,40.485320177115405
40.82452167,-73.90844833,40.23454487000004,40.57898610063294,40.510754738594265
40.82459333,-73.90840167,40.23454487000004,40.56245845962028,40.50240514620255
40.82466,-73.90835,39.23477402,40.55714825116885,40.50699414161292
40.82477,-73.90822833,39.25015511000001,40.49972995415586,40.52229253758066
40.82483,-73.90815667,39.25015511000001,40.43815807423079,40.48519419240387
40.82497,-73.90801167,39.18863075000005,40.30279710481015,40.435746888571444
40.82511167,-73.90785833,39.18863075000005,40.28144276779223,40.41149059990356
40.82518167,-73.90778167,38.92373420000001,40.16716104714288,40.387855705980726
40.82524833,-73.90771167,39.06729103999999,40.09931397615387,40.3587475838907
40.82531,-73.90765167,39.06729103999999,40.10286456784813,40.33461389541141
40.82542833,-73.90754,38.78188637,39.99595409417724,40.28289947881791
40.82549,-73.90746833,38.945951330000014,39.976354561772176,40.26880645142859
40.82555167,-73.907385,38.945951330000014,39.95042750623379,40.24407992902915
40.82561667,-73.90729,38.86220984000002,39.78320672240002,40.15020989742767
40.82568667,-73.90718333,38.86220984000002,39.70827795518988,40.08842451500002
40.82577,-73.90708167,38.98354955000002,39.679938675443054,40.069756029968175
40.82584,-73.906975,38.98354955000002,39.67428866675002,39.98504026085716
40.82591333,-73.90686167,38.98354955000002,39.53167566636365,39.938516773322604
40.82598667,-73.90675167,38.72378003,39.46007850500002,39.85663242893206
40.82613333,-73.90653167,38.60244032000003,39.45357112076925,39.80841000828573
40.82620333,-73.90641833,38.10853643000004,39.42215162923079,39.731915169326946
40.82627333,-73.906305,38.10853643000004,39.40439867075951,39.71406479284813
40.82634333,-73.906195,37.65906680000003,39.37510510362502,39.67444532600002
40.82647333,-73.90600167,37.65906680000003,39.42759981934213,39.62625859458066
40.82652667,-73.90592667,37.65906680000003,39.39115953246756,39.60119233711541
40.82657333,-73.905865,37.845348890000025,39.33523313346156,39.60415097877815
40.82661667,-73.90580333,37.845348890000025,39.301509805555575,39.58508862044306
40.82669,-73.90565333,37.87782008000005,39.30291531615386,39.5442253371154
40.826725,-73.90557833,37.87782008000005,39.219522728227865,39.51008146952534
40.82676667,-73.90550333,37.87782008000005,39.17689254973686,39.45317772977274
40.82681667,-73.90543,38.11195445000001,39.16615069538463,39.460099569967866
40.82686833,-73.90536167,38.56996913000003,39.15856970230771,39.461710828653864
40.82692167,-73.905295,38.56996913000003,39.152522436153866,39.482023663516145
40.82698,-73.90522333,38.56996913000003,39.15691671632913,39.46435467006392
40.82703667,-73.90515333,38.54433398000003,39.11440779670888,39.46514856800002
40.827085,-73.90509667,38.54433398000003,39.10679546346156,39.429151997115405
40.82717,-73.90497833,39.21597491,39.0838835801266,39.41160501342859
40.82722333,-73.904905,39.21597491,39.07195389444446,39.40969335680382
40.82729167,-73.90482333,39.21597491,39.08034962923078,39.403895702626606
40.82737,-73.90473,40.05338981000003,39.100256943421066,39.4174727019355
40.82745,-73.90463,40.05338981000003,39.05492846116885,39.397536615466265
40.82753,-73.90453833,39.63980938999998,39.04257612615386,39.39396857450481
40.82760833,-73.90444833,39.63980938999998,39.05779413632913,39.40398785038341
40.82767333,-73.904375,40.125168230000014,39.08096312000002,39.40886371597446
40.82771333,-73.90432167,39.853435640000015,39.09880091187502,39.40008140314288
40.82774167,-73.90428333,39.853435640000015,39.13582672307694,39.40120111484079
40.82777167,-73.90424833,39.853435640000015,39.13582672307694,39.40096013067526
40.82785333,-73.90415167,39.853435640000015,39.19947726680002,39.402815714807716
40.82791333,-73.90407833,39.23306501000002,39.16938774129872,39.40893966730771
40.82798,-73.90400167,39.23306501000002,39.17793361333336,39.416767360221534
40.828035,-73.90394167,39.23306501000002,39.20336284886079,39.41676459600002
40.82806667,-73.903905,39.23306501000002,39.23271888139242,39.4228304324841
40.828085,-73.90388167,39.23306501000002,39.23271888139242,39.4228304324841
40.82809167,-73.90387167,39.23306501000002,39.23271888139242,39.42454466057145
40.82817,-73.903815,38.67934577,39.24388874000002,39.42225350554142
40.82821333,-73.903765,38.67934577,39.26629082779223,39.42834275713829
40.82826167,-73.90371,38.67934577,39.22948532689191,39.42964540621361
40.828425,-73.90351833,38.56484210000002,39.262497960000026,39.45630376735018
40.82848667,-73.90344833,38.28969149000002,39.25746707683548,39.461834386582304
40.82855333,-73.90337,38.28969149000002,39.231507431265854,39.46013547200002
40.828685,-73.90321833,38.49135466999999,39.18622889810813,39.4598193143087
40.82875167,-73.90313833,38.62636646000004,39.22498007807695,39.49251477974195
40.82881833,-73.90305833,38.62636646000004,39.216893502875024,39.495883620857164
40.82888833,-73.90298,39.06900005000003,39.18975566797471,39.502542355791164
40.82895833,-73.9029,39.06900005000003,39.18285472886079,39.51234437114288
40.82902833,-73.902815,39.79532930000002,39.20177015155847,39.51042079419358
40.8291,-73.90273333,39.79532930000002,39.22321045883118,39.51651888080388
40.82917,-73.90265,39.79532930000002,39.20936373973686,39.55690035325809
40.82923833,-73.902565,39.99528347,39.248316301772185,39.56626787740508
40.82930833,-73.90248167,39.99528347,39.2682368577778,39.57905300284812
40.82945,-73.90232667,40.07218892000003,39.30357831870132,39.58337334456313
40.82951833,-73.90225,39.974775350000016,39.31412400329116,39.5831399246497
40.82958667,-73.90217167,39.77311217000005,39.32719202230772,39.603027331826944
40.82965667,-73.90209167,39.77311217000005,39.37082419582281,39.61283105642174
40.829795,-73.90193667,39.47916245000005,39.42813011341775,39.618014034903865
40.82986333,-73.90186333,39.32706056000004,39.43692854037502,39.61500963466455
40.830015,-73.90169333,39.32706056000004,39.45145052835446,39.60672512657145
40.83006833,-73.90163333,39.62613731000002,39.457170189736864,39.59868289129034
40.83012833,-73.90156833,39.62613731000002,39.45549923461541,39.58243704788464
40.83019333,-73.90150333,39.62613731000002,39.50332960423079,39.58803515115387
40.83026333,-73.90143167,39.62613731000002,39.538112197532485,39.5726508099355
40.83033,-73.90135,39.60733820000005,39.53530018354432,39.584856065284825
40.8304,-73.90127167,39.60733820000005,39.47444644772154,39.574295525764356
40.83047167,-73.90119,39.60733820000005,39.47859999101268,39.56274559722047
40.83054333,-73.90110833,39.28091729000005,39.4746790731169,39.54184080389069
40.83061,-73.90103,39.270663230000025,39.47642365192309,39.53705929845164
40.83072,-73.90089667,39.270663230000025,39.49934607443039,39.497988601297486
40.830755,-73.90085,38.99209460000003,39.472218244810136,39.500839030511194
40.83077667,-73.90081833,38.99209460000003,39.46272134113926,39.492464425923586
40.83078833,-73.90079667,38.99209460000003,39.46272134113926,39.492464425923586
40.830815,-73.90073667,38.99209460000003,39.46358666265824,39.47833797552718
40.830845,-73.90069167,38.99209460000003,39.4512341979747,39.49468460114287
40.83088167,-73.900635,39.482580470000016,39.427762351772174,39.500035231369445
40.830925,-73.90056667,39.482580470000016,39.40824992840001,39.47335401408362
40.83096833,-73.90049333,39.482580470000016,39.35241857324326,39.44956699798079
40.83104833,-73.90034167,39.482580470000016,39.34882339620255,39.37843902518989
40.83653833,-73.89769167,34.112871050000024,34.34901350675002,36.88316544348103
40.83662,-73.89768833,34.112871050000024,34.29724943265825,36.85528238659238
40.83671,-73.89767667,34.112871050000024,34.22653103151901,36.84764082595543
40.83688833,-73.89763833,34.02912956000003,34.06181708037977,36.80521079113926
40.836975,-73.89761667,34.02912956000003,34.03587795846156,36.76831768376998
40.837055,-73.89759,33.933425,34.054678177848125,36.80234117554142
40.83713667,-73.89756333,33.933425,34.072858853375024,36.729708250541414
40.837215,-73.89753333,33.933425,34.066990704615414,36.739280894057536
40.837365,-73.89746667,33.815503310000025,34.051521973076945,36.66922135423079
40.83743667,-73.89742833,33.815503310000025,34.07170143730771,36.65902754778848
40.83750167,-73.89738833,33.815503310000025,34.09788434692309,36.63522143935693
40.837555,-73.897355,33.63093023000005,34.08782748038463,36.584603448846174
40.837595,-73.89733,33.55573379000003,34.08782748038463,36.55464647548079
40.83762667,-73.89731167,33.55573379000003,34.11144687500001,36.53141599019232
40.83767167,-73.89728667,33.55573379000003,34.18583263076925,36.48946102054664
40.83769,-73.89727,33.55573379000003,34.18868894818184,36.46002318591641
40.837715,-73.89725,33.55573379000003,34.18860717736845,36.46096258303228
40.83775,-73.89723,33.55573379000003,34.20152046615387,36.45156359346156
40.83778833,-73.89720333,33.55573379000003,34.21926233075951,36.45821329085717
40.837845,-73.89715333,33.44123012,34.247177873375016,36.43342360923569
40.83791167,-73.897095,33.482246360000005,34.31301991734179,36.38905466171976
40.83805167,-73.896975,33.482246360000005,34.378512553076945,36.30351413829584
40.83812667,-73.89692167,33.668528450000025,34.38929772080002,36.25101784307694
40.83820333,-73.896865,33.668528450000025,34.544045508846175,36.21316765365387
40.83828167,-73.89680333,33.789868160000026,34.60569328810129,36.13863927171431
40.83844,-73.89667833,34.200030560000016,34.73224656025318,36.13780297818474
40.83851833,-73.89661,34.200030560000016,34.85499768730771,36.09236181738856
40.83859833,-73.89654,34.200030560000016,34.91129353763159,36.075877183653866
40.83867833,-73.89647333,34.666590290000045,35.04574636571431,36.04441620374195
40.83884667,-73.89634167,34.666590290000045,35.11060839443039,35.9844335634505
40.83892667,-73.89628333,36.018417200000044,35.17446912253166,35.964979241948896
40.839005,-73.89622833,36.018417200000044,35.26130413696204,35.9661889835669
40.83908167,-73.89617333,36.018417200000044,35.31055413597405,35.94679314219356
40.839155,-73.89612167,36.018417200000044,35.32185501025318,35.96053472392973
40.83922667,-73.89608167,36.39610841000004,35.386149231153865,35.99627127875002
40.839295,-73.89603833,36.39610841000004,35.37171028769232,35.99514289394232
40.839365,-73.89599333,37.766734430000014,35.35085160153848,35.97886895576925
40.839435,-73.89595167,37.766734430000014,35.37007505189875,35.99462252230771
40.83950667,-73.89591167,38.04530306000001,35.44061645545456,36.02445093948555
40.83964667,-73.89582667,38.04530306000001,35.42695020162502,36.07065630184716
40.83971333,-73.895785,37.85560295000005,35.47648796569622,36.09417423882167
40.83978167,-73.89573833,38.81093954000002,35.49439200875002,36.155657192911406
40.83985167,-73.89569,38.81093954000002,35.566524669746855,36.146934752000014
40.83999667,-73.89559,38.92031618000004,35.692088668918935,36.18845821740386
40.84007,-73.89553833,38.92031618000004,35.620436973846175,36.19649494295822
40.84014333,-73.89549,38.92031618000004,35.6233979265823,36.2299383837143
40.84021833,-73.89544833,38.92031618000004,35.631164187215205,36.267393832006384
40.84029333,-73.89541667,38.04872108000001,35.67689642949368,36.326109755191105
40.84037167,-73.89538333,38.04872108000001,35.71055743658229,36.34555338255593
40.84045,-73.89534167,38.04872108000001,35.73872365202534,36.32961536277956
40.84053,-73.89529167,37.10534756000001,35.76403430645571,36.35628033885716
40.84061,-73.89524167,37.10534756000001,35.798424887750016,36.39598402003166
40.840775,-73.895145,37.47107570000003,35.848714726493526,36.36276052006495
40.84085333,-73.89510167,36.50548505000003,35.944519607600014,36.467853858746004
40.84093333,-73.89506667,36.50548505000003,35.99163549898736,36.53653754259617
40.84101667,-73.89502333,36.50548505000003,36.05000143544306,36.58687732942859
40.84118,-73.89492,35.54673044000003,36.15780832812502,36.69241482213378
40.84125167,-73.89487,35.54673044000003,36.17845841493673,36.71301546815288
40.84131167,-73.89482833,35.54673044000003,36.15992772539476,36.75285456864079
40.84135833,-73.89479167,35.24594468000004,36.17941470615386,36.74690606713828
40.84139667,-73.89475833,35.24594468000004,36.22029671037976,36.772046648328
40.84142833,-73.89473,35.24594468000004,36.282240141153856,36.78762007064311
40.84145333,-73.89470667,35.24594468000004,36.29252464805196,36.76512777248389
40.84147167,-73.89469,35.24594468000004,36.30962350921054,36.73923100863639
40.841565,-73.89460167,35.45102588000003,36.34834266215191,36.871900038955715
40.841585,-73.89458333,35.45102588000003,36.373805829500014,36.879628029714304
40.841605,-73.894565,35.75181164,36.3894454343038,36.896381753142876
40.84162667,-73.89454833,35.75181164,36.41798373800002,36.907010459588626
40.84164667,-73.89453167,35.75181164,36.4717375107595,36.93965497142859
40.84168333,-73.89448833,35.75181164,36.4566160172152,36.97955685243673
40.84169833,-73.894475,35.75181164,36.4566160172152,36.96904319598103
40.84178667,-73.89437833,35.75181164,36.48928274740262,37.035201217073975
40.84186167,-73.89430667,36.25596959000004,36.55200563389611,37.062189579903865
40.84189667,-73.89427,36.25596959000004,36.58114160807694,37.08605388118973
40.841935,-73.89423333,36.25596959000004,36.62356414881581,37.06511966977421
40.841975,-73.89419667,36.25596959000004,36.700119926375024,37.10713821060511
40.84201167,-73.89416,36.25596959000004,36.66347112632913,37.17817518234179
40.84204833,-73.894125,36.748164470000006,36.707624156835465,37.20110654707008
40.84207667,-73.89409167,36.748164470000006,36.757996552222245,37.230267537784826
40.84209667,-73.89403167,36.748164470000006,36.78155425287501,37.29705507857144
40.842095,-73.89400167,36.748164470000006,36.78155425287501,37.28797759359874
40.842085,-73.89397333,36.748164470000006,36.806762150375015,37.295406888662434
40.84206667,-73.89394,36.748164470000006,36.787724886666695,37.25325264063293
40.842045,-73.893905,36.748164470000006,36.8214139365823,37.23455742433123
40.84201667,-73.89385667,37.51038292999999,36.864831443797485,37.220186542088626
40.84194667,-73.893745,37.51038292999999,36.93096364088609,37.142343244423095
40.841905,-73.89368333,37.51038292999999,36.96209746538463,37.1635135797143
40.84185833,-73.89361667,36.77892665000002,36.906461521250016,37.131986414285734
40.84181,-73.89354333,37.63001363000001,36.93323510987344,37.14155244700639
40.84176,-73.893465,37.63001363000001,36.92889227750002,37.102491859419374
40.84161,-73.89324333,37.63001363000001,36.94472225303799,37.030205374285735
40.841565,-73.893165,36.89855735000003,36.9244554246154,37.06276427249203
40.84152333,-73.89309167,36.89855735000003,36.92003895670887,37.068706601930394
40.84148667,-73.89302333,37.423223420000056,36.849530125625016,37.06962163121021
40.84145167,-73.89296333,37.423223420000056,36.887667888846174,37.09830469713377
40.84141833,-73.89290833,37.423223420000056,36.91431575389611,37.09102495361292
40.84136167,-73.892815,37.423223420000056,37.15954759142859,37.109320596109335
40.84133833,-73.89278167,37.96839761000004,37.08581601714288,37.105479870451624
40.841325,-73.89275833,37.96839761000004,37.08581601714288,37.1005678449355
40.841245,-73.89256833,37.49841986000001,36.99185176769232,37.10607921284347
40.84122333,-73.89254,37.49841986000001,36.90699284807695,37.117387316346175
40.841175,-73.89247,38.091446330000025,36.879539136153866,37.13959370250805
40.84115667,-73.89244,38.091446330000025,36.900648638552646,37.142929187669914
40.84114167,-73.892415,38.091446330000025,36.99734700597405,37.14875971112542
40.84112333,-73.89238667,38.091446330000025,37.01721456329116,37.16749437092654
40.84110333,-73.89235667,38.091446330000025,37.01721456329116,37.17795344370255
40.84108167,-73.89232,38.091446330000025,37.04412606253165,37.18200344028573
40.84105667,-73.89222833,38.091446330000025,37.09035586468355,37.23713182474524
40.84106667,-73.89217667,38.091446330000025,37.11577468430381,37.26701772891721
40.841095,-73.89213167,38.091446330000025,37.16522864115387,37.313731750480784
40.84113,-73.89209333,38.091446330000025,37.22987030112502,37.35459801528483
40.84116667,-73.892055,38.091446330000025,37.33297454576924,37.372024101246026
40.841205,-73.89201167,38.091446330000025,37.34549675740261,37.39403836498394
40.84124,-73.89196667,38.75796023000001,37.4631077183117,37.43841093281555
40.84127167,-73.891925,38.75796023000001,37.77213130368422,37.50926740257237
40.84130167,-73.89188667,38.75796023000001,37.94076491584417,37.54762718029128
40.84132833,-73.891855,38.90835311000001,38.0398653009091,37.59757000467743
40.841355,-73.89183333,38.90835311000001,38.05522846423077,37.622082070769245
40.84138,-73.89181,38.90835311000001,38.08406946405064,37.63474207300321
40.84141667,-73.89179167,38.90835311000001,38.09223674712501,37.66256053563293
40.84144667,-73.89176833,38.90835311000001,38.15406018387502,37.6669097407962
40.84149167,-73.891715,39.94572218000002,38.29691692468356,37.72860282471339
40.84152167,-73.89168667,39.94572218000002,38.360155286923096,37.765096401246026
40.84155667,-73.891655,39.94572218000002,38.40799770725001,37.79435528685716
40.84159833,-73.89162667,39.771403160000006,38.46999204500001,37.81588881285716
40.84168667,-73.89159667,39.771403160000006,38.53487893766235,37.85358620829583
40.84173,-73.89162,39.771403160000006,38.60110378653848,37.84012230601944
40.84177167,-73.89167333,39.771403160000006,38.76146819789476,37.85122810563109
40.84181333,-73.89174833,38.93057024000001,38.726300819750016,37.86008229786626
40.841855,-73.89183167,38.93057024000001,38.65585229075951,37.85998669628573
40.84189667,-73.89192,38.65371062000003,38.56953092230771,37.835602618913754
40.84195667,-73.891995,38.376851000000045,38.49397367233768,37.81108048303228
40.84201,-73.892075,38.376851000000045,38.49369103810129,37.79717752268989
40.84206667,-73.89215167,38.376851000000045,38.36651254444446,37.78560384737343
40.84217833,-73.89231667,38.38539605,38.3672761619231,37.78921533003217
40.84221833,-73.89239,38.38539605,38.44888007480001,37.78539112250001
40.84225833,-73.89245667,38.38539605,38.30078866160001,37.77197136418008
40.84230167,-73.89252167,38.38539605,38.21445178392407,37.771665522547785
40.842395,-73.89268167,38.67250973,38.12428528164559,37.76412737334397
40.84244667,-73.89276333,38.769923300000016,38.04226956725002,37.733849594267525
40.84249833,-73.89284167,38.79726746000003,37.989979338846176,37.726293337596175
40.84254667,-73.89291667,38.79726746000003,37.856676558846175,37.73375218556272
40.842645,-73.89306333,38.79726746000003,37.8336521592208,37.80000279399363
40.84270167,-73.89315333,38.54433398000003,37.81179604810128,37.84322906028847
40.84275333,-73.89321667,38.54433398000003,37.78713299807694,37.86195850156551
40.842795,-73.89327167,38.54433398000003,37.71447816269232,37.88718960447286
40.84281,-73.89329333,38.54433398000003,37.71447816269232,37.88112854807694
40.842845,-73.89331833,38.54433398000003,37.69855158948054,37.86092844567744
40.84287333,-73.89332,38.54433398000003,37.69147225884618,37.86092844567744
40.84291167,-73.89330833,38.54433398000003,37.73895760924053,37.91103074548079
40.84294667,-73.89328,38.51528081000004,37.7433341392308,37.92174492355771
40.84298667,-73.893245,38.51528081000004,37.80325904115387,37.95575964433123
40.84303,-73.893205,38.51528081000004,37.892508912784834,38.02726592898091
40.84307333,-73.89316167,38.51528081000004,37.92843306846156,38.082643832980786
40.843115,-73.89312333,38.51528081000004,38.02492640230771,38.13599636164518
40.84314833,-73.89309,38.51528081000004,38.09860686556964,38.169509320319506
40.84317333,-73.89306833,38.51528081000004,38.09860686556964,38.18398949450481
40.843195,-73.89305,38.67250973000003,38.09860686556964,38.19509914285716
40.843215,-73.89303333,38.518698830000034,38.18870652730771,38.19299635732486
40.84323833,-73.89300833,38.518698830000034,38.222326209746846,38.201574063566895
40.84327,-73.89297333,38.518698830000034,38.27281501625002,38.23097207657145
40.843315,-73.89292333,38.518698830000034,38.308620398227866,38.2221719447604
40.84344667,-73.89278667,38.76650528000002,38.53169168807694,38.31304431993612
40.84352,-73.89270833,38.73745211000002,38.67397772576925,38.4118637946154
40.84358667,-73.89263,38.73745211000002,38.838564929493685,38.484222839807714
40.843635,-73.89256333,38.73745211000002,38.86437896807694,38.50361804527159
40.84366667,-73.892515,38.73745211000002,39.00521892038464,38.53331059073957
40.84373833,-73.892415,38.73745211000002,39.134009014805216,38.56560593405147
40.843775,-73.89243,38.75796023000001,39.16115512769233,38.56007341080647
40.84380333,-73.89246667,38.75796023000001,39.10884134562502,38.58288225667733
40.843835,-73.89251833,38.75796023000001,39.10045448721521,38.58562149142859
40.84391,-73.89263667,38.75796023000001,38.98730937200001,38.57923033657144
40.84395167,-73.8927,38.75796023000001,38.92044597822787,38.60221716901276
40.84404667,-73.89286667,38.93227925000002,38.83087799000002,38.63778724798078
40.8441,-73.89295833,38.93227925000002,38.70225515721521,38.644354885769246
40.84415,-73.89304833,38.93227925000002,38.62025674925002,38.64839912542859
40.84419667,-73.89312167,38.52040784000002,38.619398957692326,38.66783988738855
40.84428333,-73.89325667,38.51357180000002,38.44999230139242,38.665011787714306
40.84437333,-73.89338167,38.14613465000002,38.37306050346155,38.68539303615386
40.84441833,-73.89348333,38.14613465000002,38.27034462038463,38.695312962788485
40.8445,-73.89369833,38.14613465000002,38.19935497423079,38.749824457475746
40.84453667,-73.89378833,38.14613465000002,38.08009040828949,38.72964504159093
40.84457,-73.89386,37.94618048000001,37.97194879961041,38.736089298167215
40.84459667,-73.89391333,37.378789160000025,37.9267107458228,38.760944215714304
40.844605,-73.89395667,37.378789160000025,37.877563728500014,38.76997212885716
40.84460167,-73.89398333,37.378789160000025,37.86170346670889,38.76946611261148
40.844585,-73.89401,37.378789160000025,37.83148454637502,38.75052549222931
40.84455,-73.89405333,37.378789160000025,37.77813504101268,38.76619603057144
40.84450167,-73.894105,37.69495601000003,37.71868495653849,38.75525109196143
40.84438167,-73.89422833,37.20788816000001,37.39358558868423,38.68630943087664
40.84431833,-73.89429,37.20788816000001,37.3915848246154,38.680940117987234
40.84425333,-73.89435167,37.43689550000005,37.33538030600002,38.70328818628573
40.84408,-73.894525,37.07116736000006,37.112008316923095,38.644750602715675
40.844055,-73.89454833,37.07116736000006,37.112008316923095,38.6354005836013
40.84402833,-73.89456667,37.07116736000006,37.11402577961041,38.631929011903246
40.84399667,-73.89458167,37.21643321000002,37.0959369075325,38.60987726996776
40.843965,-73.89459667,37.21643321000002,37.07870453230772,38.6037756557878
40.84394167,-73.89461833,37.21643321000002,36.96016935153848,38.609897318617385
40.843925,-73.89464833,37.21643321000002,36.90502091346156,38.603209097961184
40.843915,-73.89473333,37.21643321000002,36.8925319942308,38.62184390299037
40.84391333,-73.89478833,37.21643321000002,36.891613144810144,38.647358980923585
40.84391667,-73.894855,37.21643321000002,36.887235158750016,38.66621623285716
40.84393167,-73.89493667,37.21643321000002,36.88443097620255,38.69141700518989
40.84394333,-73.89503,36.94299161000001,36.84531170077925,38.699903346881044
40.84397333,-73.89536167,36.20640830000002,36.92825139875002,38.83482745932909
40.84398333,-73.89548667,36.406362470000005,36.91651305246756,38.82794143303227
40.84398667,-73.89561667,36.406362470000005,36.990589847973,38.89068780922332
40.844015,-73.89608,37.059204290000025,37.57116825864867,39.11535694625002
40.84402667,-73.89617,37.059204290000025,37.69120506597404,39.14497381390324
40.84403667,-73.89624833,37.059204290000025,37.82828015262502,39.168862105480784
40.84404667,-73.89632167,37.54798115000003,37.8559973369231,39.19439865875002
40.844055,-73.896395,37.54798115000003,37.8559973369231,39.18100636022582
40.84406167,-73.89647,37.54798115000003,38.05063247276318,39.24444197721156
40.84406833,-73.896545,37.54798115000003,38.271025549610414,39.310635380289405
40.84407333,-73.896615,38.20936802,38.39871756384616,39.32267848307694
40.84407833,-73.89672667,38.20936802,38.52903942215191,39.364869702120274
40.84407833,-73.89676,38.20936802,38.52903942215191,39.369736669137396
40.84409167,-73.89692333,38.20936802,38.84935897259742,39.44419134893206
40.844095,-73.89699,38.20936802,38.98201809948053,39.48441037459809
40.84409667,-73.89707167,38.20936802,39.1765811478481,39.52881082331212
40.844105,-73.89715833,38.92886123000002,39.24040498884616,39.56003756246837
40.84411833,-73.89724,38.92886123000002,39.44844409076924,39.58353141942858
40.84413167,-73.89730833,38.92886123000002,39.58483253584416,39.62176377322685
40.84417167,-73.89742667,39.68424365000004,39.76719636615386,39.67905088884617
40.844185,-73.89745833,39.68424365000004,39.811727142784825,39.68583799798724
40.84403833,-73.89769167,40.34050349000003,40.18406334384617,39.796554731607735
40.84388667,-73.897605,40.09440605000003,39.98182501625002,39.70314617143314
40.84377667,-73.89768333,40.69426856000001,40.07280241076925,39.71232728548079
40.84368667,-73.897715,41.18817245,40.15028418708862,39.7114898412739
40.84359167,-73.89777,41.18817245,39.99697028506496,39.71013624701925
40.843495,-73.89783,41.18817245,40.2261995744156,39.71734534854371
40.84339167,-73.89789167,41.57099069000003,40.39350443303799,39.7132037008654
40.84329167,-73.89795,41.57099069000003,40.40721896787502,39.696005979142875
40.84318833,-73.89800167,41.74018268000003,40.57478929126584,39.76021050085716
40.842975,-73.89810333,41.74018268000003,40.61460733137502,39.68090182789811
40.842865,-73.89815667,42.06831260000004,40.73396518468356,39.70723364439492
40.84276167,-73.89821,43.269746630000014,40.81210260846156,39.690389512884636
40.842665,-73.89826,43.07491949000001,40.75625481459461,39.675422953225834
40.84256667,-73.89830833,43.07491949000001,41.011367597272745,39.65199369106798
40.84247,-73.89835667,43.07491949000001,41.05564845936711,39.64667255714288
40.84237167,-73.89840333,42.73653551000004,41.10551261189876,39.6242601117143
40.84227667,-73.89845333,43.57053239000001,41.23308873846156,39.648228857795544
40.84218167,-73.89849833,43.57053239000001,41.23553338962502,39.58143550530353
40.84200167,-73.89858,43.19796821,41.22013970115387,39.55714496096465
40.84191667,-73.89861833,43.19796821,41.33510404392408,39.56024005457145
40.84184333,-73.898655,42.75875264000001,41.26708977253167,39.539235247019256
40.84178167,-73.898685,42.75875264000001,41.25486881394739,39.49816423105771
40.841735,-73.89870833,42.75875264000001,41.31739639280002,39.49214871368934
40.841705,-73.898725,43.7602325,41.2969276318182,39.484218271250015
40.841685,-73.898735,43.7602325,41.38542818315792,39.498139119480534
40.84166333,-73.89876,43.7602325,41.40992204623379,39.491711782330114
40.84163167,-73.89878167,43.7602325,41.440295245769256,39.47843158720259
40.84156,-73.898825,43.37570525000004,41.426676693670906,39.48007644585445
40.84151833,-73.89884667,43.37570525000004,41.377466670125024,39.45895272857145
40.841475,-73.89887667,43.37570525000004,41.44631841050001,39.452808862675184
40.84142667,-73.89890667,43.37570525000004,41.4494130165823,39.46393375579619
40.84136833,-73.89894333,43.37570525000004,41.439267121772176,39.45952782400002
40.841305,-73.89898667,43.06637444000003,41.45092178230771,39.45380845970969
40.84124,-73.89903167,43.06637444000003,41.47609681423079,39.38547169159238
40.84117667,-73.89908,43.06637444000003,41.45107515500002,39.38330597800002
40.84111667,-73.89912667,43.06637444000003,41.47675717658229,39.3796817917143
40.84102667,-73.89925167,43.46628278,41.61888679076925,39.430715019552736
40.84102333,-73.89929833,43.46628278,41.70647840683546,39.45461039869429
40.84104667,-73.89936,43.46628278,41.893171524556976,39.50200693810129
40.84107167,-73.89944,43.72947032000002,41.90061328962027,39.56301823684716
40.8411,-73.89953833,44.60277443000001,42.13036280923079,39.6406666077143
40.84117,-73.89974333,44.60277443000001,42.44004418538464,39.797347559428594
40.84120167,-73.89983833,45.21118199000003,42.524276468000025,39.900202834285736
40.84122667,-73.89992,45.21118199000003,42.59364929417723,39.92488310885716
40.84124333,-73.899975,45.21118199000003,42.6546125819231,39.99211194182694
40.841255,-73.90000833,45.21118199000003,42.642007281558456,40.00383951041802
40.84129667,-73.90010333,45.21118199000003,42.90854505702705,40.147739329708756
40.84132833,-73.90024667,45.17187476000001,42.93593480662339,40.259093971709696
40.84135,-73.90034667,44.587393340000034,42.95846884658229,40.307409849073494
40.84141167,-73.90054833,44.587393340000034,43.10309566802634,40.540872468252445
40.84144667,-73.90064333,44.231919259999984,42.9927117269231,40.54392993428573
40.84147667,-73.90072167,44.231919259999984,42.97654460187502,40.569651001167216
40.841515,-73.90081833,44.231919259999984,43.03933702538463,40.66289484926519
40.84153167,-73.90084,44.231919259999984,43.03933702538463,40.71705719173635
40.841535,-73.90083833,44.231919259999984,43.03933702538463,40.71705719173635
40.84157,-73.90092333,43.52268011000001,42.97949615949369,40.74552800914287
40.84158,-73.90097667,43.52268011000001,43.00189815363639,40.844187327548404
40.84157,-73.901035,43.52268011000001,42.93594885405065,40.81407398306711
40.84154,-73.90109333,43.52268011000001,42.93782621346156,40.77389436452533
40.84149333,-73.90114,43.52268011000001,42.852128673875015,40.74798339329116
40.84142667,-73.90118167,43.52268011000001,42.84168235025002,40.71160203167723
40.841355,-73.901225,43.52268011000001,42.82627989762502,40.71208798273887
40.84128,-73.90126667,43.77903161,42.82049610384617,40.682486250673094
40.84120167,-73.90131,43.77903161,42.78585883658229,40.631935811142874
40.84112,-73.90135833,43.77903161,42.69041387303799,40.60360449784812
40.84103667,-73.90140667,43.45944674000003,42.671877965000014,40.60812788288463
40.84095333,-73.90145333,43.45944674000003,42.65900860181819,40.631812012727295
40.84079167,-73.901545,43.45944674000003,42.486538021538486,40.46837150829584
40.84072167,-73.901585,44.05247321000002,42.40986141333335,40.397479503765844
40.84052333,-73.90169833,43.22018534000003,42.24543012387502,40.27043948825951
40.84045833,-73.90173833,43.52951615000004,42.2280612142308,40.26418962038463
40.84040333,-73.901775,43.52951615000004,42.21704085987016,40.24922806845661
40.840235,-73.90192667,43.67478200000002,41.969947176329136,40.181987334903866
40.840185,-73.90196167,43.235566430000006,41.9351179851899,40.11250749452533
40.84011833,-73.90200333,43.235566430000006,41.89074862430382,40.06710529342859
40.84004167,-73.90205333,43.235566430000006,41.80595765461541,40.01416396142859
40.83995333,-73.902105,43.15524296000001,41.81395494500003,39.981298163086834
40.83986333,-73.90215833,43.15524296000001,41.67237770825002,39.958965651142876
40.839775,-73.90220833,43.15524296000001,41.55590867675002,39.89661662600002
40.83969,-73.902255,43.10226365,41.51134840430382,39.870303297428585
40.83960833,-73.9023,43.10226365,41.50004486461541,39.874947114258084
40.83953,-73.90234167,43.10226365,41.51251483432434,39.83854838730522
40.83946167,-73.90237667,43.10226365,41.26131807800002,39.759929163601306
40.839345,-73.90244167,42.751916600000015,41.17469263362502,39.71049729885716
40.839285,-73.90247167,42.751916600000015,41.14363137687502,39.69494401197454
40.839215,-73.90249667,42.52803629000002,41.03189298000002,39.63287600132913
40.83914167,-73.90252333,41.95551794000002,40.93104216063293,39.59309645000002
40.83906833,-73.90255167,41.95551794000002,40.910129669230805,39.53304036848389
40.83899833,-73.90258167,41.95551794000002,40.82056223569624,39.55440756433546
40.838875,-73.902635,40.74553886000001,40.6103756387342,39.49613319057144
40.83881833,-73.90263667,40.74553886000001,40.596920721153865,39.50026026035146
40.83876333,-73.90260833,40.74553886000001,40.46355221000002,39.467872133142876
40.83872167,-73.90255,40.74553886000001,40.45957173101268,39.447532201428594
40.83868667,-73.90247,40.96600115000001,40.3844776319231,39.438561177284356
40.83865333,-73.90238333,40.96600115000001,40.46400794600002,39.48474959807694
40.83862167,-73.9023,40.21916378000003,40.374478608800025,39.44388673076925
40.83858667,-73.90221667,40.21916378000003,40.28046903615387,39.45215899295822
40.83851833,-73.902065,40.21916378000003,40.19333636637502,39.44271442085716
40.838485,-73.90200167,40.21916378000003,40.135750945769246,39.417621813714305
40.83846167,-73.90195667,40.21916378000003,40.04594027923078,39.41791109479235
40.83840167,-73.90183,40.35930260000001,39.92536549126584,39.38766259714288
40.83833833,-73.90168667,40.02091862000003,39.76220079846156,39.30601735060704
40.838305,-73.90161333,40.04997179000003,39.63293062475002,39.276132062000016
40.83826667,-73.90153667,40.04997179000003,39.60523979531648,39.27479968732486
40.83822833,-73.90146,40.04997179000003,39.65638900649353,39.25669990392285
40.83818667,-73.90137833,39.85001762000002,39.16967627545456,39.16256697369777
40.83814833,-73.90128833,39.85001762000002,39.10422341194808,39.10436171993571
40.83810833,-73.901195,39.85001762000002,38.94703298189876,39.04761038370255
40.83807167,-73.9011,39.71842385000002,38.78645094101268,39.018315852788476
40.83803,-73.90100167,39.71842385000002,38.66931365935067,38.97403661407769
40.83798833,-73.90089833,39.71842385000002,38.50130586746838,38.87463407142859
40.83794833,-73.9008,39.71842385000002,38.30329783884617,38.81294789888537
40.83790833,-73.90070667,39.71842385000002,38.168965270769256,38.76999383057145
40.83787167,-73.90062167,39.71842385000002,37.95404630807695,38.707368108571444
40.83783333,-73.90054333,38.95278737000001,37.93372269657897,38.6718977941613
40.837755,-73.900395,37.90687325000002,37.48790287538464,38.488550140769256
40.83772167,-73.90032833,37.90687325000002,37.2813536796154,38.42526008648389
40.83769333,-73.90027333,36.06626948000002,37.18643789346156,38.40565300559107
40.83767333,-73.90023,36.06626948000002,37.18643789346156,38.390797840450176
40.83758,-73.89999333,35.1126419,36.700925680769245,38.23592006742859
40.83751333,-73.89982167,34.66488128,36.44307373544305,38.128859497961805
40.83747667,-73.89974167,34.66488128,36.23066309576925,38.077654890571445
40.83740167,-73.89962333,34.66488128,36.03304366220781,38.01317367200002
40.83730833,-73.89954,34.66488128,35.74052779192309,37.90457625263667
40.837245,-73.89949833,33.759105980000015,35.65994680376625,37.824516552668825
40.83717,-73.899455,33.759105980000015,35.676978364625015,37.840639618000026
40.83701167,-73.89936167,33.383123780000034,35.524145548354454,37.79866134929938
40.836935,-73.89931833,33.383123780000034,35.41228110898736,37.77114530342859
40.83685333,-73.89926667,33.383123780000034,35.453611305384634,37.70927861638711
40.83677667,-73.8992,33.67365548000004,35.224137712400015,37.66761185000002
40.8367,-73.89913,33.477119329999994,35.22802198538464,37.60148630923079
40.83662333,-73.89904833,33.477119329999994,35.17098620341773,37.552338306485645
40.8365,-73.89886333,33.93171598999999,35.01572588987343,37.449672384285726
40.83646167,-73.898755,33.71296271000003,34.92314154441561,37.39476013409679
40.83643333,-73.89863833,33.71296271000003,34.773902801038986,37.296536871639894
40.83640167,-73.898395,34.04280164000002,34.74435024500003,37.17427027941937
40.83638667,-73.898285,34.04280164000002,34.602410036081096,37.13535755436895
40.83637667,-73.89817667,34.04280164000002,34.556680971558464,37.06815598546625
40.83638,-73.89808,34.22053868000003,34.53711655772154,37.04440930278848
40.836385,-73.89789667,34.00691243000006,34.51408889116885,36.95058598884246
40.83635833,-73.89786667,34.00691243000006,34.57804078520002,36.957960559324775
40.83621167,-73.897825,33.730052810000046,34.71763864064937,36.921309234741955
40.83614333,-73.89781833,33.730052810000046,34.81984576175002,36.97000376487262
40.83607,-73.89781,33.730052810000046,34.838827823461564,36.961237482788476
40.835995,-73.89780333,33.730052810000046,34.85012020805197,36.96288976180066
40.83591333,-73.89780167,33.96418718000001,35.06458453880003,36.98420504346156
40.835835,-73.89779833,33.96418718000001,35.32219281846157,36.982210916655966
40.83576167,-73.89779,33.96418718000001,35.32219281846157,37.00394082240387
40.83568667,-73.89777,33.96418718000001,35.45193446759497,37.03489957183546
40.83561,-73.89774167,34.194903530000005,35.507247926923114,37.0220197157325
40.83553333,-73.89772,34.194903530000005,35.64101082500003,37.04069642607719
40.83537333,-73.89767833,34.839200300000016,35.880970070750024,37.10545064314288
40.83528833,-73.89765333,34.839200300000016,36.07024995898736,37.12163758207008
40.83520167,-73.89762,34.839200300000016,36.17829727653848,37.15182935594251
40.83512167,-73.89758,35.809917979999994,36.31883979537502,37.1898786558861
40.83503833,-73.897535,35.809917979999994,36.417193598311705,37.18640738800645
40.83495333,-73.897485,35.809917979999994,36.521545361923096,37.22747858009648
40.83487,-73.89742667,36.86950418000004,36.72824793038463,37.23764246230771
40.83479,-73.89736833,36.86950418000004,36.79330369662502,37.236794376910844
40.83471167,-73.89731,36.541374260000026,36.86652436769233,37.26651699987263
40.83463667,-73.89725333,36.541374260000026,37.07110162884618,37.313917761246024
40.83456833,-73.89720333,37.61805056000003,37.15668532092108,37.36424603619356
40.834515,-73.89716333,37.61805056000003,37.215642792875016,37.38867311592359
40.83446833,-73.89712667,37.61805056000003,37.26691309287502,37.40303540028573
40.83442167,-73.89709,37.34973599000003,37.34553731111113,37.43737142683546
40.834365,-73.89704167,37.34973599000003,37.38481342025002,37.47231269771431
40.83429833,-73.89699,38.46571952000005,37.45653829848103,37.48915176730771
40.83423,-73.89693167,38.46571952000005,37.45805574223685,37.49735586345163
40.83416333,-73.896875,38.46571952000005,37.7366159031169,37.56255993948555
40.834095,-73.89681833,38.39052308000001,37.88802975012989,37.65476954655951
40.83396667,-73.89670833,39.44498225000001,38.06125382000002,37.72894027254779
40.83390167,-73.896655,39.44498225000001,38.12996478615386,37.78505151153848
40.83378667,-73.89655667,39.66886256000001,38.2002313896154,37.84345364173079
40.833705,-73.89649667,39.66886256000001,38.30245209800002,37.890440461538475
40.83368333,-73.89648333,39.66886256000001,38.28525730189192,37.92822757883497
40.83357,-73.896485,39.66886256000001,38.53304551921055,38.05436800300973
40.83353833,-73.89651333,39.66886256000001,38.54657566844157,38.059700507588445
40.83350667,-73.89656167,39.882488809999984,38.56575068759495,38.06758550248409
40.833475,-73.89662333,39.882488809999984,38.60992535113927,38.08191070732485
40.83344333,-73.89669333,39.882488809999984,38.56302627687502,38.06612485905065
40.83340833,-73.89677167,39.882488809999984,38.56227858500002,38.092527981898755
40.83337333,-73.89685333,40.10807813000002,38.58817665961541,38.06895792857145
40.83329167,-73.897025,40.10807813000002,38.5999863569231,38.0990956609325
40.83324667,-73.897115,40.06364387000002,38.66214611807695,38.11628722855772
40.83319667,-73.89720167,40.06364387000002,38.80049078265826,38.16436044993612
40.83315167,-73.89728667,40.06364387000002,38.833178864935086,38.167054910675255
40.83310667,-73.89737667,40.06364387000002,38.81311464363639,38.18613650987099
40.83305833,-73.89746667,40.06364387000002,38.83570936848104,38.19075337457144
40.83301667,-73.89755333,40.06364387000002,38.89181076961541,38.20143450073484
40.832985,-73.897625,39.296298380000025,38.88517466187502,38.200720213069644
40.832965,-73.897685,39.19375778000003,38.90597347582281,38.217863929137394
40.832955,-73.89773333,39.19375778000003,38.89051531812503,38.22611199139242
40.832935,-73.89781,39.19375778000003,38.9279629042308,38.2201588844231
40.83292833,-73.89783167,39.19375778000003,38.91916934434213,38.19841155135924
40.8329,-73.89788333,39.19375778000003,38.96468470884618,38.220369428424455
40.83287667,-73.89792833,38.99551262,39.00142842384618,38.24827538548079
40.832845,-73.89798167,38.99551262,39.04698011346156,38.28722050101913
40.83280667,-73.89804333,38.99551262,39.05206138126585,38.31913778690098
40.83271167,-73.89817333,38.64003854000004,39.1431447915385,38.36068959032156
40.83266,-73.89824,38.64003854000004,39.16321470384618,38.42029929269233
40.83261,-73.89831167,38.64003854000004,39.19733116454549,38.41959268278848
40.83250667,-73.89845167,38.64003854000004,39.269151413461564,38.469647530285734
40.83245333,-73.898525,38.33925278000004,39.27617478725002,38.544714969490464
40.83239667,-73.89860333,38.33925278000004,39.30762604884618,38.556286164586005
40.83227333,-73.89875667,38.640038540000006,39.35586307520002,38.670915749519246
40.83221333,-73.89884167,38.640038540000006,39.375864693670906,38.71884289000002
40.832165,-73.89892,38.49477269000005,39.38027485887502,38.73597096800002
40.83205833,-73.89906667,39.05532797000004,39.36993534837502,38.81717335742859
40.83200333,-73.89913667,39.05532797000004,39.375000481538486,38.83943032012782
40.83194167,-73.89921167,39.05532797000004,39.39482169675327,38.88074984203227
40.831875,-73.89930167,38.77505033000003,39.38913979337665,38.989255438225825
40.83166667,-73.89959167,38.77505033000003,39.2962334808861,39.105792749363076
40.83159,-73.89968333,38.26918337000001,39.31579862230772,39.143955475769246
40.83152167,-73.89978167,38.26918337000001,39.31869079307695,39.18377499142859
40.83146,-73.89987667,38.32216268000002,39.31550337987502,39.23838253474524
40.83141,-73.89996667,38.32216268000002,39.32379790454548,39.27686732096465
40.83137833,-73.90004167,38.07606523999999,39.31251148802633,39.2926338681731
40.83135833,-73.90011167,39.09634421000001,39.339156799610414,39.33053353209005
40.83134667,-73.900185,39.09634421000001,39.35646429615387,39.34311756070742
40.83134,-73.90024667,39.09634421000001,39.35775700884618,39.354024940000016
40.83133167,-73.90028833,39.09634421000001,39.35814723556964,39.3536583801899
40.83134333,-73.90045333,39.550940870000034,39.381337852278506,39.36805481916401
40.83134667,-73.900515,39.550940870000034,39.40314479740263,39.37235207260452
40.83134833,-73.90058,39.550940870000034,39.41003518653849,39.423966939935504
40.83135167,-73.90064833,39.550940870000034,39.43150736346156,39.44787989836541
40.83137167,-73.90081667,39.550940870000034,39.45554305538464,39.447392392307705
40.83139333,-73.90091,40.34733953000003,39.45130780649353,39.4617029833226
40.83141667,-73.90100667,40.34733953000003,39.52070986878381,39.469267890485455
40.83144167,-73.90109833,40.34733953000003,39.498893747272746,39.48147236996777
40.831495,-73.90128,39.58170305000005,39.48691872615387,39.48203792714287
40.83152333,-73.901375,39.58170305000005,39.51695786346156,39.49398302868169
40.83155667,-73.90147,39.91666901000002,39.54539754269233,39.5112434801608
40.83159,-73.90156333,39.91666901000002,39.52937273113926,39.520695747165625
40.83162333,-73.90165667,39.91666901000002,39.55055147531648,39.51621984405065
40.831655,-73.901745,39.96281228000004,39.57032407202534,39.5211123663898
40.83169,-73.901825,39.96281228000004,39.59615391936712,39.525971851693306
40.83172167,-73.90189833,39.96281228000004,39.632658532368445,39.51965326621361
40.83178333,-73.90205,40.203782690000025,39.68685098576925,39.54012799085716
40.83181167,-73.90213667,40.203782690000025,39.6764124902532,39.52812342319622
40.83184,-73.90222833,40.32341339000004,39.68632997389613,39.529366679453396
40.83198,-73.90260333,40.29436022000005,39.81259030100002,39.558355593765846
40.83200833,-73.90268333,40.29436022000005,39.81984702038464,39.540480643714304
40.83204,-73.90275667,40.28068814000002,39.82628867346156,39.53594321173079
40.83207167,-73.90283333,40.28068814000002,39.85209439164559,39.54823040191085
40.83210167,-73.90291833,40.28068814000002,39.87185022275002,39.54922097458601
40.83213,-73.90300667,40.28068814000002,39.88647650000002,39.54580295458601
40.83215667,-73.90309167,40.28068814000002,39.89141364000003,39.5366035740823
40.83218167,-73.90316667,40.28068814000002,39.9167785619231,39.5703351304473
40.83220167,-73.903225,40.15763942000004,39.90672567909093,39.57203336116131
40.832235,-73.90331333,40.40715488000004,39.93564567948055,39.5632116717042
40.832255,-73.90334833,40.40715488000004,39.91710721769233,39.552600581634636
40.83228667,-73.903365,40.40715488000004,39.91710721769233,39.54900106122189
40.83235333,-73.90335833,40.40715488000004,40.005537530000026,39.533301249099694
40.83243333,-73.90330667,40.40715488000004,39.99374974307695,39.466777605096176
40.83248,-73.90327167,40.00211951,39.99374974307695,39.459415715865404
40.832535,-73.90323333,40.00211951,40.01344717884617,39.446542889356934
40.83264833,-73.903155,40.00211951,40.03275022769233,39.405255931560525
40.83271,-73.90311,40.00211951,40.04173348538464,39.36431479396168
40.832835,-73.90302333,39.90299693,40.1297977001266,39.32782312458863
40.83289833,-73.90298333,39.90299693,40.19596396925002,39.32273905063696
40.83295667,-73.90294667,39.90299693,40.20430188291141,39.28391755200001
40.83300167,-73.90291333,40.04484475999999,40.17906613287502,39.2580851341083
40.83303833,-73.90288833,40.04484475999999,40.22504796632913,39.250882117428596
40.833075,-73.90286333,40.04484475999999,40.24289272653847,39.24547580785945
40.83311,-73.90284,40.04484475999999,40.24289272653847,39.25344124498395
40.83314667,-73.902815,40.04484475999999,40.2425350466234,39.23823050646305
40.83318833,-73.902785,40.04484475999999,40.28852679920002,39.21775535771707
40.833235,-73.902755,40.04484475999999,40.32815304440002,39.17565432471156
40.83328333,-73.90272667,39.7782392,40.36217286038463,39.168078809230785
40.83342667,-73.90262833,39.7782392,40.36743135269232,39.14483736875002
40.83347833,-73.90258667,39.7782392,40.33931367291141,39.10868282678346
40.83353167,-73.90253667,39.7782392,40.34113084810129,39.06590859242039
40.83364667,-73.90244167,39.40738403000003,40.33242453363638,39.04842556067963
40.83381,-73.90233333,40.03288169000001,40.3003642419737,38.97893688223303
40.83384167,-73.90231,40.03288169000001,40.26675313538463,38.97226570192309
40.83386833,-73.90229333,40.03288169000001,40.25243539240508,38.97151028210193
40.833895,-73.902275,40.03288169000001,40.26355477392407,38.958211854272164
40.83392833,-73.90225333,40.03288169000001,40.26355477392407,38.95723836756331
40.83396667,-73.90222667,40.03288169000001,40.23553998974685,38.93258307400002
40.83401,-73.902195,38.964750440000046,40.18458919307695,38.89503910828574
40.83405333,-73.90216,38.964750440000046,40.13485983101268,38.87433619121021
40.83410167,-73.90211667,39.88761584000002,40.09882811337502,38.84536544431312
40.83415167,-73.90207833,39.88761584000002,40.062756915443046,38.843629133833886
40.83420167,-73.90204833,39.88761584000002,40.0619129496154,38.844512092000016
40.834295,-73.90199167,39.88761584000002,39.89368282550002,38.77258176000002
40.83433,-73.90197167,39.88761584000002,39.88136389202532,38.76850633601268
40.83436,-73.90195833,40.860042530000015,39.816443145063296,38.777078427310144
40.83438667,-73.90194667,40.860042530000015,39.816443145063296,38.77332488721156
40.83443833,-73.90192167,40.860042530000015,39.81206883384616,38.771857613569146
40.83446333,-73.90191167,40.860042530000015,39.79528491012988,38.780756218225825
40.83455333,-73.90188167,40.860042530000015,39.75747703797299,38.7368639442208
40.83459333,-73.90186333,40.860042530000015,39.59262685716218,38.70970844116886
40.83464167,-73.90184667,41.69062139000005,39.512553876153866,38.71926296819938
40.834695,-73.90183,41.69062139000005,39.512553876153866,38.729578651789154
40.83475,-73.901805,41.69062139000005,39.47847019278483,38.70026079714288
40.83480667,-73.90176833,41.69062139000005,39.40430781200001,38.70706971000001
40.834925,-73.90168333,42.14863607000001,39.233584202911416,38.650889397142876
40.83498667,-73.90163833,40.44988013,39.15938288265824,38.62133771172526
40.83504833,-73.90159667,40.44988013,39.12945080115386,38.641720162019254
40.83511167,-73.90155833,40.44988013,39.09704534230772,38.65836808175721
40.83517333,-73.901525,40.302905270000025,38.90011480538463,38.62247100228573
40.83529833,-73.90142667,40.302905270000025,38.74337815766236,38.64738894223303
40.83532167,-73.901415,40.302905270000025,38.74337815766236,38.60723214225082
40.83544667,-73.901335,38.17006079000001,38.46605244402599,38.53944400622583
40.83548833,-73.90134167,38.17006079000001,38.48727080194807,38.557868236612926
40.835525,-73.90137,38.17006079000001,38.47841502285716,38.59190050913185
40.83560833,-73.90159833,39.80729237000003,38.7902626288889,38.6986748894304
40.83563,-73.90167667,41.42401583000003,38.84676301884617,38.720186726923096
40.83565333,-73.901755,41.42401583000003,38.90709271512502,38.74884008457145
40.83568,-73.90183667,41.42401583000003,38.98889291037977,38.78417047542859
40.83570667,-73.901925,40.492605380000015,39.11146894850002,38.82445873731631
40.83573167,-73.90201667,40.492605380000015,39.133023837125016,38.80317032628574
40.835755,-73.90211,40.492605380000015,39.178836808076944,38.81155303076925
40.83578,-73.90220667,41.171082350000034,39.22157786683546,38.83099877446204
40.835805,-73.902305,41.171082350000034,39.34007532846156,38.873562941800664
40.835855,-73.90249333,41.33343830000001,39.44715137807694,38.8890134505112
40.83587833,-73.902585,41.33343830000001,39.46622589329115,38.88069226444092
40.83590333,-73.90266833,41.33343830000001,39.49090357064937,38.8886388527097
40.835945,-73.90279833,41.00359937000002,39.59207258364866,38.944143087161315
40.83595333,-73.90284833,39.85685366000004,39.59291415560001,38.9501197806731
40.83595,-73.90289833,41.00359937000002,39.596755484230776,38.949611919161306
40.83593167,-73.90294667,41.00359937000002,39.60545163051949,38.93488686848389
40.8359,-73.90298833,41.00359937000002,39.611216338076936,38.903154871250024
40.83585667,-73.90302667,41.00359937000002,39.638338343417736,38.93001859753167
40.83580167,-73.90306333,41.00359937000002,39.658095797000016,38.936679272571446
40.83574,-73.903105,41.00359937000002,39.661001114000015,38.94898414457145
40.83566833,-73.90314667,42.23579558,39.735449050886096,38.939780505917746
40.83559,-73.90318667,42.23579558,39.739961758076944,38.944970840288484
40.83551167,-73.90323167,42.23579558,39.82615984040002,38.97099299742767
40.83543333,-73.90328,41.42230682000002,39.918123977973,38.96517906630227
40.83536167,-73.90333,42.32295509,39.89885586730772,38.962592267115404
40.8353,-73.90337833,42.32295509,39.86794086237502,38.96580632515926
40.83525167,-73.90342,42.32295509,39.90687506807695,38.976593002884634
40.83521167,-73.90345,42.32295509,39.882726773417744,38.98978144952231
40.83518333,-73.90347333,42.32295509,39.89935980615388,38.99073067855771
40.83513,-73.90353167,42.88351037000001,39.89481964164559,38.99789652566881
40.83508833,-73.90356,41.59149881000002,39.93167762346156,38.982861577923344
40.83502667,-73.903595,41.59149881000002,39.96068156623379,39.002614137281576
40.83495167,-73.90364333,41.59149881000002,40.04045016285716,39.009992495723495
40.83486667,-73.90369667,42.2392136,40.0055600169737,39.04175576720781
40.83477833,-73.90375333,42.2392136,39.96398046405065,39.03698459600002
40.83469,-73.90381167,42.2392136,39.93815061670888,39.060993827993656
40.8346,-73.90386833,40.87884164000002,39.98132655500002,39.05498288144232
40.83451333,-73.90392333,40.87884164000002,39.99865876475002,39.0553932824841
40.83442333,-73.903985,40.87884164000002,40.00017841222224,39.069611183322806
40.83433,-73.904055,41.10443096000006,39.989334384556976,39.100993802285736
40.834235,-73.904125,41.10443096000006,39.99290861194807,39.12322528341938
40.83404333,-73.904255,41.17620937999999,39.89360847246754,39.134013867717066
40.83394833,-73.90431833,41.17620937999999,39.84734729187502,39.15310814151422
40.83385333,-73.90438167,39.78678425000001,39.8386023096154,39.17960129907645
40.83376,-73.90444167,40.15080338000004,39.83119687696203,39.21182445714288
40.833665,-73.90450167,40.15080338000004,39.84448582447369,39.2217788855195
40.83356667,-73.90456333,40.15080338000004,39.816014979480535,39.24854533283873
40.83337167,-73.90469167,39.56803097000002,39.76742971175002,39.26803732257145
40.83327833,-73.90475167,39.56803097000002,39.74206515500001,39.32435781255593
40.83319167,-73.90481333,39.92863208000003,39.732288193625024,39.34664592380194
40.83310667,-73.904875,39.92863208000003,39.692161341898746,39.36342328550957
40.83303,-73.90494167,39.41422007,39.685183605500015,39.406956777500014
40.832955,-73.90499833,40.27043408,39.71459480227849,39.43374222269233
40.83288333,-73.90505,40.27043408,39.702323176842114,39.44094126829034
40.83285333,-73.90603,39.58853909000004,39.20238936215192,39.52467780897766
40.832795,-73.90605833,39.58853909000004,39.26602448857143,39.54842955948554
40.83273667,-73.90609333,39.58853909000004,39.32489143192309,39.58054905610935
40.83267333,-73.90612833,40.41569993000002,39.34656463662502,39.60830935171431
40.83261333,-73.90618,40.41569993000002,39.3909950623077,39.622408064536764
40.83255167,-73.90622167,40.41569993000002,39.40418511384616,39.63716371105771
40.83245667,-73.90629167,41.11810304000002,39.44285694269232,39.67547073200002
40.83242167,-73.90632333,41.11810304000002,39.43998838961039,39.684232659582015
40.83238833,-73.90634833,41.11810304000002,39.43998838961039,39.69117310855307
40.83235,-73.90637333,41.11810304000002,39.50154124310813,39.711357011221885
40.832235,-73.90643833,41.11810304000002,39.666277134615406,39.76716635385854
40.83216667,-73.90647667,41.564154650000006,39.666277134615406,39.79315765990448
40.83209167,-73.90652,41.27874998000004,39.69261779900002,39.81472710777072
40.832015,-73.906565,41.27874998000004,39.72950076666669,39.84503661300635
40.83194,-73.90660833,41.27874998000004,39.83835741253166,39.8617373183228
40.83179833,-73.90668,41.53168346000001,39.96475925341773,39.91413270853505
40.83174,-73.90670333,41.53168346000001,40.04418251862502,39.94002548000002
40.83169167,-73.90672333,41.53168346000001,40.05912256506331,39.94559699773887
40.83165167,-73.90674333,41.357364440000026,40.12091761538463,39.96152645342859
40.83145833,-73.906865,40.911312830000014,40.26419049680002,40.017665456270116
40.83139667,-73.90689833,40.911312830000014,40.39836247328949,40.05447437403848
40.83132833,-73.90694,40.55412974000001,40.42558622835445,40.06596790589174
40.83125333,-73.90698333,40.55412974000001,40.48794832775002,40.08173542808919
40.83117667,-73.90703,40.55412974000001,40.50859996076925,40.12625132869429
40.8311,-73.90707167,40.10807813000002,40.549408599875015,40.137980362293014
40.83102333,-73.90711333,40.10807813000002,40.62789839949369,40.172436279744424
40.83094833,-73.90716,40.10807813000002,40.68059648000001,40.20267265778137
40.83087333,-73.907205,40.10807813000002,40.69723228620255,40.23055536576435
40.8308,-73.90725167,39.87223475000002,40.71519297730771,40.246151896250026
40.83073167,-73.90729167,39.87223475000002,40.72082394615386,40.27381902238711
40.83066833,-73.90733,39.87223475000002,40.808136828846166,40.297526270576945
40.83056833,-73.90738,39.98844743000001,40.86981456153848,40.35883001202575
40.83052167,-73.90740333,39.98844743000001,40.927346042236856,40.390632612354864
40.83047333,-73.90742667,39.98844743000001,40.910611697692325,40.39406342519233
40.83042833,-73.90745333,39.98844743000001,40.89937139303799,40.4039484517143
40.83034667,-73.907495,39.98844743000001,40.94724586076925,40.42659078671977
40.83031333,-73.90751667,39.98844743000001,40.97236721225001,40.438587684177236
40.83027833,-73.90753833,40.23454487000004,40.96290762556964,40.438587684177236
40.83024333,-73.90756,40.23454487000004,40.96290762556964,40.43910901283441
40.83021,-73.907585,40.695977570000025,40.99646794555557,40.47117785588609
40.83017333,-73.90761333,40.695977570000025,41.017183808461546,40.4698023037143
40.83013167,-73.907645,40.695977570000025,41.04980837115386,40.48988849230771
40.83008667,-73.90767333,40.695977570000025,41.06445788194807,40.522432858737886
40.83003667,-73.90769833,40.76262896,41.07911482520001,40.534121684019304
40.829985,-73.90772167,40.76262896,41.13277389207794,40.56395654750001
40.82993167,-73.90775167,40.76262896,41.14279373710528,40.564046422621374
40.829875,-73.90777833,40.76262896,41.18077395101268,40.57076665204475
40.829815,-73.90780167,40.76262896,41.17036845974685,40.59687683038341
40.82963167,-73.90791167,41.54877356,41.29450838389612,40.67487596742767
40.82956667,-73.90795667,41.54877356,41.33681305392406,40.684649275142874
40.8295,-73.90800333,41.42401583000003,41.35297587111113,40.68606531200002
40.82944167,-73.90804,41.42401583000003,41.38778903777779,40.72186610634071
40.82938333,-73.908065,41.42401583000003,41.43531665862501,40.74591984949046
40.82928833,-73.908105,41.42401583000003,41.46566747115386,40.76760359420384
40.82925333,-73.908125,42.013624280000016,41.46098669189875,40.78124183173079
40.82922,-73.908145,41.943554870000014,41.48043535493509,40.78776404598073
40.82919167,-73.90816667,41.943554870000014,41.50396978432434,40.828782580097105
40.82916,-73.90818167,41.943554870000014,41.528126871621645,40.83992156436896
40.829135,-73.90819833,41.943554870000014,41.62112934824327,40.85678336028848
40.82908333,-73.90822167,41.943554870000014,41.6480293096104,40.88105558477275
40.82905833,-73.90823167,41.943554870000014,41.67077058153848,40.86918106257237
40.82902833,-73.90824333,41.943554870000014,41.67077058153848,40.873796773942324
40.82899667,-73.908255,41.943554870000014,41.68313635886078,40.87529803779555
40.82896833,-73.90826833,41.943554870000014,41.68313635886078,40.87316296753166
40.82894333,-73.90828167,41.400089690000016,41.70332941307694,40.87490442708863
40.82892,-73.90829,41.400089690000016,41.68144898189875,40.869955869651925
40.82889833,-73.90829667,41.400089690000016,41.71563702387503,40.87933535400002
40.82879667,-73.908345,41.400089690000016,41.80413909269232,40.92755931041403
40.82876833,-73.908365,41.400089690000016,41.80413909269232,40.94862073740387
40.82874,-73.90838667,41.400089690000016,41.81706649696204,40.95667828134617
40.82871167,-73.90841167,41.400089690000016,41.84936212653848,40.979320402129055
40.82867833,-73.90843,41.36761849999999,41.86115922537502,40.97977151172526
40.82856667,-73.908485,41.36761849999999,41.901272696666695,41.00112238715192
40.82853667,-73.908505,41.36761849999999,41.92120956425002,41.003691602285734
40.82845333,-73.90856833,41.36761849999999,41.97098556215192,41.03033045657145
40.82843333,-73.90858833,41.36761849999999,41.98947903615387,41.0462754791374
40.82841,-73.90860333,41.38983563000002,41.98947903615387,41.050098683750015
40.82838667,-73.908615,41.38983563000002,41.98947903615387,41.0498800202251
40.82836833,-73.90863,41.38983563000002,42.012914042077945,41.071445407767015
40.82826167,-73.908675,42.31953707000002,42.06507687440002,41.109299715176874
40.82821333,-73.90869833,42.31953707000002,42.03638109736845,41.102348275787804
40.828155,-73.90872333,42.34346321000004,42.03053682051951,41.103998229903866
40.82809333,-73.90874833,42.34346321000004,42.01919992512502,41.10068198885716
40.82803333,-73.90877833,42.34346321000004,42.04254927425002,41.10565012636945
40.82798167,-73.908805,42.34346321000004,42.04082074777779,41.11155904601268
40.82793667,-73.90882833,42.34346321000004,42.05526003612502,41.11752794457145
40.82789667,-73.90885333,42.34346321000004,42.04663629594938,41.11222426193039
40.82786667,-73.908885,42.686974220000025,42.06580316759496,41.1428104417143
40.82783667,-73.90891333,42.686974220000025,42.08305003688313,41.15104530326924
40.82779667,-73.90893333,43.06124741000002,42.08117399576925,41.17288995673079
40.827755,-73.908955,43.06124741000002,42.08117399576925,41.176886431885
40.82767,-73.90899667,43.06124741000002,42.09888008265824,41.181369066242056
40.82762333,-73.90901667,42.93648968,42.12503442556963,41.17611743958863
40.82757,-73.90903667,42.93648968,42.13264925493672,41.18433258575952
40.82750833,-73.90905833,42.93648968,42.13257575807693,41.208246448488765
40.82744333,-73.90908833,42.93648968,42.15642649220781,41.2268915142208
40.82731,-73.90916,42.85787521999998,42.18674477350651,41.22271964894232
40.82724667,-73.90919667,42.85787521999998,42.14493321500002,41.21595064428573
40.82719333,-73.90922833,42.85787521999998,42.15799289975003,41.216357551428594
40.82714833,-73.90925167,42.85787521999998,42.18811858307694,41.235425752218674
40.82711333,-73.90926833,42.85787521999998,42.18811858307694,41.24152730678346
40.82703667,-73.90932833,42.647666990000005,42.197577843875024,41.237107828694285
40.82698667,-73.90936,42.647666990000005,42.205552592911424,41.24067432228573
40.82693333,-73.909395,42.647666990000005,42.21972644701301,41.25312585587099
40.82687833,-73.90943,42.647666990000005,42.19344280653849,41.25573604469455
40.82682,-73.90946333,42.53999936000002,42.23005505923079,41.26952787811504
40.82675833,-73.909495,42.234086570000045,42.277951160000015,41.286215943557714
40.82663333,-73.90955,42.234086570000045,42.31132932460529,41.291887305258086
40.82657667,-73.90957833,42.234086570000045,42.31540881207794,41.28644327260452
40.82646333,-73.909635,42.17085320000004,42.32792675545458,41.27168089318184
40.82641333,-73.909665,42.17085320000004,42.321224169615405,41.28664110012864
40.82636667,-73.909695,42.17085320000004,42.30139527153849,41.277773402857164
40.826275,-73.909755,42.13496399000002,42.29753627037978,41.26423972312104
40.82617,-73.909815,42.13496399000002,42.30225227265825,41.26435089257145
40.82606167,-73.909875,42.13496399000002,42.25468233153848,41.24331137713828
40.82600667,-73.909905,43.097136620000015,42.2075192327273,41.253280753301
40.82595333,-73.90993833,43.097136620000015,42.20737781115387,41.25839572585211
40.82589833,-73.90996167,43.097136620000015,42.20531823500002,41.26705068003217
40.825845,-73.90998833,43.097136620000015,42.26622045539475,41.274918489838726
40.82579167,-73.910015,42.94674374000002,42.25117667000003,41.26930112663463
40.82573833,-73.91004667,42.88863740000005,42.223569585384645,41.26277183201925
40.82568333,-73.91007667,42.88863740000005,42.22605200350652,41.25777476723474
40.82562667,-73.910105,42.88863740000005,42.16548515576924,41.2442016009968
40.82556833,-73.910135,42.88863740000005,42.11488312250001,41.23219875277421
40.82550833,-73.91016667,42.88863740000005,42.12030594269232,41.22385417635785
40.82545167,-73.91019833,42.61006877000003,42.08687962222224,41.228385726571446
40.82533167,-73.91025667,42.61006877000003,42.05109270177216,41.20088117085989
40.825275,-73.910285,42.61006877000003,42.02484888888892,41.20174177306964
40.82522333,-73.91031167,42.61006877000003,42.01752432846156,41.20019519971431
40.82517333,-73.91034,42.30928301000006,42.00593373500002,41.20593296549841
40.82502833,-73.91042,42.30928301000006,42.00778701207794,41.16889371461292
40.82492167,-73.910475,41.923046750000026,41.99041203025319,41.183976611346175
40.824865,-73.91050667,41.923046750000026,41.98506866987344,41.165708828173095
40.82480667,-73.91053667,41.923046750000026,41.96460381594939,41.17394344022367
40.82474833,-73.91056167,42.06489457999999,41.9537651092308,41.17113712596156
40.82465333,-73.91057333,41.83076021000002,41.95971278272731,41.138556030645184
40.82461833,-73.910555,41.83076021000002,41.948616168846186,41.12159249771706
40.82459167,-73.91052167,41.84785031000001,41.94074257506332,41.11485537147912
40.82457333,-73.910475,41.84785031000001,41.9516116314286,41.10078617815536
40.82456167,-73.910415,41.84785031000001,41.91342809115387,41.070382645016096
40.82455,-73.91035,41.84785031000001,41.87648718269234,41.04661759314288
40.82453333,-73.91028333,41.84785031000001,41.86321003737503,41.04114876114288
40.82447333,-73.91009167,41.84785031000001,41.77265387000003,41.006081761107616
40.82445167,-73.91002833,41.84785031000001,41.753149793375016,40.99803007223644
40.82435833,-73.90973667,41.80512506,41.54255703612502,40.91008822092359
40.82433,-73.909655,41.96064497,41.5246094565823,40.87687303354433
40.82428,-73.90952667,41.96064497,41.45799627558444,40.82523587617365
40.824265,-73.90948333,41.96064497,41.30838021831171,40.801677915176874
40.82416667,-73.90931,41.77948991000002,41.196955463417744,40.700383018000025
40.82414833,-73.90926667,41.77948991000002,41.196955463417744,40.68797506285716
40.824105,-73.90915167,41.823924170000026,41.076100832692326,40.65868609538464
40.824085,-73.909085,41.823924170000026,41.03536032207794,40.63498416456313
40.824065,-73.90902167,41.823924170000026,41.01455456230771,40.59039449678346
40.822155,-73.91085667,41.136902150000026,40.88409846822788,40.76563068269233
40.82201333,-73.91094,41.136902150000026,40.84707684080002,40.770790578269256
40.821935,-73.91098667,41.06170571000001,40.70772153615386,40.763185766483886
40.82185833,-73.91103333,41.06170571000001,40.65898507506331,40.761571001428585
40.82178167,-73.91108167,40.54216667,40.59776357759495,40.747411151210216
40.82170833,-73.91112333,40.26701606,40.56111915269232,40.75463537968053
40.82164333,-73.91115167,40.26701606,40.53684737637502,40.752781807142874
40.82154,-73.91119667,40.26701606,40.49176197246755,40.740422820418026
40.82149333,-73.91121167,40.26701606,40.441773287692335,40.719969652508055
40.82144833,-73.91122833,40.26701606,40.441773287692335,40.71814540163464
40.82140833,-73.91124833,39.88077980000003,40.42361762189875,40.718330335714306
40.82137333,-73.911265,39.88077980000003,40.40553351153848,40.73409120571431
40.821265,-73.911345,39.88077980000003,40.35084632974028,40.73843268616131
40.82119833,-73.91139333,39.88077980000003,40.297559136153865,40.7340483779743
40.82111667,-73.91144833,39.48428948000003,40.28134545153848,40.769410047909986
40.82102667,-73.91150333,39.48428948000003,40.222362696153866,40.71980511326925
40.82083833,-73.911605,39.11856133999999,40.14156607278483,40.70498525009556
40.82074667,-73.911665,39.21255689000003,40.1504788844304,40.72151506228574
40.82065833,-73.91172833,39.21255689000003,40.12884917461541,40.6834704743087
40.82057167,-73.91178833,39.024565790000025,40.07164923263159,40.67992821326925
40.820485,-73.91184333,39.024565790000025,40.0975173246154,40.67342523225082
40.82031833,-73.91194667,39.39883898000002,40.140275034444464,40.6756533308228
40.82023833,-73.91198833,39.39883898000002,40.12512496392407,40.67967415714288
40.82016667,-73.91202167,39.39883898000002,40.14390160884616,40.67033142958201
40.82010167,-73.91205167,39.30997045999999,40.14584941430381,40.67491239927217
40.82004167,-73.91207833,39.30997045999999,40.15323871925002,40.67647315428574
40.81999167,-73.912095,39.30997045999999,40.16490271250002,40.67542092921138
40.81994667,-73.91211167,39.30997045999999,40.20967877450003,40.67293859124206
40.81991667,-73.91212667,39.30997045999999,40.25246811237502,40.68097202678346
40.81985167,-73.91214833,39.30997045999999,40.256608627307706,40.67014710457145
40.81981333,-73.91215,39.59366612,40.251223942278486,40.64277367855771
40.81977833,-73.91213833,39.59366612,40.25875584500002,40.63267276228297
40.81975,-73.9121,39.59366612,40.25875584500002,40.62719539509617
40.81972833,-73.91203833,39.59366612,40.23989100384617,40.60663493754841
40.81970833,-73.91197333,39.59366612,40.198433710649375,40.57980885167204
40.81968833,-73.91191,39.59366612,40.20849342269232,40.577609332225826
40.81966167,-73.911855,39.06900005,40.19534861467535,40.537363857331215
40.81963,-73.91180167,39.06900005,40.119074260131605,40.51693657756496
40.8196,-73.91174333,39.06900005,40.1104663619231,40.51502518105771
40.819565,-73.91168167,39.19375778000003,40.0546012601266,40.48114144942859
40.8195,-73.911545,38.95620539000001,39.99607224384617,40.427771508571446
40.81946833,-73.91147,38.95620539000001,39.95403224112501,40.37064372015825
40.81942,-73.91132667,38.73745210999999,39.85381295389613,40.33344764163989
40.81940333,-73.91125833,38.73745210999999,39.84248044769232,40.330581435127414
40.81938667,-73.91118833,38.73745210999999,39.83043972063293,40.29341863168791
40.81937167,-73.91112167,38.73745210999999,39.77602625115386,40.27145406057145
40.81935667,-73.91106,38.73745210999999,39.750347280384645,40.25855781685716
40.81933667,-73.91100833,38.73745210999999,39.750347280384645,40.23735487682694
40.819325,-73.91096833,38.73745210999999,39.73433761844159,40.23346780903539
40.819305,-73.910935,38.73745210999999,39.656044985000015,40.20366140541937
40.81925167,-73.91079167,39.08267213000002,39.53944389363638,40.13102612279745
40.81923833,-73.91075667,39.08267213000002,39.52609449384617,40.13102612279745
40.81922833,-73.91072333,39.08267213000002,39.518058652278505,40.11786659432695
40.8192,-73.91063,39.08267213000002,39.50765316101268,40.09717844400002
40.81917,-73.91051,39.17324966000004,39.37324765076926,40.03436064096155
40.81915167,-73.91044167,39.17324966000004,39.31109480868423,40.01260586262138
40.81913833,-73.91037,39.17324966000004,39.320881831538486,40.03087877382168
40.81912833,-73.91030333,39.17324966000004,39.29572871000002,40.00019416962027
40.819105,-73.910185,39.42960116,39.25052287164559,39.96364515196205
40.81909667,-73.91013667,39.42960116,39.28333126662502,39.95435403685716
40.819065,-73.909845,39.42960116,39.17305246653848,39.88600511172526
40.81902667,-73.90968,39.11343431,39.10869667468357,39.843431149714306
40.81898333,-73.90949,39.11343431,39.06580113384617,39.79576064757191
40.818955,-73.9094,39.231356000000005,39.03405079550002,39.80433946031648
40.81892833,-73.90931,39.231356000000005,38.99910370430382,39.78145105371431
40.818905,-73.90922167,39.231356000000005,38.97395280153849,39.76083342299365
40.81888,-73.90913333,39.53555978000003,39.0055891205195,39.70964250601288
40.81885667,-73.90904667,39.53555978000003,38.97309040880002,39.67895725893893
40.818825,-73.90897333,39.53555978000003,38.89625511815792,39.68055549616131
40.81879,-73.90888167,39.53555978000003,38.857680963500016,39.69099232846647
40.81886333,-73.908775,39.53555978000003,38.942730503461554,39.66153744639873
40.81893667,-73.908735,39.53555978000003,38.99998233846157,39.656220268076936
40.81901333,-73.90869833,39.53555978000003,39.03481985000003,39.639163033653865
40.81909333,-73.90866167,39.70816979000003,39.104866773026345,39.62075117203228
40.819175,-73.90862667,39.779948210000015,39.13141220740262,39.6256671939806
40.81939333,-73.90853667,39.89103385999999,39.45129909708864,39.59522817691085
40.819455,-73.90851167,39.89103385999999,39.51594889025002,39.609711220254795
40.81950667,-73.90848667,39.89103385999999,39.52804451807695,39.608674733461555
40.81953833,-73.90846167,39.89103385999999,39.54637629898736,39.59096109461786
40.819565,-73.90844333,39.89103385999999,39.55622127269233,39.602031560668806
40.81962667,-73.90840833,40.01408258000004,39.6940001501266,39.59208189485716
40.819675,-73.90837833,40.17643853000004,39.6940001501266,39.58451305682694
40.81973333,-73.908345,40.17643853000004,39.78301111103898,39.56263931909679
40.81997333,-73.90821833,40.18498358000002,39.91226502269233,39.53166520913463
40.820075,-73.90817667,40.18498358000002,39.97284439064937,39.52395621048546
40.82012667,-73.90815333,40.350757550000026,40.034390945584434,39.52194814729905
40.82019167,-73.908125,40.350757550000026,40.145676350000016,39.51141240893206
40.82026833,-73.908095,40.45500716000004,40.17853693468357,39.5341292348882
40.82034833,-73.90806167,40.45500716000004,40.16789348000002,39.528810546857166
40.82042667,-73.90802667,40.514822510000016,40.19116230846157,39.528065172452244
40.820505,-73.907995,40.514822510000016,40.18049742875002,39.55578035228574
40.82058333,-73.90796167,40.514822510000016,40.23866785662502,39.562909382707026
40.82066,-73.90792667,40.436208050000005,40.28434412341774,39.56743938961541
40.820735,-73.907895,40.436208050000005,40.26046485500002,39.567857356285735
40.82080667,-73.907865,40.436208050000005,40.21309679450002,39.56485091341774
40.82094667,-73.90779667,40.33195844000005,40.22652566923078,39.58367033482317
40.82101333,-73.90776,40.33195844000005,40.23414536116885,39.6084921938907
40.82107167,-73.90772667,40.33195844000005,40.229163797972994,39.620293598387114
40.82113,-73.9077,40.33195844000005,40.2029506719737,39.64498587688105
40.79800333,-73.97117833,38.04359405000002,37.49552768923078,36.74470835105097
40.79795833,-73.97119833,38.04359405000002,37.48978827784811,36.73130369402558
40.797925,-73.971235,38.04359405000002,37.49489502687502,36.71920989673079
40.79765,-73.97144833,37.90174622000001,37.41286119481015,36.72430385115018
40.79758167,-73.97149833,37.90174622000001,37.39675567538464,36.71059337714287
40.79749667,-73.97155167,37.86585701000004,37.391682450632935,36.6992705077143
40.79737333,-73.97164667,37.70350106000004,37.353482665769256,36.68668925086264
40.7973,-73.971695,37.70350106000004,37.34250044116885,36.69688865706454
40.79717167,-73.97181,37.71888215000001,37.25723034615387,36.67112755769233
40.79709167,-73.97185333,37.23010529000001,37.369400154444456,36.69475790750002
40.79705167,-73.97187167,37.23010529000001,37.369400154444456,36.6990236935016
40.79694667,-73.97194833,37.24377737,37.37883298076925,36.702043110384636
40.79688667,-73.97199,37.24377737,37.40861138450002,36.718503652000024
40.796805,-73.97203833,37.24377737,37.43212358896106,36.73629481855308
40.79672833,-73.97208,37.39075223,37.478999291818205,36.769892526398735
40.79668667,-73.97211167,37.39075223,37.47028692615386,36.7692203496154
40.796565,-73.97220333,37.39075223,37.38060498312503,36.68865935429938
40.79652833,-73.97222333,37.39075223,37.37173678962028,36.682310618000024
40.79648667,-73.97224833,37.39075223,37.40462150346156,36.67622871257145
40.79639,-73.97229,37.63001363000001,37.409222684230784,36.70652378403848
40.79637,-73.97229667,37.63001363000001,37.409222684230784,36.71911130000002
40.796355,-73.97230167,37.63001363000001,37.420626612597424,36.71911130000002
40.79637,-73.972295,37.63001363000001,37.409222684230784,36.71911130000002
40.79637833,-73.97230333,37.63001363000001,37.409222684230784,36.67712316293932
40.7964,-73.97230167,37.63001363000001,37.409222684230784,36.67712316293932
40.79642333,-73.9723,37.63001363000001,37.39945065269232,36.644943531624214
40.796455,-73.97229833,37.63001363000001,37.40918357835445,36.6693066383228
40.79648333,-73.97229833,37.39075223,37.3256621577778,36.66135761285716
40.796505,-73.97229333,37.39075223,37.306775751125016,36.66876874828573
40.79662833,-73.97230167,37.39075223,37.21696068222224,36.55852925911394
40.79657667,-73.97234167,37.39075223,37.23444354615387,36.5470836596497
40.79646333,-73.97241833,37.132691720000025,37.25422612734179,36.60018815191084
40.79641,-73.97245,37.132691720000025,37.33342467936711,36.58908547885716
40.79627667,-73.97252667,37.132691720000025,37.3492758719231,36.64599874961292
40.79618333,-73.972585,37.35486301999998,37.35549842115388,36.63278986221156
40.79610167,-73.97264833,36.946409630000005,37.27071564012503,36.60988754268372
40.79602833,-73.97270833,36.946409630000005,37.30917986807694,36.54578285267518
40.79587167,-73.97282167,37.197634100000045,37.33889034961539,36.60944247441937
40.79579167,-73.97288333,37.197634100000045,37.341645233797486,36.59160287771431
40.79571167,-73.972945,36.640496840000026,37.31358718354432,36.560178812707015
40.795625,-73.97300333,37.06945834999999,37.37054697253166,36.61270495214059
40.79540667,-73.97313167,37.06945834999999,37.38484837727275,36.59993524048079
40.79528833,-73.97320667,37.33606391000001,37.46677152666669,36.60927495794306
40.795165,-73.97329167,37.33606391000001,37.50545309346156,36.63992169240386
40.79506,-73.97336333,37.759898390000046,37.56066726269233,36.65774477850321
40.794885,-73.973505,38.29140050000004,37.535860671184224,36.64829523514565
40.79480167,-73.973575,38.30507258000003,37.53214576620255,36.5839684676997
40.79459833,-73.97376667,38.87588191999998,37.55812704481015,36.46989966400002
40.794525,-73.97381333,38.547752,37.62254795473687,36.53415659640778
40.79445333,-73.97386833,38.547752,37.64278738423079,36.53923799750002
40.79440167,-73.973925,38.547752,37.60567119269233,36.497352140675254
40.79433833,-73.97397833,38.547752,37.584003529610406,36.46817350264518
40.79427,-73.97403833,38.08119227000003,37.51767326379749,36.35641054914288
40.79419833,-73.97409333,38.08119227000003,37.51931737468356,36.32959222648736
40.79411667,-73.97415667,38.08119227000003,37.49690554734181,36.36879701057509
40.79403333,-73.97421667,37.68811997000003,37.515207097468384,36.34401363552718
40.79396667,-73.97426,37.68811997000003,37.5392846687342,36.34468619800002
40.79382,-73.97435833,37.68811997000003,37.53908997139242,36.34460257336541
40.79374,-73.974415,36.89855735,37.52558412421056,36.316049560903245
40.79366167,-73.97447167,36.89855735,37.48009297644738,36.28064616067309
40.79359667,-73.97451833,36.91735646000004,37.46914758615386,36.28143383900002
40.793475,-73.97459333,36.807979820000014,37.49966469444447,36.29989547360761
40.79332833,-73.97468333,36.807979820000014,37.55810703425002,36.326812381107615
40.79325333,-73.974735,36.807979820000014,37.570658398076944,36.38412349961663
40.79309333,-73.97484833,37.10534756000001,37.54778139558443,36.3773867308738
40.79303667,-73.97489,37.10534756000001,37.48650117987015,36.32440142771706
40.79293667,-73.97492833,37.52576402,37.43799878493672,36.328699863670906
40.792865,-73.97496667,37.52576402,37.41474410115387,36.30890549657144
40.79282667,-73.97501,37.52576402,37.409205211392425,36.29284080257145
40.79276667,-73.97504,37.52576402,37.384704963846175,36.331007179711555
40.79273667,-73.975035,37.52576402,37.3462055351316,36.3555111530968
40.79270833,-73.97501333,37.52576402,37.37508630500002,36.40050457720259
40.79264667,-73.97494667,37.88123810000002,37.44074618075951,36.48877715670928
40.792615,-73.97490667,37.88123810000002,37.5493834146154,36.5999751688103
40.792585,-73.97486333,37.88123810000002,37.62983373421054,36.664195481915606
40.79254833,-73.97482,37.88123810000002,37.66657346417724,36.68878185009617
40.792515,-73.974785,37.88123810000002,37.66657346417724,36.726374592500015
40.79247,-73.97474,37.62659561000001,37.720185270125015,36.76952980771431
40.79244,-73.97469,37.62659561000001,37.725127421111125,36.818589699116735
40.792415,-73.97464,37.81629572,37.78168826750002,36.889016284617846
40.79238167,-73.97451833,37.81629572,37.79736681177217,36.980049280511196
40.79236333,-73.97446333,37.86414800000006,37.80343432423079,37.01845731524118
40.79233667,-73.97441333,37.86414800000006,37.84658567355266,37.07501538896776
40.79230333,-73.974375,37.86414800000006,37.86451258880002,37.15000162836015
40.79223167,-73.97428833,37.86414800000006,37.88498477576925,37.24632992980771
40.79220167,-73.97423333,37.86414800000006,37.89363383075951,37.258246988000025
40.792175,-73.97418,37.86414800000006,37.92697034227851,37.313922736000016
40.79215833,-73.97411833,37.90003721000002,37.93402271265825,37.33827748485716
40.79213833,-73.974045,37.90003721000002,37.99269622653848,37.42185185783441
40.79213,-73.97396167,37.95985256,38.00498391618422,37.49271021295456
40.79206,-73.97381667,37.95985256,38.05406721384617,37.560908276923094
40.79196667,-73.97366167,38.17518782000002,38.07014779287501,37.688860901550655
40.79188833,-73.973515,38.22133109000001,38.06889189539475,37.79311382629034
40.79183667,-73.97343667,38.39735912000003,38.136352816447385,37.88178742464287
40.79178333,-73.97335,38.39735912000003,38.14021884615386,37.902177567571904
40.79173667,-73.97326167,38.39735912000003,38.16960649620255,37.948209590285735
40.791715,-73.97318,38.39735912000003,38.1745171958228,37.97886393557327
40.79168,-73.97311,38.51528081000001,38.18947339076925,38.02327216826925
40.79157,-73.97281833,38.549461010000016,38.22040086936711,38.11361991834397
40.79155,-73.97277167,38.549461010000016,38.21293373222223,38.128076471550656
40.791525,-73.97272333,38.549461010000016,38.23213290961541,38.13458933800002
40.791495,-73.97268333,38.549461010000016,38.23182616423079,38.15101989080387
40.79143833,-73.97261167,38.53749794000001,38.22344486552633,38.17573360061292
40.79132667,-73.97249,38.54091596000004,38.26009056038463,38.2111263283654
40.791295,-73.972365,38.575096160000015,38.26492166151901,38.229078602000016
40.79126667,-73.97228333,38.575096160000015,38.28049744886077,38.2162748151911
40.79122667,-73.97219667,38.575096160000015,38.29812698807695,38.217326967211555
40.79120333,-73.972105,38.575096160000015,38.30076760544305,38.22176929769233
40.791125,-73.97191167,38.81093953999999,38.3320922444304,38.231732103089186
40.79108167,-73.97181333,38.18885990000001,38.35117202923078,38.22206041273887
40.79104,-73.971715,38.18885990000001,38.349304457236855,38.22709210758066
40.79095,-73.971535,38.48110061000003,38.36570914259742,38.208387530288476
40.790905,-73.971445,38.48110061000003,38.35677554075951,38.19728482789139
40.79085833,-73.97135667,38.48110061000003,38.36035248038463,38.195481626848895
40.790815,-73.971265,38.622948440000016,38.357332306842125,38.18252002419357
40.79071167,-73.971075,38.622948440000016,38.35494061538463,38.17554818632589
40.79067167,-73.970975,38.27089238000002,38.33587802607595,38.14704864585445
40.790635,-73.97087833,38.27089238000002,38.31164569538462,38.13837585380193
40.79059667,-73.97078167,38.27089238000002,38.33403697025975,38.125862823987156
40.79055167,-73.970685,38.32558069999999,38.324704284615386,38.087798250961555
40.79050333,-73.97058833,38.32558069999999,38.32895599475002,38.0740613848243
40.79045667,-73.97049167,38.32558069999999,38.331386951923086,38.038010917652755
40.79042167,-73.97039833,38.49819071000002,38.287139072467546,38.00483260061293
40.79038667,-73.97031,38.49819071000002,38.33861737884616,37.978821475480785
40.79033667,-73.97022667,38.49819071000002,38.340854976875015,37.932942434285735
40.79029,-73.970155,38.51015378000005,38.33812786202532,37.90310689675161
40.79028333,-73.97006667,38.61269438000002,38.3180435276923,37.88006963948884
40.79024667,-73.96998833,38.61269438000002,38.302498248481015,37.83004351563294
40.790195,-73.96984667,39.05020094,38.33730275576924,37.74971531124602
40.79017667,-73.96978667,39.05020094,38.31227638164557,37.730415246146514
40.790145,-73.96971,39.05020094,38.291272324250016,37.65366849857145
40.79011833,-73.96966333,39.05020094,38.28296361518988,37.627355170000016
40.790125,-73.96963167,39.05020094,38.28296361518988,37.60748182514288
40.79011167,-73.96959167,39.05020094,38.28417007307693,37.60388863636945
40.79010167,-73.96955167,39.05020094,38.283210568961046,37.59355291826369
40.790095,-73.96950833,39.05020094,38.29508485922079,37.5882775176206
40.79008333,-73.969455,39.05020094,38.32134235520002,37.520593028327994
40.79005667,-73.96939333,38.68789082000004,38.28256691584416,37.42777345305468
40.79003333,-73.969325,38.68789082000004,38.28548642592106,37.386672657741954
40.78999333,-73.969255,39.05190995000001,38.21036313974685,37.34951758616615
40.78995167,-73.96919333,39.05190995000001,38.20969251556964,37.28568880571431
40.789935,-73.96912,38.94766034000003,38.16385210810128,37.227220655286644
40.789925,-73.96903667,38.94766034000003,38.14213956168832,37.140698239517704
40.7899,-73.968955,38.94766034000003,38.132002451923086,37.06880313849842
40.789865,-73.96887167,38.94766034000003,38.08860510087502,37.020430445286635
40.789815,-73.96879333,38.54604298999999,38.07138682512501,36.91050960348103
40.78978167,-73.96871833,38.54604298999999,38.065876911153865,36.834055829267534
40.789765,-73.96864167,38.54604298999999,38.00813750075951,36.77468396485716
40.78973667,-73.96856,38.5990223,38.00208309657896,36.739131131428586
40.78971667,-73.96849,38.5990223,37.95757388000002,36.67450777702877
40.78969333,-73.96843167,38.5990223,37.8669744396154,36.55538923054142
40.78967333,-73.96837167,38.5990223,37.83141721354433,36.502164687714306
40.78965667,-73.96830667,38.5990223,37.76534991556965,36.43165689965191
40.78962333,-73.968145,38.5990223,37.75333579160003,36.326808329260466
40.78959833,-73.96806833,38.5990223,37.574345477600026,36.171707728365405
40.78956,-73.96799,38.22816713000003,37.46814596857145,36.07908430739552
40.789525,-73.96791667,38.22816713000003,37.38569009911394,36.01631087238855
40.78949,-73.967845,38.22816713000003,37.35940595797471,35.94637293400002
40.789415,-73.96769333,37.85731196,37.14848910730772,35.75841762096156
40.78934833,-73.96754333,37.85731196,36.86811560937503,35.60278054257144
40.789315,-73.96747,37.542854120000015,36.76045203556964,35.491595818025495
40.789275,-73.967395,37.542854120000015,36.609478308500016,35.37664040334397
40.78923167,-73.967315,37.542854120000015,36.54777763924053,35.325940544249214
40.78919167,-73.967235,37.08142142,36.50608431324678,35.246543657781366
40.78914333,-73.96715833,37.08142142,36.13109792600002,35.060095320096174
40.78902333,-73.96701167,37.08142142,35.85574081062502,34.86339771142859
40.78897167,-73.96693833,36.53966525000001,35.62910472200002,34.75241817391169
40.788935,-73.966875,36.18419117000002,35.48889838555558,34.65356926142859
40.78891167,-73.96682833,36.18419117000002,35.42971733759496,34.629695143734196
40.78889333,-73.96679167,36.18419117000002,35.34957477387502,34.5717265847604
40.78883667,-73.96674333,36.18419117000002,35.186617618571454,34.492426131747585
40.78879667,-73.96677167,36.18419117000002,35.26689669870132,34.53821056138712
40.78876333,-73.96681333,36.18419117000002,35.29832472675327,34.54196444501609
40.78729833,-73.96837667,36.026962250000025,35.24399770658229,34.90397287451925
40.787375,-73.96869667,36.28673177000002,35.854593254230785,35.33121933331192
40.78742667,-73.96877667,36.28673177000002,35.9320902846154,35.4056258937143
40.78762167,-73.96903167,36.026962250000025,36.378663191038974,35.81662255769232
40.78766667,-73.96911667,36.026962250000025,36.48774595886078,35.90011573000002
40.78771167,-73.96919833,35.81333600000002,36.63173545962027,35.980542283142874
40.787745,-73.96928,35.81333600000002,36.65066436784812,36.088070312692324
40.78779167,-73.96934667,35.81333600000002,36.73853186818183,36.15059534116131
40.78783167,-73.96941,35.81333600000002,36.8405841796104,36.23593405797429
40.78786333,-73.969485,35.81333600000002,36.958328310129886,36.403326073592254
40.78789833,-73.969555,36.38243633000002,36.98104994807694,36.476453720383404
40.787925,-73.96962667,36.38243633000002,37.01267649275002,36.50823574228573
40.78798667,-73.96976667,36.22862543000002,37.15434639101267,36.729769407092675
40.78803,-73.969845,36.22862543000002,37.19945127518989,36.779851462373436
40.78806667,-73.96992833,36.22862543000002,37.25183413142859,36.909245531511274
40.788125,-73.97008667,36.98400785000004,37.36966731912501,37.06801518600002
40.78816,-73.970165,38.43837536000001,37.40027076670888,37.11628522400002
40.7882,-73.97024,38.32216268000002,37.4156424269231,37.1745322413505
40.78823167,-73.970315,38.32216268000002,37.44802715972976,37.26682161701925
40.78826167,-73.97040333,38.32216268000002,37.54040607864867,37.40855989509617
40.78829,-73.97048667,38.32216268000002,37.58858109269233,37.456927069134636
40.78838167,-73.97074667,38.32216268000002,37.71829056961541,37.641217746677334
40.78848833,-73.97101,38.58193220000001,37.83457563708863,37.78258359280256
40.78852333,-73.97111,37.96497959000001,37.885014801111126,37.86981044768989
40.788555,-73.97120833,37.96497959000001,37.9190773342308,37.92076991144233
40.78861167,-73.971385,38.09657336000004,37.99333162769233,37.98946992240386
40.78865167,-73.97147333,38.09657336000004,38.01007609137501,38.01257524549523
40.78871833,-73.97157333,38.14613465000002,38.022516260000025,38.03099903096465
40.78881,-73.97175667,38.14613465000002,38.10923756230771,38.1278191183923
40.78884333,-73.97184167,38.14613465000002,38.10784417278483,38.1284349668153
40.788905,-73.97201167,38.14613465000002,38.16736581269232,38.19306669384617
40.78893333,-73.972085,38.14613465000002,38.18799457848103,38.19372192528483
40.788945,-73.97214667,38.23671218000001,38.20034094153848,38.22458923487098
40.78896333,-73.972195,38.29481852000001,38.20660731153848,38.22901615740386
40.78900167,-73.97232333,38.29481852000001,38.25786117875002,38.254341107993646
40.78901667,-73.97239667,38.549461010000016,38.25245643462502,38.244566006210206
40.78904667,-73.97247167,38.549461010000016,38.24590622113925,38.24700964342859
40.7891,-73.97264167,38.72548904000004,38.21193153500002,38.28942771996787
40.789125,-73.97273,38.72548904000004,38.19101280870131,38.2835038846624
40.78919833,-73.97289667,38.72548904000004,38.17490298500001,38.26637688073484
40.789255,-73.97297167,37.89832820000004,38.19041553730771,38.26698451636945
40.78931833,-73.97313167,37.89832820000004,38.14818978860762,38.264633266942695
40.78933833,-73.97320333,38.36488793000001,38.126902879240525,38.25818127686903
40.78936,-73.973335,38.36488793000001,38.14935547653848,38.275592157500014
40.78936833,-73.97338,38.36488793000001,38.14414792587502,38.26633683423569
40.78922833,-73.97349167,38.24183921000002,38.15610017584417,38.290224168441576
40.78921333,-73.97349333,37.300174700000014,38.15610017584417,38.287573202524285
40.78901167,-73.97368167,37.300174700000014,38.15052615670888,38.36699425761148
40.78907833,-73.97369667,37.300174700000014,38.1425651987342,38.34567385271568
40.78913333,-73.973715,38.11537247000004,38.116862376153854,38.32571301045163
40.78918333,-73.97373333,38.11537247000004,38.12212305950002,38.3142816402548
40.789225,-73.97375667,37.647103730000026,38.12248973949369,38.31549482828573
40.78928333,-73.973815,37.647103730000026,38.12512015666669,38.289848329525334
40.78929,-73.973865,37.647103730000026,38.13323162450001,38.29115013547772
40.78931167,-73.97394167,37.647103730000026,38.13574742038962,38.2767892835144
40.78931333,-73.97401833,37.647103730000026,38.13936350911394,38.280434352500016
40.78931833,-73.97409667,37.647103730000026,38.13175760337502,38.26693181714287
40.78933,-73.97415667,37.647103730000026,38.11900682037976,38.28305683015925
40.78934333,-73.97421667,37.647103730000026,38.12318199670888,38.25345938945861
40.78938167,-73.97426833,37.412969360000034,38.11985050886077,38.242918296442326
40.78941167,-73.97432167,37.412969360000034,38.1143557172152,38.22974050428573
40.78943833,-73.97437833,37.412969360000034,38.10564425923078,38.23541398971156
40.789465,-73.97443833,37.412969360000034,38.1138632144156,38.22474359706453
40.78948833,-73.974495,37.73768125999999,38.10921565192309,38.185304940096174
40.78951167,-73.974545,37.45569461000002,38.09109576384617,38.14665335910545
40.78954333,-73.97463167,37.45569461000002,38.07901328225002,38.12658204677318
40.78955333,-73.97467167,37.45569461000002,38.082014325443055,38.12355715367414
40.78956667,-73.97469833,37.45569461000002,38.06434631428573,38.12335332759618
40.78958833,-73.97479167,37.214724200000006,38.052341482763175,38.09500306834418
40.78956667,-73.97487833,37.214724200000006,38.01745081594596,38.07968236796118
40.78957333,-73.97493667,37.214724200000006,37.98668623649352,38.03009895485439
40.78959,-73.97499667,37.214724200000006,37.97365956184212,38.00732996038711
40.78959333,-73.975025,37.214724200000006,37.97365956184212,37.99986219864079
40.7896,-73.97506,37.214724200000006,37.968112775000016,37.992718136923095
40.789595,-73.97509,37.214724200000006,37.95413394961541,37.97131716875002
40.78965333,-73.97522667,37.214724200000006,37.94740120142859,37.90930762758845
40.78966833,-73.975305,37.214724200000006,37.93006695714287,37.83719225136366
40.78968833,-73.97537833,37.197634100000016,37.917872263076944,37.818411375466255
40.78971667,-73.97544667,37.197634100000016,37.90639732316457,37.77123211028573
40.78973833,-73.97551667,37.197634100000016,37.89339586734179,37.748814395431324
40.78975833,-73.97558667,37.49329283000003,37.86590027607596,37.694463858386094
40.78980833,-73.97571333,37.68811997,37.820739146000015,37.596709705828054
40.78983833,-73.97578,37.68811997,37.79507736207794,37.55916138316131
40.78991167,-73.97591667,38.36488793000001,37.73789759037976,37.37060218828574
40.78994333,-73.97599333,38.36488793000001,37.7057578296154,37.311202141107614
40.79001,-73.97615167,38.36488793000001,37.681994167922085,37.20804701028848
40.79005333,-73.97622,38.16835178000002,37.62851247256759,37.05184835699032
40.790105,-73.97627167,38.16835178000002,37.60737479623379,36.97391315106111
40.790225,-73.97659,38.065811180000026,37.502465238101294,36.688142953714305
40.79027,-73.97669333,37.706919080000006,37.42213392612503,36.57594212680513
40.79032333,-73.97678667,37.43347748000002,37.4059818887342,36.454372087428595
40.79040167,-73.97698333,36.97204478000003,37.295372165569646,36.208215278726136
40.790445,-73.97708667,36.97204478000003,37.244424022432455,36.085403797749215
40.79048667,-73.97719167,36.97204478000003,37.02284285355265,35.81055053564937
40.79052667,-73.9773,36.77721764,36.86171628632914,35.686891170384634
40.79056167,-73.97739833,36.66271397000003,36.85150549240508,35.546844374000024
40.79058167,-73.97749,36.66271397000003,36.704212238461565,35.382013646057715
40.79061,-73.977585,36.66271397000003,36.543349609220805,35.22757006603228
40.79063,-73.97768667,36.66271397000003,36.386849469746856,35.076421738857164
40.79066167,-73.97778167,36.77721764000003,36.30840114038464,34.92831452431312
40.79068167,-73.97787333,36.77721764000003,36.22598619936712,34.78266646760385
40.790735,-73.97805167,36.57042743000005,35.88844590784813,34.47975127022366
40.790755,-73.97813667,36.57042743000005,35.79955575481015,34.396094697714304
40.79077167,-73.97821167,36.57042743000005,35.67490619000002,34.23251802628574
40.79080667,-73.97835333,36.29698583000001,35.51653071898736,34.02908615657145
40.790805,-73.978375,36.29698583000001,35.49478091807694,33.99344173015926
40.79087833,-73.97845,35.979109970000025,35.43140555740262,33.82851807846156
40.79089833,-73.97847833,35.979109970000025,35.27007590120002,33.7814326619231
40.79091167,-73.978525,35.979109970000025,35.015250816973705,33.53391231504825
40.79090167,-73.97866167,35.979109970000025,34.95811710974685,33.42487713293932
40.79087,-73.97873167,35.979109970000025,34.86671752430382,33.380910205142875
40.79083333,-73.978865,35.02548239000001,34.85760502307694,33.28634561115387
40.79077333,-73.97898167,35.55356648000003,34.699696881153855,33.10909248964859
40.79072333,-73.97909167,34.639246130000004,34.60335692000002,32.93845357424922
40.790715,-73.979125,34.639246130000004,34.54437471237502,32.90081519835445
40.79069,-73.97918,34.639246130000004,34.545877938101285,32.88631348445862
40.79055667,-73.97936167,34.251300860000015,34.3523322044156,32.686496901850674
40.79054167,-73.979385,34.251300860000015,34.264795380519494,32.68273642538463
40.79051,-73.97941833,34.251300860000015,34.224878665921075,32.62130518451926
40.79047667,-73.97944833,34.251300860000015,34.26892363844157,32.654029141650504
40.79039,-73.97951833,34.251300860000015,34.352348780379764,32.648357988571455
40.79034333,-73.97955,34.251300860000015,34.38447546425002,32.72375959905065
40.790295,-73.97958333,34.251300860000015,34.41900017037977,32.73136505869429
40.79024667,-73.979625,35.08358873000003,34.37850312329115,32.70689464799365
40.790195,-73.97967167,35.08358873000003,34.340190478888914,32.668351980538
40.79012333,-73.97973167,35.08358873000003,34.33166759607596,32.67156603681531
40.79006833,-73.97979,35.08358873000003,34.292340194729746,32.60280410154343
40.79000667,-73.97984167,35.53305836000001,34.27007687527029,32.69024386720259
40.78990333,-73.97995667,35.34677626999999,34.0934013158228,32.58669267044306
40.78984833,-73.98001167,35.34677626999999,34.035511306202544,32.54598645805734
40.78978833,-73.98006167,35.34677626999999,33.97738333316457,32.52664307735671
40.7897,-73.98013,36.380727320000005,34.02051877884617,32.577463913428595
40.78963,-73.980175,35.26816181000004,34.10809458615386,32.6340278790997
40.78955167,-73.98021833,35.26816181000004,34.154229092000016,32.70526776861738
40.78946833,-73.98027833,36.15513800000002,34.02966924736844,32.68917751303228
40.78930333,-73.98041167,36.15513800000002,33.80443747025002,32.61436862888537
40.78926,-73.98045,34.49056226000002,33.76295125250002,32.594633373280274
40.78920667,-73.98049333,34.97933912000002,33.82106300075951,32.54183115794306
40.789145,-73.98056,34.97933912000002,33.72228458272728,32.552550415209026
40.78911833,-73.980585,34.97933912000002,33.78365357818184,32.615215970580664
40.78894667,-73.98061833,34.97933912000002,33.79042358825002,32.681591399778505
40.78886833,-73.98062167,34.466636120000004,33.861667942625026,32.762492729428594
40.788785,-73.98063333,34.466636120000004,34.011087606329134,32.853947670830685
40.788705,-73.98063833,34.466636120000004,34.2121267996104,33.04423096854371
40.78862667,-73.98064333,34.59822989000003,34.31231473649353,33.1192273580386
40.78853,-73.980645,34.59822989000003,34.1844741869231,33.155330163662434
40.788475,-73.98064,34.59822989000003,34.23120376772154,33.22058879085716
40.78842,-73.980645,34.59822989000003,34.27892624949368,33.27201642828573
40.78840667,-73.98064167,34.77596693000001,34.27892624949368,33.27201642828573
40.78836333,-73.98063333,34.77596693000001,34.396216143846175,33.313424474076456
40.78830833,-73.98063,34.77596693000001,34.5201631896154,33.424572750096175
40.78823833,-73.98062333,34.77596693000001,34.68952700315792,33.56169313006495
40.78811333,-73.98061,35.38950152000004,34.72065125189876,33.678077204285735
40.78805667,-73.980605,35.38950152000004,34.73782788405066,33.66978571531849
40.788,-73.98059667,35.38950152000004,34.806921373625016,33.74238054136945
40.78794167,-73.98060667,35.38950152000004,34.825593119113954,33.81424461057144
40.78782333,-73.98063,35.40146459000002,35.04719558115387,33.99879878058255
40.7878,-73.98064333,35.40146459000002,35.07846170000002,34.01891974621361
40.78771833,-73.98068167,35.40146459000002,34.993854607532484,34.05699744887099
40.78763667,-73.980705,35.40146459000002,34.993854607532484,34.0559996075484
40.78753333,-73.980735,35.41513667000004,34.9830234792208,34.112237062419375
40.78746333,-73.98073333,35.41513667000004,34.99267827597404,34.12850102495147
40.78732833,-73.9807,35.47666103000003,35.435394135200006,34.37004397738711
40.787285,-73.98068667,36.11924879000003,35.389888895600016,34.42846275240387
40.78726,-73.98063667,36.11924879000003,35.525378631519,34.51033951720259
40.787235,-73.98057167,36.11924879000003,35.547102916538485,34.58680020528665
40.78722,-73.98051,36.11924879000003,35.73890861450002,34.64872435371431
40.7872,-73.98042833,36.11924879000003,35.82326962062501,34.80128740514288
40.78715167,-73.98025833,36.11924879000003,36.23541649605264,35.12217376545163
40.78712,-73.98017333,36.11924879000003,36.3936763573077,35.22559932285716
40.78709167,-73.98009833,36.64562387000001,36.5840775996154,35.37640275006391
40.78704167,-73.98001833,36.79772576000002,36.76053856772153,35.494553764089474
40.78701,-73.97992667,36.79772576000002,36.95458220346155,35.59573291085716
40.786625,-73.97954167,38.445211400000005,37.71671884620255,36.370348077738875
40.78658167,-73.97945,38.445211400000005,37.92004139115386,36.49832244757963
40.78655,-73.97933833,38.445211400000005,38.056600281948064,36.63746348463024
40.78650167,-73.97914167,38.99722163000004,38.31560786949369,36.83561061775318
40.78647667,-73.97905,40.03800872000002,38.37216217769233,36.93948017144696
40.78642333,-73.97899,40.03800872000002,38.38102364779223,37.00454915466021
40.78637667,-73.97892333,40.03800872000002,38.645210543947385,37.14743330948389
40.786345,-73.978815,41.23773374000001,38.67112521556964,37.24895917596156
40.78630167,-73.97878333,41.23773374000001,38.67112521556964,37.26706533537977
40.78607,-73.97873167,41.35223741000004,38.82900312670888,37.40349113628574
40.786015,-73.978635,41.35223741000004,38.90962391230771,37.48507643576925
40.78599,-73.97858667,41.80683407000001,38.9435452238158,37.5132276047097
40.78597333,-73.97852667,42.013624280000045,38.92158129129872,37.55726805321546
40.78597333,-73.97847167,42.013624280000045,39.08976569205482,37.64984816625409
40.78598667,-73.97842667,42.013624280000045,39.11110174229732,37.67631027269233
40.78601833,-73.97837833,41.27362295000003,39.12138009675326,37.719131034951474
40.78605833,-73.97833833,41.27362295000003,39.10221619307693,37.734170418370624
40.78609667,-73.97829833,41.27362295000003,39.068230995500016,37.73251082657144
40.78613833,-73.97826,41.27362295000003,39.06112562417724,37.739199166645385
40.78622167,-73.97820833,41.27362295000003,39.0207367422785,37.69315991668792
40.78626333,-73.97817167,41.02752551,38.97224054555557,37.71295183138803
40.78630167,-73.97814,41.02752551,39.00433889949369,37.730628202857154
40.786335,-73.97811333,41.02752551,39.00433889949369,37.732537901879006
40.78635833,-73.97809,41.02752551,39.00433889949369,37.766547592893914
40.78637,-73.97807167,41.02752551,39.06846737155846,37.766547592893914
40.78638167,-73.97805167,41.02752551,39.100149605600016,37.78878120852092
40.78639833,-73.97793667,39.77311216999999,39.14956453423079,37.90979510580647
40.78641333,-73.97791833,39.77311216999999,39.15578224610391,37.92534158387099
40.78644167,-73.9779,39.77311216999999,39.16582895868422,37.90939266151615
40.78647333,-73.97787167,39.77311216999999,39.13034912692309,37.90232136759617
40.78656833,-73.97779,39.31167947,39.08711555600002,37.91148866554141
40.78662167,-73.97773833,39.01089371000003,39.06545223177217,37.91258080085716
40.78671833,-73.977645,39.01089371000003,39.0927747587342,37.95710186771431
40.78677,-73.97759167,39.01089371000003,39.11196944428574,38.01292558990324
40.78683,-73.97755167,38.51357180000002,39.14270942935067,38.01683599278848
40.78694167,-73.97741167,38.28285545000003,39.06531910538464,38.05392455134187
40.786885,-73.97711,38.28285545000003,39.23871423750003,38.267507979868874
40.78686,-73.97702833,38.28285545000003,39.19591068870131,38.31684269725808
40.78683,-73.97695333,38.28285545000003,39.19941065923079,38.333612500990434
40.78680667,-73.97687833,38.07606524000005,39.24833793481014,38.35540428085716
40.78677667,-73.97682333,38.679345770000026,39.26782930202533,38.377558551910845
40.78674,-73.97677667,38.679345770000026,39.28661399000001,38.40783019714288
40.78671333,-73.97672333,38.679345770000026,39.33216595696205,38.4331172876997
40.786695,-73.97667,38.679345770000026,39.33292002285717,38.48175113638712
40.78668667,-73.97662,38.54262497000002,39.34094897037976,38.48707395485625
40.78668,-73.976585,38.54262497000002,39.34094897037976,38.48852615028483
40.78667333,-73.97655667,38.54262497000002,39.36041870455698,38.49509821571431
40.78665667,-73.97648833,38.54262497000002,39.36476833192309,38.52341504028848
40.786655,-73.97643167,38.54262497000002,39.361326210500025,38.51647062708863
40.786645,-73.97637667,38.41786724000002,39.36638970038463,38.53437571019232
40.78663833,-73.97632667,38.41786724000002,39.40054799000002,38.5444696157143
40.78663,-73.97628667,38.41786724000002,39.36747107493672,38.53899602787976
40.78661833,-73.97625,38.41786724000002,39.36747107493672,38.56880066948884
40.78657667,-73.97610167,38.41786724000002,39.4207493646154,38.59343953400001
40.78654833,-73.97605,38.41786724000002,39.46940594987344,38.610691463821674
40.78648333,-73.97594,39.16983164000001,39.517505623076936,38.61898266038463
40.78643,-73.975825,40.026045650000015,39.56938486103898,38.62834647805827
40.78641167,-73.97576667,40.026045650000015,39.6105945568919,38.63278351690324
40.78638667,-73.97571167,40.026045650000015,39.61333083246754,38.63101540681674
40.78635667,-73.97566833,40.026045650000015,39.60606739769233,38.624142555961555
40.78631667,-73.97558167,40.09611505999999,39.630324384500014,38.610643568000015
40.7863,-73.97554167,40.09611505999999,39.66132155337501,38.615992660445876
40.786285,-73.97549833,40.09611505999999,39.68454272675002,38.61718663485716
40.78627,-73.975455,40.09611505999999,39.72489672537502,38.61351078605097
40.786235,-73.97537333,40.78484609000003,39.73280982025318,38.60222872828574
40.78622,-73.97533333,40.78484609000003,39.71582788544306,38.60826524154343
40.78619667,-73.97529333,40.87371461000001,39.726498922250016,38.60276246565497
40.78618167,-73.97525167,40.87371461000001,39.761992788481024,38.60315647657145
40.78615667,-73.97520833,40.87371461000001,39.76890373287502,38.60084524400002
40.786135,-73.97516667,40.87371461000001,39.79621545333335,38.58789210196204
40.78613167,-73.975115,40.87371461000001,39.81867134797469,38.58799537560511
40.78611167,-73.97506333,40.87371461000001,39.818507748125015,38.57433660000002
40.78597833,-73.97494833,41.73163763000002,39.93542373012988,38.577750932815555
40.78594,-73.97487833,41.73163763000002,39.99542019080001,38.54047775230771
40.78590333,-73.97480833,41.73163763000002,39.926013077662354,38.53862995305468
40.78587,-73.97473833,40.90105877000002,39.90868641898735,38.51682163171431
40.785835,-73.97466333,40.90105877000002,39.92389444468356,38.51168260683708
40.78576,-73.97450167,41.131775120000015,39.97357027884617,38.46050595784812
40.78572333,-73.97441833,41.131775120000015,39.93872873118423,38.442548652161314
40.78568667,-73.97433167,41.54022851000002,39.9086717196154,38.39804490108282
40.78565167,-73.974245,41.43085187,39.93854001139242,38.3488156162102
40.78561667,-73.974165,41.43085187,39.93579261556963,38.298371746487355
40.785585,-73.97408167,41.43085187,39.94561262807694,38.293487464134635
40.78555667,-73.974005,41.43085187,39.93011322200001,38.25307141720259
40.78553333,-73.97393,42.04951349000001,39.91260433756759,38.16705624016131
40.78551167,-73.97386333,42.04951349000001,39.83246142636365,38.15912312600002
40.78548667,-73.97380167,42.04951349000001,39.797958546153865,38.14009032389778
40.78545833,-73.97374167,42.04951349000001,39.78029877615386,38.10027801775318
40.785435,-73.97367833,41.96064497,39.73745794887502,38.09409393914288
40.78541167,-73.97362,41.96064497,39.74090390461541,38.0268674537143
40.785385,-73.97357,41.96064497,39.70952823384617,38.005788346357846
40.78537167,-73.973515,41.96064497,39.68514312894738,37.957658411677436
40.78535833,-73.97347167,41.96064497,39.6015405458228,37.93055837576925
40.78534667,-73.97344,40.93865699000003,39.6015405458228,37.88963666342859
40.785295,-73.973295,40.93865699000003,39.52900145412501,37.825738541075964
40.78527333,-73.973245,40.93865699000003,39.52987029101268,37.83061548213377
40.78524833,-73.97318333,40.93865699000003,39.4620074508861,37.750463569714306
40.78521833,-73.97311833,40.11491417000002,39.45337392730772,37.7373864148243
40.78518833,-73.97305167,40.11491417000002,39.37777598662339,37.693285590548406
40.78515667,-73.97297333,39.41934710000001,39.29522477115387,37.594234324180086
40.78509,-73.972815,39.43131017000002,39.24763541576925,37.47876073206453
40.785065,-73.97273667,39.43131017000002,39.16505972896106,37.451347899678474
40.78503833,-73.97266833,39.43131017000002,39.08919335236844,37.38588897003218
40.78500333,-73.97260833,39.43131017000002,38.91851722210529,37.310978084642876
40.78498,-73.97254333,39.43131017000002,38.85739353909093,37.24998146096465
40.78495833,-73.97247167,39.43131017000002,38.83105826531647,37.179220195428584
40.78494667,-73.97240333,39.43131017000002,38.76157294734179,37.16020514297126
40.78492333,-73.972345,38.97671351,38.699106198125016,37.106075371829675
40.78488833,-73.97221667,39.192048770000014,38.57182957126584,37.00393360035034
40.78485667,-73.97215333,39.192048770000014,38.47242409769233,36.96760244951925
40.78481833,-73.97209167,38.69301784999999,38.37044762075952,36.883149046464986
40.78474167,-73.97187667,38.69301784999999,38.01986017362502,36.687714344857156
40.784715,-73.9718,38.20765900999999,37.98938165683547,36.62672035102896
40.78469167,-73.97172333,38.20765900999999,37.91286588246755,36.55956889700966
40.78466833,-73.97164333,38.20765900999999,37.48275023584417,36.430118804519246
40.78464167,-73.97157833,38.648583590000015,37.46786006276317,36.36531857611653
40.78462167,-73.97151167,38.648583590000015,37.376685763076935,36.312087562596176
40.78457833,-73.97139667,38.648583590000015,37.24112621346156,36.22383146584666
40.78456,-73.971345,38.648583590000015,37.08858195556964,36.146894217788486
40.78453667,-73.97129167,38.648583590000015,36.89105546194806,36.0808732460968
40.78451667,-73.971235,38.14955266999999,36.80396253675325,35.99529885572349
40.7845,-73.97117833,38.14955266999999,36.7555482696154,35.95169505480893
40.78448167,-73.97112333,38.14955266999999,36.59078785777779,35.93165917171431
40.78446667,-73.97105667,38.14955266999999,36.51335087807694,35.82788169533548
40.78445333,-73.97099,37.24206836000002,36.45369555708862,35.791505302197464
40.78443833,-73.97091333,37.24206836000002,36.31580630262502,35.70981109677217
40.784425,-73.97083333,37.24206836000002,36.21538060250002,35.65740112271567
40.78440833,-73.97076167,37.24206836000002,36.03646861812502,35.568713533598746
40.784385,-73.97071667,36.72423833000005,36.00152179734179,35.52074375313293
40.78420667,-73.97043167,36.93615557000001,35.554942565974045,35.235231565534
40.78418333,-73.97039667,36.93615557000001,35.43719213689191,35.19006224403849
40.78416833,-73.97033,36.93615557000001,35.053657960270286,35.05401734406453
40.78416667,-73.970265,36.93615557000001,34.984244200649364,34.98524045873788
40.78426,-73.97013833,36.21837137000003,35.04170716848104,34.97421209000002
40.78429833,-73.97010667,36.21837137000003,34.98514975400002,34.96726211600002
40.78434,-73.97007,36.21837137000003,35.00756943333335,34.96096726250001
40.78437833,-73.970035,36.21837137000003,34.99707009875002,34.91830847400002
40.78441833,-73.96999833,36.27818672000001,34.92570249846156,34.92029715110762
40.78445667,-73.96996333,36.27818672000001,34.93581344759496,34.909675052115404
40.78458833,-73.96984667,34.32820631000004,34.70523167194807,34.80116795848877
40.78464667,-73.96979833,34.32820631000004,34.788196339220804,34.820142915176866
40.78477833,-73.969695,34.757167820000035,34.80428457670889,34.81787316562302
40.78485,-73.969635,34.358968490000024,34.78367938538464,34.84021041773165
40.78492,-73.96957833,34.80502010000001,34.70689263974686,34.78025578312104
40.78498667,-73.96952667,34.80502010000001,34.702124381038985,34.78740245993571
40.78504667,-73.96947667,34.80502010000001,34.68450071480002,34.75485433700966
40.78510333,-73.96943667,34.80502010000001,34.63663642554055,34.74311411640779
40.78515,-73.96940667,34.80502010000001,34.69577662961041,34.72822455418008
40.78518167,-73.969385,34.80502010000001,34.656139036538484,34.74063095721156
40.78521,-73.96935667,35.707377380000025,34.656139036538484,34.72555384771431
40.78523333,-73.96931667,35.707377380000025,34.60122593222224,34.68671983183546
40.78523667,-73.96927333,35.707377380000025,34.5123683622785,34.637830093142874
40.78522667,-73.96922333,35.707377380000025,34.49155737974685,34.595775229140145
40.78520833,-73.96916,35.707377380000025,34.44948112088609,34.55794065742859
40.78517667,-73.96907833,34.19319452000002,34.33888207376625,34.46549678000002
40.78514,-73.96898,34.19319452000002,34.17324857434212,34.32368570290324
40.785065,-73.96877667,33.54547973000001,33.77910139700002,34.031056973833884
40.785025,-73.968665,33.54547973000001,33.67157399346156,33.95834258490386
40.784995,-73.96854833,32.67388463,33.318358959480534,33.790178889090924
40.78497,-73.96841667,32.67388463,33.20887049115386,33.62956844742858
40.78494,-73.96828833,32.67388463,33.03937778112502,33.50372796670887
40.78491167,-73.968165,32.6516675,32.87634823240508,33.40225595584666
40.78488167,-73.96804,32.08085815999999,32.68777304037977,33.22028801331232
40.78484167,-73.96791667,32.08085815999999,32.52946246848103,33.103134603471354
40.7848,-73.967795,31.633097540000023,32.464231828250014,32.982769138025496
40.78474667,-73.96768333,31.633097540000023,32.26773951324677,32.85686998458067
40.78469,-73.967575,31.633097540000023,32.00230943115386,32.696937031768506
40.78463167,-73.967465,31.66556873000001,31.955811895844167,32.54777623080646
40.784575,-73.96735167,31.66556873000001,31.82327967846156,32.4635453576997
40.784515,-73.96724167,31.60404437,31.73300889384616,32.327461159228314
40.78445333,-73.96713167,31.60404437,31.61983648772153,32.18480937142859
40.784395,-73.96702833,31.60404437,31.495215489615404,32.078226393801934
40.78432,-73.96691667,31.60404437,31.51748301350002,31.99798206041403
40.784245,-73.966775,31.60404437,31.30268154168833,31.83212851488748
40.78412667,-73.96649667,31.535683970000008,31.163595716835463,31.574887788566897
40.78407833,-73.96636333,32.402152040000004,31.14723476115386,31.522435021093262
40.78403333,-73.966235,32.402152040000004,31.088887406923096,31.410991761150182
40.783995,-73.96611667,32.81231444000002,30.99764868253166,31.29910038184715
40.78396167,-73.96598333,32.81231444000002,30.965259157250017,31.261937578407657
40.78393,-73.96585833,32.81231444000002,30.923281321688325,31.21850825280647
40.78386,-73.96561167,32.610651260000026,30.798523869125017,31.13957343000002
40.78382333,-73.96548333,33.55060676000002,30.748933644936724,31.033837565576942
40.78378667,-73.96535,33.36261566000002,30.619854364415595,30.998944925819956
40.78374667,-73.96521667,33.36261566000002,30.71059193157896,30.952630400290342
40.78367,-73.96494833,32.752499090000015,30.663864000263167,30.952834129126227
40.78363167,-73.96482,32.752499090000015,30.469743758461547,30.938593854000022
40.78359333,-73.9647,32.752499090000015,30.4369636043038,30.917711379428592
40.78355667,-73.96458167,33.50959052000002,30.39551470354431,30.935132430571446
40.78351167,-73.96446667,32.967834350000004,30.31863386112501,30.961297759711552
40.783465,-73.964355,32.967834350000004,30.28165515725002,30.974760928354446
40.783415,-73.96424333,32.13383747,30.28024522400002,31.035880185605116
40.78336667,-73.96413333,32.13383747,30.265889540000025,31.00127873403848
40.78330833,-73.96403,31.2844595,30.19942290783786,31.051475531553418
40.78325167,-73.96392667,31.78007240000005,30.290714005769253,31.168538066077193
40.78319,-73.96383167,31.78007240000005,30.2514725069231,31.260891438285732
40.78311167,-73.96376,31.78007240000005,30.353428830000027,31.318477964037875
40.78302,-73.96371,32.06376806000003,30.439824032750018,31.4146146729747
40.78293333,-73.96366167,32.06376806000003,30.45916104269232,31.454063630675257
40.78284,-73.96362333,32.06376806000003,30.700924963918936,31.58326611616131
40.78263333,-73.96356167,31.66215071000002,31.139691209873437,31.814236271878997
40.78252667,-73.96353167,31.66215071000002,31.280866196923096,31.90332314354634
40.78242,-73.96350333,31.486122680000022,31.464760055000024,32.073939425967765
40.782315,-73.96346833,31.14773869999999,31.81434024153848,32.19950917273887
40.78220833,-73.96343167,31.202427020000016,32.090052201139265,32.300114408132934
40.78211333,-73.96338167,31.202427020000016,32.22036157884618,32.40620546115387
40.78182333,-73.96314833,31.35965594000004,33.07001515842108,32.85469237506454
40.78173333,-73.963055,31.35965594000004,33.117837835316486,32.98906947742859
40.781645,-73.96296,32.24492312000001,33.26362287822788,33.131491106974536
40.78155833,-73.96285333,32.463676400000026,33.49762745000003,33.255655581910844
40.78147167,-73.96273667,32.463676400000026,33.74160571760002,33.42967919067526
40.78139333,-73.96263,33.55915181000006,34.05787200090911,33.606264614519255
40.78124333,-73.96244333,33.55915181000006,34.20349184607597,33.83695301831212
40.78109833,-73.96228833,35.011810310000044,34.32825069987015,34.02928943512906
40.78101333,-73.96223667,35.011810310000044,35.054420086351364,34.25056212664518
40.78086167,-73.96211167,37.72400918000002,35.212554897125024,34.45118992485716
40.78079333,-73.96204667,37.72400918000002,35.36912319822787,34.57398263028665
40.78073333,-73.96198,37.72400918000002,35.48892317675002,34.67823427268989
40.780675,-73.96192833,37.72400918000002,35.62490669230772,34.7380965746497
40.78062667,-73.96188,37.28650262000002,35.75558022615387,34.78712769948555
40.78058167,-73.96184,38.31019961000001,36.02302013360002,34.910858212884634
40.78055333,-73.96180833,38.31019961000001,36.242020373243264,35.02548239000002
40.78053,-73.961785,38.31019961000001,36.29503267571431,35.044604678173094
40.78051667,-73.96177,38.31019961000001,36.29503267571431,35.08957850781353
40.780455,-73.96170833,38.31019961000001,36.26620173961541,35.18281439314288
40.78043167,-73.96168,38.31019961000001,36.29019305607597,35.18281439314288
40.78040167,-73.96165,38.31019961000001,36.39178180240509,35.23441564428573
40.780325,-73.96157,38.33412575000003,36.55011650346157,35.33318609143772
40.78028333,-73.961525,38.33412575000003,36.61825834737503,35.41642792200002
40.78024333,-73.96147833,38.33412575000003,36.74174472730772,35.4497183517143
40.78020333,-73.96143,38.33412575000003,36.82631283636366,35.5374710128296
40.78017,-73.96137667,38.33412575000003,36.80366110554056,35.61542161612905
40.780145,-73.96130833,38.33412575000003,36.967054470800015,35.77606643576925
40.78012167,-73.96124,38.33412575000003,37.12095059935068,35.867682518000024
40.78010167,-73.96116667,38.33412575000003,37.16576863506332,35.888209261826944
40.78008,-73.96108833,37.978651670000005,37.20684977417724,35.95006772019171
40.78006,-73.961,37.82654977999999,37.262664121538485,36.000299495916416
40.78003333,-73.96091,37.82654977999999,37.31533384064937,36.15402989996776
40.78001167,-73.96081833,37.82654977999999,37.31428498769233,36.21567178732486
40.77998333,-73.960735,37.879529090000005,37.3543355477778,36.24279506987344
40.77996333,-73.96065,37.879529090000005,37.50229217379749,36.357639356879
40.779955,-73.96056,37.879529090000005,37.59173180600002,36.41427475363926
40.77993667,-73.96047167,38.07435623000004,37.584425788250016,36.44248173903848
40.77992,-73.96036667,38.07435623000004,37.55191836291141,36.528280863765836
40.77989833,-73.96026833,38.07435623000004,37.70317240423079,36.6206527302548
40.779895,-73.96016833,38.07435623000004,37.80406972538464,36.652918558051134
40.779835,-73.96003667,38.07435623000004,37.92589146384618,36.74165160817309
40.77982,-73.95998667,38.21620406000002,37.91140101675327,36.7847284347573
40.77981667,-73.95996333,38.21620406000002,37.9179599046154,36.79794007315114
40.77977667,-73.95983333,38.547752,38.16770278886078,36.95100496800002
40.77981167,-73.95979,38.547752,38.10945502287503,36.9601034117143
40.77985,-73.95974333,38.21620406000002,38.10741151202534,36.92199520142859
40.77989167,-73.959695,38.26747436,38.093609633797485,36.922877876923096
40.77996,-73.95963833,38.26747436,38.08525928113927,36.925793001428595
40.779995,-73.95961,38.26747436,38.075933777692335,36.91855768108628
40.780035,-73.959585,38.26747436,38.075933777692335,36.911237101612926
40.78006333,-73.95955667,38.26747436,38.06491170105266,36.9065142342208
40.78012,-73.95954167,37.78382453,38.04096125081083,36.84134699582526
40.78023333,-73.95946667,37.78382453,37.84755545987344,36.73266287288463
40.780265,-73.95941667,37.82313176,37.84755545987344,36.77171625542859
40.78029833,-73.95936833,37.82313176,37.833407182625024,36.74064698930382
40.78033833,-73.95931833,37.82313176,37.88701412113926,36.73823490556964
40.780385,-73.95928667,37.83338581999999,37.81393771886078,36.73392634847136
40.78043333,-73.95924833,37.83338581999999,37.802222761111125,36.72875422667724
40.78048167,-73.95922,37.83338581999999,37.77975751886078,36.70586782885716
40.78052333,-73.95918667,37.83338581999999,37.72822621766235,36.68254617929262
40.78056,-73.959165,37.83338581999999,37.63760429779222,36.64779847567309
40.78058333,-73.95914,37.83338581999999,37.67219199680002,36.646467419807706
40.78060333,-73.959135,37.83338581999999,37.618848098000015,36.602486479324774
40.780655,-73.95909667,37.814586710000015,37.52054704210528,36.55603634902914
40.78068167,-73.95907333,37.814586710000015,37.53437565480522,36.54370824776701
40.78075333,-73.95902,37.814586710000015,37.5307396187342,36.55110747885716
40.78079667,-73.95897833,37.814586710000015,37.522089648500014,36.54404357085716
40.780895,-73.95886167,37.905164240000005,37.53539072189876,36.55696829373804
40.78094167,-73.95880667,37.905164240000005,37.44896538312501,36.52751229000002
40.781015,-73.958745,37.905164240000005,37.36862387974028,36.51313964495148
40.7811,-73.95867667,37.905164240000005,37.27076641103898,36.45311021299037
40.78126333,-73.95854,38.04872108000004,37.28989872961541,36.44592550722932
40.78135333,-73.95848333,38.04872108000004,37.22121843800002,36.37731474270703
40.78144,-73.958465,37.90174622000001,37.14437356050635,36.351323583846174
40.78152,-73.95842333,37.90174622000001,37.07836656462502,36.284316150096174
40.78159333,-73.958365,38.02992197000003,37.07080419537502,36.25132542314287
40.781665,-73.95831833,38.02992197000003,37.04038354696205,36.236114594840785
40.78173333,-73.958265,37.75477136000001,37.0283772108861,36.21111889401901
40.78180333,-73.958225,37.75477136000001,37.04173687610391,36.199165614533776
40.78195167,-73.958125,37.75477136000001,37.04080468883119,36.16485004388351
40.78202167,-73.95807167,37.37537114,37.0168734269231,36.0963241080892
40.782085,-73.958035,37.37537114,36.95909006222224,36.03423635901901
40.78221,-73.957945,37.37537114,36.93643679949368,35.99553605974524
40.78239167,-73.95779833,36.68151308,36.87456284960001,35.90716119852092
40.782445,-73.95776,36.68151308,36.882044318311706,35.90761730086819
40.78249667,-73.95774667,36.68151308,36.9155350151316,35.845680392483885
40.78255667,-73.957715,36.39952643000004,36.9436927423077,35.86353816875002
40.78261167,-73.95769833,36.39952643000004,36.935706954875016,35.82799320996817
40.782845,-73.9575,36.173937110000026,36.88606843076924,35.79797696174196
40.78292,-73.95745167,36.173937110000026,36.956948525000016,35.707816839714305
40.782995,-73.95740167,36.173937110000026,36.92176959974686,35.70430769324843
40.78309167,-73.95731,35.68345124000001,37.02400312298703,35.8084570520968
40.78316167,-73.95724167,35.68345124000001,37.04095293961541,35.82378725346156
40.78321,-73.95716667,35.68345124000001,37.05626829846156,35.862293149522316
40.78326167,-73.9571,35.68345124000001,37.075061306835465,35.83836313682694
40.78329,-73.95704667,35.68345124000001,37.06023407807695,35.88127741690325
40.783315,-73.95700667,36.420034550000025,37.11842805961541,35.87361694567309
40.783345,-73.956795,36.420034550000025,37.299908360779234,36.12359000511257
40.78332667,-73.956745,36.47643188000004,37.37701441884617,36.251118206774215
40.78331333,-73.956685,36.47643188000004,37.37701441884617,36.26304664423079
40.783285,-73.95655667,36.15684701000004,37.42475253421054,36.407078256655865
40.78326667,-73.95649667,36.34312910000003,37.44113473259743,36.46710651032156
40.78322833,-73.956375,36.34312910000003,37.59765341467534,36.73865226321546
40.78320167,-73.95631333,36.34312910000003,37.61980283607597,36.78756452162941
40.78317167,-73.95626167,36.34312910000003,37.61980283607597,36.81489724142859
40.78312667,-73.95606,37.447149560000014,37.68850936468357,37.05941655557327
40.78311833,-73.955985,37.447149560000014,37.71485063923079,37.109537921057715
40.78311,-73.95591,37.447149560000014,37.80037380405066,37.19094047750002
40.78308667,-73.95577,37.447149560000014,37.84565563538463,37.323132038152885
40.78306667,-73.95571333,37.447149560000014,37.86434026362502,37.340049797246856
40.78305,-73.95566333,37.76673443000004,37.86664578384617,37.395189082884635
40.78301333,-73.95563667,37.80091463000002,37.90871043575002,37.4521843577143
40.78289167,-73.95550833,37.80091463000002,37.96515714948053,37.61126947209005
40.78286667,-73.95547833,37.80091463000002,38.01389422756758,37.65525312495179
40.782845,-73.95545167,37.80091463000002,38.05129598840002,37.697212779615406
40.78282833,-73.955425,38.14955267000002,38.09104682116885,37.7554571763107
40.78281167,-73.95540667,38.14955267000002,38.09104682116885,37.756937943645184
40.78278,-73.95535167,38.14955267000002,38.104943126923104,37.78639623514378
40.782775,-73.95533333,38.14955267000002,38.104943126923104,37.78639623514378
40.78277,-73.95531333,38.14955267000002,38.12021827050635,37.794062313714306
40.78276333,-73.95528667,38.3597609,38.12021827050635,37.81505329685716
40.782755,-73.95525,38.3597609,38.15201883632914,37.84526208314287
40.782755,-73.95520667,38.3597609,38.15201883632914,37.85044336742859
40.78275167,-73.95515667,38.31874465999999,38.17788279730772,37.89550723798079
40.78274167,-73.95511167,38.31874465999999,38.22157523428574,37.95147786147911
40.78273333,-73.95507,38.31874465999999,38.25422398376626,38.01381868545163
40.78272833,-73.95502667,38.31874465999999,38.28673956363638,38.042199277322595
40.78272333,-73.95498667,38.31874465999999,38.29413929807695,38.033400243557715
40.78271833,-73.954945,38.31874465999999,38.30717597692311,38.04813871035034
40.78271833,-73.954905,38.31874465999999,38.31412156884618,38.04670824600002
40.78271667,-73.95487167,38.31874465999999,38.31926385291142,38.04780126251594
40.78269833,-73.95484333,38.31874465999999,38.34435817696205,38.081186809904175
40.78269,-73.95480333,38.31874465999999,38.35314119037977,38.10156976503187
40.78266333,-73.95477167,38.31874465999999,38.3525138322785,38.13113633511043
40.78263167,-73.95472833,38.31874465999999,38.36735409632914,38.18135984974524
40.78261,-73.954665,38.31874465999999,38.41479534860762,38.20054714876584
40.78256167,-73.95453167,38.484518630000025,38.48027855455698,38.24943966341855
40.782535,-73.95446333,38.484518630000025,38.50632987012502,38.2789654177143
40.78249167,-73.95432667,38.84170172000003,38.529850120250025,38.32603101057145
40.78247,-73.95425833,38.84170172000003,38.55653806423079,38.34308161971156
40.78244667,-73.95419333,38.84170172000003,38.56893472921054,38.34191795636658
40.78241833,-73.95412667,38.84170172000003,38.63738264608111,38.36956435286176
40.78239,-73.95406,39.43985522000003,38.6568812832895,38.380141399123396
40.78235833,-73.954,39.43985522000003,38.65419264846156,38.38385739147912
40.78233167,-73.95396,39.43985522000003,38.6419422473418,38.39469459322685
40.78207333,-73.95385833,39.57828503000002,38.70521590887502,38.47648357028574
40.782035,-73.95387667,39.57828503000002,38.71741396775002,38.479896164857166
40.78191667,-73.95395833,39.62784632000003,38.72702498569623,38.477879153450495
40.78188167,-73.95398,39.62784632000003,38.71979234000002,38.48693745246008
40.781845,-73.954005,39.62784632000003,38.718894014230784,38.491610477229315
40.781815,-73.95403167,39.62784632000003,38.716511329240525,38.505053791297485
40.781785,-73.95405833,39.62784632000003,38.72873177692309,38.5108970637143
40.781755,-73.95408333,39.62784632000003,38.72925318860761,38.501832593929734
40.78173167,-73.954105,39.16641362000004,38.72925318860761,38.514720211178364
40.78171833,-73.95412333,39.16641362000004,38.72969747712502,38.51754674977638
40.78157,-73.95426833,39.17666768000001,38.729301446923095,38.53203346216563
40.78154833,-73.954295,39.17666768000001,38.7308789946154,38.53916872932909
40.78151833,-73.95431667,39.17666768000001,38.7308789946154,38.53950821778848
40.78146,-73.95435167,39.17666768000001,38.71544860625002,38.557370658846175
40.78143333,-73.95436833,39.18350372,38.71544860625002,38.568896916719765
40.78141333,-73.95438333,39.15786857000003,38.71785257759495,38.57304102139243
40.78135833,-73.95438833,39.15786857000003,38.743476370250015,38.57603475914288
40.781325,-73.95439333,39.15786857000003,38.74965619423079,38.58732507600002
40.78129167,-73.95440833,39.15786857000003,38.75469364126584,38.59604513926754
40.781265,-73.95441,39.15786857000003,38.75598829538463,38.59472786461541
40.78123833,-73.95441167,39.15786857000003,38.76972860265824,38.60535761095544
40.781195,-73.954425,39.15786857000003,38.76574572000002,38.61871377281648
40.78113,-73.95446,39.60050216000002,38.79393708153848,38.62549839142859
40.78102,-73.95453,39.60050216000002,38.80377057597404,38.66616276360131
40.78096,-73.954575,39.60050216000002,38.78361757493508,38.677515082912635
40.780895,-73.95464833,39.60050216000002,38.76600134115386,38.677898844600655
40.78082833,-73.95471667,39.35782274000002,38.74127601987502,38.68224294885716
40.780705,-73.95483333,39.35782274000002,38.72634354500002,38.69379368628573
40.780625,-73.9549,39.35440472000005,38.74650109884617,38.70933013134617
40.78053333,-73.95496833,39.17495867000002,38.73893917064937,38.74299677588426
40.78044667,-73.95501,39.17495867000002,38.71841198576925,38.752899142508056
40.78035833,-73.955065,39.17495867000002,38.68915121487502,38.74569139463261
40.78018,-73.95519,38.713525970000006,38.68815374461541,38.769304331634636
40.78009333,-73.95527,38.713525970000006,38.69938391225001,38.78892923286626
40.78001167,-73.95533167,39.34756868000005,38.695137887721536,38.785147052571446
40.77993333,-73.95539167,39.34756868000005,38.696068108354446,38.79301392400002
40.77985167,-73.95541667,39.34756868000005,38.71822033924053,38.796703215428586
40.779775,-73.95545333,39.14761451000001,38.71332877653848,38.7939927763226
40.77970833,-73.9555,39.14761451000001,38.72421882986488,38.78508868970876
40.77965,-73.95555667,39.14761451000001,38.7406948469231,38.80692446201925
40.77959833,-73.95561333,39.14761451000001,38.76402940653848,38.7981192349521
40.77955167,-73.95566167,39.14761451000001,38.777058416750016,38.79843935257145
40.77948667,-73.95572167,39.00747569000001,38.80470165350002,38.801961829240526
40.77941,-73.95577667,39.00747569000001,38.81851404111113,38.78852293564671
40.779335,-73.95582167,39.00747569000001,38.83074652769232,38.799994256210205
40.77925667,-73.955865,38.88784499000002,38.85814816688314,38.80940751485439
40.77918333,-73.95590833,38.88784499000002,38.862665576000026,38.81232328680647
40.77911833,-73.95596167,38.88784499000002,38.87286340883119,38.788601125419376
40.77894167,-73.95612167,38.14784366000001,38.90902827444447,38.7847221405363
40.77883833,-73.95622833,38.14784366000001,38.927305592692335,38.77060581198086
40.778785,-73.95628667,38.433248330000026,38.92962578710529,38.787708029870984
40.77872333,-73.95633833,38.44862942,38.91220933769233,38.772330201543426
40.77865833,-73.95638667,38.44862942,38.93484276500003,38.753784493592256
40.77860333,-73.956435,38.44862942,38.964901871265845,38.73902461760385
40.77855,-73.956485,38.44862942,38.9645990087342,38.73198327800002
40.77848167,-73.956545,38.74599716000003,38.9936559177778,38.728252660601285
40.77841333,-73.95661333,38.87417291,38.998476346202544,38.71547294341774
40.77834167,-73.95668167,38.87417291,39.01633555763159,38.739841405534
40.77824833,-73.956735,38.87417291,38.99616993153848,38.72409225298079
40.77815167,-73.95678333,39.03823787000002,39.013468041519,38.71540370391722
40.778045,-73.956845,39.03823787000002,39.02508299039476,38.69815042873378
40.77796167,-73.95690167,39.03823787000002,39.06263010363638,38.69800749977494
40.77786,-73.95697167,39.64322741000001,39.05524032846157,38.703837916527355
40.777665,-73.95709667,39.82609148000003,39.05385692341774,38.70334221737344
40.77757,-73.957145,39.82609148000003,39.04790783797471,38.70227589461785
40.77749667,-73.95719,39.82609148000003,39.05738754615386,38.71168507498394
40.777415,-73.95724,39.82609148000003,39.0440085531169,38.71783683817309
40.77734833,-73.95728667,39.60392017999999,39.001705006883135,38.71170598532469
40.777185,-73.95741167,39.6756986,38.93546228112501,38.704623974873435
40.77715,-73.95743167,39.6756986,38.94157199187502,38.70640690923568
40.77708833,-73.95738,39.33047858000003,38.94634571692309,38.72002787663463
40.777045,-73.95734,39.33047858000003,38.9616472376316,38.722246866688124
40.777005,-73.957295,39.27237224000001,38.96382665081082,38.742761655631085
40.77693833,-73.95718667,39.27237224000001,38.91935212307693,38.779572887009664
40.77691,-73.95713333,39.27237224000001,38.93000778101267,38.7890859137143
40.77687833,-73.957075,39.27237224000001,38.875689656375016,38.79450256484078
40.77684833,-73.95701667,38.75625122000002,38.86582012362502,38.81263227371431
40.77679667,-73.95690833,38.75625122000002,38.84691528215192,38.83514325805734
40.776775,-73.95685167,38.75625122000002,38.83848089346155,38.85233494942124
40.77674667,-73.95679333,38.75625122000002,38.862750665949385,38.86702219514288
40.77672,-73.95673,38.75625122000002,38.857796700253175,38.87413493200002
40.77669167,-73.95666667,38.75625122000002,38.86633282662502,38.890031437714306
40.776665,-73.95660833,38.75625122000002,38.872335724250014,38.89593829531849
40.776645,-73.95655333,38.75625122000002,38.898272114303815,38.903209751879
40.77662667,-73.95651167,38.75625122000002,38.88245503538463,38.90568552067309
40.776615,-73.95646833,38.50331774000003,38.87399984569622,38.91377045259617
40.77660167,-73.95643667,38.50331774000003,38.87364023155846,38.917521121709704
40.77659,-73.95641167,38.33925278000001,38.88177350710528,38.927875262692325
40.776575,-73.95623667,38.33925278000001,38.89755129038464,38.9527654596154
40.77652167,-73.95607167,38.20424099000002,38.91980569649353,38.95936430203227
40.77644833,-73.95596833,38.20424099000002,38.8867796331169,38.9756647993182
40.776415,-73.95589833,38.61098537000004,38.88894050923079,38.98096680176851
40.77638333,-73.955815,38.61098537000004,38.90582204455698,38.98087718085989
40.77635333,-73.95572833,38.61098537000004,38.93041686730771,38.9890902257325
40.77633333,-73.95564833,38.61098537000004,38.92053528384617,39.00543361415337
40.77628333,-73.95557167,38.704980920000025,38.93548093962028,39.00423073430382
40.77624,-73.95548,38.704980920000025,38.9496356892208,39.017729750000015
40.776175,-73.9554,39.23819204000003,38.957308674936726,39.01321971083068
40.77612333,-73.95531,39.23819204000003,38.95365269151902,39.01595500884617
40.77605167,-73.95521833,38.92886123000005,39.01049932307694,39.023344286057714
40.77594167,-73.95501667,39.33731462000003,39.09632229961541,39.04608178769232
40.775885,-73.95492167,39.33731462000003,39.123602919500016,39.04125440828573
40.77584333,-73.95482167,39.48428948000003,39.16513186250002,39.05733443427218
40.7758,-73.954725,39.48428948000003,39.2139414044304,39.056873698789836
40.77575,-73.95462333,39.48941651000001,39.255770428571445,39.06046049520902
40.77569333,-73.95453167,39.48941651000001,39.31779592684213,39.05202534938909
40.77564833,-73.95432,39.48941651000001,39.35024462986843,39.04812807625808
40.77560667,-73.95423,39.48941651000001,39.35854578269232,39.05083144854371
40.77556667,-73.95414833,39.48941651000001,39.458924173684224,39.05233165376625
40.77553333,-73.95408333,39.36636779000003,39.43689731807693,39.04671171125002
40.77549,-73.95400833,39.19375778,39.42544467888891,39.0510581577143
40.77527667,-73.95384833,39.19375778,39.43873030202534,39.02556406885716
40.77526667,-73.9538,39.31509749000003,39.43819003076925,39.034407709324775
40.77525167,-73.95374667,39.31509749000003,39.435726962077936,39.040194164405165
40.775215,-73.953685,39.21255689,39.43169754560001,39.04475312495147
40.77517667,-73.95362333,39.21255689,39.391780990649366,39.04530620262138
40.77510833,-73.95348,39.41422007000003,39.38183541215191,39.03454857857144
40.77507,-73.95340667,39.41422007000003,39.37746553848103,39.03728299457144
40.775005,-73.953265,39.41422007000003,39.34559674538463,39.05543204432694
40.77498333,-73.95318167,39.41422007000003,39.32396703556964,39.053370180063304
40.77496667,-73.95310333,40.37810171000004,39.292837634750015,39.05513203254779
40.77494167,-73.95291667,40.23283586000002,39.21759846950002,39.06671594457144
40.77492333,-73.95285667,40.23283586000002,39.220690912278485,39.07392505645369
40.77487833,-73.95273167,39.82267346000003,39.21097934230771,39.09273508664538
40.77486167,-73.95267,39.82267346000003,39.17926364455696,39.092937075414035
40.77485667,-73.95260333,39.82267346000003,39.15684316400002,39.106284590949386
40.77484,-73.95255667,39.82267346000003,39.15984050461539,39.108426639428586
40.77482167,-73.95251833,39.82267346000003,39.14095153430382,39.10522021114287
40.774805,-73.95248833,39.82267346000003,39.1364840346154,39.106685631533566
40.77479333,-73.95245833,39.15103253000004,39.1364840346154,39.10782525153847
40.77477333,-73.95244,39.15103253000004,39.1364840346154,39.10514836796776
40.77475833,-73.95241833,39.15103253000004,39.13665021207794,39.115486228155355
40.77474667,-73.95239,39.15103253000004,39.13407915080002,39.105191496495195
40.77473167,-73.95236167,39.15103253000004,39.14939188040001,39.12650353533982
40.77472,-73.95233333,39.15103253000004,39.08812248621624,39.149251619902934
40.77470333,-73.95227333,39.0946352,39.05250153038464,39.16001031009617
40.774695,-73.95224167,39.0946352,39.05250153038464,39.150169782186516
40.77468833,-73.95221,39.0946352,39.05250153038464,39.14509481576925
40.77466333,-73.95214,39.0946352,39.03047160936711,39.14513211889242
40.774655,-73.95205333,39.0946352,39.00773528645571,39.149415752285734
40.77463833,-73.951955,39.0946352,38.97233143307693,39.1716890206431
40.77461333,-73.95190167,38.55117002000003,38.96713405921054,39.19097026854371
40.774535,-73.95174167,38.55117002000003,38.8980341508861,39.18728326134617
40.77451333,-73.95169667,38.55117002000003,38.89078098153848,39.186173030857155
40.77449667,-73.95166,38.47597358000005,38.850809228987366,39.18575896420887
40.77423167,-73.95144,38.42641229000003,38.799111391842125,39.19016885900002
40.77422667,-73.95138667,38.558006060000025,38.754076116363656,39.17571151363346
40.77421833,-73.95133167,38.558006060000025,38.70340507961042,39.16655649543411
40.77420833,-73.95127333,38.558006060000025,38.67711756708863,39.17425336428573
40.77417667,-73.95116167,38.558006060000025,38.65284529848103,39.15826044490448
40.77412833,-73.951055,38.057266130000016,38.57709000500002,39.134652242460085
40.77409833,-73.95100333,38.057266130000016,38.54817370376625,39.13812123509679
40.77407167,-73.95095,38.057266130000016,38.53422945837501,39.12775068130992
40.77405,-73.95089,38.057266130000016,38.52618386113926,39.09783620285716
40.77402667,-73.95082167,38.08290128000005,38.45985696670888,39.05855610000002
40.77400167,-73.950755,38.08290128000005,38.45038225076925,39.051303879361036
40.77397167,-73.95069167,38.08290128000005,38.44365192837502,39.02797838457145
40.77394333,-73.95062667,38.08290128000005,38.40022938038464,39.02168285939298
40.77391667,-73.95055833,37.88123810000002,38.34318128350651,38.990429836213615
40.77388333,-73.95048333,37.667611850000014,38.30313870026318,38.929311837138286
40.77384667,-73.95040667,37.667611850000014,38.3143597001316,38.88838147533982
40.77381833,-73.950315,37.31213777000002,38.36238850287501,38.85216940625003
40.773785,-73.95022833,37.31213777000002,38.33327124500002,38.832010049872224
40.77372167,-73.95006333,37.31213777000002,38.32669044675327,38.70485453019294
40.77368667,-73.94998,37.65393977000002,38.28852330594939,38.626062636000015
40.77365667,-73.94990167,37.65393977000002,38.26195793531649,38.5680750679618
40.77361667,-73.94976333,37.58728838000002,38.22308282525002,38.40399377984078
40.77359833,-73.9497,37.58728838000002,38.22725854240509,38.345323834571445
40.77358167,-73.94963667,37.58728838000002,38.23318318532471,38.32278564170969
40.77356,-73.949585,37.58728838000002,38.17659396746839,38.27075544009617
40.77350333,-73.94947167,37.47962075000001,38.13908227962028,38.081360993917215
40.77348,-73.94942333,37.47962075000001,38.13544238230772,38.032390540000016
40.77344833,-73.94934167,37.47962075000001,38.11795789538465,37.93271588364219
40.77333167,-73.94915667,37.93421741000003,38.2622363553247,37.542381532025736
40.77331833,-73.94908333,37.93421741000003,38.08547589246756,37.481851804855324
40.77330667,-73.94900833,37.93421741000003,38.07197659582282,37.354976954000016
40.773265,-73.94884667,37.84705789999998,38.09164352346157,37.08789395628574
40.77323667,-73.94876167,37.84705789999998,38.05602321363639,37.01361425721156
40.773195,-73.94865833,37.84705789999998,37.99223721784813,36.753929674620274
40.77315167,-73.948565,37.84705789999998,37.938183189615415,36.61413003715657
40.77310833,-73.94846833,37.84705789999998,37.878033706250015,36.44426798832809
40.77307667,-73.94837333,37.706919080000006,37.821617447341794,36.33703563303516
40.77302833,-73.94827167,37.706919080000006,37.805464591688335,36.19443969922332
40.772985,-73.94817,37.02502409000002,37.63406705115387,35.87289390298079
40.77294333,-73.94807333,37.02502409000002,37.5586295969231,35.80234320664518
40.772905,-73.947965,37.02502409000002,37.58124111384617,35.59138450836014
40.772865,-73.94785833,36.134629880000006,37.37601479311691,35.35777698485438
40.772835,-73.94774833,36.134629880000006,37.21045167500002,35.13716509798079
40.7728,-73.94764333,36.48668594,36.96408382202534,35.005360702197464
40.77276167,-73.947535,36.48668594,36.85465715562502,34.852126040189894
40.77270667,-73.94735,36.16710107000003,36.40482436100002,34.597498237156564
40.772675,-73.94725833,36.16710107000003,36.25596959000002,34.48705743314288
40.77262333,-73.94717167,36.16710107000003,35.90703247325002,34.31683649506371
40.772575,-73.94709167,36.61315268000004,35.67876241769233,34.30656970085716
40.77252833,-73.947025,36.98400785000004,35.67876241769233,34.21962057106798
40.77245833,-73.94696333,36.98400785000004,35.197491937027046,34.02897019893893
40.772385,-73.94685833,36.98400785000004,34.465277676153875,33.85068913324761
40.77236667,-73.94682333,37.12585568,34.495343161392434,33.80742877857597
40.77236833,-73.94670333,37.12585568,34.12419324125002,33.765615457579635
40.772385,-73.94667667,37.12585568,34.11468687312502,33.71122125044306
40.77240667,-73.946655,37.12585568,34.251690254683574,33.68757170428574
40.77243833,-73.94663333,37.12585568,34.174811707307725,33.73695983124602
40.77247667,-73.94661333,37.12585568,34.262309547792235,33.750301822032284
40.77251833,-73.94659,37.12585568,34.46395053285717,33.781477472193565
40.77256167,-73.94657,37.12585568,34.55337933269233,33.74976412469456
40.77260167,-73.94655,37.01477003000002,34.422815350769255,33.76358665365386
40.77263833,-73.946535,37.01477003000002,34.422815350769255,33.76297864048079
40.77267833,-73.94653833,37.01477003000002,34.470227204303825,33.76297864048079
40.77271667,-73.94653667,37.01477003000002,34.50271759362502,33.80998984780256
40.77275167,-73.94652667,37.01477003000002,34.64314007683547,33.835279777156565
40.77279333,-73.94651833,37.01477003000002,34.62559596038464,33.833168557596174
40.77282667,-73.94650333,37.01477003000002,34.56795599857145,33.82669456903228
40.77287667,-73.946465,36.69689417000001,34.44288753948054,33.81078842067526
40.7729,-73.94639333,36.69689417000001,34.29935033346156,33.65336236448389
40.77306333,-73.94628167,36.81481586000001,34.62689853275002,33.703772034000025
40.77311,-73.94624667,36.24400652000003,34.75265428076925,33.73926612673079
40.77327167,-73.94612167,36.24400652000003,34.73867545538464,33.65965139487263
40.773335,-73.94607833,36.24400652000003,34.84169635407896,33.71004475401931
40.77338333,-73.94604667,36.54479228000002,35.02243894753426,33.69750948646106
40.77344,-73.94601667,37.27795757000001,35.07466140144739,33.69187396480771
40.773495,-73.945985,37.27795757000001,35.01619238692311,33.63145777006433
40.773565,-73.94594,37.27795757000001,34.91512306925002,33.59953870028574
40.77362333,-73.94588833,37.27795757000001,34.78600188615387,33.60828721252398
40.77368333,-73.94583167,37.706919080000034,34.759950438846175,33.46339826563696
40.77374,-73.94577167,37.706919080000034,34.79553509450002,33.47384779657145
40.77379667,-73.94571833,37.47620273000001,34.90451515653849,33.515992438488766
40.77386,-73.94566833,37.47620273000001,35.0987922605195,33.59254110893206
40.77392333,-73.94562167,37.68470195,35.062370372077936,33.52180167209679
40.77398167,-73.94557667,37.68470195,35.04657517131581,33.48164903611652
40.77404167,-73.94553167,37.68470195,34.861460696075966,33.47106159710192
40.77410667,-73.94547667,37.68470195,34.83458597300002,33.413588505727866
40.77417,-73.94542667,37.68470195,34.7617107579747,33.34343677000002
40.774235,-73.94537,37.16345390000001,34.79314356215192,33.296143879331225
40.77430333,-73.94530667,37.16345390000001,34.874068542987025,33.2955949033226
40.77444333,-73.94519667,36.52428416000004,34.855435895000014,33.2517265734505
40.77451167,-73.94514333,36.52428416000004,34.83072098115387,33.23606675605771
40.774585,-73.94509,36.52428416000004,34.728114650000016,33.15351390442309
40.77465833,-73.94503333,36.52428416000004,34.61058734692309,33.03295749067309
40.77473333,-73.94498,36.52257515000002,34.8302504844737,33.043921245048566
40.77480667,-73.944925,36.30211286000002,34.86401339455698,33.06531822737344
40.77487833,-73.94486833,36.30211286000002,34.774193832125015,33.00136349857144
40.77500833,-73.94474167,36.57042743,34.7989628493671,32.834246735000015
40.77507,-73.94467833,36.57042743,34.71295842973685,32.76881186609679
40.77512833,-73.94461833,35.69028728000001,34.355681932307704,32.583021349131855
40.77518333,-73.94456333,35.69028728000001,34.42772839883118,32.55450201209679
40.77523667,-73.94451667,35.69028728000001,34.616371688461555,32.57013895884617
40.77528833,-73.94447333,35.33481320000001,34.483726220000015,32.540929077428586
40.77533333,-73.94443,35.33481320000001,34.58144265253166,32.49675523800002
40.77537333,-73.94439667,35.33481320000001,34.55206525737502,32.42140544379749
40.77543167,-73.94435333,35.33481320000001,34.450464612875024,32.27555508971431
40.77552833,-73.94427333,35.801372930000014,34.36396405769233,32.24129078684889
40.775625,-73.944205,35.801372930000014,34.094755544000016,32.16010660758066
40.77567,-73.94418667,35.801372930000014,34.257316575200015,32.092777409230784
40.77572333,-73.94415667,35.801372930000014,34.35695661746837,32.113373030766795
40.77578,-73.94411333,34.81527416000006,34.35695661746837,32.05472772366244
40.77584333,-73.94406667,35.38608350000001,34.365410143076936,31.955221354568703
40.77590667,-73.94401833,35.38608350000001,34.25984591000002,31.895799131469662
40.77603833,-73.943915,35.38608350000001,34.31527918307694,31.84753995182694
40.776105,-73.94386833,35.015228330000014,34.5160198505195,31.844981595339828
40.776175,-73.94382,35.015228330000014,34.36959986389613,31.68853561922583
40.77624833,-73.94377167,35.015228330000014,34.20442515714288,31.55303317796776
40.77632333,-73.94372167,35.72104946000002,34.17097739000002,31.477670156019133
40.77639667,-73.94367,35.72104946000002,34.12246779846156,31.38814486542859
40.77647167,-73.94361667,35.72104946000002,33.774551969113936,31.250426253089188
40.77665833,-73.94347333,35.599709750000045,33.76857126615386,31.11316244371431
40.776715,-73.94342667,35.599709750000045,33.55951957164558,30.953839308285733
40.77680167,-73.94342167,35.599709750000045,33.58746945670887,30.957459906234188
40.77684333,-73.94344333,35.599709750000045,33.76223916500001,31.025357307714298
40.77688167,-73.94348167,36.25084256,33.99602296884616,31.17467052742859
40.77691333,-73.94354167,36.25084256,34.230446611392416,31.2812150937143
40.77693833,-73.94359833,36.25084256,34.43133100202533,31.454856561153864
40.77696,-73.943665,37.13952776000002,34.55127593576924,31.486699676945353
40.776985,-73.94373333,37.13952776000002,34.87417803800002,31.68337870237944
40.77701167,-73.94379833,37.13952776000002,35.71721573486488,31.99305707990293
40.77704167,-73.943855,37.13952776000002,36.00252562649352,32.14327274385854
40.77707333,-73.94390833,37.60608749000002,36.02941621307694,32.24997939480893
40.77710667,-73.94395333,37.60608749000002,36.064019644050646,32.30032443461785
40.77712,-73.94400833,37.60608749000002,36.25742224850002,32.40122133710193
40.77714167,-73.94405,38.63662052000001,36.35085209455698,32.51319971200002
40.77715667,-73.94409333,38.63662052000001,36.53257285850002,32.65459023366244
40.77716833,-73.94412833,38.63662052000001,36.687815054375015,32.72322890285716
40.777175,-73.944155,38.812648550000034,36.81040272025318,32.72322890285716
40.77723833,-73.94428667,38.812648550000034,37.225194590379765,33.02931516834396
40.77725333,-73.94432333,38.812648550000034,37.225194590379765,33.1170336357143
40.77727833,-73.944365,38.812648550000034,37.34949802658229,33.20686171359875
40.777325,-73.94447,38.812648550000034,37.60645065462502,33.48023352600002
40.777355,-73.944525,38.812648550000034,37.69978017746836,33.533153156285735
40.777405,-73.94464667,39.98502941000001,38.07666570297299,33.87690677540194
40.77742667,-73.94471333,39.84659960000005,38.430832929200015,34.12681877677421
40.77744667,-73.944775,39.84659960000005,38.45178110077924,34.3404024268182
40.77747333,-73.94483667,39.84659960000005,38.46140317423078,34.43138231115386
40.7775,-73.944895,39.84659960000005,38.45702303873419,34.472092013123046
40.77752667,-73.94494333,39.84659960000005,38.52406382341773,34.605635600000014
40.77755333,-73.94499833,40.21061873000002,38.6593854096154,34.660150306285736
40.77758333,-73.94504667,40.21061873000002,38.7219195887342,34.855617646857155
40.77760833,-73.94509167,40.21061873000002,38.7867066546154,34.97741648375002
40.77763833,-73.94512,40.21061873000002,38.915430164230784,35.11046980341937
40.777655,-73.94515167,40.21061873000002,38.915430164230784,35.11794477668811
40.77766833,-73.94518,40.89934976000001,38.90551188087501,35.186003747795546
40.77785167,-73.94550833,39.80387435000003,39.11656749500001,35.78399158392285
40.77785833,-73.94553833,39.80387435000003,39.136881927200015,35.836456933365405
40.77786167,-73.94557667,39.80387435000003,39.12482771000001,36.022261089805845
40.77786333,-73.94562833,39.80387435000003,39.20664463918921,36.18877044038464
40.77786167,-73.94568667,39.80387435000003,39.19495630649352,36.33952364019356
40.77789,-73.94574,39.80387435000003,39.21433336092107,36.3770651557143
40.77792667,-73.94588167,39.80387435000003,39.19899436192309,36.53664709451925
40.77796,-73.94595667,39.55435889000003,39.22114520607597,36.70887372562702
40.77799667,-73.94603167,38.56996913000003,39.20279754342107,36.940047702451636
40.77803333,-73.94612,38.56996913000003,39.19303473730771,37.02474651194269
40.77806833,-73.94621167,38.56996913000003,39.17065369544306,37.201551259428584
40.778105,-73.94630333,38.08461029000003,39.18990155230771,37.32963737718852
40.778155,-73.94639,38.08461029000003,39.10131980873419,37.45303072457145
40.7782,-73.94647667,38.08461029000003,39.030614785921074,37.640179197572834
40.7783,-73.94665333,38.11537247000001,39.048250915769245,37.831145483173096
40.77835,-73.94674333,38.11537247000001,39.04755974272729,37.91929242234729
40.77838833,-73.94683833,38.11537247000001,39.0144212819231,38.00469896067526
40.77842667,-73.94693167,38.11537247000001,38.89706464921056,38.19602886402599
40.77846,-73.94703333,38.11537247000001,38.89297202000003,38.27217141614652
40.77850833,-73.94711833,38.22645812000002,38.86971650417724,38.33908026164039
40.77854667,-73.94720167,38.22645812000002,38.8788889122785,38.393619980286644
40.77861167,-73.94734833,38.22645812000002,38.83698571772155,38.50089116490386
40.77863667,-73.94742333,38.17518782000002,38.78922634884617,38.58505442980771
40.778655,-73.947495,38.17518782000002,38.7781396942308,38.60069333200003
40.77866833,-73.94757,38.17518782000002,38.81277834822787,38.62117956022295
40.77868667,-73.94765,38.13075356000002,38.823970741250015,38.683132719142876
40.778705,-73.94773,38.13075356000002,38.80771871346156,38.709839547788484
40.77872,-73.94780333,38.13075356000002,38.78497146597404,38.72678041411577
40.77873833,-73.94785833,38.13075356000002,38.78638376473686,38.73274137730771
40.77877167,-73.94788833,37.94105345000003,38.85256292828949,38.74858258538463
40.77884,-73.94786333,37.94105345000003,38.82418436750002,38.740985529389086
40.77893833,-73.94781667,37.94105345000003,38.810895150129895,38.7279919127097
40.77898167,-73.947805,37.94105345000003,38.80881950227851,38.71979416003197
40.77902833,-73.947785,38.02821296000002,38.81427102784812,38.69826423942859
40.77907333,-73.94776667,38.02821296000002,38.81427102784812,38.69281036635784
40.77911667,-73.94775667,38.02821296000002,38.817074447692335,38.69119998585989
40.779145,-73.94775,38.02821296000002,38.81892213101269,38.69134693894906
40.77920167,-73.94774667,38.02821296000002,38.80018154115387,38.69299572689322
40.77923333,-73.94772667,38.02821296000002,38.794434101315815,38.66872785625809
40.77926333,-73.94767667,38.02821296000002,38.75966924000002,38.64971197480771
40.77929833,-73.94758833,38.37001496000005,38.76445014139242,38.61470273888537
40.77934333,-73.94751167,38.37001496000005,38.71812715076925,38.60785581347135
40.77941167,-73.94746667,38.37001496000005,38.7037911029114,38.55872221657145
40.77947833,-73.94742,38.37001496000005,38.68378919600002,38.560845309840275
40.77961167,-73.94734833,38.77846835,38.70509047192309,38.48234252723474
40.77967167,-73.94731,38.77846835,38.65495353636365,38.42958142504856
40.77973,-73.94727,38.77846835,38.62586252115386,38.38814365450163
40.779785,-73.94723,38.77846835,38.60348708862502,38.371127172857165
40.77989167,-73.94715,38.75966924,38.566832339493686,38.30865284778483
40.77994167,-73.94715667,38.75966924,38.56577232063293,38.30955398400002
40.779995,-73.94713167,38.75966924,38.52577283341773,38.30576703485716
40.78004,-73.947085,39.23306501000002,38.52143762807695,38.25698626359874
40.78014333,-73.94700833,39.08609015000002,38.54371252181819,38.255894152629885
40.78019833,-73.94697,39.08609015000002,38.473798476363655,38.190882136913196
40.78026167,-73.94694833,39.08609015000002,38.473798476363655,38.16579103038837
40.78031833,-73.94691,39.08609015000002,38.417976791923095,38.08475771258788
40.780375,-73.94687,38.76650528000005,38.40510374759495,37.98736923835964
40.78043167,-73.94682667,38.76650528000005,38.39242678734178,37.97833055028664
40.78048333,-73.94677667,38.76650528000005,38.38277845240508,37.893930492738875
40.78059667,-73.94661333,38.76650528000005,38.35325778402599,37.79314690390325
40.780765,-73.94645667,38.51698981999999,38.23465260384618,37.55308079201925
40.78081833,-73.946415,38.51698981999999,38.24488946835446,37.43327737439875
40.78087167,-73.946375,38.51698981999999,38.20432752215192,37.420959253885364
40.78093167,-73.946335,38.01966791000001,38.145355860632925,37.341490288885375
40.78098833,-73.946295,38.01966791000001,38.15465806696205,37.345408689038486
40.78104167,-73.94627,38.06239316000003,38.09681437423079,37.298989418870995
40.78109833,-73.94623333,38.06239316000003,38.151413111265846,37.23014338894906
40.78114667,-73.94621167,38.06239316000003,38.17871265312502,37.2331652317143
40.78118333,-73.94618833,37.01135201,38.2086506577778,37.230905712405075
40.78124833,-73.94614333,37.01135201,38.1320515422785,37.13649494542859
40.78129833,-73.94608833,37.01135201,38.141526812911415,37.12712648230771
40.78134667,-73.946035,37.01135201,38.09187358250002,37.115829118084434
40.781405,-73.946,36.86608616000001,37.98129286727275,36.96831252267744
40.78146667,-73.94595833,36.91393844000004,37.741565373636384,36.894110605533996
40.78153,-73.945925,36.91393844000004,37.81881541423079,36.85147989446947
40.781595,-73.94588167,36.91393844000004,37.754165634936726,36.79136323550957
40.78179167,-73.94574833,37.07287637000002,37.76852783555557,36.66212446971521
40.78193333,-73.94563833,37.07287637000002,37.75173561855264,36.54586934096465
40.78200833,-73.94558167,37.36682609000002,37.82110793236844,36.55809259483768
40.78208833,-73.94552833,37.36682609000002,37.55262615153848,36.435197236166154
40.78226,-73.94541833,37.71717314,37.34589071750001,36.312410323428594
40.78235,-73.94535833,37.71717314,37.29028380462502,36.21757164096156
40.78244167,-73.94529167,37.71717314,37.33155037076925,36.162132382779575
40.78253167,-73.94522,38.43495734000004,37.35120398576925,36.13713896792996
40.78262333,-73.94514667,38.66738270000002,37.428065615000015,36.12970067752414
40.782715,-73.945075,38.66738270000002,37.13547433884618,35.97058683038463
40.78280667,-73.94500667,39.48941651000001,37.05742954884617,35.85010993864954
40.78307,-73.94481833,39.77653019000002,37.08174185937503,35.670225461974546
40.78315333,-73.94475167,39.77653019000002,37.05876608230771,35.67385239150161
40.78323833,-73.94468667,39.77653019000002,37.01971476560003,35.61678336437301
40.78332833,-73.94462333,40.40715488000001,36.87216757220781,35.45285578459809
40.78342,-73.94455333,40.40715488000001,36.94602023531648,35.45002760114288
40.78351167,-73.94448167,40.40715488000001,36.964439685500025,35.37121619465192
40.78360333,-73.94441333,40.87884164000002,37.15213170875002,35.41730831009556
40.78369167,-73.94434833,40.27043408000003,37.25420671307695,35.3788695058654
40.78377667,-73.94428333,40.27043408000003,37.334782152500026,35.336385270096166
40.783865,-73.94421833,40.85149748000004,37.172287484155866,35.23308300151615
40.78395333,-73.94414667,40.85149748000004,37.13459542734179,35.13388554329116
40.784045,-73.94407333,38.38881407000002,36.95337226333336,35.11101942215193
40.78413833,-73.94399833,40.49089637000003,37.08090222708863,35.05518324213378
40.78423167,-73.943925,40.49089637000003,37.24542064884618,35.05034519894233
40.784325,-73.94385,40.49089637000003,37.2655343819231,35.03331762753996
40.784415,-73.94377,40.70281361000002,37.23740144807695,35.01517355403848
40.78460667,-73.94361667,40.70281361000002,37.19726162346155,34.85734757605771
40.78480333,-73.94347,40.30632329,37.32153732500002,34.821369991847156
40.78489667,-73.94339833,40.30632329,37.47306593949369,34.90227038878983
40.78498833,-73.94332833,40.18840160000002,37.38841358473686,34.83999120106798
40.78508,-73.94326167,40.18840160000002,37.440380104805215,34.81847023064937
40.78516667,-73.94319833,40.18840160000002,37.60775267923079,34.79762890388537
40.785255,-73.943135,40.49773241,37.795940972692335,34.861936139105445
40.78543,-73.94301667,40.09269704000002,38.00448401346156,34.96101744771431
40.78551833,-73.94296,40.164475460000006,38.26057173519483,35.05616713912624
40.78560333,-73.94290167,40.164475460000006,38.36599767675325,35.11070209122188
40.785685,-73.94283833,40.164475460000006,38.27886776000002,35.0430380856731
40.78584,-73.94271667,40.46013419000002,38.21538120333335,35.01905196946205
40.78599167,-73.94260333,40.46013419000002,38.57574828223686,35.14584631041937
40.786065,-73.94255333,40.69255955000003,38.61152619594939,35.184409399808324
40.78612667,-73.94250167,40.18669259000004,38.53353216038464,35.168411318977654
40.78617833,-73.94246333,40.18669259000004,38.53730324265825,35.16731383971248
40.78621667,-73.94243167,40.18669259000004,38.52627982307694,35.15567937298079
40.78625,-73.94242167,40.18669259000004,38.65440771618423,35.21438312435485
40.786285,-73.94242167,40.23967190000002,38.65440771618423,35.253333797669924
40.78630667,-73.94240167,40.23967190000002,38.6237591242308,35.191096998938924
40.786335,-73.94239333,40.23967190000002,38.6237591242308,35.2180271747097
40.78640667,-73.94239167,40.23967190000002,38.74052370905408,35.27602216048079
40.78643833,-73.94240833,40.23967190000002,38.7937570610811,35.42756282658066
40.786515,-73.94257667,40.61907212,39.06799217230772,35.76393799121021
40.78654,-73.94264667,40.302905270000025,39.09576011797471,35.815473618857155
40.78656667,-73.94271333,40.302905270000025,39.19241193462502,35.93910828514288
40.78659667,-73.94278167,40.302905270000025,39.22231960962502,36.133620750285736
40.78662833,-73.94285167,40.302905270000025,39.25945731632914,36.186593612172544
40.786665,-73.942925,40.302905270000025,39.23893973187502,36.34220088370609
40.786695,-73.943005,40.302905270000025,39.31364483150002,36.41298217962027
40.78673833,-73.94307833,40.91643986,39.34531884405066,36.60091114511184
40.78677667,-73.94315333,40.91643986,39.33893817950002,36.70596548657144
40.78680833,-73.94323167,40.42253597000004,39.347546769615406,36.85667836218651
40.78683667,-73.943315,40.42253597000004,39.36223018684213,36.956291213461554
40.78686333,-73.943395,40.311450320000006,39.29840689883119,37.141648910675265
40.78689,-73.94347333,40.311450320000006,39.29823225973687,37.31070529883497
40.78692167,-73.94354333,40.311450320000006,39.22010682025319,37.33286904098728
40.78695333,-73.94361833,40.073897930000015,39.20398992961542,37.42014284783442
40.786995,-73.94369667,40.073897930000015,39.17920928461541,37.5894739408654
40.78703,-73.94378,40.073897930000015,39.12800586894739,37.71171318597405
40.78706167,-73.94386667,40.073897930000015,39.03408432670888,37.74393677914288
40.78709333,-73.94395667,39.58683008000003,38.97342695230771,37.912027580479254
40.78713167,-73.94404333,39.58683008000003,38.93539440746838,38.01253796382168
40.787165,-73.944125,39.58683008000003,38.86646100237503,38.08581312824843
40.7872,-73.94420333,38.58022319,38.83727582230773,38.173764560868186
40.78723167,-73.94428,38.58022319,38.74899888269233,38.2289940703226
40.78725833,-73.94434333,38.58022319,38.65298757730772,38.33746708365386
40.78728333,-73.94440333,38.58022319,38.60723869423079,38.381055273801934
40.78733167,-73.94451,38.21107703000001,38.46023269842107,38.46027825267744
40.78735,-73.94455,37.87269305000001,38.443835314026,38.49347715016131
40.78736833,-73.94458833,37.87269305000001,38.43235000423079,38.49654253854371
40.78738167,-73.94463167,37.87269305000001,38.38312486565791,38.54985666504825
40.787385,-73.94468333,37.45740362000001,38.2569729432895,38.58824069993571
40.787375,-73.944735,37.45740362000001,38.22902163500002,38.64454660163464
40.78735667,-73.94477833,37.45740362000001,38.23054198805196,38.64994528506454
40.78731,-73.94483667,37.76844344000003,38.3036264946154,38.660075586730784
40.78729333,-73.944855,37.76844344000003,38.3036264946154,38.660075586730784
40.78726333,-73.94491167,37.76844344000003,38.27279858346156,38.66578726344939
40.78725167,-73.94494167,37.76844344000003,38.26282325683547,38.684858005428595
40.787035,-73.945085,38.19398693000002,38.30941083615386,38.671819552884635
40.78701333,-73.94510167,38.19398693000002,38.30941083615386,38.670278675144715
40.78692,-73.94522333,37.32410084000003,38.26420971269232,38.674688856019436
40.78689167,-73.94527,37.32410084000003,38.29245738776317,38.667443538543715
40.78686333,-73.94529333,37.32410084000003,38.36690368538464,38.6287546919231
40.78679833,-73.94539,37.32410084000003,38.33012363797471,38.645982217183565
40.78676,-73.94543667,37.80091463000002,38.36964719835446,38.64657075600002
40.78671833,-73.94546667,37.80091463000002,38.39368150354433,38.63807916547773
40.78667333,-73.94548667,37.36682609000002,38.38940565038464,38.62576966285716
40.78662833,-73.945505,37.36682609000002,38.41663415683546,38.62260231139242
40.78658667,-73.94551667,37.36682609000002,38.42950165423079,38.61921373444091
40.78651167,-73.94556167,37.73939027000006,38.40361809168834,38.577417105838734
40.78647167,-73.94558667,37.73939027000006,38.40202425540543,38.531395897884636
40.786425,-73.9456,37.73939027000006,38.507789259315096,38.50332327077672
40.78637833,-73.945605,37.73939027000006,38.64414460298704,38.41654289463025
40.78633167,-73.94562167,37.73939027000006,38.63524016576926,38.40657123519357
40.78628833,-73.94565,37.73939027000006,38.63524016576926,38.39699875367413
40.78624667,-73.94568167,38.09657335999998,38.66255853253167,38.39300006284812
40.78620167,-73.945715,38.09657335999998,38.66573777787503,38.39079521535033
40.78612167,-73.94576333,37.66932086000003,38.71536315575002,38.333382466285734
40.78608667,-73.945785,37.66932086000003,38.76223275500003,38.36139395400002
40.786055,-73.94580667,37.66932086000003,38.781799837848126,38.359663551329135
40.78602167,-73.94583,37.66932086000003,38.7578953308861,38.345029561405774
40.785985,-73.94584667,38.41615823000001,38.801922263552655,38.33852507251615
40.78595,-73.94586833,38.41615823000001,38.8692868942308,38.323937421153865
40.78591333,-73.945885,38.41615823000001,38.8692868942308,38.31440682251594
40.78584167,-73.94593167,38.41615823000001,38.941262507692336,38.26946549228573
40.78580667,-73.94595333,38.41615823000001,38.94668685329117,38.26626448942859
40.78577,-73.94597333,38.41615823000001,38.94668685329117,38.27141322114287
40.78573,-73.945995,38.41615823000001,38.99112111329117,38.26010869070289
40.78568667,-73.94602167,38.63662052000001,38.98672342571432,38.25003582106798
40.78564167,-73.94604833,38.63662052000001,38.94408695545457,38.24803574948389
40.785595,-73.946075,38.63662052000001,38.94307299736845,38.276102104032276
40.7855,-73.94614667,38.63662052000001,39.13142273576926,38.24844921964518
40.78545333,-73.946185,39.07070906000001,39.13142273576926,38.24804047485716
40.785405,-73.94622167,39.07070906000001,39.18032068887503,38.23577900628573
40.78536,-73.94626167,39.07070906000001,39.19119426500003,38.226562194326945
40.78532333,-73.94629833,38.92202519,39.21303891846156,38.21637822662422
40.78529,-73.94633833,38.92202519,39.21824637898737,38.22559813740387
40.785255,-73.94637,38.92202519,39.20556941873421,38.23173210308919
40.78522167,-73.9464,38.92202519,39.23496871734179,38.22555720418532
40.785185,-73.94643,39.53726879000001,39.210081016538496,38.19452373442309
40.78500833,-73.94668,39.42447412999999,39.24703995253167,38.28149909285716
40.784995,-73.94683167,39.32022452000001,39.205677583924064,38.33350130403848
40.78503,-73.94689167,39.32022452000001,39.21197222868423,38.33216396038586
40.78506333,-73.94696167,39.32022452000001,39.10013174567569,38.39811683640779
40.78511,-73.94703667,39.32022452000001,39.04946850714288,38.48137625677421
40.78519833,-73.947215,38.76479627000003,38.96569039550002,38.52699431028574
40.78524333,-73.94730667,38.76479627000003,38.86534302500002,38.61036687114288
40.785325,-73.94747333,38.657128640000025,38.75536426544306,38.64677149685716
40.78536167,-73.94755333,38.657128640000025,38.7025545477778,38.69461364482652
40.785435,-73.94771,38.43837536000001,38.67084454076925,38.71736174800002
40.78546667,-73.947795,38.09486435000002,38.677571028846174,38.72467312554841
40.78553,-73.94795667,37.76502542000003,38.558905538947386,38.74972390438712
40.785555,-73.94803,37.76502542000003,38.571829571265845,38.753742480961556
40.785595,-73.94815333,37.76502542000003,38.54295362576926,38.74405882597446
40.78560333,-73.94820333,37.76502542000003,38.51825493129872,38.738798436205805
40.78560667,-73.94824167,37.76502542000003,38.503806028571454,38.74492009903539
40.78567333,-73.94836667,37.76502542000003,38.508773425769256,38.718745526019134
40.78568167,-73.94840667,37.76502542000003,38.54801159645572,38.719282349714305
40.78569167,-73.94844,37.76502542000003,38.533383656666686,38.71941015632913
40.78569833,-73.94847,37.66932086000003,38.50829523162501,38.70515343835964
40.78581167,-73.948335,37.75648037000002,38.4985584716456,38.730577726826944
40.785835,-73.94838,37.75648037000002,38.505156548227866,38.72668263428573
40.78586333,-73.948435,37.75648037000002,38.46327498670888,38.71451882342859
40.78593833,-73.94849667,37.87098404,38.47272862430382,38.73090453347135
40.78597667,-73.94849833,37.87098404,38.44871706153849,38.73039003964518
40.78601833,-73.94848667,38.39906813000002,38.50526471341775,38.72428781891376
40.78606333,-73.948465,38.39906813000002,38.50526471341775,38.7094840257143
40.78610833,-73.94844,38.24354822000001,38.51848249962028,38.71113878142859
40.78619333,-73.94840333,38.24354822000001,38.523220134936736,38.70953285457144
40.78626167,-73.94836833,38.600731310000015,38.51547550734179,38.71919011742859
40.78628333,-73.94835333,38.600731310000015,38.52202920846157,38.721148263801936
40.78629,-73.94834167,38.600731310000015,38.52202920846157,38.721148263801936
40.78641,-73.94835167,38.600731310000015,38.56763866181821,38.71140614028849
40.78646333,-73.94831667,38.600731310000015,38.571404698400016,38.695429268640794
40.78674,-73.94811667,38.91348013999999,38.540275081250016,38.714724989714306
40.78688,-73.94801167,39.11685233000003,38.43315838210528,38.738141226935504
40.78695333,-73.94796,39.11685233000003,38.46160036769232,38.74010874413463
40.78702833,-73.94791,39.11685233000003,38.42075941076925,38.7366767763898
40.78710167,-73.94785167,38.09315534000004,38.444291163846174,38.738776455369795
40.78718333,-73.94779167,38.09315534000004,38.38706123923079,38.761460413942324
40.78727167,-73.94773333,38.09315534000004,38.31850364576925,38.781486505480785
40.78736667,-73.94767167,38.14271663000002,38.30117253153848,38.78535916596156
40.78746,-73.94761167,37.57019828,38.29535258562502,38.78996878990448
40.78755333,-73.94755167,37.57019828,38.286667856923096,38.79008085384617
40.78764667,-73.947485,37.66932086000003,38.26935865307694,38.79790766057145
40.78773667,-73.94742,37.66932086000003,38.18140861640002,38.78908940894233
40.787825,-73.94735167,37.66932086000003,38.13761269472976,38.80133183634617
40.78791,-73.94728167,37.862438990000015,38.13062209769232,38.80482508200002
40.78799333,-73.94721667,37.862438990000015,38.12978950307695,38.820876914440916
40.78807667,-73.94715333,37.862438990000015,38.11313761076925,38.827554611661355
40.78824833,-73.94702333,37.48474778000002,38.1173478192208,38.7951104570874
40.78833,-73.94695833,37.48474778000002,38.031320250909104,38.80096754961167
40.78841,-73.946895,37.780406510000034,37.96735922417724,38.81099431596156
40.78849333,-73.94683667,37.780406510000034,37.96662451212502,38.808413882816474
40.78857667,-73.94677833,36.980589830000014,37.93804645772153,38.800086782229315
40.78865167,-73.94671833,36.980589830000014,37.95534504612502,38.78564837603836
40.78878833,-73.94661833,37.41126035000002,37.99909405884617,38.79363784828574
40.78884,-73.94658,37.41126035000002,38.00744848850002,38.79193968914288
40.78887667,-73.94655167,36.76354556000001,37.97153440050635,38.79065457098728
40.78891167,-73.94653667,36.76354556000001,38.00054836062502,38.77755397522295
40.789015,-73.946595,37.737681260000045,38.04259893025319,38.75219299942859
40.78903333,-73.946635,37.737681260000045,38.0501014342308,38.72581015971339
40.78905333,-73.94668167,37.737681260000045,38.10671925481015,38.72145252114287
40.78907667,-73.94673,37.737681260000045,38.104534317974704,38.70051910591774
40.7891,-73.946785,37.737681260000045,38.115920229615405,38.68947932288463
40.78912667,-73.94684167,38.26405634,38.1362800988312,38.67322873097089
40.78915167,-73.9469,38.26405634,38.19535413800002,38.65235443787099
40.78918333,-73.94696167,38.26405634,38.28926423750002,38.6364171972669
40.78928667,-73.94718,38.57509616000005,38.41587700050635,38.59398809162941
40.78932333,-73.94725333,38.57509616000005,38.48584311275001,38.57423894228573
40.78935833,-73.94732,38.57509616000005,38.46642448662502,38.57300316357597
40.78938667,-73.94738333,38.57509616000005,38.49593394038464,38.57211366190325
40.78941333,-73.947445,38.57509616000005,38.58844374443041,38.554293194824304
40.78944333,-73.94750333,38.57509616000005,38.58381649307695,38.55130023028573
40.78947167,-73.94756,38.57509616000005,38.65345102354433,38.532789998439505
40.78949833,-73.94761833,38.41615823000004,38.64095877615388,38.535605049177235
40.78952167,-73.94767833,38.21620406,38.63931549730772,38.528439640990435
40.78954333,-73.947735,38.21620406,38.63931549730772,38.5241335917042
40.78956333,-73.947785,38.21620406,38.65382305486844,38.52321589180066
40.78957833,-73.94782833,38.21620406,38.63645664232879,38.51936128013031
40.789595,-73.94786333,38.21620406,38.778992446400025,38.5054788107097
40.78961167,-73.94788833,38.21620406,38.75242843447371,38.49528923964632
40.78962333,-73.94791,39.55264988000002,38.78333245538464,38.49316775432695
40.789675,-73.94808833,39.55264988000002,38.8298468151899,38.48813675560129
40.78971167,-73.94821167,39.42105611000002,38.79849444153848,38.47088477067095
40.78973667,-73.94827167,39.42105611000002,38.7954474753247,38.46768212503228
40.78976667,-73.94832833,39.03994688,38.758263092531664,38.46249869346156
40.78983333,-73.94844667,39.03994688,38.794506751538485,38.45064419536744
40.78985667,-73.94850667,39.03994688,38.77890655769233,38.44117988923079
40.78987833,-73.948565,39.03994688,38.76243319444446,38.41761846006331
40.7899,-73.94862667,39.03994688,38.77586101423079,38.41480729828573
40.78993,-73.94869,39.03994688,38.80736814730772,38.41833982797429
40.78996667,-73.94875833,38.94424232000003,38.78725754428573,38.39295196237944
40.79,-73.94883333,38.94424232000003,38.70813601538463,38.379179456990315
40.79002667,-73.94891667,37.737681260000016,38.67192506868423,38.365863719580666
40.790085,-73.94908833,37.21301519000002,38.61170841269233,38.34782530604503
40.79011833,-73.94917,37.21301519000002,38.555031938701326,38.321111832427206
40.79014833,-73.94924333,37.21301519000002,38.50307672576926,38.281935213846175
40.79017667,-73.94930667,37.12243766,38.47242409769233,38.236554842571444
40.79022,-73.94939833,37.12243766,38.45183110962028,38.2211460379618
40.79024333,-73.94942833,37.12243766,38.44118765493673,38.196252990727864
40.79026,-73.94945167,37.12243766,38.43657870846157,38.20245553865817
40.79027833,-73.94948167,37.12243766,38.43657870846157,38.185293984903865
40.790295,-73.949515,36.80114378000002,38.43057800187502,38.142651524857165
40.79030167,-73.94956833,36.80114378000002,38.41981421341775,38.14859779457145
40.790305,-73.94962333,36.80114378000002,38.38492995636366,38.138411027387114
40.79032,-73.94965667,36.80114378000002,38.3664859653247,38.11079496090034
40.79035167,-73.94971333,36.80114378000002,38.34841132076925,38.080356875335475
40.790365,-73.94972833,36.80114378000002,38.33204426346156,38.061065139490466
40.79037167,-73.94974167,36.80114378000002,38.33075099607597,38.04850337171977
40.790455,-73.94998333,36.69347615000001,38.156233345454574,37.96677129403228
40.79045333,-73.95002833,36.69347615000001,38.156233345454574,37.9571959258654
40.7904,-73.950055,36.44225168000003,38.32076439909093,37.96363008048545
40.790365,-73.95006667,36.44225168000003,38.32076439909093,37.96545921538711
40.79025667,-73.950125,36.76012754000001,38.38298207337501,37.92152814725242
40.79019833,-73.95016167,36.76012754000001,38.41036057582281,37.92308973466455
40.79013833,-73.95021167,36.76012754000001,38.44131135153848,37.8810584906688
40.79008167,-73.95026667,36.76012754000001,38.46632524506331,37.891897502115405
40.79001333,-73.95031167,39.17324966000001,38.51769478662502,37.909548696964876
40.78994667,-73.95036333,38.9066441,38.53009944101267,37.88360358685716
40.78988,-73.95041333,38.9066441,38.61461972037976,37.87497354423569
40.78981167,-73.95046333,38.9066441,38.63683962384616,37.88867986506331
40.78974,-73.95049833,39.74405899999999,38.67112937576925,37.889596911730784
40.78966833,-73.95054,39.74405899999999,38.67154279013159,37.89875545250001
40.78959833,-73.95059333,39.74405899999999,38.73868889355265,37.855597472403865
40.78944667,-73.95068833,40.86516956,38.77817296555557,37.85368301787977
40.78937333,-73.95074,40.86516956,38.83112316443041,37.830555612356704
40.78930333,-73.950785,40.86516956,38.884142135000026,37.83612132801919
40.789235,-73.95082667,40.86516956,38.922836969750016,37.85840789657144
40.78917,-73.95087333,40.84295243,38.94985137846157,37.85492703929262
40.789105,-73.95091833,40.84295243,38.98208468428574,37.86060947288464
40.78897,-73.95099333,40.84295243,38.958971287763184,37.876739544645176
40.78890333,-73.95102833,40.41740894,38.93522729225002,37.850683403642186
40.788835,-73.95106167,40.41740894,38.99428563846156,37.85626362159746
40.78870667,-73.95113667,39.76114910000001,39.10238123233768,37.836853296881046
40.78864167,-73.95118,40.30119626000001,39.12810150974685,37.84590760480771
40.78857167,-73.95121667,40.30119626000001,39.11362657362502,37.841000167101924
40.788505,-73.951275,40.30119626000001,39.13545917637502,37.82404575585444
40.78845167,-73.95137333,40.30119626000001,39.10971342746838,37.82017885031647
40.78838667,-73.95140833,40.04655377000006,39.145445381923096,37.83381307250002
40.78832667,-73.95146,40.04655377000006,39.05967817727275,37.83228519543691
40.788265,-73.95149,40.04655377000006,39.130636844868434,37.80879475971063
40.78820167,-73.951505,40.04655377000006,39.16035440272728,37.825016053076936
40.78814167,-73.95153,40.04655377000006,39.16487767430381,37.84658438449046
40.78808333,-73.95156333,39.18350372,39.17234107240508,37.87739147114288
40.788025,-73.95160167,39.18350372,39.17392888192309,37.881736561250015
40.78796667,-73.95163833,39.18350372,39.16794956569621,37.878631043343965
40.78790833,-73.95167833,39.18350372,39.13310928762502,37.898921455063714
40.78784833,-73.95173833,38.56313309000001,39.13652785538463,37.89434233003197
40.78779167,-73.95179167,38.56313309000001,39.170142369090925,37.901158054220794
40.78767333,-73.95188,38.56313309000001,39.03708373337663,37.93767414543691
40.78761667,-73.95192667,38.56313309000001,39.02596805461541,37.90091910298079
40.78756333,-73.95197667,38.229876140000016,39.00677455769232,37.88149228819622
40.787515,-73.95202167,38.229876140000016,38.957423059625015,37.884656120000024
40.787475,-73.952065,38.229876140000016,38.91298879962502,37.8902985657143
40.78743667,-73.952085,38.229876140000016,38.92200382737502,37.87838794724685
40.78734667,-73.95214333,38.229876140000016,38.9935594657143,37.90738979964632
40.787295,-73.952185,38.06410217000001,38.92649490846155,37.91110743182694
40.78723167,-73.95224,38.2572203,38.87694193886077,37.91302895162422
40.78717333,-73.95229,38.2572203,38.803161353461554,37.92025501740386
40.78704333,-73.95239667,38.08973732000004,38.82380093576924,37.893496015175735
40.78698333,-73.95244333,38.08973732000004,38.76754366582279,37.888776249203836
40.78692833,-73.95248333,38.19398693,38.74222857384616,37.89428372617365
40.786885,-73.95252833,38.19398693,38.759264474473696,37.894491196903246
40.78675167,-73.95269,38.11537247000001,38.68585315423078,37.863193124571445
40.78671167,-73.95272833,38.11537247000001,38.673375051519,37.863241624089476
40.78666667,-73.95276,38.11537247000001,38.67268063100001,37.84793151533548
40.78662667,-73.95280833,38.11537247000001,38.67183050807694,37.860724467064536
40.786565,-73.95288667,38.11537247000001,38.65086227000001,37.79395340773887
40.78654167,-73.95291333,38.11537247000001,38.62872446113926,37.76708165742859
40.78652,-73.952935,38.10682742,38.60293787987344,37.76192750028573
40.78638667,-73.95299833,38.10682742,38.57195936949369,37.812948455191105
40.786345,-73.953025,38.70156290000003,38.575380995000025,37.79917849285716
40.78630167,-73.953045,38.70156290000003,38.56668090822787,37.80309715550957
40.786245,-73.95307667,38.66054666,38.5585538196154,37.833157952000015
40.78619167,-73.95311333,38.66054666,38.54181319025001,37.784258564285736
40.78614167,-73.95312833,38.66054666,38.5384497936709,37.8045279654286
40.78610167,-73.953155,38.66054666,38.521985387692325,37.802661860670945
40.78607167,-73.95318667,38.66054666,38.51516983532469,37.80279948668812
40.78604667,-73.95327667,38.66054666,38.50112044142859,37.733862089742786
40.78604333,-73.95333167,38.82290261,38.45051371307695,37.700579204193566
40.78604833,-73.95339167,38.82290261,38.45051371307695,37.633928518722065
40.78607333,-73.95345,38.82290261,38.43415691759496,37.58311622542858
40.786105,-73.95350833,38.82290261,38.428228113125016,37.57734259079116
40.78614333,-73.953565,38.98696757000002,38.4160067987342,37.5282241235669
40.7862,-73.95369667,38.98696757000002,38.383446025769246,37.42876259067526
40.78622667,-73.95375667,38.98696757000002,38.34137281772154,37.32091537515824
40.78625333,-73.95381167,38.98696757000002,38.30786324189875,37.30030491028573
40.78627667,-73.95386667,39.10830728000002,38.27251699444446,37.23231726813293
40.78629667,-73.95392167,39.10830728000002,38.23698989412502,37.16063457777072
40.78631833,-73.95397833,39.10830728000002,38.170060790000015,37.11119847003187
40.78634167,-73.95403167,39.10830728000002,38.16506522230772,37.0974817319231
40.78636667,-73.95408333,39.10830728000002,38.15390287727275,37.065677646205806
40.78638833,-73.95413333,39.00063965000001,38.15297069000002,37.01044530051448
40.78641,-73.95418667,39.00063965000001,38.05728922472975,36.879736329615405
40.786455,-73.95429333,39.00063965000001,37.962760096493525,36.751846260032174
40.78648333,-73.954345,39.00063965000001,37.90964227886078,36.73254859587861
40.78651,-73.9544,38.96475043999999,37.90631079101268,36.638022844571445
40.78654,-73.95445167,39.24331907000001,37.84390280461541,36.61878970028573
40.78672667,-73.95455167,39.24331907000001,37.71097250115387,36.470883075096175
40.78676833,-73.95454,39.24331907000001,37.71097250115387,36.47306863596155
40.78683333,-73.954515,39.35782274000002,37.73810296376625,36.46656248463024
40.78686167,-73.95450667,39.35782274000002,37.75694646363639,36.460780656161305
40.78688833,-73.95449167,39.35782274000002,37.755243586447385,36.44571963860391
40.78692,-73.95447,39.35782274000002,37.70170440846156,36.440350337684905
40.78694667,-73.954455,39.35782274000002,37.70170440846156,36.4464286533227
40.787,-73.95442333,39.35782274000002,37.66001865367091,36.431262854554156
40.78704,-73.95440667,39.35782274000002,37.6639558665823,36.43808495085716
40.78708833,-73.954375,39.41934709999998,37.60652015075952,36.42367430863926
40.787145,-73.95433,39.42105611000005,37.62415107670888,36.41969710216562
40.78720333,-73.95427833,39.42105611000005,37.69270617405065,36.464604016487364
40.78726667,-73.954225,39.42105611000005,37.69263350923079,36.500781151093264
40.78733333,-73.95417833,39.42105611000005,37.7301292833784,36.54323211925808
40.78739833,-73.95413667,39.477453440000005,37.66252920987015,36.52527648838712
40.78746333,-73.9541,39.477453440000005,37.67407541346156,36.53782985019294
40.78751833,-73.954055,39.689370680000025,37.67040251189875,36.581397646571446
40.78756333,-73.954005,39.689370680000025,37.711362506000015,36.570558054968174
40.78764667,-73.95395333,39.74747702000002,37.72212710569622,36.59648711114652
40.78767833,-73.95392667,39.74747702000002,37.7129979636709,36.60094546571431
40.787695,-73.953905,39.74747702000002,37.73930373784812,36.615019027428595
40.78776667,-73.95381333,39.74747702000002,37.76757783753248,36.6483275128296
40.78780833,-73.95382333,39.74747702000002,37.71335561116885,36.60723983511256
40.78784833,-73.95382,39.74747702000002,37.6594611869231,36.59969970384618
40.78788833,-73.95383333,40.00382852000001,37.65992130500002,36.55908828428573
40.78792833,-73.95387667,40.00382852000001,37.551570071000015,36.52382299857145
40.78796333,-73.95393,40.00382852000001,37.54390581846156,36.480925538881806
40.78803333,-73.954055,40.00382852000001,37.30311679316458,36.352966724019005
40.78806833,-73.95412333,38.804103500000025,37.27402906649353,36.29068282527333
40.78810833,-73.9542,38.804103500000025,37.14515872884618,36.17091347692309
40.78814167,-73.95427,38.52382586000002,37.00396821038464,36.04770908885716
40.788175,-73.95434167,38.52382586000002,36.90292722367091,36.022461131305754
40.78820333,-73.95440833,37.961561570000015,36.82734138898736,35.932562652907365
40.78823333,-73.95446833,37.961561570000015,36.78317668802634,35.8983123875484
40.78826667,-73.954535,37.961561570000015,36.73453677987015,35.830261772115406
40.78829667,-73.95459667,37.961561570000015,36.38050245026318,35.69185295367743
40.78832667,-73.95464333,37.067749340000034,36.26359440384618,35.5905731196154
40.78835167,-73.95468833,37.067749340000034,36.205663346923096,35.56463409428117
40.788365,-73.95472333,37.067749340000034,36.191200274303824,35.53117031085716
40.78837,-73.95476167,37.067749340000034,36.08083879025001,35.51074357228573
40.78837667,-73.95479,37.067749340000034,36.04736220481015,35.48144516945862
40.78841167,-73.95486667,36.53966525000001,35.9655460551899,35.424034372857164
40.788425,-73.95489833,35.34335825000002,35.89030634911395,35.33611270281152
40.78844333,-73.954945,35.34335825000002,35.78761431784813,35.318699677142874
40.78846667,-73.955005,35.34335825000002,35.75121348650002,35.25718701734826
40.78849833,-73.95507333,35.34335825000002,35.50099819772154,35.15526340817893
40.78852833,-73.95515167,35.34335825000002,35.40414708670889,35.06970438442677
40.78855667,-73.95524333,35.34335825000002,35.25304031645572,34.96780465885716
40.78858333,-73.955345,35.34335825000002,35.10514854846157,34.93764798433123
40.78862,-73.95544833,34.38460364000002,35.053425813246776,34.82662176659166
40.78873,-73.95564833,33.99324035000001,34.392053170769245,34.537883213173096
40.78879333,-73.95575333,33.51129953,34.23023731175002,34.45513275205698
40.78884833,-73.955865,33.51129953,33.94082349898736,34.37424107142859
40.788905,-73.95597667,32.35600877000002,33.727297031375016,34.26802513357829
40.78896167,-73.95609333,32.048386970000024,33.49848195500002,34.159949948892425
40.78902333,-73.95621833,32.048386970000024,33.33469470912502,34.04747293400002
40.78908333,-73.95634667,32.048386970000024,33.24720199766235,33.92151138688105
40.78919167,-73.95662167,32.144091530000026,32.69785349525002,33.6335590574841
40.78924167,-73.956765,32.364553820000026,32.5255951469231,33.50354029488747
40.7893,-73.95691333,32.40898808000003,32.39410454987344,33.39262980686903
40.78935667,-73.95706167,32.22441500000002,32.227405767500024,33.27266007984179
40.78941167,-73.95721167,32.22441500000002,32.10660147518989,33.1408458417143
40.78946667,-73.95736333,32.22441500000002,32.01749332769233,33.054007892692326
40.78952167,-73.95752,32.636286410000025,31.935830273417743,32.900058042025336
40.78965667,-73.957785,32.17143569000004,31.91013471948054,32.56539821385854
40.78971167,-73.95792333,32.26543124000003,31.86402751625002,32.528896358057345
40.78977167,-73.95807,32.43462323000003,31.763858167625017,32.32646188600002
40.789835,-73.958215,32.30473847000002,31.7628308687342,32.25727209548389
40.78995333,-73.95852,32.30473847000002,31.812759920379765,32.111174038025496
40.79005333,-73.95884167,32.000534689999995,31.973515025569636,31.917598406634635
40.790095,-73.95900667,32.14580054000001,31.95393130192309,31.84547637755629
40.79013667,-73.959175,32.14580054000001,32.14750955000001,31.75390970993571
40.79017167,-73.95934167,32.24492312000001,32.13615220506331,31.67319648389778
40.79020333,-73.959505,32.24492312000001,32.161970403846176,31.620088249134636
40.79027833,-73.95982333,32.21416094000003,32.35883520961541,31.570683184377014
40.79032333,-73.95997667,32.67217562000002,32.43910660688314,31.56442491701925
40.79037667,-73.96012333,32.78155226000004,32.555508646202554,31.582038831714303
40.790435,-73.96026,32.78155226000004,32.65833047569622,31.661455055288478
40.79050167,-73.96039667,32.80206038000003,32.80736730578949,31.709937258846168
40.79057667,-73.96053167,32.795224340000004,32.94434087075951,31.740754214807712
40.79066,-73.96066167,32.70293780000003,32.985603671923094,31.84627606214059
40.790745,-73.96078667,32.70293780000003,33.01049551212502,31.933969832151924
40.79082333,-73.96091167,32.70293780000003,33.05752408259742,31.976547907709698
40.79090167,-73.96103833,32.41582412,33.14421294615386,32.16357754112542
40.790975,-73.961165,32.212451929999986,33.23686281025318,32.282203639423095
40.79104667,-73.96129167,32.212451929999986,33.26158687653847,32.41316200826925
40.79112,-73.961415,32.09794826000004,33.24462907088609,32.47003195156552
40.79118833,-73.96154333,32.09794826000004,33.25936116974685,32.621008731433136
40.79125333,-73.96167667,32.17143569000001,33.320734098481026,32.71046286942859
40.79131667,-73.96181167,32.17143569000001,33.319357731558455,32.82572657349516
40.79145167,-73.96209667,32.12871044000002,33.42679117653848,33.16416301635784
40.79157167,-73.962385,32.16289064,33.66160695950002,33.444420272000016
40.79162667,-73.962535,32.28423035,33.697932186153864,33.593080040576936
40.791675,-73.96267167,31.937301320000017,33.747778311153866,33.6887188694231
40.79172333,-73.96281833,32.18681678000004,33.95356535835444,33.85776197314288
40.79181667,-73.96308167,32.18681678000004,34.04586454103898,34.07786676427187
40.79185,-73.96317833,32.18681678000004,34.22663568864866,34.24105233077672
40.7919,-73.96331833,32.64141344000004,34.327154611538475,34.394732117795556
40.79192333,-73.963365,32.492729569999995,34.3855554936709,34.42529435428573
40.79194167,-73.96340667,32.492729569999995,34.45826197100002,34.44570481657145
40.79196667,-73.96344833,32.492729569999995,34.45935146487502,34.516826759714306
40.79199667,-73.96349333,32.492729569999995,34.49253086645572,34.56629752799365
40.79202667,-73.96353833,33.39850487000001,34.5737196579747,34.577874165796196
40.792055,-73.96358,33.39850487000001,34.602032437250024,34.62301872514379
40.79212,-73.96367167,33.39850487000001,34.72424233620254,34.73564958226839
40.79218333,-73.96376,33.47028329,34.89724255212502,34.86411386800002
40.79221167,-73.96380167,36.35338316000002,34.88906445253166,34.86411386800002
40.792235,-73.963845,36.35338316000002,34.96253024949369,34.95126252714287
40.79225833,-73.963885,36.35338316000002,34.99886127269232,34.99022310355771
40.79228,-73.96393333,36.35338316000002,35.05757130144739,35.04838312400002
40.792315,-73.96399333,36.35338316000002,35.08611895259742,35.087675016730785
40.79235333,-73.96406833,36.35338316000002,35.37680601714288,35.20033616474196
40.79239333,-73.96415,36.35338316000002,35.48358360215192,35.278781696421746
40.79243,-73.96424,36.35338316000002,35.5751129858228,35.34398217428573
40.79247333,-73.96433333,37.88123810000002,35.59988281430381,35.41202888429938
40.792515,-73.96442833,37.88123810000002,35.79830103860761,35.50540052094939
40.79255333,-73.96452,37.88123810000002,35.96901127454547,35.58066807083873
40.79259833,-73.96461167,38.79043142000003,36.07704938923079,35.66798876857145
40.79269167,-73.96480833,38.79043142000003,36.31385682615386,35.864305032211554
40.792745,-73.96491,38.925443210000026,36.50065424840002,35.969053103461555
40.7928,-73.96501167,38.925443210000026,36.7234837022078,36.0862390695177
40.792855,-73.96511167,38.9408243,36.78089525645572,36.14269206685716
40.7929,-73.96521333,38.9408243,36.87651550307694,36.22441780411395
40.792935,-73.96532167,38.9408243,37.034023433797486,36.29164787787977
40.792985,-73.96542167,38.68618181000002,37.19149919230771,36.39276757109679
40.79307333,-73.96562,38.68618181000002,37.29690811126584,36.558122558000015
40.79310833,-73.96572,38.52040784000002,37.3796217546154,36.612983956082815
40.79314,-73.96581667,38.52040784000002,37.48691252600001,36.7120397233654
40.79317167,-73.96590167,38.52040784000002,37.60467470840002,36.81392301182694
40.79319833,-73.965975,38.64516557000002,37.62093590155845,36.88096557287099
40.79321667,-73.96604,38.64516557000002,37.62352371860761,36.89739062201925
40.79322667,-73.96609667,38.64516557000002,37.64210649822787,36.93360294041403
40.793245,-73.96615,38.527243880000015,37.65240604307693,36.967878726869024
40.79326667,-73.96619333,38.34096179,37.66239717846155,37.00351904750001
40.79328833,-73.96624167,38.34096179,37.691209334230784,37.05070869688105
40.79331667,-73.96628833,38.34096179,37.71082538857144,37.10076631061292
40.79333167,-73.96633833,38.34096179,37.74188805384617,37.14729499134617
40.79335167,-73.96637167,38.34096179,37.73826535202533,37.151370707891395
40.79336333,-73.96639167,38.34096179,37.73826535202533,37.169020389714305
40.79340333,-73.96646,38.34096179,37.771905280769246,37.222175703408375
40.79341667,-73.96650167,38.34096179,37.77514968177216,37.262494839394925
40.79346333,-73.96660167,38.34096179,37.799564301111126,37.33453280955838
40.79348167,-73.96665,38.34096179,37.80688534848103,37.36344604800002
40.79351333,-73.96669333,38.00257781000002,37.83489763653848,37.4128762408654
40.79353167,-73.96673,37.93250840000002,37.84224159909092,37.42426536480647
40.79354,-73.96676333,37.93250840000002,37.864103026052646,37.47530938386365
40.79354833,-73.96679833,37.93250840000002,37.882004963461554,37.48803348954841
40.79356,-73.96683,37.93250840000002,37.89601346493673,37.51761883451925
40.79357333,-73.96685833,37.93250840000002,37.9168205646154,37.55711778038464
40.79354,-73.966965,37.93250840000002,37.91976654063293,37.58944227514288
40.79349833,-73.96699167,38.10170039000002,37.94060483487501,37.58617262506371
40.79340333,-73.96706333,38.10170039000002,37.953081419113936,37.62234765543133
40.79335167,-73.96710833,38.10170039000002,37.982326041500016,37.63373547400002
40.79329833,-73.96714333,38.10170039000002,37.97959381653848,37.64100716548079
40.79324833,-73.96718,38.10170039000002,37.99330032714287,37.63246449321545
40.79320167,-73.96721167,38.057266130000016,37.99798195878381,37.63927768097089
40.79316,-73.967245,38.057266130000016,38.04470259702704,37.65401143816131
40.79312833,-73.96727167,37.95814354999999,38.06918481012989,37.65348366765275
40.79307,-73.96743,37.95814354999999,38.103964828250014,37.700251763917215
40.79305667,-73.96750833,37.95814354999999,38.156734838607605,37.73689457285716
40.793035,-73.96753167,37.95814354999999,38.163787208987365,37.748087715796196
40.79301833,-73.96755,37.95814354999999,38.163787208987365,37.75707362506371
40.79301167,-73.96768167,37.95814354999999,38.16659894923079,37.864805311538476
40.79302667,-73.96771833,37.95814354999999,38.16659894923079,37.866752465718875
40.79305,-73.96777333,37.95814354999999,38.21737224405065,37.88864381000002
40.79310833,-73.967925,37.98719672000004,38.26669557063292,37.974794190285735
40.79314167,-73.96801667,37.98719672000004,38.26348667000002,38.02761205003228
40.79317667,-73.96811333,37.63001363000001,38.314400926250016,38.12382257500002
40.79321333,-73.96821167,37.63001363000001,38.37682880506495,38.17375996970969
40.79324833,-73.96830667,37.56507125000002,38.38684546354432,38.1779059597143
40.79329,-73.968405,38.19056891,38.38623973848103,38.21306361805735
40.79333333,-73.968505,38.19056891,38.4147121446154,38.25103401140577
40.79338833,-73.96861167,38.19056891,38.450078833544325,38.269792953184734
40.79343333,-73.96872,38.19056891,38.46692459115386,38.289272401560524
40.79347333,-73.96882833,38.19056891,38.49329866887502,38.308371618291154
40.79351167,-73.968935,38.55971507000001,38.54347947500002,38.33106809632589
40.79365667,-73.96925,39.11343431,38.67071526950001,38.360412733942326
40.79371,-73.96935667,39.11343431,38.719858071153865,38.36270633202574
40.79381167,-73.969575,38.91348014000002,38.838629828607615,38.35990241038218
40.79387167,-73.969675,38.91348014000002,38.86306434500002,38.34664046246837
40.79392333,-73.96977833,38.91348014000002,38.89470266303798,38.34195236267517
40.79402333,-73.96997667,38.95278737000001,38.955175601923095,38.31993162514471
40.79406333,-73.970065,38.33241674000001,38.98916486857144,38.311914097596166
40.79412,-73.97017833,38.33241674000001,39.0308177379747,38.297031468846164
40.79413667,-73.970205,38.33241674000001,39.04367164538464,38.29634188674123
40.79418333,-73.97020833,38.33241674000001,39.04623516038463,38.29672891015925
40.79421,-73.97020167,38.33241674000001,39.03334880341774,38.28450478028573
40.79423667,-73.97016833,38.33241674000001,39.04433838670888,38.27943198729301
40.79431333,-73.97008833,38.33241674000001,39.05048577500001,38.30142450096155
40.79436,-73.97004167,38.71865300000002,39.047573337125016,38.29413491600002
40.79440833,-73.97000167,38.71865300000002,39.067619695769245,38.29527026468155
40.79444833,-73.96997333,38.71865300000002,39.0789433809091,38.297873856205804
40.79448333,-73.96993833,40.75408391000002,39.083953887500016,38.29163679398716
40.79451167,-73.96991,40.75408391000002,39.10985462689191,38.28858338996776
40.79455333,-73.96987167,40.75408391000002,39.09340471280002,38.28062439514471
40.80651167,-73.90799,40.29948725,41.49601335384618,42.0929289171154
40.80660667,-73.907685,40.42082696,41.66093281884618,42.040704669967866
40.80664833,-73.90754167,40.56096578,41.68973443544306,42.03142646750002
40.80669167,-73.90737,40.21232774000004,41.621106853376645,42.015443905534
40.80673,-73.90719333,40.531912610000006,41.743425416923095,41.924426047459825
40.80677667,-73.90702833,40.531912610000006,41.81888259050002,41.903943816000016
40.80683333,-73.90687,40.531912610000006,41.8301387518182,41.9020182583654
40.80688167,-73.906715,40.89422273000002,41.764346783417736,41.91047953952231
40.807055,-73.906285,40.86516956000003,41.860667885000026,41.89726322935694
40.80712833,-73.90615667,40.80535421000002,41.770725756153865,41.9569623290968
40.80720667,-73.90603667,40.80535421000002,41.81566034949369,41.935825981826945
40.80727667,-73.90591667,40.49602340000001,41.81134760923079,41.954559360673095
40.80734667,-73.90579333,40.49602340000001,41.782053425000015,41.955726757942145
40.80741667,-73.90567167,40.29777824000004,41.86441293777779,41.883977483417745
40.807485,-73.90554333,40.27043408,41.84193450615386,41.96900925932694
40.807555,-73.90541667,40.18327457000004,41.73483370064937,41.98857350116131
40.80761833,-73.9053,40.18327457000004,41.69343368493673,42.04342548313101
40.80774333,-73.90509833,40.28068814000002,41.728438713846174,42.03360655076925
40.80779667,-73.90499833,40.613945090000016,41.774298792125016,42.074702338025496
40.807855,-73.90489833,40.613945090000016,41.764749698750016,42.07171980348103
40.80790833,-73.90480167,40.613945090000016,41.74614285237502,42.09841287771431
40.80796333,-73.904705,40.613945090000016,41.6383213019231,42.09598541576925
40.80806167,-73.90453333,40.803645200000005,41.50742439597405,42.157761745192325
40.80808667,-73.90446,40.803645200000005,41.517310247692336,42.144005908722065
40.80813333,-73.90434167,40.65154331000002,41.56983710825002,42.158070890285735
40.80816,-73.90431333,40.65154331000002,41.566141374125024,42.147084397428586
40.80820333,-73.90425667,40.65154331000002,41.55699817062502,42.13865414535034
40.808225,-73.90421833,40.65154331000002,41.56967107468356,42.126224242658246
40.80823833,-73.90416167,40.65154331000002,41.56136398810128,42.12129191000002
40.80825833,-73.90410167,40.65154331000002,41.629225205750025,42.11652409866244
40.80828333,-73.904035,40.14909437000003,41.63110511675002,42.104748044208876
40.80831667,-73.90396833,40.60369102999999,41.670366456666684,42.144118245457435
40.80836667,-73.90386167,40.60369102999999,41.62808027721521,42.148619741878996
40.80839,-73.90381667,40.60369102999999,41.643974181153865,42.142257217388554
40.808405,-73.90377833,40.60369102999999,41.643974181153865,42.16324233553057
40.80843,-73.90375167,40.60369102999999,41.64007067315792,42.16324233553057
40.808445,-73.90373,40.60369102999999,41.64263054162164,42.19383111509679
40.80854833,-73.90358333,40.60369102999999,41.77892024000002,42.21027033418008
40.80862333,-73.90345,41.15228324,41.80194500341774,42.180998405859896
40.80864333,-73.903395,41.15228324,41.83196284666669,42.16581270215191
40.80863667,-73.903345,41.15228324,41.84229602750002,42.16429473805734
40.80981667,-73.90307167,41.01727145000004,41.873796189090925,41.69507584187099
40.80992333,-73.90309167,40.78313708000002,41.85814763607597,41.657113943142875
40.81004,-73.903105,40.78313708000002,41.79017663075951,41.56050184587861
40.81015167,-73.90312667,40.78313708000002,41.75785687202534,41.5167798077143
40.810265,-73.903145,41.097594920000006,41.77214338649353,41.449562487572834
40.81038667,-73.903165,41.097594920000006,41.687137638846174,41.3610956869132
40.81051167,-73.903185,40.882259660000045,41.668923452911415,41.34216238914288
40.81063667,-73.90320333,40.882259660000045,41.64092863769232,41.30661786887099
40.81076,-73.903225,40.75066588999999,41.56149875608109,41.24215738324761
40.81088,-73.903245,40.75066588999999,41.53116625960527,41.21366888165586
40.81110833,-73.90328,41.18475443,41.47797171714287,41.16183940845661
40.81131333,-73.90331,41.09588591000005,41.30298286538464,41.106139970000015
40.81139667,-73.90332667,41.09588591000005,41.28672536000002,41.071797522215206
40.81146167,-73.903355,41.09588591000005,41.23996194291141,41.06493323525479
40.81151833,-73.903385,41.23431572000001,41.19211631923079,41.059318521428594
40.81156833,-73.903435,41.23431572000001,41.19403500329116,41.05410769101913
40.81167667,-73.90357,41.30609414,41.134448186923095,41.0402499658654
40.81173167,-73.903635,41.30609414,41.07811658807696,41.0074227321154
40.81178167,-73.90369167,41.442814940000034,41.059524473552656,40.989089431201315
40.81182,-73.90373833,41.442814940000034,40.986963563797495,40.98014279824283
40.81185333,-73.90377833,41.442814940000034,40.98736377500002,40.96284272645572
40.81202833,-73.90392667,41.68891238000003,40.89001429287502,40.929241106879
40.81207333,-73.903995,41.61884297,40.84771966842108,40.93401113757284
40.81211833,-73.90406167,41.61884297,40.81414027423079,40.895079982604514
40.812155,-73.90412333,41.61884297,40.7782763892208,40.86391407368934
40.81218833,-73.90417833,41.61884297,40.72056102153848,40.841012621221886
40.81222,-73.90422667,41.61884297,40.72056102153848,40.82816459506371
40.81225167,-73.904275,41.61884297,40.701830929250015,40.8428544612739
40.81227667,-73.90431667,41.61884297,40.695692735000016,40.824229761341876
40.812295,-73.904355,41.01898046000002,40.71285404375002,40.82561355006331
40.81231333,-73.90438333,41.01898046000002,40.71237541278483,40.82561355006331
40.812335,-73.90441333,40.78484609,40.71237541278483,40.81143371372613
40.81235167,-73.90446,40.78484609,40.71682749200002,40.80724282933123
40.81237,-73.904505,40.78484609,40.71388972544305,40.81822332657145
40.81238833,-73.904645,40.55242073000005,40.64746797846155,40.805408985961556
40.81239833,-73.90473333,40.55242073000005,40.650461658101285,40.80050930228573
40.81241167,-73.904825,40.55242073000005,40.67506356012502,40.774515832101926
40.81242,-73.90492,39.44840027000004,40.67538180846156,40.78622309487264
40.812445,-73.90510333,39.44840027000004,40.64013511337664,40.773152285241174
40.81245667,-73.905195,39.44840027000004,40.61994853538464,40.74173863329075
40.81247,-73.905285,39.44840027000004,40.61638962329116,40.74445720810128
40.81248667,-73.905375,39.44840027000004,40.61422992500002,40.749330554212236
40.81250667,-73.90547333,38.795558450000016,40.58315981527029,40.735373292427205
40.81253333,-73.90557833,38.795558450000016,40.55661557272729,40.70228265543691
40.81258167,-73.90580833,38.699853890000014,40.56920408461541,40.64103808559107
40.812595,-73.90592,39.29458937000004,40.553774621038976,40.606158378842466
40.81261,-73.90602833,39.58853909000001,40.53472490493673,40.56533931677318
40.812655,-73.90624167,39.58853909000001,40.49117759949369,40.51593472285717
40.81268667,-73.906345,39.58853909000001,40.501807741538485,40.46727697538464
40.81272333,-73.906455,39.58853909000001,40.48135620025319,40.392527924571446
40.81281833,-73.90679833,39.75773108000004,40.43842099884617,40.27318383326925
40.812845,-73.906905,39.75773108000004,40.43099337846156,40.22641478728437
40.812865,-73.90699833,40.27897913000004,40.4560455458228,40.15606062028573
40.81288667,-73.90708,40.35930260000004,40.46876688153848,40.126974897714305
40.81291333,-73.90714,40.35930260000004,40.50176392076925,40.10913192849842
40.81294333,-73.90717833,40.35930260000004,40.50176392076925,40.09492809485533
40.81298333,-73.90720333,40.35930260000004,40.47904427467535,40.05627515155847
40.81308,-73.90720167,40.35930260000004,40.49550420708863,39.97533050611467
40.81313333,-73.907185,40.95916511000004,40.52364878949369,39.93267601130575
40.81319,-73.90717,40.95916511000004,40.54171805487501,39.90814028812104
40.81326,-73.907145,40.95916511000004,40.57946950555557,39.900065653354446
40.81333,-73.907115,40.95916511000004,40.61533366062502,39.87819187057145
40.81346167,-73.90706167,41.36761850000002,40.58570369975003,39.809289843471355
40.813525,-73.90703333,41.1625373,40.59595775975002,39.79522621685716
40.81359,-73.90700667,41.1625373,40.613523112222246,39.77025120072787
40.81365667,-73.90697833,41.1625373,40.65771710862502,39.76003878777072
40.81378833,-73.90691333,41.45306900000003,40.682527439350665,39.741615992115406
40.81385167,-73.90688,41.45306900000003,40.72637023432435,39.70208902216131
40.81391833,-73.90685167,41.45306900000003,40.70177434716218,39.691276883461555
40.81398833,-73.90682833,41.22406166000002,40.628549357272746,39.6790559777097
40.81414333,-73.90676833,40.97625521000003,40.59259328151901,39.646743087714306
40.814225,-73.90673,41.38129058000001,40.61121932721521,39.6609869629618
40.81430667,-73.90669667,41.38129058000001,40.643419963766256,39.62288964147911
40.814385,-73.90666833,41.38129058000001,40.57050594974686,39.5985692860703
40.81444833,-73.90664333,41.38129058000001,40.48519254912502,39.61733726485716
40.81451333,-73.90662167,41.67865832000004,40.51679444461541,39.60474181942309
40.81457833,-73.9066,41.67865832000004,40.45701903253167,39.60580335662422
40.81464333,-73.90658667,41.67865832000004,40.43123055837502,39.58675388210193
40.81471833,-73.90656833,41.67865832000004,40.41838242670888,39.58396352968053
40.8148,-73.906545,41.61713396000002,40.32148527615386,39.57526816025725
40.81488167,-73.906525,41.61713396000002,40.28588090115387,39.58272845600002
40.81496333,-73.90650167,41.61713396000002,40.15242693950002,39.605813070822805
40.815045,-73.90647167,41.888866550000046,40.1041625501266,39.59250507828573
40.81512667,-73.90643833,41.888866550000046,40.10089152384617,39.59977445251615
40.81520667,-73.90640667,41.888866550000046,40.07971780189192,39.587468184383134
40.81528,-73.90637667,41.64960515000001,39.739642207922095,39.604906147307716
40.81534333,-73.90635,41.64960515000001,39.73227121307694,39.60769538858523
40.81539833,-73.90633,41.64960515000001,39.71269109493672,39.604995818881804
40.81547833,-73.90630833,41.64960515000001,39.643703336835465,39.619663623386096
40.81550167,-73.90629833,41.64960515000001,39.62370197075002,39.614526892857164
40.81556667,-73.90626333,40.786555100000015,39.53144062769232,39.63129146714288
40.815575,-73.906225,41.47699514000004,39.53051820050001,39.637026145142876
40.81557333,-73.906165,41.47699514000004,39.54075254115386,39.644193136285736
40.81557167,-73.90609833,41.47699514000004,39.54335987692309,39.65718795347135
40.81556833,-73.90601667,41.47699514000004,39.623540502597415,39.6801222432476
40.81554333,-73.90585833,41.60175287000004,39.56452530846155,39.6913137264013
40.81552833,-73.90578667,42.14521805000001,39.54952724444447,39.69924616183546
40.81551833,-73.90571833,42.14521805000001,39.59774145153848,39.71022713324843
40.815505,-73.90566167,41.51972039000003,39.59402480111113,39.72848382684545
40.81549667,-73.90561667,41.51972039000003,39.629879825569645,39.733930122261164
40.81549167,-73.90558667,41.51972039000003,39.65043121164559,39.73611617257145
40.81547667,-73.90547167,41.51972039000003,39.634963589493694,39.75505801307694
40.81547167,-73.905405,41.51972039000003,39.634963589493694,39.75779057085445
40.81546167,-73.90532333,41.51972039000003,39.67370475500002,39.75810355653848
40.815445,-73.90523167,41.51972039000003,39.70490514269233,39.772069291693306
40.81542333,-73.90512667,40.713067670000015,39.72720686341775,39.80204635829116
40.81540333,-73.905015,40.713067670000015,39.73757352615387,39.813985992500015
40.815395,-73.90490833,40.713067670000015,39.74593891100002,39.831915176496835
40.81538667,-73.904805,40.09611505999999,39.77460207615387,39.831682618146985
40.81537,-73.904715,40.09611505999999,39.79413948291142,39.84715841914287
40.81535667,-73.90463333,40.09611505999999,39.79995239115387,39.862854428231536
40.815335,-73.90450667,39.71842385000002,39.77348464653849,39.86191495884617
40.81534833,-73.90445667,39.71842385000002,39.78879612253167,39.885766215253184
40.81538167,-73.90441167,39.71842385000002,39.802360037341806,39.877772807721534
40.81542667,-73.90437,39.71842385000002,39.77971322112502,39.885252430601284
40.81547833,-73.90434333,39.71842385000002,39.7717709216456,39.88750698585989
40.81553667,-73.90432167,39.71842385000002,39.78084544025002,39.88741573439876
40.8156,-73.904295,39.16470461,39.72232389846157,39.88394201277072
40.815685,-73.90426167,39.16470461,39.70202179298704,39.86643180929262
40.81577,-73.90423,39.16470461,39.71985163050636,39.89083183645369
40.81603167,-73.904125,38.64345656000003,39.6888158066234,39.90840602961167
40.81611833,-73.9041,38.04359405000002,39.66471536240001,39.92078492154343
40.81619833,-73.90408167,38.72719805000003,39.69731646675326,39.9284232620579
40.816275,-73.90406333,38.72719805000003,39.67199574500001,39.93052614203823
40.81634833,-73.904045,38.70839894000005,39.65985739192308,39.94906448436711
40.816425,-73.904015,38.70839894000005,39.66243754772153,39.948361892898106
40.81650167,-73.90398167,38.70839894000005,39.65161908730771,39.96151017714288
40.81658667,-73.90394333,38.70839894000005,39.66881873923079,39.95058543996786
40.81676167,-73.90386667,38.77163231000003,39.66516331050634,39.97479712082805
40.816845,-73.90383,38.77163231000003,39.658651225250026,39.99762383401276
40.81692,-73.90380167,39.40054799000001,39.663454300506345,40.005070943142876
40.81698,-73.90378,39.40054799000001,39.70019441000001,40.00917535836014
40.81703,-73.90376333,39.40054799000001,39.700024248831184,40.001137384123396
40.81707333,-73.90375,39.40054799000001,39.70706792828949,39.99710238418008
40.81711167,-73.90374,39.40054799000001,39.708607997692326,40.00119081967848
40.817145,-73.90372833,39.40054799000001,39.708607997692326,40.0032844943087
40.81718667,-73.90371333,39.658608500000014,39.73440420324678,40.017692932315136
40.81724167,-73.90369667,39.658608500000014,39.78807696269232,40.037061095865404
40.81729833,-73.90368,39.658608500000014,39.807869438311705,40.03672971896776
40.81734667,-73.90366167,39.658608500000014,39.82429482846156,40.03716795302252
40.81738833,-73.90364,39.658608500000014,39.82429482846156,40.04233894469455
40.81742,-73.90362167,40.056807830000025,39.85170443506495,40.041932299228314
40.81751,-73.90340333,40.81731728000005,39.91493808961541,40.03714325980771
40.81749667,-73.90332833,40.81731728000005,39.903840337532486,40.05397969409679
40.817485,-73.90324667,40.81731728000005,40.02087179780824,40.09265250553748
40.81746667,-73.90316333,40.81731728000005,40.0203637466234,40.0928187170874
40.81744167,-73.902995,41.16766433000004,40.01233030392407,40.10219214667733
40.81743,-73.90292,41.16766433000004,40.03737331884618,40.09717223605771
40.81742667,-73.902855,41.16766433000004,40.02537980194808,40.114826246655966
40.81737,-73.90265833,41.18475443,40.11909905346157,40.1492300057143
40.81734833,-73.90257,41.18475443,40.12063935350002,40.142497809108306
40.81732,-73.90246833,41.42572483999999,40.13496799620255,40.16481835054142
40.81726667,-73.90225167,41.42572483999999,40.138299484050656,40.18916658542859
40.81724833,-73.90214333,41.42572483999999,40.15908550538463,40.18549195639242
40.81722833,-73.90204,41.42572483999999,40.155735712658256,40.19382989778848
40.81720833,-73.90194333,41.42572483999999,40.16722285582281,40.20898640634617
40.81718833,-73.90185,41.38812661999998,40.18954094000002,40.22824015682694
40.81717167,-73.90176667,41.38812661999998,40.2243989751899,40.21716630652868
40.81716333,-73.90168,41.38812661999998,40.22870394974686,40.21618117656053
40.81714833,-73.9016,41.08904987,40.1812410644304,40.227866167428594
40.81711833,-73.90152167,41.08904987,40.200561863461566,40.21810112634617
40.81707667,-73.901435,41.08904987,40.235534296842125,40.26648302472671
40.81703,-73.901355,40.72332173000001,40.115158314285736,40.25816582964288
40.81696667,-73.90128833,40.72332173000001,39.98934575576925,40.27130769533548
40.81690833,-73.90121833,40.72332173000001,39.90876483875002,40.28660436251594
40.816855,-73.90114667,40.57976489000004,39.90620396111114,40.28904988924292
40.81679,-73.90108667,40.57976489000004,39.87168699038464,40.31673468742859
40.81671,-73.90103833,40.57976489000004,39.84535070807694,40.32513335519232
40.81662333,-73.900995,40.57976489000004,39.81788823200002,40.341761892861754
40.81644167,-73.90089667,39.82267346,39.61680348615386,40.411294482000024
40.81634833,-73.90085,39.82267346,39.60054488525002,40.41062188436308
40.81625667,-73.90080333,39.31851551,39.55260715475002,40.42691734914014
40.81616333,-73.90075667,39.31851551,39.54489524712502,40.435217477324855
40.81607,-73.90071167,38.83144766000001,39.52177814807693,40.458310517987236
40.81597333,-73.90066333,38.83144766000001,39.54226602177217,40.49287122600002
40.81587667,-73.90060833,38.83144766000001,39.58626762101268,40.51880839724686
40.81538333,-73.90037,38.02137692000002,39.74821548111113,40.66561560120255
40.81529833,-73.90032667,38.02137692000002,39.76830963556963,40.682608352531666
40.81521833,-73.900285,38.33070773000003,39.80516165623378,40.69168299325808
40.81514333,-73.90025167,38.33070773000003,39.858497770886096,40.70862424400001
40.81507167,-73.90021667,38.33070773000003,39.956300735569634,40.733804383694284
40.81499833,-73.90018833,38.74087013000002,40.033232256153866,40.75626343857597
40.81492167,-73.900155,38.74087013000002,40.07871821461541,40.77440092664538
40.81477167,-73.90008,38.74087013000002,40.33447576554056,40.8108734718033
40.814695,-73.90004167,40.45158914000001,40.46530504076925,40.832846740643106
40.81461667,-73.89999667,40.45158914000001,40.52505520737502,40.86454021028573
40.814545,-73.899955,40.45158914000001,40.58613095225002,40.85824099398091
40.81448167,-73.899925,40.45158914000001,40.652724847777804,40.90351411981014
40.81443667,-73.89989667,41.23089770000004,40.702535895875016,40.90175322485717
40.81440667,-73.899875,41.23089770000004,40.716875084683565,40.905769364019
40.81436333,-73.89979333,41.23089770000004,40.79941649576925,40.91615502500002
40.81431667,-73.89976667,41.23089770000004,40.86299445636365,40.922471011419375
40.814215,-73.89969833,41.23089770000004,41.02884013307693,40.94553149646304
40.81414667,-73.89966833,41.741891690000045,41.02884013307693,40.932450873557706
40.81407333,-73.899635,41.741891690000045,41.10936079653848,40.94381158467744
40.813995,-73.89960667,41.741891690000045,41.2607834646154,40.97283169479102
40.81392,-73.89957333,42.71431838000001,41.4361120696104,41.002258539003236
40.813855,-73.89954667,42.71431838000001,41.51825552428572,41.00488251019419
40.81380167,-73.899535,42.71431838000001,41.55620118038463,40.99617534263667
40.81376167,-73.899525,42.71431838000001,41.56071499696204,40.97848506114288
40.81365833,-73.89950167,42.71090036000004,41.5993732358228,40.97092679984078
40.81358333,-73.89945333,43.59616754000001,41.74238924987343,41.01972916914287
40.81350833,-73.89937333,43.59616754000001,41.83407006481015,41.03168138828574
40.81348667,-73.89933,43.59616754000001,41.889567682307714,41.032314014057526
40.81347833,-73.89929833,43.59616754000001,41.889567682307714,41.03527375469455
40.81347167,-73.89927667,43.59616754000001,41.889567682307714,41.04371989093249
40.813545,-73.89907167,44.366931050000005,42.0552462450633,41.098547393726136
40.81359333,-73.89900333,44.366931050000005,42.04670119506331,41.09227319265825
40.81364833,-73.898935,44.62499156000001,42.11541992692309,41.09070479740508
40.81371333,-73.89887,44.42332837999999,42.11041833387502,41.079606773343976
40.81378,-73.89881167,44.42332837999999,42.17542535662339,41.09502592740386
40.81384667,-73.89875333,44.42332837999999,42.19683015200001,41.11932847160773
40.81390833,-73.898685,44.42332837999999,42.16941403368422,41.16970305254021
40.813965,-73.89861,43.934551520000014,42.07808463153848,41.16351698726116
40.814015,-73.89854,43.934551520000014,42.053104574303816,41.15063954248409
40.81406333,-73.89848167,43.934551520000014,42.04397543227849,41.13454545786626
40.814105,-73.89843167,44.669425820000015,42.034997721519005,41.14391291306711
40.81414667,-73.89839,44.669425820000015,42.00853997525002,41.133950716857164
40.81418333,-73.89835333,44.669425820000015,42.05538547307695,41.133953698242834
40.81421667,-73.89832167,43.92942449000003,42.05538547307695,41.14157857286176
40.81424833,-73.89829,43.92942449000003,42.109441274868445,41.169955957045474
40.814275,-73.89826,43.92942449000003,42.09997425894738,41.15676183533765
40.8143,-73.89823167,43.92942449000003,42.05927283657898,41.1811008733654
40.81432667,-73.898205,43.92942449000003,42.041732997105285,41.20688832899353
40.81438167,-73.89814667,44.63695463000005,41.9752811069231,41.18515847709267
40.81442,-73.89811333,44.63695463000005,41.92573844075001,41.16052989142859
40.81446333,-73.898075,43.95164162000003,41.88707100784813,41.15856956659238
40.81451167,-73.89802833,43.95164162000003,41.876492452278505,41.119790279171994
40.81456167,-73.89797833,43.95164162000003,41.85273937658231,41.12574171408948
40.814655,-73.89787667,44.85912593000003,41.87935744307695,41.13387978504826
40.81473667,-73.89778333,44.07127231999999,41.88711196640002,41.1311725844231
40.814775,-73.89774167,44.07127231999999,41.86215202526318,41.13133677003248
40.814815,-73.897705,44.07127231999999,41.801400294615405,41.11079990723475
40.81485,-73.89767833,44.07127231999999,41.801400294615405,41.08172011600002
40.81489833,-73.89768667,44.07127231999999,41.77122608949369,41.07392920057145
40.81494167,-73.897715,44.07127231999999,41.72863063772153,41.04362818200001
40.81497667,-73.897755,44.07127231999999,41.68536456177216,41.034237160031665
40.81500667,-73.89781333,42.89205542000002,41.65787248587502,41.02536331204475
40.81503667,-73.89787833,42.89205542000002,41.58838365253165,40.997211057859445
40.81507667,-73.89794333,41.80683407000001,41.52022432884617,40.96502999828573
40.81511667,-73.89800833,41.80683407000001,41.44343445612502,40.93452281342859
40.81516167,-73.89806833,41.80683407000001,41.39342671430381,40.93706696170889
40.8152,-73.898135,41.80683407000001,41.3881047096154,40.908070093076944
40.81523667,-73.89820167,40.79168213,41.32602519168832,40.878935663203904
40.815265,-73.898255,40.79168213,41.27766452770272,40.86206924057694
40.81528333,-73.89829667,39.87907079000004,41.15812050792209,40.85949674938711
40.8153,-73.89832333,39.87907079000004,41.15812050792209,40.82477427861738
40.815415,-73.89838333,39.87907079000004,41.11286784481014,40.80512706310128
40.815475,-73.89833833,39.87907079000004,41.04786056569622,40.79212298926754
40.81551833,-73.89829333,39.87907079000004,41.08315828289475,40.7859336418182
40.81556333,-73.89824667,39.24161006,41.08289305192309,40.779279443279755
40.81560167,-73.89819833,39.24161006,41.08304642461541,40.7559846358654
40.81564833,-73.898155,39.86368970000004,41.00533029038464,40.7461982850804
40.81569167,-73.898105,39.86368970000004,40.8914483631169,40.73589829076924
40.81578,-73.898025,39.86368970000004,40.846626801500015,40.73479651142859
40.81582167,-73.89798,39.36636779000003,40.77421225000001,40.71701029117091
40.81586667,-73.89793833,39.36636779000003,40.78828547262501,40.718064901772166
40.81590833,-73.89789167,40.48918736000002,40.7465772458228,40.70400720428573
40.815955,-73.897845,40.48918736000002,40.7462809301316,40.70770358377421
40.816,-73.897795,40.48918736000002,40.768040825000014,40.68757539543411
40.81605167,-73.89774833,40.48918736000002,40.75658169384617,40.66153359996786
40.81613667,-73.89764333,40.04997179000003,40.5056858796154,40.642877365401944
40.81618833,-73.89758333,40.04997179000003,40.47127520455698,40.64045915942859
40.81627833,-73.89748833,40.04997179000003,40.33810222278483,40.62355691057327
40.81632667,-73.897465,40.04997179000003,40.35177430278483,40.62495630632913
40.81637333,-73.89742333,39.745768010000006,40.28174815886079,40.618356847444105
40.816415,-73.89737167,39.745768010000006,40.28621467883119,40.61002151077172
40.81646167,-73.89733,40.64299826000001,40.29992545769233,40.59545820298079
40.81650167,-73.89728833,40.64299826000001,40.29497371076924,40.58091338868169
40.81653667,-73.89725333,40.64299826000001,40.19206063423079,40.56504872028941
40.816555,-73.89723,40.64299826000001,40.149582658571454,40.573115088269255
40.81670667,-73.897175,40.24992595999999,39.96168006087502,40.55126687611466
40.81673833,-73.89720833,40.24992595999999,39.944312246750016,40.52975073930601
40.81677667,-73.89725667,40.24992595999999,39.90007646987344,40.49238767171976
40.816815,-73.89731,40.24992595999999,39.856983458227866,40.505900076088345
40.816865,-73.89737667,39.56119493000003,39.79955685105265,40.49998343611653
40.81691333,-73.89744167,39.49283453000004,39.781744861538485,40.504300047788476
40.816965,-73.89750167,39.49283453000004,39.7044450246154,40.470542115852105
40.81705333,-73.89757833,39.49283453000004,39.55526747759497,40.44247624003197
40.81707833,-73.897605,39.49283453000004,39.55526747759497,40.44844869805734
40.81709667,-73.89762167,39.49283453000004,39.51459736620256,40.4466459908228
40.81716833,-73.89770167,39.192048770000014,39.44931886287502,40.43432056743673
40.81723333,-73.89782,39.192048770000014,39.40524235924053,40.428201530482326
40.81727833,-73.89789833,39.192048770000014,39.35684925329116,40.41772461700639
40.81733167,-73.89797833,39.08096312000001,39.35183065555557,40.42335261718356
40.81739333,-73.89806667,39.08096312000001,39.29862088076925,40.40883684870255
40.81758167,-73.89834667,39.63126434,39.25146973307694,40.38016790858523
40.81764667,-73.89844333,39.90299693,39.30682672555557,40.373276587129354
40.81770833,-73.898535,40.082442980000025,39.25275107455698,40.36842633376584
40.81777833,-73.898615,40.082442980000025,39.30458383354432,40.36219812012741
40.81784333,-73.89869833,40.082442980000025,39.32110093538464,40.33028789646304
40.81790333,-73.898785,40.082442980000025,39.39836045720002,40.326475366250015
40.817965,-73.89887,39.952558220000014,39.46654206846155,40.31666527334407
40.81802333,-73.89894167,39.952558220000014,39.50419187493672,40.3323978997143
40.818075,-73.89901333,39.952558220000014,39.52776242187503,40.32190924555207
40.818115,-73.89906833,39.952558220000014,39.63436192062502,40.32705855689875
40.818185,-73.89913167,39.952558220000014,39.67366509443039,40.326146710480785
40.81822167,-73.89914333,39.952558220000014,39.68154867269232,40.326146710480785
40.81830333,-73.899105,39.74405899999999,39.63284188769232,40.31519805254021
40.81834667,-73.899055,39.74405899999999,39.64570328346155,40.31319230125404
40.81853,-73.89885667,39.42276512000001,39.60128094936712,40.356530206000016
40.81860167,-73.89879333,39.42276512000001,39.57856274412502,40.35473072611467
40.818675,-73.89872833,39.42276512000001,39.52825151355266,40.3668355178641
40.81873667,-73.89867167,38.56826012000002,39.4594977375325,40.373790841826946
40.81892667,-73.89845333,38.36146991000001,39.42421777850002,40.3773258737143
40.818975,-73.89839333,37.41126035000002,39.40329538582281,40.40396545369428
40.819015,-73.89835,37.41126035000002,39.36911518582281,40.40596836987263
40.81904167,-73.898315,38.13929861,39.37014897462503,40.40137263849842
40.81911833,-73.89823333,38.13929861,39.28297686615387,40.41254399460066
40.81917333,-73.89817667,38.13929861,39.26001977531647,40.40976993657145
40.81929833,-73.89805667,38.099991380000034,39.24665163950002,40.3976706935144
40.819365,-73.89799167,38.099991380000034,39.20485552848103,40.397275174571455
40.819495,-73.89785833,38.911771130000034,39.20969429825002,40.398343137356704
40.81956167,-73.897785,38.911771130000034,39.154099983846166,40.397853921730785
40.81963,-73.89771167,39.77311217000002,39.12717212115386,40.38621815114288
40.81969333,-73.89764333,39.77311217000002,39.14726838139242,40.371069106549534
40.81979167,-73.897545,39.14761451000001,39.14654090115386,40.34730676942494
40.81982333,-73.89751333,39.14761451000001,39.15175557269232,40.34617848828573
40.81984667,-73.89748667,39.162995600000045,39.164857982692325,40.33667313742859
40.81988167,-73.89745333,39.162995600000045,39.17114626307694,40.32941403533549
40.81992333,-73.89741167,39.162995600000045,39.18741929987344,40.31588169528848
40.819975,-73.89735833,38.62123943000003,39.180366929493694,40.30683270644233
40.82002667,-73.8973,38.62123943000003,39.21117237556964,40.309882371142876
40.82009833,-73.89719167,38.62123943000003,39.28308059379749,40.29223887742859
40.82011833,-73.89714167,39.08267212999999,39.29398364493673,40.28004996537977
40.82013167,-73.89709667,38.79555844999999,39.2901415619231,40.273939741538484
40.82013833,-73.89705167,38.79555844999999,39.2901415619231,40.27170896848877
40.820135,-73.89695333,38.79555844999999,39.25653541400001,40.23414371974278
40.82012,-73.89689667,38.79555844999999,39.223676848400025,40.22358515425808
40.81993667,-73.8967,38.38539605,39.22020470975002,40.21865540360761
40.81986333,-73.896655,38.38539605,39.19320235175002,40.214997050857164
40.81978333,-73.896615,38.65029260000003,39.120818109615406,40.20542596884617
40.81969167,-73.89657333,38.65029260000003,39.07468195337664,40.210674037767006
40.81959667,-73.89652,38.76479627000003,39.05596337115387,40.196325691382654
40.81950333,-73.89647,38.54262497000002,39.04599414615387,40.16927277745983
40.81930833,-73.896365,38.54262497000002,39.01838706153848,40.15115507337622
40.81921,-73.89630833,38.31361763000001,39.04096363278484,40.15839291322686
40.819115,-73.896255,38.91348014000002,39.029473716153866,40.159763397284365
40.81901833,-73.89620167,38.81606657,39.02274722807695,40.14423488469651
40.81881833,-73.896095,38.81606657,38.99584554402599,40.14129356629034
40.81871833,-73.89604,37.63855868000002,39.11689730394738,40.13305172774196
40.81862333,-73.89598667,38.66225567000001,39.197997855443056,40.14811468273887
40.81853,-73.89593667,38.66225567000001,39.23387678975001,40.150612885254795
40.81844833,-73.89589667,38.44862942000003,39.23771001153848,40.142378069554155
40.818385,-73.895865,38.44862942000003,39.23450768077924,40.1427434683226
40.81834,-73.89584333,38.44862942000003,39.31029495556964,40.16626091134187
40.818305,-73.895825,38.44862942000003,39.31029495556964,40.1850917451899
40.81827833,-73.89581167,38.44862942000003,39.32581166807695,40.1850917451899
40.81816833,-73.89576167,38.34437981000002,39.40379072692309,40.204672685623024
40.81813333,-73.89573833,39.03823787000002,39.40379072692309,40.18086666773165
40.81808833,-73.895715,39.03823787000002,39.44675615911394,40.20615902771431
40.81794833,-73.895645,39.53726879000001,39.49998129909092,40.24082767278848
40.81787333,-73.895605,39.53726879000001,39.66962711710528,40.258942083269254
40.81780167,-73.89556,39.53726879000001,39.72277405727274,40.27171995890677
40.81773667,-73.89551333,39.53726879000001,39.732204095189886,40.26367399600002
40.817625,-73.89543,40.029463669999984,39.82258906444447,40.295241766297494
40.81755167,-73.89539833,40.029463669999984,39.87340293405065,40.315541093142876
40.81753333,-73.89539167,40.029463669999984,39.87340293405065,40.31231571041403
40.81742667,-73.89538,40.029463669999984,39.91578205544306,40.32302026309906
40.81739167,-73.89536333,40.682305490000005,39.96675614923079,40.33643647886078
40.81736333,-73.89533667,40.682305490000005,39.99019916525002,40.33784503000002
40.81734333,-73.8953,40.682305490000005,40.02173039975002,40.344735324285736
40.817355,-73.895195,40.45329815000002,40.086825056923104,40.33880543519232
40.81738167,-73.895145,40.45329815000002,40.09453921961041,40.32383509376625
40.81741667,-73.89509667,40.45329815000002,40.08896420236845,40.31455961561293
40.81745833,-73.89504167,39.98161139000001,40.0626450979221,40.26932239388351
40.81750167,-73.89499333,39.98161139000001,40.02370123884617,40.251552541864974
40.81754833,-73.89494667,39.98161139000001,40.032622093544326,40.25323004600002
40.817605,-73.89489167,39.57657602000003,39.99137410962502,40.252679969745245
40.81764,-73.89484167,39.57657602000003,39.97741271111113,40.21715731572787
40.81768333,-73.89477333,39.57657602000003,40.01042659658229,40.1901702897143
40.81773667,-73.89471167,39.51846968000004,40.00581875949369,40.1870529563259
40.81784333,-73.89458,39.45865433000003,40.01524383038464,40.130136409711554
40.81791333,-73.894485,39.45865433000003,39.99997229230771,40.038201672741955
40.817935,-73.89445167,39.45865433000003,39.99997229230771,40.03296961334407
40.81795667,-73.89442333,40.15763942000001,39.983255500886095,40.02984587670929
40.81823833,-73.89412833,41.28729503000002,40.03945480538463,39.94372562228573
40.818285,-73.89409167,41.28729503000002,40.0265648429114,39.90818906514288
40.81832667,-73.89405833,41.28729503000002,40.01979370202533,39.87839156807694
40.81837333,-73.89401833,41.28729503000002,40.012373570000015,39.84183642374195
40.81841667,-73.89398167,41.28729503000002,40.02859834848103,39.83481671316296
40.81846167,-73.89393,41.28729503000002,40.043871273291145,39.83016597685716
40.81850167,-73.89388,41.65302317000001,40.02010793576924,39.803673609142876
40.81853667,-73.89383333,41.57099069000003,40.05389374884617,39.80276239798079
40.81857167,-73.89378667,41.57099069000003,40.10533933192309,39.81536882048389
40.818605,-73.89373833,41.57099069000003,40.10181888087502,39.80023317901276
40.81863333,-73.89369333,41.57099069000003,40.09466564645571,39.787952434050645
40.81865833,-73.89365167,41.57099069000003,40.090453964375016,39.77374352401276
40.81870833,-73.89360833,41.57099069000003,40.0972399779747,39.74650277544588
40.81880333,-73.89352833,40.91302184,40.11917587848104,39.71658885528848
40.81885167,-73.89347333,40.91302184,40.13237674653848,39.69403611244375
40.81891167,-73.89342167,40.91302184,40.126942139113936,39.67801175047772
40.81897667,-73.893375,40.91302184,40.14977359192309,39.669251469326944
40.81905167,-73.89332667,40.65496133000002,40.17387501500003,39.673584247884634
40.819085,-73.89329667,40.65496133000002,40.1538969044304,39.66151327099044
40.81910667,-73.89327,40.65496133000002,40.1538969044304,39.65624973859426
40.81913167,-73.89323833,40.65496133000002,40.16460692230772,39.650830871687916
40.81921833,-73.89315833,40.65496133000002,40.17643853000003,39.62244628520769
40.81925,-73.893125,40.65496133000002,40.186778040500016,39.60847754000002
40.81928833,-73.893085,40.65496133000002,40.18401009329117,39.60313688375002
40.81938167,-73.89299,40.65837935000002,40.18545950683546,39.58630547882914
40.81943667,-73.89293333,40.65837935000002,40.20621474269233,39.57390843067309
40.81949167,-73.892875,40.65837935000002,40.22516722538463,39.576932063750014
40.81953833,-73.89281833,40.65837935000002,40.21838499063293,39.569319552619824
40.81958833,-73.892765,40.72503074000002,40.20927748164559,39.56567427786626
40.81964,-73.89270833,40.72503074000002,40.20051610126583,39.531968146285735
40.81969333,-73.89265333,40.72503074000002,40.19906154987502,39.53743859548079
40.819745,-73.89259833,40.72503074000002,40.17350253846157,39.546684777788485
40.81979667,-73.89254167,40.72503074000002,40.17697120844159,39.53709294331192
40.81984833,-73.892485,41.11639403000004,40.14258698576926,39.51574731471156
40.81989833,-73.89243333,41.11639403000004,40.16402572052634,39.52410941300002
40.81994833,-73.89237833,41.11639403000004,40.13593499300002,39.52016780458601
40.81998833,-73.89233,41.11639403000004,40.13087205087502,39.52051941034812
40.82003833,-73.89228667,41.11639403000004,40.08491155000002,39.52560317427217
40.82010167,-73.89224667,41.11639403000004,40.05868990430383,39.50634927257145
40.82017333,-73.89218167,40.80706322000003,40.04718917115388,39.532362277419374
40.82025167,-73.89211833,40.80706322000003,40.00148410884618,39.5411875390446
40.820335,-73.892055,40.80706322000003,39.91141218177218,39.50176724680514
40.82045667,-73.89195,40.54729370000001,39.87462298192309,39.51509000317309
40.82050333,-73.89190667,40.54729370000001,39.87462298192309,39.510231375384635
40.820555,-73.89185833,40.54729370000001,39.76732782846155,39.504562063365405
40.82061,-73.891815,40.54729370000001,39.75995057350651,39.515216516270115
40.82066333,-73.89177667,40.15080338000001,39.74007852101268,39.51062352226839
40.82070833,-73.89174667,40.15080338000001,39.73404290341774,39.51491059885716
40.82074,-73.89172833,40.15080338000001,39.71916231111113,39.51491059885716
40.82075833,-73.89171833,40.53533063,39.703897265000016,39.51433866538218
40.82067667,-73.89167333,40.53533063,39.72295929961541,39.51240897361024
40.82069833,-73.89166833,40.53533063,39.72295929961541,39.5117860357962
40.82075333,-73.89165667,40.53533063,39.66620169632914,39.49723455257145
40.82079167,-73.89164667,40.53533063,39.65131816620255,39.49661176866244
40.82083333,-73.89163833,40.53533063,39.64028531683546,39.490317131142874
40.82087333,-73.89163167,40.53533063,39.61010722886078,39.489248853955715
40.82090667,-73.89162667,40.53533063,39.62246293850002,39.489166940285735
40.82093833,-73.891625,39.99699248000002,39.6150068346154,39.48515754857145
40.82097667,-73.89161667,39.99699248000002,39.61099418341774,39.489175495769246
40.82102333,-73.89160667,39.99699248000002,39.62547146194807,39.488410886752426
40.821075,-73.891595,39.99699248000002,39.61864914776318,39.49614157532469
40.82112833,-73.891585,39.99699248000002,39.56880779272728,39.47957459067526
40.82124667,-73.89158333,39.77653019000002,39.52541388518989,39.46453726826925
40.821315,-73.891585,39.77653019000002,39.50897277632914,39.45697787257145
40.821385,-73.89158333,39.77653019000002,39.49524467230771,39.46151542022366
40.82160833,-73.891605,39.63126434,39.46235718500002,39.43160048259618
40.82168,-73.89161333,39.63126434,39.4147678296154,39.42115919314288
40.82183333,-73.89162333,39.57144899000002,39.3921124919231,39.41038296156053
40.82191,-73.89162667,39.57144899000002,39.39195911923079,39.40005342118973
40.82198333,-73.89162833,39.57144899000002,39.365435602727295,39.387451110776716
40.82205667,-73.89162833,39.59366612000002,39.34315554025318,39.37050654265178
40.82212667,-73.89162833,39.59366612000002,39.316721049500025,39.351990404285736
40.822195,-73.89163167,39.59366612000002,39.29158764730772,39.34757949651901
40.82226,-73.89163167,39.585121070000014,39.28523254025002,39.34283228085716
40.82239167,-73.89164333,39.585121070000014,39.265470468846175,39.32690669414794
40.82246167,-73.89165667,39.585121070000014,39.2417196119231,39.32487346681673
40.822535,-73.89166333,39.41763809,39.23394142538464,39.31773424828573
40.82260667,-73.89166833,39.41763809,39.23101419800002,39.29804536800002
40.82267,-73.89167333,39.41763809,39.20764619037976,39.294125261853054
40.82272833,-73.89168167,39.41763809,39.22329622444447,39.292236777120266
40.82278167,-73.891685,39.41763809,39.20042075569622,39.288963200571445
40.82282833,-73.891685,40.04142674000002,39.17684296307695,39.27693507759617
40.822875,-73.89168167,40.04142674000002,39.1371130932895,39.26940366743508
40.82292,-73.89168,40.04142674000002,39.14498526384617,39.27565375760385
40.82297333,-73.89167667,40.04142674000002,39.147921255384645,39.27518803742859
40.82317167,-73.891685,39.78678425000001,39.16900878333336,39.26325932275318
40.82322833,-73.891685,39.78678425000001,39.16820916215192,39.26130979114287
40.82328333,-73.89169,39.78678425000001,39.15585281461541,39.25348548846156
40.82333167,-73.89169667,39.73893197000001,39.13569582987015,39.249096626387114
40.82345167,-73.89172167,39.89103385999999,39.13644185712502,39.25091164627391
40.823495,-73.89172167,39.89103385999999,39.17065369544306,39.25117289621021
40.82354167,-73.89172333,39.89103385999999,39.1650989969231,39.25117289621021
40.82359167,-73.891725,39.89103385999999,39.16554829848104,39.252174354299385
40.82364,-73.89172833,40.20207368000001,39.18449883974686,39.25546174933123
40.82372333,-73.89173167,40.20207368000001,39.164293582278496,39.24803659281152
40.82379333,-73.891745,40.20207368000001,39.15167340875003,39.24874189019233
40.82382333,-73.89175,40.20207368000001,39.15167340875003,39.249801334044605
40.823855,-73.89175667,40.20207368000001,39.17620756192309,39.25220484034812
40.82393,-73.891765,39.564612950000026,39.17388506115388,39.241861224408964
40.82396667,-73.89177,39.564612950000026,39.16182741594939,39.243476908503204
40.82400833,-73.89177333,39.564612950000026,39.18586172113927,39.249149173734196
40.82411,-73.89178,39.564612950000026,39.15865898712502,39.235549856285736
40.82416333,-73.89178333,40.00041050000005,39.16072413101268,39.239547274044604
40.82421667,-73.89179,40.00041050000005,39.17671265394739,39.23454247670969
40.82427,-73.891795,40.00041050000005,39.16931244708864,39.23222146019233
40.82436833,-73.89179167,40.00041050000005,39.17257903582281,39.23017493257964
40.82441667,-73.89179,40.12004120000003,39.15665711987344,39.22135774722932
40.824465,-73.89179,40.12004120000003,39.17601868886079,39.22778014149684
40.824515,-73.89179,40.12004120000003,39.156137926962046,39.218641836433136
40.82457,-73.89178333,40.12004120000003,39.14434602837502,39.209014085142876
40.82461667,-73.89177333,40.12004120000003,39.14945331822787,39.209898430000024
40.82465333,-73.89173833,40.12004120000003,39.14697363125002,39.21100125269233
40.82468833,-73.89169167,39.78849326000002,39.14776987454548,39.1975811421154
40.82471,-73.891635,39.78849326000002,39.15418762538464,39.19100682519357
40.82472833,-73.89158167,39.78849326000002,39.12899529578949,39.19297746032156
40.82481833,-73.89146333,39.78849326000002,39.12695301730771,39.17177543412143
40.82483833,-73.89140667,39.78849326000002,39.1369494222785,39.18503369085716
40.82489833,-73.89126833,39.78849326000002,39.10622579346156,39.17939226782749
40.82493833,-73.89119,39.30313441999999,39.06325350387503,39.19899297518989
40.82507333,-73.89095167,39.578285030000046,38.99454856307695,39.219354586826945
40.82511333,-73.89086167,39.40396601000003,39.0098858323077,39.21136992485532
40.825165,-73.89076167,39.40396601000003,39.03144565076924,39.21845324926046
40.82522833,-73.89065667,39.36636779000003,39.01761877532469,39.2456765146624
40.82528667,-73.890555,39.352695710000006,39.01504725329116,39.25459311057145
40.82541,-73.89034667,39.352695710000006,39.02224491222224,39.29859148202533
40.82546667,-73.89023833,39.352695710000006,39.00756333153848,39.29824292663464
40.82552167,-73.89013167,39.29458936999998,39.041123211558464,39.2971281565595
40.82557667,-73.890025,38.92373420000001,39.11206260460528,39.30281363495148
40.82563,-73.88991667,38.92373420000001,39.13446162291141,39.30010952690098
40.82568667,-73.88980667,38.951078360000025,39.15520517779223,39.311953349807716
40.82574333,-73.8897,38.951078360000025,39.25157928500002,39.29668728932693
40.82580167,-73.889595,39.26040917000003,39.32018179475001,39.282283409458614
40.82591667,-73.88938833,39.43814621000001,39.39384174822785,39.28228449800002
40.82596667,-73.88929,39.43814621000001,39.382769847013,39.269239970868185
40.82601333,-73.8892,39.38174888000003,39.62813485415586,39.25302558310681
40.82605667,-73.88911667,39.38174888000003,39.6684243523077,39.23691576009617
40.8261,-73.88904167,39.38174888000003,39.70977063481013,39.21924644342859
40.82617333,-73.88890833,39.62955533000002,39.823155488461545,39.22311574159237
40.82617833,-73.88886167,39.62955533000002,39.823155488461545,39.2302659583654
40.82617333,-73.88881833,39.62955533000002,39.843653806447385,39.224580798543705
40.82615333,-73.88878167,39.62955533000002,39.896796291153855,39.21072698540195
40.826115,-73.88876,40.22599982000003,39.905172033636376,39.207714695000014
40.82608,-73.88874833,40.22599982000003,39.90974419025975,39.188432922475904
40.82603833,-73.88874,40.22599982000003,39.86260214818184,39.18292851922332
40.82598333,-73.888735,39.85001762000002,39.778414483076936,39.180511569805844
40.82583167,-73.88873,39.85001762000002,39.58944767759496,39.16035096110762
40.825745,-73.88872167,39.85001762000002,39.56480521362501,39.154445124571446
40.825665,-73.88871667,39.08779916000003,39.53446426076924,39.15274701759617
40.82558667,-73.88871667,39.08779916000003,39.49427720077925,39.14457136961292
40.82543,-73.88871,38.67763676000004,39.28974717500001,39.13697524457145
40.82535,-73.88871833,38.67763676000004,39.25703441607595,39.138163413428586
40.82510833,-73.88873,38.32728971000003,39.10819630532469,39.15110443009711
40.82501833,-73.88872,38.32728971000003,38.99953636506331,39.14320363657145
40.82466167,-73.88867833,38.48622764000004,38.79000971623378,39.16509051548389
40.82456167,-73.88867,38.48622764000004,38.722546946835465,39.15796653872613
40.82446833,-73.88866,38.48622764000004,38.648233023846174,39.16295737932909
40.82437667,-73.88865,37.82996780000002,38.62675098725002,39.1772842215823
40.82428667,-73.88864667,37.82996780000002,38.58141300708862,39.1892600997143
40.82419833,-73.88864333,37.82996780000002,38.53373379139242,39.171409607699694
40.824115,-73.88863833,37.19592509,38.54288132150002,39.178939148987354
40.82403167,-73.888625,37.19592509,38.48071121531647,39.178463773312124
40.82394833,-73.88861333,37.19592509,38.47137239923079,39.203261409326934
40.82386667,-73.888615,37.19592509,38.43603094884616,39.20872653742859
40.82378667,-73.88861667,36.66100496000004,38.40432495822786,39.19213093394233
40.82370833,-73.88861333,36.66100496000004,38.38716995911393,39.17793862098103
40.82363,-73.88860667,36.66100496000004,38.39979445925001,39.19440001942677
40.82355667,-73.8886,36.51232109000003,38.40118302987501,39.210561242246854
40.82348667,-73.88859333,36.51232109000003,38.375426825000005,39.217853725480786
40.82338,-73.88859333,36.51232109000003,38.40728868443039,39.2210097077143
40.82334667,-73.88858333,36.51232109000003,38.40728868443039,39.192295261826935
40.82332833,-73.88858167,36.51232109000003,38.377245386923086,39.18576953648389
40.82328667,-73.88855833,36.614861690000026,38.3884895744304,39.19838634875001
40.82322667,-73.88849333,36.86095913,38.41471214461539,39.20645250284347
40.82320833,-73.88843833,36.86095913,38.4917709673077,39.21876300644233
40.823205,-73.88836,36.86095913,38.49694779363638,39.20687305351615
40.82321167,-73.888265,36.86095913,38.509396623670895,39.18305883485716
40.82322,-73.88817,37.16003588000004,38.54885528493672,39.162311996000014
40.82322667,-73.88806833,37.16003588000004,38.572598376153856,39.172392442285734
40.82323333,-73.88788833,37.16003588000004,38.64652401384616,39.15220678525808
40.823235,-73.887815,37.16003588000004,38.62741815846154,39.13737688278848
40.82323667,-73.88775167,37.16003588000004,38.645338634303805,39.12118182200002
40.82324,-73.88768333,37.63855868000002,38.62024431025317,39.113716432285734
40.82324167,-73.88761167,37.63855868000002,38.63315867923078,39.11643324156053
40.82324,-73.88753,37.63855868000002,38.72562220961039,39.10915903739552
40.82323667,-73.88744167,37.63855868000002,38.75483074415585,39.10071905436895
40.82323667,-73.88736333,38.16664277000001,38.64930663269232,39.09800939923078
40.82323667,-73.88729833,38.16664277000001,38.62889752544304,39.08688768800002
40.82323167,-73.88725167,38.16664277000001,38.6306170746154,39.0885779493671
40.82322333,-73.88712833,38.49477268999999,38.672899124683546,39.08332525484079
40.82319833,-73.88711,38.49477268999999,38.66814956346155,39.087363743439504
40.82316833,-73.88710167,38.49477268999999,38.69735610615386,39.074471066038356
40.823125,-73.887115,38.49477268999999,38.71155736354432,39.082369267468366
40.82307,-73.88713833,38.49477268999999,38.75234185962502,39.09991906952534
40.82300667,-73.88716833,38.411031200000025,38.78291177600001,39.08591708569622
40.82294,-73.88720667,38.411031200000025,38.80029608531648,39.08027409057145
40.822805,-73.88731333,38.411031200000025,38.866197530000015,39.0694313975719
40.82266667,-73.887435,38.92373420000001,38.98264096240508,39.11984037614651
40.82253333,-73.88758833,38.92373420000001,38.999060438227865,39.122776898000026
40.82246833,-73.88767,39.59537513000001,38.98988803012661,39.120790721634634
40.82233667,-73.88783,39.36807680000004,39.00111557683546,39.12716664355771
40.82226833,-73.88792167,39.36807680000004,38.98716995276317,39.1752749478247
40.82219833,-73.88801167,39.92179604000003,38.959207112692326,39.17849567170887
40.82213,-73.888095,39.92179604000003,38.96447615444446,39.18064815898736
40.82200833,-73.88826,39.33389660000003,38.97106063076926,39.182943208681685
40.82195333,-73.888345,39.54581384,38.93173236680003,39.217750289320406
40.82184,-73.88852167,38.58193220000001,38.86112034612502,39.247926907088626
40.82178,-73.88860333,38.58193220000001,38.86405031230771,39.264472816000016
40.82173,-73.88867,38.58193220000001,38.87875218038464,39.28094467798079
40.821685,-73.88872833,38.631493490000025,38.86065036837502,39.27592047028573
40.82161,-73.888835,38.53237091,38.763154720921065,39.31930897892858
40.82158,-73.88888167,38.53237091,38.81615534974028,39.33638043446947
40.821555,-73.88892167,38.53237091,38.8580687773077,39.36270088504857
40.82153667,-73.88894833,38.53237091,38.88289551948053,39.36487378448389
40.82152167,-73.88897167,38.53237091,38.90974730236843,39.35936029592234
40.82151,-73.88899167,38.53237091,38.9069104392208,39.36371360405147
40.82143,-73.88913167,38.61611240000002,38.89643330607597,39.38763547000002
40.82140333,-73.88917167,38.61611240000002,38.9334907001266,39.403461445142874
40.82137167,-73.88922167,38.61611240000002,38.94095576230771,39.4057896820128
40.82130667,-73.889325,38.39394110000004,38.91589411662502,39.433579778821674
40.82127833,-73.88936667,38.39394110000004,38.94190595189875,39.438389581677235
40.82125333,-73.889405,38.39394110000004,38.965156329875015,39.44655019885716
40.82123167,-73.889435,38.39394110000004,38.97897109111113,39.4673832608228
40.821215,-73.88945667,38.39394110000004,38.99702936637502,39.4664235437143
40.81974667,-73.89132167,40.08415199000001,39.81803777037502,39.44938623730771
40.81970667,-73.891435,40.08415199000001,39.84380303818183,39.43837297184468
40.81969,-73.891465,40.36442963000002,39.84380303818183,39.432690524230786
40.81963667,-73.89154333,40.36442963000002,39.93171717597405,39.46098479818184
40.81952667,-73.89170167,39.97648436000003,40.00547179884618,39.45312998238856
40.819485,-73.89173667,40.384937750000006,40.00703020962028,39.46173054800002
40.81944833,-73.89177833,40.384937750000006,40.01278986730772,39.47329521184715
40.81941667,-73.89181333,40.384937750000006,40.02576793587502,39.48664954142859
40.81939167,-73.89184167,40.384937750000006,40.04521723653849,39.47311852257145
40.81935333,-73.89187833,40.384937750000006,40.04521723653849,39.476933068365405
40.81933167,-73.89189833,40.384937750000006,40.055098820000026,39.48321791424439
40.819295,-73.89193667,40.16960249000002,40.07230285400002,39.477814961346176
40.819255,-73.891975,40.16960249000002,40.07979971120002,39.49337654611652
40.81921,-73.892025,40.57976489000001,40.10170818363638,39.503160027717065
40.81916667,-73.89207333,40.57976489000001,40.091053761153866,39.50166441500002
40.81912167,-73.89211833,40.57976489000001,40.09883681666668,39.5114274737143
40.81902833,-73.89220667,40.492605380000015,40.09803769625002,39.53419689860762
40.81897333,-73.892255,40.492605380000015,40.086224164625015,39.55544595015825
40.81891,-73.89231,40.492605380000015,40.093704917692335,39.55556172824843
40.81883667,-73.89237167,40.492605380000015,40.09200899701301,39.55132553463024
40.81876667,-73.89243333,40.492605380000015,40.08705280960527,39.60079985851615
40.81869667,-73.89249667,40.56780182,40.099248245000005,39.60692323271567
40.818475,-73.89268667,40.63787123,40.04358436512501,39.6629783736709
40.81841333,-73.89273833,40.63787123,40.05325834769232,39.671617790865405
40.81835833,-73.89278333,40.63787123,40.039074076883125,39.69899976223302
40.81831167,-73.89282333,40.72844876000005,40.02374505961541,39.74133887154343
40.81827667,-73.89285167,40.72844876000005,40.03567825181819,39.75810044667743
40.81825167,-73.89287,40.72844876000005,40.03567825181819,39.77367630922332
40.81814,-73.89295167,40.50969548000003,40.01440707556963,39.76875311284812
40.81809,-73.893,40.50969548000003,40.024682768607605,39.782451855222945
40.81806333,-73.89302667,40.50969548000003,40.03338806333336,39.791862605664576
40.818035,-73.893055,40.50969548000003,40.03262533850002,39.8239484357143
40.81800833,-73.89308333,40.75237490000001,40.02282232734179,39.81684876452533
40.81797833,-73.89311833,40.75237490000001,40.049668927468375,39.82819780761148
40.81794667,-73.89315333,40.12858625000001,40.061584293846174,39.83385573629395
40.817915,-73.89318333,40.12858625000001,40.04506670935067,39.85222993067963
40.81788,-73.89320833,40.12858625000001,40.03369237423079,39.88767061596156
40.81784167,-73.89322167,40.12858625000001,40.02795185346156,39.90631087567309
40.81780333,-73.89321667,40.12858625000001,40.03673237075952,39.91126440194269
40.81776167,-73.89319667,40.12858625000001,39.99705656787502,39.93003085570065
40.81770833,-73.89317333,40.12858625000001,40.00520887423079,39.93567079105771
40.81766833,-73.89313333,39.92692306999999,39.9760733322785,39.92156744630575
40.817635,-73.89308167,39.92692306999999,39.97582704846156,39.92624489142859
40.81760333,-73.893025,39.78165722000003,39.90753986797471,39.9229787834286
40.817565,-73.89296667,39.78165722000003,39.90753986797471,39.944706602172545
40.81752,-73.89291,39.78165722000003,39.87512867360002,39.94740920916401
40.81748667,-73.89286,39.78165722000003,39.80731546472975,39.940435274870985
40.81745667,-73.89281167,39.78165722000003,39.74767677441561,39.94570558766993
40.81742,-73.89276333,39.96964832000003,39.74460675961541,39.95123811932694
40.81738167,-73.89271333,39.853435640000015,39.73583438937502,39.955346890285725
40.81734333,-73.89265667,39.853435640000015,39.71047695350002,39.963759311019125
40.81730667,-73.89260167,39.853435640000015,39.6502955377778,39.96144291552053
40.81725333,-73.89250833,39.94059515000001,39.60134584848103,39.97502412993673
40.817235,-73.89247667,39.94059515000001,39.5767707173418,39.9905700857325
40.81722167,-73.89244833,39.94059515000001,39.57677321346156,39.98841435238711
40.81715333,-73.89235167,39.94059515000001,39.54219862653848,39.96529662361024
40.817115,-73.8923,39.69107969000001,39.4515115446154,39.97001724914288
40.81707167,-73.89224333,39.69107969000001,39.3898829022785,39.98179762826925
40.817015,-73.89218667,39.69107969000001,39.349452973076936,39.97886594812905
40.81695,-73.89214,39.69107969000001,39.36608295500002,40.016825704331225
40.816885,-73.89210167,39.69107969000001,39.27487002384617,40.05023303993633
40.81683167,-73.89207167,39.392002940000026,39.27574699392406,40.055899242405076
40.81678833,-73.89205,39.392002940000026,39.25482784620255,40.06118852018989
40.81660667,-73.89195167,38.77334132000004,39.17881548986489,40.07894752912623
40.81654667,-73.89193,38.77334132000004,39.095894470526346,40.113034808520915
40.81647833,-73.89190833,38.77334132000004,39.189119038571455,40.142910163942325
40.81640167,-73.89188667,38.77334132000004,39.21302686775002,40.158361002000014
40.816145,-73.89181833,38.17006079000001,39.12064766389613,40.19788879653848
40.81605167,-73.89179,37.50867392000004,39.13290404417724,40.2458840157143
40.81595667,-73.89176167,37.50867392000004,39.17699633576925,40.278661429423096
40.81586333,-73.891735,37.50867392000004,39.2067592358228,40.2891352212739
40.81577167,-73.89170833,36.65929595000003,39.23364180087502,40.31531865057145
40.81567833,-73.89168167,36.65929595000003,39.187528888289485,40.31179322815536
40.81558333,-73.89165667,36.65929595000003,39.26663171923078,40.37709480920384
40.815485,-73.89163167,36.79772575999999,39.29311534887502,40.39568936987343
40.81538667,-73.89160667,36.79772575999999,39.30030049202533,40.41939008535034
40.815285,-73.89158333,36.79772575999999,39.29015943618422,40.435471691993584
40.81518333,-73.89156,37.68299294000002,39.39077891932435,40.503513369871406
40.81508667,-73.89154,37.68299294000002,39.44734338223685,40.533389327378664
40.815,-73.89152167,38.98013153000005,39.504709958461554,40.58027430644233
40.81492667,-73.891505,38.98013153000005,39.48415801769233,40.57396411567309
40.81486167,-73.89149,38.98013153000005,39.48415801769233,40.58401536325809
40.81480167,-73.891475,38.98013153000005,39.52289961381581,40.62315292913463
40.81474333,-73.89145833,38.98013153000005,39.55375962675327,40.6544300031731
40.81468333,-73.89144333,39.10147124000002,39.675633700886095,40.6836552813376
40.81457,-73.89141333,39.10147124000002,39.779093705000015,40.736261377142874
40.81452,-73.8914,39.10147124000002,39.817525067375016,40.747895552133784
40.81444333,-73.89138333,39.91666901000002,39.86323540620256,40.786495420285725
40.81441833,-73.89137833,39.91666901000002,39.89970870822787,40.80392189685716
40.81440333,-73.89137,39.91666901000002,39.91414931576925,40.80392189685716
40.814355,-73.89133167,39.91666901000002,39.89427881569623,40.81476741523963
40.81423833,-73.8913,39.91666901000002,40.04111999461541,40.87068598468357
40.81419167,-73.89128667,40.40544587000002,40.11965180531648,40.87744286429938
40.81414667,-73.891275,40.40544587000002,40.14708249746838,40.920059260159256
40.8141,-73.891265,40.40544587000002,40.15976472730773,40.927652499326946
40.81405167,-73.89125333,40.40544587000002,40.19480497924053,40.969834292302856
40.814,-73.89124167,40.40544587000002,40.27954158898737,40.98857093285716
40.81395167,-73.89123167,40.40544587000002,40.31804534576926,41.01093613904461
40.81391167,-73.89122167,40.82586233000004,40.31804534576926,41.01684831890678
40.81387667,-73.89120667,40.82586233000004,40.39026716276318,41.02999530509679
40.81384667,-73.89118833,40.82586233000004,40.44117971545457,41.0494394285484
40.81381667,-73.891165,40.90276778000003,40.52221342337664,41.06213433630227
40.813795,-73.89112,40.90276778000003,40.516005670769246,41.072119131061115
40.81378333,-73.89104833,40.90276778000003,40.44317725961041,41.06700364100002
40.813785,-73.890965,40.90276778000003,40.341336084615406,41.02394368712462
40.81379333,-73.89087833,40.90276778000003,40.24869287683547,41.013312604050654
40.81380167,-73.89078833,40.90276778000003,40.18261725846156,40.98920885267518
40.813825,-73.89058167,40.42937201000001,40.028886601688335,40.948399995562724
40.81382667,-73.89047167,40.42937201000001,39.96864044230772,40.90663898795529
40.81383,-73.890355,40.147385360000015,39.91366728730772,40.89164278221156
40.81386667,-73.890215,40.147385360000015,39.80599352240003,40.84355496557694
40.813885,-73.89010167,40.56951083000001,39.6529931814286,40.77487963038836
40.8139,-73.89000333,40.56951083000001,39.63899870576926,40.76095281557694
40.81391167,-73.88993333,40.56951083000001,39.60368221658231,40.75986615150162
40.81391333,-73.88988833,40.56951083000001,39.597127960769264,40.751744976442325
40.81391667,-73.88976,40.56951083000001,39.46006310851353,40.69402677080387
40.81391667,-73.88969167,40.56951083000001,39.45080212189191,40.672259578653865
40.81392333,-73.889525,40.537039640000046,39.49153654772154,40.69216642309905
40.81392167,-73.88944,40.537039640000046,39.47074886230772,40.68257389221156
40.81396167,-73.88933333,38.84853776000003,39.33950565846156,40.64115736498393
40.813985,-73.88922833,39.05703698000002,39.32320433230771,40.585686171442326
40.81399667,-73.88912,39.05703698000002,39.42780561784812,40.6156378237143
40.81401167,-73.889005,39.262118180000016,39.37427196125002,40.61456901428573
40.814055,-73.88868833,39.262118180000016,39.42184652712501,40.57143685714288
40.814065,-73.88861167,39.262118180000016,39.42933823538464,40.553509271401296
40.814075,-73.88855333,39.262118180000016,39.39406251615386,40.566212549554166
40.81408,-73.88851333,39.262118180000016,39.41601561215192,40.55397734420384
40.814125,-73.88842833,39.482580470000016,39.41659970417722,40.54182377945862
40.8142,-73.88808667,39.706460780000015,39.498069725189886,40.54538394914288
40.81422167,-73.88798,39.706460780000015,39.60170723115386,40.56690060572349
40.81423833,-73.88787833,39.95939426000001,39.66522543615386,40.56907262230771
40.81425333,-73.88778333,39.95939426000001,39.64785050115386,40.55750966105097
40.814265,-73.8877,39.95939426000001,39.70231643075002,40.579424169651915
40.814275,-73.88763167,39.95939426000001,39.726004843076936,40.56353748514379
40.81428167,-73.88758167,39.95939426000001,39.726004843076936,40.56243849601288
40.81428833,-73.88755333,39.95939426000001,39.726004843076936,40.57781409080388
40.814295,-73.88743833,39.95939426000001,39.90276598270272,40.602464048461556
40.81426333,-73.88742167,39.95939426000001,39.93305797769233,40.62723250536979
40.81422,-73.88740167,40.29606923000003,39.9215518957143,40.62418266437301
40.81416333,-73.88739167,40.24138091000003,39.95558684531647,40.66218800085716
40.81403667,-73.88735833,40.24138091000003,40.0030713636709,40.71174386542859
40.81396333,-73.88734333,40.24138091000003,40.10463847696204,40.757746851815305
40.813895,-73.887325,39.901287920000016,40.15968135402599,40.76061221829584
40.81382833,-73.88730667,39.901287920000016,40.21760814269232,40.794300420961555
40.81372167,-73.88727833,39.901287920000016,40.30887598848103,40.842815927603844
40.81368333,-73.88726833,39.901287920000016,40.31798349746837,40.874117370318494
40.813645,-73.887255,39.68595266000003,40.34686955225002,40.89522325800635
40.81360333,-73.88723833,39.68595266000003,40.349968776153865,40.902653117987235
40.81355,-73.88722167,39.68595266000003,40.40932806555557,40.93606363514288
40.81348667,-73.88720667,39.68595266000003,40.45598064670888,40.9604154719489
40.813415,-73.88718833,39.68595266000003,40.54485225714288,41.016699948263685
40.81326833,-73.88714667,39.66031751,40.66227329683546,41.10610741742859
40.81319167,-73.887125,39.66031751,40.699220306923095,41.128563266285724
40.81311333,-73.88710333,39.598793150000034,40.73414546000002,41.15684788012781
40.81303833,-73.88708167,39.598793150000034,40.724031967922095,41.186831619003236
40.81296833,-73.88706,39.598793150000034,40.834863116000015,41.23926140810292
40.81291167,-73.88704333,39.598793150000034,40.95030933090911,41.29154832176851
40.81286833,-73.887045,39.598793150000034,40.95030933090911,41.32735753216131
40.81283833,-73.88704833,40.518240530000014,40.95030933090911,41.32735753216131
40.81281333,-73.88704167,40.518240530000014,40.95030933090911,41.331977372096794
40.812785,-73.88703667,40.518240530000014,40.97046233194807,41.35295960454841
40.81274667,-73.88703167,40.518240530000014,40.97621138923079,41.37053258115386
40.81270167,-73.88701833,40.518240530000014,40.99773026986844,41.37830808190325
40.81264667,-73.88700833,40.518240530000014,41.0153182957143,41.38750365829035
40.81258333,-73.88699333,40.518240530000014,41.0153182957143,41.44794197000002
40.81251833,-73.88697667,40.78655509999999,41.129131851200015,41.54117613413464
40.81245167,-73.88695833,40.78655509999999,41.18490586126584,41.5783103083923
40.81239,-73.88693667,40.78655509999999,41.17583690346156,41.60417487461785
40.81233333,-73.886915,40.78655509999999,41.21643520287502,41.609481272816474
40.812285,-73.88689833,41.01214442000003,41.26172396787501,41.63660039771431
40.81224667,-73.88688833,41.01214442000003,41.29039261062502,41.66879069219747
40.81220333,-73.88688,41.430851870000026,41.30470556937502,41.67969129756331
40.81208667,-73.88677333,41.430851870000026,41.32234083246754,41.76262584035486
40.81208167,-73.88670333,41.430851870000026,41.34407463855265,41.76723465441937
40.812085,-73.88662,41.430851870000026,41.369418657200015,41.74845932778848
40.81209333,-73.88651833,41.95209992,41.4878928531169,41.751717123697766
40.81210667,-73.88641,41.95209992,41.48630705346155,41.76347889644233
40.81211833,-73.886295,41.95209992,41.51540404423078,41.766508007115405
40.81213167,-73.88617667,41.95209992,41.50524929233767,41.765685944983936
40.812145,-73.88606167,42.169144190000026,41.660056403461546,41.75825642241159
40.81215833,-73.88594667,42.169144190000026,41.73114007012659,41.79207147885716
40.812175,-73.88583167,42.169144190000026,41.76184438175002,41.7882085737143
40.81219,-73.88571667,42.62886788,41.78301748192309,41.79374997736336
40.81220667,-73.885605,42.62886788,41.870571378846165,41.7845677991374
40.81222,-73.88549833,42.92623562,41.97079221687501,41.81693079257145
40.81223167,-73.88540333,42.92623562,42.02250691222224,41.812096306487355
40.81224,-73.88532167,42.92623562,42.050880698000014,41.79907028171431
40.81225,-73.885245,42.92623562,42.09135094259742,41.8109422671154
40.81226333,-73.88517667,42.92623562,42.12010209291141,41.8169950108654
40.81227333,-73.88512,42.92623562,42.13205867300002,41.825611546962044
40.812285,-73.885075,42.92623562,42.18117215911394,41.815937834807706
40.8123,-73.88504,42.92623562,42.18818431423079,41.80258893298078
40.81232667,-73.88501333,42.63228590000003,42.16866826316457,41.8033180812739
40.81243167,-73.885005,42.63228590000003,42.1523170146154,41.74406728685716
40.81256333,-73.88504833,42.63228590000003,42.09813263346156,41.71996487259617
40.81264,-73.88507333,42.37935242000003,42.053753565443046,41.71028856857144
40.81272333,-73.885095,42.37935242000003,42.01994112708862,41.66880702031849
40.812815,-73.885115,42.37935242000003,41.97583136265824,41.61655159035033
40.81290667,-73.88513833,42.14009102,41.94653468230771,41.59209229257236
40.813235,-73.88522833,41.943554870000014,41.7498152818182,41.43360833774195
40.81335667,-73.88525333,41.943554870000014,41.72435769129872,41.39012687607719
40.81340667,-73.88526333,41.897411600000055,41.585323587200016,41.359886740932495
40.81349833,-73.88529,41.897411600000055,41.52725756230772,41.312583981832816
40.813545,-73.8853,41.897411600000055,41.54314259115386,41.303508714615404
40.81363167,-73.88531333,41.897411600000055,41.5130790473418,41.257035818132934
40.81366667,-73.88530833,41.892284570000015,41.48151644493673,41.24465658685716
40.81382667,-73.88521167,41.892284570000015,41.502877646710544,41.218972973173095
40.81387333,-73.88520167,41.892284570000015,41.46784962702704,41.16861806783872
40.81392167,-73.88520333,41.892284570000015,41.348976798815805,41.15352515723474
40.81403,-73.88525167,41.53168346000001,41.30103284115387,41.11228035528848
40.81408,-73.88529333,41.53168346000001,41.26479667050635,41.081895749274466
40.81413833,-73.88535333,41.53168346000001,41.20222905725002,41.06774963742859
40.81420167,-73.88541833,41.51288435000001,41.10700502444446,41.02799752228574
40.81426667,-73.88549,41.51288435000001,41.03295540253167,41.00495893386584
40.81433667,-73.88555833,41.54535554000003,40.9820258931169,40.99436741887462
40.81448833,-73.88571,41.54535554,40.79779512730771,40.88895328250002
40.81457,-73.88579167,41.54535554,40.71871389291141,40.837923057714306
40.81465333,-73.88588,41.41205276000002,40.63757215325002,40.77993607714287
40.814735,-73.88596667,41.04803363000002,40.56199556807693,40.75056729326925
40.81491167,-73.88613667,40.851497480000006,40.35253402092107,40.63539344203885
40.81499833,-73.886225,40.851497480000006,40.26692841846155,40.563015510348116
40.81526667,-73.8865,39.77994821000004,40.08695651923079,40.39598606144233
40.815355,-73.88660167,39.22622897,39.92430406766236,40.29343152967847
40.81544167,-73.88670167,39.22622897,39.840618065000015,40.242447680573264
40.81552667,-73.88679667,39.22622897,39.75236303576924,40.181128752332285
40.81560833,-73.88688,38.78701340000004,39.720154770384624,40.142564095367426
40.815695,-73.88697,38.47426457000003,39.69991327415586,40.105099726720276
40.81578333,-73.88705333,38.47426457000003,39.53791244311691,40.03137600273313
40.81587,-73.88713167,38.04872108000004,39.50874968562501,40.0121356065823
40.815955,-73.88721,38.04188504000001,39.42523128632914,39.99716554430382
40.81604333,-73.88728833,38.04188504000001,39.38674611177217,39.961217204000015
40.81613333,-73.88736667,37.90345523000002,39.34661429779224,39.926401025144706
40.81621167,-73.88744333,38.13417158000004,39.26429328363638,39.88415357378642
40.81628,-73.88750667,38.13417158000004,39.23122453769232,39.862210749038475
40.81639667,-73.887635,38.19398693000005,39.17774372333335,39.84108440369087
40.816505,-73.88775167,38.19398693000005,39.11174693303799,39.82573882714288
40.81651833,-73.88776333,38.19398693000005,39.08985873615386,39.81321111389778
40.81662833,-73.88784333,38.31703565000001,39.08328562076925,39.792532238617376
40.81670333,-73.8879,38.31703565000001,39.02833892896106,39.77311766520902
40.816785,-73.88795,38.31703565000001,39.02766337062502,39.757010347348256
40.81687333,-73.888005,38.71181695999999,39.01299710692309,39.746350379649705
40.81725167,-73.88823167,39.03994688,39.03630975615386,39.69388071916934
40.81734833,-73.888285,39.03994688,39.03563053423079,39.69241859592359
40.81753,-73.88839667,39.06558203000003,39.10027271350651,39.68600195836541
40.817625,-73.88845833,39.06558203000003,39.1017341646154,39.67002729929938
40.81772667,-73.88851833,39.25186411999999,39.12777701417723,39.666783445923585
40.81783,-73.88858,39.25186411999999,39.16624055569621,39.64987356000002
40.81793,-73.88864333,39.25186411999999,39.17657773210527,39.635283269967765
40.818025,-73.8887,39.68424364999999,39.18326270576925,39.61452146742859
40.81811333,-73.88875167,39.68424364999999,39.210782980886094,39.587784955428596
40.818185,-73.88879833,39.68424364999999,39.21917659962028,39.568587899776375
40.81824,-73.88883333,39.88419782,39.20756478184213,39.56090179883497
40.81828,-73.88884833,39.88419782,39.21697368207795,39.56204388626625
40.81832,-73.88886333,39.88419782,39.236346309200016,39.55883199012864
40.81834333,-73.88887167,39.88419782,39.26752234675677,39.55882860846155
40.81841667,-73.88896,39.88419782,39.27763073230771,39.51632654848876
40.81845167,-73.88898333,39.88419782,39.27763073230771,39.5021228637143
40.81849333,-73.88901167,39.70987880000001,39.28109035430381,39.5021228637143
40.818545,-73.88904333,39.70987880000001,39.30035180115385,39.474637955576945
40.818685,-73.88912833,39.70987880000001,39.3358165988889,39.4741327686709
40.81876667,-73.889175,39.7782392,39.35657384807693,39.4673198871154
40.81885,-73.88922167,39.7782392,39.3528954644156,39.4566276194231
40.81893333,-73.88927167,39.7782392,39.35125654368424,39.43181184712905
40.81901167,-73.88932,39.36807680000004,39.36039707151902,39.43241856945689
40.819085,-73.88937,38.38197803000003,39.3630579351899,39.42907655882914
40.81914833,-73.88941667,38.38197803000003,39.40400927607598,39.42702408142859
40.81920833,-73.88946,38.38197803000003,39.4283464437975,39.43083273228573
40.81926167,-73.88949667,38.38197803000003,39.45006545923079,39.46045126334407
40.81931833,-73.88952667,38.30849060000003,39.41947689822787,39.433543349201294
40.819375,-73.889545,38.30849060000003,39.40479915237502,39.40982004742859
40.81943333,-73.88954333,38.30849060000003,39.38627018493673,39.4169674658228
40.81948833,-73.88951,38.30849060000003,39.40347466962502,39.427454080981036
40.81954333,-73.889455,38.30849060000003,39.39838468620254,39.4270403577143
40.81959833,-73.88937833,39.19204876999999,39.39579343653848,39.44315930600002
40.819725,-73.88919667,39.35953175,39.41104940671054,39.47336402321431
40.819795,-73.88909333,39.35953175,39.42157530291141,39.47534294828573
40.81986667,-73.88899,39.02114777000003,39.43502357444446,39.47859458275318
40.81993833,-73.88889167,39.02114777000003,39.441131569240525,39.461920438000014
40.820005,-73.88879667,39.02114777000003,39.46075772692309,39.46335958509617
40.82007,-73.88868833,39.06216401,39.52686135730772,39.45084171285716
40.82025167,-73.88836833,38.90151707000004,39.65423609779222,39.38374087542209
40.82030333,-73.88828,38.90151707000004,39.72280592692309,39.33447712085716
40.82034833,-73.8882,39.60904721000003,39.77622732746837,39.31741957342859
40.82038833,-73.88813333,39.762858110000025,39.82269509303799,39.291046960031665
40.82042833,-73.88806833,39.762858110000025,39.8666101601266,39.25147768780257
40.820465,-73.888015,39.762858110000025,39.89544699974684,39.25504884657145
40.82049167,-73.88796667,39.762858110000025,39.89559122000001,39.248088911414804
40.82052333,-73.88791167,39.762858110000025,39.940683929740274,39.216041065225824
40.82055667,-73.88785667,39.762858110000025,40.051702433038,39.1668901708654
40.82059167,-73.887805,39.762858110000025,40.06736863538463,39.13343687077172
40.820625,-73.887755,39.762858110000025,40.06782644710528,39.13455987877421
40.820665,-73.88772833,39.93546812,40.0341796722785,39.13242452335465
40.820695,-73.88768333,40.05338981000003,40.06366550303799,39.09990284474685
40.82075333,-73.88761333,40.05338981000003,40.08036620835445,39.07834552240508
40.82085333,-73.88748333,40.05338981000003,40.10713598346155,39.03257403557694
40.82087667,-73.887445,40.05338981000003,40.15915373265824,39.0183249004473
40.82090167,-73.88740333,40.39690082000004,40.15915373265824,38.99343468085716
40.82095833,-73.88728667,40.50798647000002,40.18054015400001,38.964642274810146
40.82099833,-73.88713167,41.09588590999999,40.24059213615385,38.954946987138285
40.82101167,-73.887055,41.09588590999999,40.32989431103898,38.93945049774922
40.82102333,-73.88697833,41.09588590999999,40.36347524779222,38.942934460257256
40.82103833,-73.88690333,41.09588590999999,40.30741880923079,38.94791861482317
40.82105167,-73.88683,41.09588590999999,40.325987721519006,38.94212796788463
40.82106333,-73.88676,41.09588590999999,40.32235650223686,38.937941034741954
40.82107333,-73.88669333,41.09588590999999,40.32235650223686,38.94351461251615
40.82108333,-73.88663167,41.09588590999999,40.28938855454547,38.92838467913463
40.821095,-73.88657,41.85297734000002,40.23944403200002,38.92571974883497
40.821105,-73.886495,41.85297734000002,40.271455047013,38.93724588747574
40.82111833,-73.886405,41.85297734000002,40.2366701773077,38.93908242442309
40.821135,-73.88630167,42.6322859,40.2061839572152,38.920725687188515
40.82115833,-73.88619167,42.6322859,40.138618360649374,38.941021493461555
40.82119,-73.885965,42.44087678000005,39.90479247215192,38.958966933142875
40.821205,-73.88585667,42.44087678000005,39.81481201400002,38.95185419628573
40.82122,-73.88575,42.44087678000005,39.74863827038463,38.965913440415356
40.82122833,-73.88565167,42.44087678000005,39.69673939844158,38.97124139144233
40.82121833,-73.88548167,42.00337022,39.45595020025318,38.99293821958601
40.8212,-73.885415,42.00337022,39.398945793125016,38.982803899140144
40.82116167,-73.885365,42.62544986000003,39.42527455240508,38.98945241628573
40.82105,-73.88532,42.62544986000003,39.60214458519482,39.030696174258075
40.820975,-73.88530333,42.62544986000003,39.60337242038464,39.0236072106731
40.82088667,-73.88528667,43.51755308000003,39.57571069848103,39.01766422884986
40.820795,-73.88527333,43.51755308000003,39.61378484531648,39.02540933980771
40.82070333,-73.885255,42.34346320999998,39.626026335324696,39.03157328407768
40.82051667,-73.885215,42.582724610000014,39.80889040532469,39.06718629422582
40.82042333,-73.88520167,42.582724610000014,39.7316849022785,39.09031885423079
40.82033167,-73.88517833,42.21016043000003,39.78982979346156,39.06990933096155
40.82024333,-73.88515833,42.21016043000003,39.73853758307694,39.0879530258521
40.82015833,-73.88514167,42.21016043000003,39.72117602194807,39.11674171446603
40.82007333,-73.885125,41.66498624000002,39.83206219848103,39.13021417570065
40.81998833,-73.88510333,41.66498624000002,39.87485234759495,39.11836059914287
40.81990833,-73.88508333,41.66498624000002,39.804344327750016,39.123029802452244
40.81983,-73.88507,41.38470860000001,39.80456660721521,39.129071207229316
40.81975667,-73.885055,41.38470860000001,39.8121126546154,39.14173157173079
40.81968167,-73.88503833,41.38470860000001,39.84993108784813,39.171453008461555
40.81961,-73.88502167,41.38470860000001,39.86433869113926,39.177335007714305
40.81954,-73.88500333,41.054869670000016,39.901572755000025,39.19217475471156
40.819475,-73.88498667,40.61565410000003,39.86120190063293,39.19708327398091
40.819425,-73.88497667,40.61565410000003,39.903018563038,39.21367074955273
40.81926167,-73.884905,40.32854042000002,39.95460015402599,39.2452375715484
40.81920833,-73.884885,40.32854042000002,39.98132655500002,39.261192466250016
40.81914,-73.88486667,40.32854042000002,39.96079652461541,39.27473437484078
40.81905833,-73.88484833,40.32854042000002,39.9623147201266,39.2888782479747
40.81897167,-73.88483167,40.32854042000002,40.00987578615386,39.30491987134187
40.81878167,-73.88478833,40.32854042000002,40.09827980600002,39.38630624000002
40.81868167,-73.88476,40.2738521,40.08788073909092,39.39969071961167
40.81857833,-73.88473333,40.2738521,40.04218389632912,39.38716437347135
40.818475,-73.884705,39.10830728000002,40.07986836753248,39.37551731299037
40.81837,-73.88467667,39.10830728000002,39.98653603723685,39.43997174340911
40.818265,-73.88464833,39.10830728000002,40.071604827974696,39.43563167936308
40.81816167,-73.88462167,39.096344209999984,40.08154465423078,39.42284702143772
40.81805833,-73.88459167,39.096344209999984,40.06676281325002,39.442399746000014
40.81796,-73.88456667,39.096344209999984,40.10044166759496,39.48628787507989
40.81776833,-73.88452167,39.42960116000003,40.16518935025319,39.5170282146965
40.81768,-73.8845,40.325122400000055,40.20862488500001,39.551836325718874
40.81759667,-73.884475,40.325122400000055,40.23428527354432,39.582099106285725
40.81751833,-73.88445167,40.325122400000055,40.26443063461541,39.57017818769233
40.817445,-73.88443333,40.325122400000055,40.277558654155854,39.62363995022583
40.81738,-73.88441833,41.80341605000001,40.32254806848104,39.65938680710193
40.81732667,-73.88440333,41.80341605000001,40.32308473423078,39.66972250770702
40.81728833,-73.88439333,41.80341605000001,40.34338068405065,39.66890065894906
40.817265,-73.884385,41.80341605000001,40.34338068405065,39.69230041142859
40.81722167,-73.88437167,41.80341605000001,40.40395319037977,39.699930505367426
40.81719667,-73.884365,41.80341605000001,40.39771150423079,39.69817317701925
40.81716,-73.88435667,41.80341605000001,40.39771150423079,39.69124454627012
40.81711167,-73.88434167,43.11593573000002,40.41212654545457,39.709231699126235
40.81704833,-73.88432667,43.11593573000002,40.4700649237838,39.76080729800002
40.81697167,-73.88430667,43.11593573000002,40.60524263118423,39.788213902596176
40.81680167,-73.88425833,43.35519713000002,40.63808485625002,39.772041334620276
40.81670833,-73.884235,43.35519713000002,40.67362897769232,39.80985044229301
40.81661167,-73.88421,43.35519713000002,40.7197284269231,39.851732125209026
40.81651167,-73.88418667,42.60665075000003,40.79363215423079,39.90755611003196
40.81641167,-73.88416167,42.60665075000003,40.85797483888891,39.936111702879764
40.81631167,-73.88413667,41.76923585000003,40.94473587367092,39.97227170477709
40.81621333,-73.88411333,41.76923585000003,40.97932710139244,40.009850745714296
40.81611333,-73.88408667,41.76923585000003,41.0639405692308,40.0461844033226
40.81601167,-73.88405833,41.794871,41.07270746187502,40.111642636571446
40.81591333,-73.88402833,41.794871,41.15548215615387,40.170917113076946
40.81581333,-73.88400167,41.794871,41.227696010379766,40.22259807628573
40.81571667,-73.88397333,41.67011327,41.31016947153848,40.28007817180066
40.81562333,-73.88395,41.67011327,41.34961840766236,40.377052125080404
40.815445,-73.88390333,41.84614130000003,41.43741019587502,40.44060342715657
40.81536,-73.88388,41.84614130000003,41.52565695105265,40.45935435048545
40.81528,-73.88385833,41.84614130000003,41.54000656064937,40.49652733884617
40.815205,-73.88384,41.982862100000034,41.716487487297314,40.568121570258086
40.81507833,-73.88380667,41.982862100000034,41.7591132523077,40.68295524140577
40.81502833,-73.88379833,41.982862100000034,41.768197464177234,40.69452815645571
40.81499167,-73.88379167,41.86664942000005,41.74647789405064,40.696918607151915
40.81496833,-73.88379,41.86664942000005,41.74647789405064,40.70237013272153
40.814875,-73.88377167,41.86664942000005,41.83763951607596,40.79064801566881
40.81483,-73.88376,41.86664942000005,41.85093967423078,40.817476641061106
40.81477667,-73.883745,41.86664942000005,41.85288739210528,40.84940256451615
40.814565,-73.88368333,41.85126833000001,41.963067870253184,40.949613159203835
40.81448667,-73.88366,41.85126833000001,42.02109572115386,41.03063776463261
40.81441167,-73.88363667,41.84785031000001,42.06028674291141,41.05566720800002
40.81433833,-73.88361833,41.84785031000001,42.054070850000016,41.119092177620594
40.81426833,-73.88360167,41.84785031000001,42.09349345620255,41.14885975990417
40.814195,-73.88358667,41.84785031000001,42.123940875500026,41.15987884000002
40.81412,-73.88356667,41.48383118000001,42.1700960436709,41.236325035271584
40.81381167,-73.88348833,40.64641628000001,42.3400232796154,41.422536879038475
40.813725,-73.88346167,40.64641628000001,42.34839304653848,41.45681567576925
40.81364,-73.88343333,40.85320648999999,42.38193784538464,41.49907488977494
40.81355667,-73.88340833,40.85320648999999,42.41806038675327,41.529996501741955
40.81346833,-73.88338667,41.422306820000045,42.43784613560002,41.573576115384625
40.81338,-73.88336667,41.99995220000002,42.460980134473694,41.65599607807076
40.81320333,-73.88332833,41.99995220000002,42.49409710423078,41.70780343041141
40.81312167,-73.88330833,41.99995220000002,42.52756036316457,41.73875036685716
40.813045,-73.88328833,42.47676598999999,42.50698041038463,41.80171250009586
40.81297333,-73.88327,42.47676598999999,42.5122504344737,41.82674292675327
40.81290833,-73.88325167,42.47676598999999,42.49039480392407,41.83300804799365
40.81285333,-73.88323667,42.47676598999999,42.48238436037502,41.84020588114287
40.812805,-73.88322,42.54170837000001,42.504679820000014,41.86253250773164
40.81276333,-73.88320667,42.54170837000001,42.49486013337501,41.857650076202546
40.81273,-73.88319667,42.54170837000001,42.49486013337501,41.857650076202546
40.81270167,-73.88318833,42.54170837000001,42.48872906000001,41.893325313269244
40.8126,-73.88308833,42.54170837000001,42.48467563884617,41.909539526270116
40.81258333,-73.88302167,42.54170837000001,42.4576970363158,41.912116779292624
40.812615,-73.882655,42.99117800000002,42.46440853307694,41.923491635142874
40.81263,-73.88255667,43.24240247000006,42.45472414307694,41.929590604419374
40.812645,-73.88245,43.24240247000006,42.45842699807695,41.92333613507989
40.81266167,-73.88233833,43.24240247000006,42.48501196325002,41.91617273200002
40.81268,-73.88222,43.11422672000003,42.44857787444446,41.87567580509496
40.81272,-73.88198167,43.11422672000003,42.4520826936709,41.85020290287977
40.81273833,-73.88187167,43.11422672000003,42.456366035189895,41.84426900878983
40.81275333,-73.88176833,42.79293284000002,42.44804147576925,41.80409856198085
40.81276833,-73.88167167,42.79293284000002,42.4568635950633,41.761387466496835
40.81278,-73.88158667,42.79293284000002,42.46564660848103,41.76090374373804
40.81278667,-73.881515,42.79293284000002,42.46356388775001,41.7542117051266
40.81279333,-73.88146333,42.48189302,42.43066598607597,41.70693270063293
40.812795,-73.88142333,42.48189302,42.455262750253176,41.706078677898105
40.8128,-73.88133333,42.48189302,42.463325997777794,41.613203776119896
40.81274833,-73.88128833,42.48189302,42.47074172975001,41.68540183398091
40.812685,-73.88126,42.48189302,42.47200672164559,41.68979129942859
40.81260833,-73.881235,42.37935242000003,42.46116295064937,41.73329168790999
40.81252167,-73.88121167,42.15205409000001,42.41906981240002,41.81039998509617
40.81243167,-73.88118833,42.15205409000001,42.39590984155846,41.83653987165051
40.81233667,-73.88116333,42.15205409000001,42.3843684753247,41.83366552700002
40.81224167,-73.881135,41.85981337999999,42.3189454896154,41.84393382875002
40.81214167,-73.88110667,41.85981337999999,42.324773651923095,41.8867083771154
40.81204,-73.88107333,41.60517089000001,42.23923551038464,41.90562587387099
40.811935,-73.88104333,41.60517089000001,42.19732149237503,41.93891612857144
40.81183167,-73.88101167,41.60517089000001,42.16603291538463,41.946507294326935
40.81173167,-73.88097333,41.40521672000003,42.10565446850002,41.96139367914288
40.81163167,-73.88094,41.78974397000002,42.04879044730773,42.01139872035372
40.81141833,-73.88088833,41.66840426000002,41.96099553615387,42.002586923750016
40.81120167,-73.88083333,41.52655643000003,41.87705884454547,42.02428498546626
40.81109333,-73.880805,41.52655643000003,41.810425154303815,41.99193131920129
40.81098,-73.880775,41.52655643000003,41.77094486000002,41.982376151469666
40.81086167,-73.88074667,41.73847367000002,41.74166974064937,41.97755372810291
40.81074167,-73.88071667,41.73847367000002,41.73768844918921,41.98286210000002
40.81062,-73.88068667,41.95039091000004,41.65955246461541,41.954182604212235
40.8105,-73.88065667,41.95039091000004,41.64693482187501,41.949099658000016
40.81038,-73.88062833,42.26655776000004,41.60856727696205,41.950172506166155
40.81026667,-73.8806,42.26655776000004,41.55378961532469,41.94675308163989
40.81015833,-73.88057333,42.432331730000016,41.510677780126606,41.92759325914287
40.80915167,-73.88034,40.87200560000002,41.21942597037501,41.764682095506345
40.80908333,-73.88031833,41.10443096,41.20721257423077,41.7458574696154
40.80901,-73.880295,41.10443096,41.19962503649352,41.72973996305196
40.80893333,-73.88027167,41.10443096,41.14482136535213,41.71680566452461
40.808855,-73.88025,41.10443096,41.06119522649352,41.6735037253226
40.80877667,-73.88023,40.890804710000026,41.078861541153856,41.63926892605772
40.808695,-73.88021167,40.890804710000026,41.01560570607595,41.62928208203824
40.80861667,-73.88019,40.890804710000026,41.004563426923085,41.60848005585989
40.80854,-73.88017,40.67546945000004,40.97125964230771,41.60600066655951
40.80846167,-73.88015,40.66350638,40.916462054935074,41.561844730032284
40.80838,-73.88013167,40.66350638,40.8460637046154,41.512835521142875
40.80829667,-73.88011333,40.66350638,40.835731862750016,41.46257368337541
40.808215,-73.880095,40.444753100000014,40.80829630316458,41.47610797875798
40.80813333,-73.880075,40.444753100000014,40.76326983875001,41.4291590847785
40.80805167,-73.88005333,40.444753100000014,40.74301807025002,41.423033012747624
40.80789833,-73.88001333,39.87223475000002,40.616722231250016,41.27723146474524
40.807825,-73.87999167,39.87223475000002,40.59376562576925,41.247550992332286
40.80775333,-73.87997333,39.87223475000002,40.61301673888891,41.25410681056784
40.807625,-73.87994333,39.50992463,40.55349433884616,41.162367494519245
40.80756,-73.87993,39.50992463,40.50838597883119,41.11670275438711
40.80741,-73.87989333,39.16641362000004,40.44230856670888,40.994885596082824
40.80723333,-73.87983667,39.14932352,40.40418075870132,40.94122050500002
40.80714,-73.87980667,38.83999271000005,40.35869391150687,40.90184967106798
40.807055,-73.87977667,38.83999271000005,40.27777405884618,40.75557791551615
40.80697833,-73.87975333,38.83999271000005,40.27777405884618,40.669687208498424
40.80690833,-73.87973833,38.76650528000002,40.28940625430382,40.643896031075975
40.80685167,-73.87972833,38.76650528000002,40.22511286544306,40.59152721914288
40.80680667,-73.87972,38.76650528000002,40.23879548461541,40.61110216542859
40.80676167,-73.87970833,38.76650528000002,40.27845328076925,40.59793407644232
40.80671333,-73.87969667,38.76650528000002,40.31848355346156,40.61868196016079
40.80665833,-73.87968167,38.83144766000001,40.23980506961041,40.455408310257255
40.806545,-73.87965333,38.83144766000001,40.12850079950002,40.33199099257145
40.80648667,-73.87964167,38.83144766000001,40.03415803924052,40.21680164515926
40.80639333,-73.879625,39.23990105000004,40.054704433076935,40.14467264571431
40.80636333,-73.87961333,39.61417424000001,39.96984301734179,40.12384020949047
40.80632833,-73.87959833,39.61417424000001,39.97865348807693,40.10570179228573
40.80628,-73.87957833,39.61417424000001,40.05012322126584,40.127061704571446
40.80622,-73.87955833,39.61417424000001,40.00529017328949,40.08738808312905
40.80608167,-73.87951667,40.15593041000005,39.77574953111112,39.79597829113926
40.80595667,-73.87948,40.15593041000005,39.842668877000015,39.69845827285716
40.80590333,-73.87946667,40.15593041000005,39.79949227307694,39.648951237142875
40.80586,-73.87946167,40.31828636,39.72067368594939,39.53123538408948
40.80582667,-73.87945833,40.31828636,39.58934977423079,39.43240371659166
40.8058,-73.87945833,40.31828636,39.5755106631169,39.39437901519356
40.80578333,-73.87946,40.31828636,39.55627028276317,39.37730434425326
40.80569667,-73.87948,40.31828636,39.39033775076926,39.163965134519245
40.80567667,-73.87951333,40.31828636,39.39033775076926,39.11509991657145
40.80566667,-73.87956667,40.31828636,39.34968357987502,39.07897741314287
40.80565667,-73.87964,39.66886256000004,39.2397496187342,39.07155812229301
40.80565167,-73.87971667,39.66886256000004,39.03192767923079,38.88430761057145
40.805625,-73.87991167,39.27408125000002,38.77498543088609,38.74048492457145
40.80560333,-73.88002333,39.27408125000002,38.549964948846174,38.618218727611485
40.80558,-73.88015333,38.97500450000001,38.34619563312501,38.46710842971431
40.80555333,-73.88029167,38.78530439000002,38.10697695837501,38.28021029439493
40.80552667,-73.880435,38.78530439000002,38.07380847038464,38.25409166507989
40.80550167,-73.88058,38.78530439000002,37.863635297000016,38.04880246142859
40.80548,-73.88072667,38.78701340000004,37.61721854197369,37.92640479285716
40.80543833,-73.88102167,38.69814488000003,37.586302412692326,37.75108206857145
40.80539,-73.88131667,38.51357180000002,37.57672757461541,37.50144475309906
40.80536667,-73.88144833,38.51357180000002,37.68027605230772,37.42248394451925
40.80534333,-73.88156667,38.51357180000002,37.62769747171055,37.317779694038485
40.805325,-73.88168167,37.512091940000005,37.83208157552634,37.18366888883497
40.80530333,-73.881795,37.46253065000002,37.60849763230772,37.041555475192325
40.80526667,-73.88203833,37.46253065000002,37.47538151740261,36.79301636588427
40.80525,-73.88216833,37.66761185000004,37.93145670153847,36.74988996562703
40.80523333,-73.88230667,37.66761185000004,38.16120899461541,36.68053107742859
40.80521333,-73.88245167,38.40761318000003,38.06353250000002,36.492979697980786
40.80519167,-73.88260667,38.40761318000003,38.19907013923079,36.31223085232486
40.80515,-73.88291,39.944013170000034,38.508682733417736,36.212381644856244
40.80513,-73.88306167,39.944013170000034,38.66619288291141,36.04032065094938
40.80511,-73.88321167,42.08369369000002,38.780925051875016,35.96139251189875
40.80508833,-73.88336,42.08369369000002,38.89515695683546,35.866807461613945
40.805065,-73.883505,43.09884563000003,38.94556193531648,35.73267615342859
40.80504167,-73.88364167,41.62226099000003,39.09272899653848,35.71596625076925
40.80502167,-73.88377667,41.62226099000003,39.10107685307695,35.62679348942859
40.805,-73.88391167,41.62226099000003,39.23376614230772,35.56308967720259
40.80498,-73.88404667,42.40156955000003,39.039006924500015,35.29017819914288
40.80495667,-73.88418,42.40156955000003,38.99763792730771,35.22641624726116
40.80493833,-73.88431167,42.53487233000001,39.411134974026,35.257786855401946
40.80491833,-73.88444667,42.53487233000001,38.965101006153866,35.04158335237944
40.80490333,-73.88457,42.12470993000002,38.970980754936726,34.98049489278848
40.80489,-73.88468333,42.12470993000002,38.90912993272729,34.95070075825244
40.80485833,-73.88490333,42.12470993000002,38.53172725688314,34.70733176954985
40.80483333,-73.88501,41.03607056000001,38.29994555000002,34.63073905800002
40.80477333,-73.885225,39.93034109000001,37.733206352236856,34.319347022677434
40.80474833,-73.885325,39.15445055000004,37.61351511038463,34.171004517142876
40.80474167,-73.88540667,39.15445055000004,37.41260619537502,34.33202038628573
40.80473833,-73.88549667,39.15445055000004,37.31064238625002,34.268039423132926
40.80473833,-73.88558333,37.86414800000003,37.14053563769232,34.128507947229316
40.804745,-73.88566667,37.86414800000003,36.81971802026317,34.14404250747575
40.804775,-73.88579833,37.86414800000003,36.73826097615387,34.19035342694269
40.80480333,-73.88584167,37.51550996,36.70920336860762,34.25464292400002
40.80483667,-73.88587667,37.51550996,36.70920336860762,34.43371720214059
40.80487167,-73.8859,37.51550996,36.95458220346156,34.54253369230771
40.80497333,-73.88593333,37.51550996,37.137602419620265,34.729304467088625
40.805105,-73.88596667,38.380269020000014,37.67067930384617,35.16273999442309
40.80520667,-73.88599333,38.380269020000014,37.820168033797486,35.452110965714304
40.80525667,-73.88600667,38.380269020000014,38.17781706615387,35.69898022509617
40.80538167,-73.88602333,38.920316180000015,38.5076998169231,35.96593795401931
40.80541833,-73.886025,38.920316180000015,38.63010897556964,36.07732617408948
40.80546333,-73.886035,38.920316180000015,38.65728201269233,36.239080870159256
40.80551333,-73.88604667,38.920316180000015,38.70048124810128,36.325024444857156
40.80556667,-73.88606,38.920316180000015,38.87687703974686,36.434380529842294
40.80561833,-73.88607167,39.34073264,38.88854612230772,36.55199414642175
40.805675,-73.886085,39.34073264,38.88854612230772,36.626659371935496
40.805735,-73.88610167,39.34073264,38.98523577320002,36.830499186495196
40.80585167,-73.88614,39.34073264,39.6443149618182,37.3675340294175
40.80590333,-73.88615167,40.36272062000003,39.6443149618182,37.429312111575584
40.80595667,-73.88616333,40.36272062000003,39.71939733670888,37.450101984326935
40.80601,-73.88618167,40.36272062000003,39.745746647375015,37.553706877770715
40.80614,-73.88622,40.90105877000002,39.9453976844304,37.87018396207008
40.80621167,-73.88624333,40.90105877000002,40.1646752144156,38.156752563741954
40.806275,-73.88626333,40.90105877000002,40.36786956038463,38.28589003826925
40.80636333,-73.88628333,40.90105877000002,40.61962754825002,38.46844308514287
40.80638833,-73.886285,40.90105877000002,40.63453760555557,38.47927802655065
40.8065,-73.886335,41.64447812,40.74593324692309,38.779620430223666
40.80652167,-73.88639667,40.46013419000002,40.72190810444447,38.773784797278495
40.80653,-73.88647167,40.46013419000002,40.71766885076924,38.74194979028574
40.80652833,-73.88655333,40.46013419000002,40.57596955610392,38.68097261605771
40.80652,-73.886655,40.49089637,40.62733233500001,38.709345971019125
40.80651,-73.88676167,40.49089637,40.48503381670887,38.64994106313293
40.80649667,-73.88687167,40.49089637,40.44614167062502,38.62831884167723
40.80648333,-73.886985,40.571219840000026,40.29866519455698,38.475383889648576
40.80646833,-73.88710333,40.571219840000026,40.28505801367091,38.39589810514197
40.80645333,-73.88722833,40.571219840000026,40.12224155037502,38.303287854367106
40.80644167,-73.88735,40.571219840000026,40.05787596125002,38.23664686751594
40.80642667,-73.88747167,40.77971906000002,39.85387384769233,38.056924328000015
40.80640167,-73.88771667,39.58683008,39.822016148461564,38.00369166955274
40.80638833,-73.88784333,39.58683008,39.686817981519,37.83919645400002
40.80637,-73.88797333,40.39177379,39.72477786153848,37.68394056413463
40.80633167,-73.88822833,40.39177379,39.20471297230771,37.297665612070084
40.80632333,-73.88834333,40.39177379,39.51476682500002,37.349928942741954
40.80631833,-73.88845,40.39177379,39.5704502179221,37.081415942403865
40.80630833,-73.88862167,41.07366878000005,39.01545828101269,36.90739537314287
40.80630667,-73.88868,41.07366878000005,38.97502641038464,36.83343536066881
40.80631167,-73.88872,41.07366878000005,39.15276345038463,36.847374691538484
40.806315,-73.888865,41.79828902000003,39.65525621115387,36.81476608300972
40.80632,-73.889065,42.59468767999999,39.21759627846156,36.49641373342859
40.80640833,-73.88912667,45.05737109000003,39.50390036975002,36.60600296094938
40.80646833,-73.889155,45.05737109000003,39.89870304237502,36.76932906685716
40.80662,-73.88920333,45.05737109000003,40.8278376792208,37.1075346531833
40.80671,-73.88923167,47.08425695,41.46940713560002,37.513322866816736
40.80680667,-73.88925833,47.08425695,41.74903845909094,37.704476849580665
40.80690167,-73.889285,47.08425695,41.817854993461566,37.74799557355771
40.80700167,-73.88930833,48.08402780000003,42.299606018311714,37.96297383871385
40.80710333,-73.88933833,48.08402780000003,43.12732173168834,38.24077107875002
40.807305,-73.88939833,47.88920066,43.69265088936712,38.751026221273904
40.8074,-73.889415,47.88920066,43.97313242075002,38.88194754914287
40.807585,-73.88947167,49.99128296000001,44.85069185467535,39.42087418312905
40.80766833,-73.8895,49.99128296000001,44.8479954546154,39.451320730126604
40.807755,-73.88952333,48.71636150000003,45.07500894961541,39.741571682898105
40.807925,-73.889545,48.71636150000003,45.22397820237502,40.03629428457145
40.80801,-73.88955667,48.71636150000003,45.56008636922079,40.19559368375002
40.808095,-73.889575,46.985134370000026,45.69016490807695,40.38339254287542
40.80817667,-73.88960167,46.985134370000026,45.73712440924053,40.48070217977709
40.808265,-73.88963167,46.985134370000026,45.80826188115387,40.63042754200002
40.80835833,-73.88966167,45.28296041000005,45.82977787884618,40.71544494673079
40.80845167,-73.88969167,45.28296041000005,45.78508602378381,41.00574250151127
40.80864833,-73.88975333,43.67820002000002,45.80376456129872,41.32893023836541
40.808745,-73.88978333,43.67820002000002,45.76946580101268,41.47755385480772
40.80884,-73.88980167,42.31611905000005,45.73394185653847,41.59285725384618
40.808935,-73.88982667,42.31611905000005,45.59029367584418,41.84830936446604
40.80902667,-73.88984167,42.60665075000003,45.42524090075951,41.92966508171976
40.80911667,-73.88986167,42.30757400000002,45.29661112737502,42.05576358371431
40.80920667,-73.889885,42.30757400000002,45.24264043333336,42.11052568611989
40.80929167,-73.88991,42.30757400000002,45.12201060746838,42.23351147457144
40.80937333,-73.889935,42.406696580000016,44.92461606961541,42.529166441774215
40.80944833,-73.88995333,42.406696580000016,44.81215006538464,42.49884791351268
40.80951667,-73.88997333,42.406696580000016,44.76443812278483,42.52778512559107
40.80961833,-73.89005333,42.406696580000016,44.69136523587503,42.65453558257145
40.80964667,-73.89012333,43.19625919999999,44.72329208455699,42.681923876346175
40.80967167,-73.890195,43.19625919999999,44.707512328571454,42.66600301341937
40.80965667,-73.89039167,43.21847633000005,44.833885166923096,42.63397847721156
40.80964,-73.89050167,43.21847633000005,44.87448565737502,42.599803859142874
40.80962,-73.89062667,43.33127099000001,45.01120590961541,42.59093888387099
40.809595,-73.89076167,43.33127099000001,44.86814095775002,42.552337976783456
40.80957333,-73.89091833,43.300508810000025,44.872776099615415,42.52033485958601
40.80948167,-73.8916,43.25607455000002,44.7150142166234,42.33260467700967
40.809455,-73.89177,43.25607455000002,44.59284486556964,42.22131511114287
40.80942833,-73.89193667,43.25607455000002,44.448918556052654,42.25976568167205
40.80940167,-73.89210333,43.114226720000005,44.31404051974028,42.145091660192946
40.80936833,-73.89227333,42.61519580000001,44.30680088236844,42.07276487524274
40.80933833,-73.89244,43.17575108,44.20172675000001,41.77437383519232
40.809285,-73.892755,42.06147656000002,43.84741392038463,41.582644510571455
40.80925833,-73.89291,42.06147656000002,43.742565331688326,41.417218256463045
40.80923667,-73.89306,42.06147656000002,43.45570828062502,41.3350930557143
40.809215,-73.89320333,41.22064363999999,43.35117338493672,41.225248170127415
40.80919667,-73.893345,40.84978847000002,43.3068051626316,41.07500291038712
40.80918,-73.89347333,40.84978847000002,43.10462165113927,40.98916531101912
40.80916333,-73.89359833,40.84978847000002,42.93331267423079,40.89633450031849
40.80915333,-73.893705,40.86346055000001,42.85397517153848,40.8039156129747
40.80912333,-73.89388333,40.86346055000001,42.69283677329116,40.61154923104432
40.80911333,-73.89396667,40.86346055000001,42.53591071582281,40.56389395636944
40.80910167,-73.894055,40.86346055000001,42.53398537544306,40.45323865914558
40.80909167,-73.89413833,40.86346055000001,42.42526070112503,40.44291930514287
40.809065,-73.894335,40.67888747000004,42.211343590769246,40.26530705000002
40.80903667,-73.89455,40.92156689000001,42.00490394692309,40.072145516571446
40.809015,-73.89473333,41.335147310000025,41.88538279884617,39.98317202935693
40.80901833,-73.89483833,41.335147310000025,41.70243302873419,39.83821731285716
40.81172833,-73.89552833,43.20480425,43.188941131538485,42.147310491730785
40.811815,-73.895435,42.635703920000026,43.24722663746838,42.14640079342859
40.81185667,-73.89539,42.635703920000026,43.26161260772154,42.174721530571446
40.81191167,-73.89533667,42.635703920000026,43.27152137115387,42.20212699445862
40.81197667,-73.89528167,42.635703920000026,43.29772619115386,42.19584611057327
40.81204833,-73.895225,42.75875264000001,43.3012190479221,42.24077880980584
40.81212167,-73.89516333,42.75875264000001,43.28704181120003,42.25499584025726
40.81219333,-73.89509667,42.75875264000001,43.28046080807695,42.27764159655951
40.81226333,-73.89503333,42.75875264000001,43.277928515375024,42.253637428069645
40.81233167,-73.89497667,42.89547344000002,43.253089190759525,42.27484156006371
40.81239167,-73.89492333,42.76217066000004,43.21548556250002,42.285345984586
40.81246833,-73.89485,42.76217066000004,43.1758606319231,42.278995858338675
40.81249167,-73.89483333,42.76217066000004,43.1758606319231,42.28061874932695
40.81251667,-73.89482667,42.76217066000004,43.17244403467535,42.29153687067744
40.812545,-73.89484,42.76217066000004,43.12632295961041,42.26192919125002
40.81257333,-73.894875,42.76217066000004,43.098088473670906,42.26192919125002
40.81259667,-73.894935,43.47824585000001,43.09997054797471,42.23166907800635
40.81265833,-73.89509167,43.21505831000002,43.0251829169231,42.22126624739552
40.81269333,-73.89518,43.21505831000002,43.01466593230772,42.20885128451925
40.81273,-73.89526833,43.21505831000002,42.960740315569645,42.218602068566895
40.81276167,-73.89535167,43.21505831000002,42.97996262187503,42.15347105398736
40.81279167,-73.89542667,43.21505831000002,42.98529381367091,42.14102961914288
40.81282333,-73.89549,42.622031840000034,42.95790638759495,42.13836030828573
40.81285,-73.89555,42.622031840000034,42.95680060653848,42.13213945257236
40.812905,-73.89567833,41.866649420000016,42.96942098807694,42.10139925340839
40.812915,-73.89570167,41.866649420000016,42.96519228384617,42.08987580012864
40.81294833,-73.89582167,41.81196110000002,42.985922794250015,42.077070593738036
40.81292833,-73.895865,41.81196110000002,42.97189686153848,42.06421535807694
40.81288167,-73.89591833,41.81196110000002,43.02393402500002,42.04651589738022
40.812815,-73.89597667,42.557089460000014,43.02009970769232,42.019996211853055
40.81274333,-73.89603667,41.58295376000001,43.02684810615387,41.997536580096174
40.81267333,-73.89609333,41.58295376000001,43.04731240538463,42.01309465070289
40.81261167,-73.896145,41.58295376000001,43.0187850846154,41.9841822006731
40.812565,-73.89618833,41.82050615,43.04560339538464,41.97306815807694
40.81253333,-73.89621667,41.82050615,43.08989581447371,41.983066078612914
40.81251667,-73.896235,41.82050615,43.10338107961541,41.983066078612914
40.81245333,-73.896295,41.82050615,43.08722868860762,41.93725052200002
40.81240167,-73.89628833,41.82050615,43.064344990625024,41.94924071914288
40.81234667,-73.89625167,41.82050615,43.04185671961541,41.975611092715674
40.81224667,-73.89611667,42.17085320000004,43.08807237708863,42.004742853428596
40.812195,-73.89603,42.17085320000004,43.099677648026336,42.02794137345163
40.81213833,-73.89593333,43.08175553000001,43.13545788269232,42.06600653201925
40.812085,-73.89583833,43.08175553000001,43.17490767246756,42.08985715187099
40.81203333,-73.89576,43.53635219000003,43.17036112538464,42.07829825778848
40.81198333,-73.89570833,43.04244830000002,43.16560657192309,42.0762461192652
40.81192333,-73.89567333,43.04244830000002,43.21821340538464,42.08939581542859
40.811785,-73.89565,43.04244830000002,43.18703492807694,42.08777238159746
40.81170833,-73.89564,43.20480425,43.1777264292208,42.074703528070756
40.81162667,-73.89562167,43.20480425,43.11794497148651,42.05927456634617
40.811535,-73.89559667,43.20480425,43.09806880727274,42.05940133357145
40.81143833,-73.89556833,43.662818930000014,43.08048472769232,42.02679080077172
40.81123333,-73.89550833,44.37889412000001,43.11245112519483,42.059860968553075
40.81112833,-73.89547833,43.421848520000026,43.05533160615387,41.996501208746004
40.81102333,-73.89545333,43.421848520000026,42.94393144506331,41.95082088385352
40.81092,-73.89542833,43.19455019000003,42.93261736620255,41.91392477305734
40.810815,-73.89540333,43.19455019000003,42.86672313253166,41.88907814171431
40.81059333,-73.89535,43.56711437000004,42.79972615475002,41.74305642929938
40.81048333,-73.89532167,43.56711437000004,42.73130031481016,41.67130522283441
40.81037333,-73.89529833,43.43893861999999,42.68492340800002,41.62694856028573
40.81026667,-73.89527333,43.43893861999999,42.65727739688314,41.53107152416131
40.81016,-73.89524833,43.040739290000005,42.6133353587342,41.3652999068153
40.81005667,-73.89522,43.040739290000005,42.5517871469231,41.26831203917723
40.80995333,-73.89519333,43.040739290000005,42.54668202730772,41.19734742355771
40.809855,-73.89516833,42.656212040000014,42.48069209405407,41.11794316487099
40.80975833,-73.89514667,42.656212040000014,42.287154659740274,40.93495690038837
40.80966333,-73.89512,42.656212040000014,42.3309452666234,40.76482862125808
40.80957,-73.895095,42.41182361,42.23769928734179,40.65129214559107
40.809475,-73.89506833,42.41182361,42.20039465857144,40.62766662688105
40.809385,-73.89504667,42.41182361,42.1376273822078,40.45037236912623
40.80930167,-73.89502833,41.447941970000045,41.94850661692309,40.25782807054664
40.80922667,-73.89501167,41.447941970000045,41.83768278215192,40.094004568285726
40.80916333,-73.895,41.447941970000045,41.80061754612502,40.018850391337594
40.80906833,-73.89498,41.335147310000025,41.7308991688889,39.8814774654747
40.80904,-73.89497,41.335147310000025,41.65297990392406,39.803128699140146
40.808955,-73.89504667,41.335147310000025,41.55478838740261,39.659803147767015
40.80895167,-73.89509167,41.335147310000025,41.513932542800006,39.665911632765294
40.80894833,-73.89515167,41.335147310000025,41.516718075135145,39.59353891213594
40.808945,-73.895225,42.09223874,41.301477593506505,39.51189911728157
40.80894167,-73.89530833,42.09223874,41.301477593506505,39.576021003890695
40.80893667,-73.89539833,42.09223874,41.1867782576316,39.511898260903244
40.80893333,-73.89549833,42.23408657000002,41.22823430779222,39.38835742191561
40.80892,-73.89571667,42.23408657000002,40.85351721909093,39.3892430824272
40.80891,-73.89583,41.94526388000003,40.71795971112501,39.312983137884636
40.80888333,-73.896065,40.713067670000015,40.46774498120001,39.07486343800645
40.80887,-73.89618167,40.713067670000015,40.42152809230771,39.183219795015994
40.808855,-73.89629167,40.713067670000015,40.31540916594939,39.049235213714304
40.80884,-73.89639833,40.713067670000015,40.19469681405066,39.06377505127391
40.80882667,-73.89648333,40.713067670000015,40.10439026631581,38.898126614677444
40.808805,-73.896565,40.090988030000005,40.02979232576925,38.918476127699705
40.80877167,-73.89664333,40.090988030000005,39.91890549222224,38.95902850145571
40.80872333,-73.89669333,40.090988030000005,39.84078031278483,38.86709739089174
40.80867833,-73.89673333,40.090988030000005,39.80833075582281,38.84863028601913
40.808625,-73.89674667,40.090988030000005,39.78552953379749,38.76031147942676
40.80849667,-73.89673333,40.00382852000001,39.63286653687502,38.58415610403848
40.808335,-73.89668667,40.00382852000001,39.09902670670888,38.21211990830673
40.80825,-73.89666167,40.06022585000002,39.04121768230771,37.940264676153866
40.80817167,-73.89664,40.06022585000002,38.91702475333335,37.77012000044306
40.80810667,-73.89662167,40.06022585000002,38.74899888269233,37.60926603089174
40.80805833,-73.89661,40.06022585000002,38.74899888269233,37.569456426784576
40.80798667,-73.89665833,40.311450320000006,38.33719320384618,37.39840443182694
40.80798,-73.89671,40.311450320000006,38.35615061637502,37.36846978751595
40.80797667,-73.89678,40.311450320000006,38.31964298576924,37.35293014607031
40.80795167,-73.89696,40.11833218999999,38.012476751038974,37.23634042003228
40.80794,-73.897055,40.11833218999999,38.1928256796154,37.415207999297145
40.80792833,-73.89715,40.11833218999999,38.33901176576925,37.45824998685716
40.80791667,-73.89724167,40.11833218999999,38.19164251884617,37.444008236857165
40.807905,-73.89732167,40.11833218999999,38.15312406269233,37.41486460826924
40.807895,-73.89742833,39.96110327000002,38.21802262192309,37.391433635916414
40.80789167,-73.89746,39.96110327000002,38.21802262192309,37.36551566699682
40.80789333,-73.89749333,39.96110327000002,38.3116018746154,37.492598375142876
40.80790333,-73.897525,39.96110327000002,38.26968092987343,37.58974609914288
40.80792,-73.89755333,39.96110327000002,38.39723094425001,37.71798152885716
40.80794667,-73.89757167,39.96110327000002,38.53061863392406,37.71798152885716
40.80798833,-73.89758333,39.96110327000002,38.53061863392406,37.881139818274775
40.80804333,-73.89759667,39.21255689000003,38.795190688354445,38.06818297913463
40.80812167,-73.89762333,39.21255689000003,38.78911679692308,38.17327806914288
40.80826667,-73.89766333,38.46571952000002,38.95762956500001,38.47970828555912
40.80838167,-73.89769,37.41980540000003,39.05718841126584,38.63313718751594
40.80843,-73.89769667,37.41980540000003,39.09842569653848,38.75468417249203
40.80847,-73.89770333,37.41980540000003,39.17407087259743,38.937754718932055
40.80848333,-73.89770667,37.41980540000003,39.23468407210528,38.949760768419374
40.80854833,-73.897745,37.41980540000003,39.419062265000015,39.08496912736336
40.80858833,-73.897755,36.60802565,39.43260288269232,39.208574677596175
40.80865,-73.89777,36.60802565,39.43044484848103,39.28631186469651
40.80880333,-73.89780333,36.60802565,39.49038056692309,39.4943402172669
40.80889333,-73.89782833,36.47301386000004,39.50347596560002,39.62225917192309
40.80899167,-73.89785333,36.47301386000004,39.73635735753248,40.01922609562703
40.80909167,-73.89787667,36.49694000000005,39.74611857615386,40.05637509990387
40.80919667,-73.89790167,36.49694000000005,39.8514021344304,40.219567827092675
40.80930167,-73.89793,35.235690620000014,39.84598610923079,40.392748802115406
40.80940667,-73.89795333,35.681742230000026,39.96430218615386,40.6646658690997
40.80951667,-73.89798167,35.681742230000026,40.07708386222224,40.72070413240508
40.80962,-73.898005,35.681742230000026,40.02959513230772,40.807211115096166
40.809725,-73.89803167,36.77550862999999,40.16105744000002,40.96782914170888
40.80983,-73.89805333,36.77550862999999,40.20457146384618,41.15956031483872
40.80993167,-73.89808,38.66054666000002,40.27571254126584,41.210763934571446
40.810025,-73.898105,38.66054666000002,40.316598983037984,41.28064404203823
40.81018833,-73.89815,40.0687709,40.392163184683554,41.3608421397143
40.81025167,-73.89817667,39.78849326,40.43947070545456,41.45309098083603
40.81029667,-73.89821,39.78849326,40.50392479688313,41.50546757844662
40.81037,-73.89830333,39.78849326,40.5044574753247,41.5437460839806
40.81040833,-73.89835,39.78849326,40.51791187423079,41.53647196405752
40.81044833,-73.898395,41.10101294000003,40.55558239850002,41.53173228885716
40.81048667,-73.89845333,41.10101294000003,40.55143476269233,41.562116984230784
40.81051167,-73.89852333,41.10101294000003,40.57831223150002,41.569443927784825
40.81052833,-73.89859,41.10101294000003,40.588007077468376,41.57083183971156
40.81052167,-73.89866833,41.10101294000003,40.556228144683566,41.57231692488961
40.81048833,-73.89888667,40.63787123,40.49944142,41.565436407500016
40.81047833,-73.89892833,40.63787123,40.53104728848102,41.57599253773887
40.81045833,-73.898975,40.63787123,40.501216161153856,41.56909057664539
40.810425,-73.89902167,38.393941100000006,40.59788883555558,41.585322577658246
40.81037667,-73.89906333,38.393941100000006,40.50783309730771,41.57301980028573
40.81031333,-73.89910833,38.393941100000006,40.44065585807693,41.54313382700001
40.81024333,-73.89914833,38.393941100000006,40.31895610716217,41.5425564883654
40.81016333,-73.89919,36.609734660000015,40.36256321118423,41.51463746348389
40.81007833,-73.89923667,36.609734660000015,40.46578041291141,41.50440482115018
40.80998833,-73.89928167,37.54456313,40.42704348387502,41.47711449942859
40.80989,-73.89932167,36.37901831000005,40.43311868576925,41.52695501699682
40.80979,-73.89934667,36.37901831000005,40.442978358846176,41.41659368721155
40.80968333,-73.899355,36.37901831000005,40.4882801077778,41.32700247120255
40.809575,-73.89934667,36.30382187000004,40.3879447422785,41.304940286114665
40.809465,-73.89933167,36.30382187000004,40.43002100113926,41.25550201857144
40.80935333,-73.89930833,37.412969360000034,40.39261719753248,41.10298572003217
40.80923667,-73.89928,37.412969360000034,40.38197402379748,40.93261558522295
40.80911833,-73.89925167,37.412969360000034,40.37952949050634,40.78561895439492
40.80899667,-73.89922,37.66077581000002,40.33881667493508,40.789038934469474
40.80887333,-73.89919,37.66077581000002,40.28428605578949,40.405225352580665
40.80863,-73.89913333,40.35588458000001,40.22981222692309,40.131796786357846
40.80851167,-73.899105,41.26849591999999,40.13292450615386,39.86865080669905
40.808395,-73.89907667,41.26849591999999,40.14767019500002,39.577556509711556
40.80828167,-73.89905,42.00337022000002,40.13455696848103,39.356511047611484
40.80817,-73.89902167,42.00337022000002,40.17054244550002,39.14349118428573
40.80806167,-73.89899333,42.00337022000002,40.1184403551899,38.94244594846647
40.80795333,-73.89897,39.54239582,40.05970665708863,38.57457696708863
40.80773333,-73.89893,40.88055065,39.82334408417724,38.10370330617836
40.807625,-73.89891,40.88055065,39.88279555538463,37.85100724682694
40.80751667,-73.89888667,40.88055065,39.77953191269233,37.600927699424936
40.80741333,-73.89886167,41.36761850000002,39.38596732240508,37.26292913285716
40.80731333,-73.898835,41.36761850000002,39.08347255240509,36.99552060942859
40.80712,-73.898795,41.63251505000002,39.349211105194826,36.468839931730784
40.807015,-73.89877833,41.63251505000002,38.56109542423079,36.07475408270099
40.806905,-73.89875833,39.78165722000003,38.29580120075002,35.87309692292995
40.80679333,-73.89873667,39.78165722000003,38.14411082236844,35.71262569458066
40.80657833,-73.89869,38.393941100000006,36.99697879769232,34.928321599614165
40.80647333,-73.89866667,38.393941100000006,36.8192722658228,34.74215989990508
40.80637167,-73.89864333,37.32580985000001,36.35752422269233,34.56363604426753
40.80628167,-73.898625,37.32580985000001,35.838423390384634,34.22001663514472
40.80620833,-73.89861667,37.32580985000001,35.628518775714305,34.00214258858523
40.80615167,-73.89862,37.32580985000001,35.290400573038,33.874562751730785
40.80611,-73.89863833,35.97398294000001,35.089701727307705,33.6976523751911
40.80607833,-73.89867167,35.97398294000001,35.11906164269233,33.68926589402558
40.80606,-73.89873,37.814586710000015,35.304433298552645,33.64141583329034
40.80604667,-73.89881,37.814586710000015,35.48791020974684,33.79138185457145
40.806035,-73.89890667,37.814586710000015,35.82814742000002,33.83705642974524
40.80600667,-73.89908,41.66669525,36.26421177746837,33.86777731428574
40.80598833,-73.89914167,41.66669525,36.09218585949369,33.79459787238855
40.80597167,-73.89918,41.66669525,36.25343936740261,33.84782013780647
40.80595833,-73.89920167,41.66669525,36.23717048000001,33.84782013780647
40.80589333,-73.89929667,41.66669525,36.600064692025335,33.83976040114287
40.80585333,-73.89932167,37.86927503000001,36.36823840076924,33.702436514649705
40.8058,-73.89933333,37.86927503000001,36.27532357337664,33.637420071832814
40.80573833,-73.89933333,37.86927503000001,35.83390985115386,33.49439566826925
40.80567,-73.899325,37.86927503000001,35.549973176923096,33.33915610685716
40.80560167,-73.89932167,37.86927503000001,35.186236143125015,33.10671989600002
40.80554,-73.89933,35.52793133000003,34.93403953848104,33.00608778150162
40.80549167,-73.89935,35.52793133000003,34.63310635333335,32.863536065664576
40.80545167,-73.8994,35.52793133000003,34.57616229837502,32.82646003550958
40.80539667,-73.89956167,37.43005946000005,34.73538335075952,32.853220775819956
40.80537667,-73.89964167,37.43005946000005,35.15157961432435,32.953335152980785
40.80536167,-73.89970833,37.43005946000005,35.21096546233768,33.05273709038463
40.80535,-73.89975667,37.43005946000005,35.21096546233768,33.094295594791014
40.80532167,-73.8999,36.380727320000005,35.376841353815806,33.100089672258086
40.80531,-73.89995667,36.380727320000005,35.20093335168833,33.03574414286176
40.80527333,-73.90011167,41.676949310000026,34.83065525000001,33.11489137394233
40.80525,-73.90020167,41.676949310000026,35.46989072115386,33.325707617115405
40.80521833,-73.90031167,41.676949310000026,35.37234733212502,33.358909176528684
40.80519,-73.90043,41.676949310000026,35.53005663730771,33.31621196942859
40.80516167,-73.90056,41.676949310000026,35.76792516285716,33.48497747887462
40.80513833,-73.90069833,44.18919401000002,35.74750666544305,33.70669634000002
40.80511833,-73.90083833,44.18919401000002,35.75930499153848,33.75941720546327
40.80508333,-73.90113,47.28250211,36.16251486594938,34.0789802350799
40.80506667,-73.90127333,47.28250211,36.18551078531648,34.147881340571445
40.80504833,-73.90141833,42.01533329,36.25690177727275,34.260935951634636
40.80503333,-73.901555,42.01533329,36.584770134177234,34.48675360914287
40.80502,-73.90168,42.475056980000005,36.67854935379749,34.48379720124603
40.80501,-73.90178833,42.475056980000005,36.69393626807695,34.69724396142859
40.805005,-73.90188333,42.475056980000005,37.02621589960528,34.83524026388352
40.80501,-73.90196667,43.06979246,37.33225150307695,35.00881271738021
40.80502667,-73.90204,43.06979246,37.37575092000002,35.00481743047471
40.80504167,-73.9021,43.06979246,37.67238831384618,35.122764917699705
40.80505167,-73.90215,43.06979246,37.69861199341774,35.19340622926754
40.805125,-73.90221667,42.661339070000025,37.91727684837502,35.379827980857165
40.80523333,-73.90223,42.661339070000025,38.539645157692334,35.63361059259618
40.80530333,-73.90224167,42.661339070000025,39.02805039480521,35.748669266774215
40.805385,-73.902255,45.12402248000001,39.35216986076925,36.056577739419374
40.80557667,-73.90227833,45.12402248000001,40.091853351519006,36.41834717303799
40.80568,-73.902295,46.146010460000014,40.30717779500001,36.645530451446966
40.80580333,-73.90231167,46.146010460000014,41.37595569743245,37.09006079847404
40.80592,-73.90232833,45.99390857,41.56641853337665,37.317132061359246
40.80602833,-73.90234667,45.99390857,41.53317336615387,37.52144187858066
40.80623667,-73.902385,44.734368200000006,42.77563765880002,38.130107203653864
40.80633667,-73.90240333,44.734368200000006,42.80607907076926,38.30416329903848
40.80641833,-73.90241833,43.59958556000004,42.79340876683547,38.34921929228574
40.806495,-73.902425,43.59958556000004,42.97609977253168,38.52890948657145
40.80655833,-73.902425,43.59958556000004,43.0774391842308,38.569098296879005
40.806615,-73.90242667,43.59958556000004,43.23656520207795,38.78235346276529
40.806665,-73.90243667,43.59958556000004,43.355685418571454,39.01045124786409
40.80670667,-73.90244833,42.85274819000003,43.49420400831171,39.137018648000016
40.80673333,-73.90245833,42.85274819000003,43.48378917730771,39.147422794134634
40.80674833,-73.90246667,42.85274819000003,43.48378917730771,39.147422794134634
40.80691167,-73.90252167,41.70771149000004,43.36163878307696,39.43154495412142
40.80697333,-73.90253833,41.63935109000002,43.30109290202534,39.61837851380194
40.807055,-73.90255333,41.63935109000002,43.37579178215193,39.68472498509495
40.807145,-73.902575,41.63935109000002,43.45692595025002,40.027454354728455
40.80724333,-73.902595,41.85468635000001,43.39617064475002,40.082166283142875
40.80753167,-73.90265167,42.16914419,43.01527942307696,40.602386067092674
40.80762167,-73.90267167,42.16914419,42.981186864615424,40.82658537269232
40.807715,-73.90268667,42.16914419,42.78346755384619,40.98706808914288
40.80780667,-73.90270167,42.50069213000003,42.712368355769264,41.06541577601268
40.80790167,-73.90271333,42.50069213000003,42.5916640469231,41.14312119916935
40.807995,-73.90273,42.50069213000003,42.595464502727296,41.340126444903866
40.80817833,-73.90275833,42.58614263000004,42.41294103961541,41.607663196250016
40.80826,-73.90276833,42.58614263000004,42.39936919962502,41.629255372779575
40.80834167,-73.90278333,42.85958423000002,42.25751799657897,41.7380090847573
40.80841833,-73.902795,42.85958423000002,42.25751799657897,41.82533548148389
40.808655,-73.90283,42.87154730000003,42.12224376367091,41.991303075673095
40.80873333,-73.90285,42.87154730000003,42.06011367860763,42.033683237115405
40.80881167,-73.90286833,42.87154730000003,42.06152094987015,41.997487281730784
40.80888833,-73.902885,42.68184719000004,42.03796671730771,42.06383267087381
40.80897,-73.90290333,42.68184719000004,42.01802826730771,42.11578021536979
40.809035,-73.90291667,42.68184719000004,42.02175830227849,42.08245275280257
40.80908667,-73.90293,42.68184719000004,42.05109432425002,42.05205523417199
40.809125,-73.90293833,41.65644119000004,42.01857824569621,42.03899188530354
40.80918,-73.902945,41.65644119000004,41.95450118721521,42.039832740063915
40.809335,-73.90295167,41.65644119000004,41.95234093423079,41.94389995855771
40.80936833,-73.90296833,41.34198335000002,41.9719334307895,41.948130606451635
40.80941333,-73.903,41.34198335000002,41.9580057393671,41.93818213568692
40.80948333,-73.90306667,41.22577067000003,41.89318180025002,41.933458147428595
40.80958667,-73.90317333,41.22577067000003,41.83852647063292,41.858503318706646
40.80959,-73.90323167,41.22577067000003,41.82942367653848,41.92405237324761
40.80957167,-73.90329667,41.89057556000003,41.86143585784812,41.93367755661343
40.80953333,-73.90336333,41.89057556000003,41.861652188227865,41.936876167428586
40.80948667,-73.90344,41.89057556000003,41.85438727325002,41.97819623142859
40.80937333,-73.90361833,42.242631620000026,41.847063265921065,42.03125260717535
40.80923,-73.90381667,41.95551794000005,41.69931787126584,42.115528083280275
40.80914833,-73.90393167,41.95551794000005,41.69664565025003,42.13895528550635
40.809065,-73.904045,41.37958157000003,41.67326836538464,42.135745251714305
40.80898333,-73.90416167,41.79487100000003,41.62559023025976,42.1449003494231
40.80881667,-73.90441167,41.35907345000004,41.59209696350002,42.18115066342859
40.80872667,-73.90454167,41.35907345000004,41.533587167341786,42.14848367420384
40.80864,-73.90467333,41.28216800000004,41.52934709189876,42.16110370485716
40.80855167,-73.90480167,41.03607056000001,41.54572330164559,42.175502792285734
40.80846,-73.90493167,41.03607056000001,41.52908665259742,42.19481241761292
40.80826167,-73.90519833,40.65325232000004,41.58770831346156,42.12884232717044
40.80787,-73.905735,40.48918736000002,41.6574052469231,42.06750450581472
40.80777833,-73.90585833,40.48918736000002,41.67461294189875,42.067139007689896
40.80769,-73.90598167,40.38835577000003,41.712115477307705,42.003579037942146
40.80760333,-73.90610333,40.38835577000003,41.63339146538463,42.03930325076926
40.80752,-73.90622333,40.38835577000003,41.6776415672152,42.03383209472845
40.80743833,-73.906345,40.57805588000002,41.65574005769232,41.973813111153866
40.80736333,-73.90645833,40.57805588000002,41.65479707911394,41.959467652000015
40.80729667,-73.90656667,40.46013419000002,41.71163588333335,41.92648094359624
40.80718833,-73.90678333,40.23967190000002,41.624613653116896,41.95355148298079
40.80714,-73.906895,40.23967190000002,41.580037049600016,42.037397047307714
40.80709,-73.90700833,40.23967190000002,41.596034259615394,42.040382337211554
40.807035,-73.90713333,40.23967190000002,41.643922691750014,42.01576732428573
40.80698167,-73.90726167,40.23967190000002,41.64647196500001,42.033507954038484
40.80692833,-73.9074,40.21232774000004,41.64667847037502,42.063299143449385
40.80687333,-73.90753667,40.21232774000004,41.58591748620255,42.05421598885352
40.80682,-73.90767667,39.974775350000016,41.53065367192311,42.08676226386583
40.80676333,-73.90782,39.974775350000016,41.49325264538464,42.099052869615406
40.80670833,-73.90796833,39.83805455000001,41.44157590775002,42.09054068519232
40.80574,-73.91023667,39.94230415999999,41.47530749262502,41.75959681589173
40.80570833,-73.91030833,40.237962890000006,41.47493556384618,41.74683307674124
40.80568333,-73.91035833,40.237962890000006,41.50799528341774,41.72129648668791
40.80567167,-73.91038333,40.237962890000006,41.53104805884617,41.70674982842445
40.80566333,-73.910395,40.237962890000006,41.53104805884617,41.68373057403848
40.805645,-73.91046167,40.237962890000006,41.538519500000014,41.66663994223303
40.80562167,-73.91053167,40.237962890000006,41.53234077153848,41.64888356800002
40.805585,-73.91061833,40.80877222999999,41.5531556369231,41.63590585646499
40.80554,-73.91072,40.80877222999999,41.577235149615404,41.61154282185305
40.80549333,-73.91083167,40.97625521000003,41.58301865911394,41.58277903693292
40.80544167,-73.91094833,40.97625521000003,41.57009236423079,41.538327167684905
40.80534,-73.91116667,41.17279136000002,41.60437187233767,41.505240514276544
40.80525,-73.91135167,41.21893463000004,41.65030224618422,41.434541777954564
40.80521333,-73.91143333,41.21893463000004,41.64114774153848,41.39554876278848
40.80517833,-73.911515,41.21893463000004,41.64437262555557,41.37251297484179
40.805145,-73.91160167,41.21893463000004,41.66760383759495,41.34885748894906
40.80511333,-73.91168833,41.21893463000004,41.68938235775002,41.330058258000015
40.805085,-73.91176833,41.21893463000004,41.684672304556976,41.307535605303535
40.80505167,-73.91183,41.59320782000003,41.697150684615394,41.27461987250001
40.80502167,-73.91189333,41.374454540000045,41.6919193722785,41.26260146831212
40.804995,-73.91196333,41.374454540000045,41.73468788835444,41.24711696687899
40.80496667,-73.91203667,41.374454540000045,41.71091040615386,41.23518921400002
40.78972,-73.93983833,38.20082297000005,38.04843624500002,36.52437639228573
40.78974333,-73.93988333,38.11879049000001,38.07977864444447,36.55269915537976
40.78976333,-73.93991833,37.9666886,38.16633990746838,36.72092916414014
40.78977833,-73.939945,37.9666886,38.16633990746838,36.72092916414014
40.78979167,-73.93997667,37.9666886,38.15565318670888,36.74094744050957
40.78981667,-73.94005833,37.9666886,38.19018438275002,36.89066542484078
40.78983167,-73.94009833,37.9666886,38.22866468987344,36.915317546170904
40.78985167,-73.940135,38.229876140000016,38.22866468987344,37.047613696538484
40.78987333,-73.94018833,38.229876140000016,38.27986468250003,37.15762446135924
40.78988667,-73.94022167,38.229876140000016,38.290042056153865,37.164795911057716
40.78989667,-73.94026333,38.229876140000016,38.290042056153865,37.16957150267518
40.78989333,-73.94031333,38.229876140000016,38.31111820287502,37.263325189142876
40.789905,-73.94037,38.229876140000016,38.33079318050002,37.38857514719747
40.78992,-73.94042833,38.42470328000002,38.33652701721522,37.40257966428573
40.78993167,-73.94048833,38.42470328000002,38.337543770000025,37.45000876085716
40.78997,-73.94062167,38.42470328000002,38.337255235844175,37.68187019233011
40.789995,-73.94069667,38.42470328000002,38.3456287019231,37.78154951347268
40.79002833,-73.94077833,37.927381370000006,38.34287318276318,37.888389394271854
40.79005667,-73.94085833,37.927381370000006,38.37345434262502,37.97731940661344
40.79008667,-73.94093833,38.082901280000016,38.378998217692335,38.032433614089484
40.79011667,-73.941015,38.082901280000016,38.37986951116885,38.169115614051464
40.79017667,-73.94115333,38.082901280000016,38.37376163576925,38.35821023277957
40.79019833,-73.94121833,38.73403409000002,38.39189028800002,38.37027620993633
40.79022333,-73.94130167,38.73403409000002,38.38620673423079,38.47669746003187
40.79024333,-73.94138833,38.73403409000002,38.36731083025319,38.555865702428136
40.79026167,-73.94147,39.00405767000001,38.39283024350002,38.59250193700639
40.79028667,-73.941555,39.00405767000001,38.42314570126585,38.653365531442326
40.79031833,-73.941635,38.59731329000002,38.43824718425002,38.670024883714305
40.79039167,-73.94177167,38.59731329000002,38.40348126974686,38.77872334514288
40.79046,-73.94187167,38.59731329000002,38.39172160649353,38.82790325019294
40.79048667,-73.94190667,38.59731329000002,38.37698592184213,38.84172946366885
40.79053833,-73.94213167,39.019438760000014,38.430290428076944,38.920190597795546
40.79056333,-73.94220667,38.75966924,38.43622814230771,38.93607584816457
40.79059333,-73.94228,39.17837669000002,38.430717264556975,38.952700563142876
40.79062167,-73.94235,39.17837669000002,38.43394946230772,38.988420772770716
40.79065,-73.94241667,39.17837669000002,38.45193646532469,38.99523697322583
40.79068667,-73.94248667,39.17837669000002,38.49600577316458,38.996824312388554
40.79072,-73.94255833,39.378330860000034,38.49908794025002,39.00347530035034
40.79079,-73.94272,39.378330860000034,38.49181884555557,39.00643189591774
40.79082833,-73.94281167,39.15103253000001,38.48982321948054,38.99792501675243
40.790905,-73.94299667,39.15103253000001,38.56186228769233,38.99587530379423
40.79102,-73.94326,39.15103253000001,38.6613573442308,38.97585352740387
40.79109833,-73.94343,38.631493490000025,38.79701110850002,38.97167871228573
40.791145,-73.94350667,38.631493490000025,38.81313057846155,38.95266724789139
40.79118667,-73.94360167,38.631493490000025,38.8054880144304,38.945847918566905
40.79122667,-73.94369333,39.04336490000003,38.81360986812503,38.92493864514288
40.791265,-73.94378,39.04336490000003,38.86592019065792,38.93189334451615
40.79130167,-73.94386,39.04336490000003,38.92814733974685,38.9035338117042
40.79133667,-73.94393333,39.22110194000001,38.96047791500002,38.88942841779555
40.79137167,-73.944005,38.945951330000014,39.01790503307694,38.878467345384635
40.79140667,-73.94406333,38.945951330000014,39.05392570538463,38.87268300384617
40.79143667,-73.94411,38.945951330000014,39.05392570538463,38.868684358653866
40.791465,-73.94414667,38.945951330000014,39.09180127202534,38.85924500795529
40.79148,-73.94418167,38.945951330000014,39.116085466538486,38.853100597596175
40.79148667,-73.94420167,38.945951330000014,39.13134562259743,38.85928247125808
40.79153,-73.944255,38.945951330000014,39.164993144155865,38.85372543229035
40.791545,-73.94431667,38.945951330000014,39.18830625443041,38.83017268428574
40.791565,-73.94438667,38.945951330000014,39.200358831125016,38.815260739335464
40.79159,-73.94446333,39.45865433000003,39.21828207350002,38.80184284753167
40.79161333,-73.94454167,39.45865433000003,39.22151296772154,38.78532623038341
40.79164167,-73.944615,39.145905500000026,39.23903572848104,38.78146861200002
40.79167333,-73.94469,39.47916245000002,39.28561706750002,38.77047084689323
40.79170833,-73.94476833,39.47916245000002,39.32616223423079,38.7359880218153
40.79174333,-73.94485167,39.47916245000002,39.34583830737502,38.724653524000026
40.791775,-73.94493167,39.47916245000002,39.38166234784812,38.71297432753167
40.79180833,-73.94501333,40.37297468000003,39.41302154350652,38.71626807929263
40.79184,-73.94509333,40.37297468000003,39.46667528360002,38.72229560144233
40.791935,-73.94532333,40.08586100000002,39.46408043675002,38.66127366742859
40.79200333,-73.94547,40.08586100000002,39.46202908392407,38.65083687070066
40.79203667,-73.94553833,40.22258180000003,39.48193147886079,38.64009296707008
40.792065,-73.94560833,40.22258180000003,39.50285360112501,38.627229155143795
40.79209,-73.945675,40.22258180000003,39.5230126179747,38.61224008620255
40.792115,-73.94574167,40.22258180000003,39.50593694000002,38.61066728927447
40.79213833,-73.945805,40.40544587,39.51111444708863,38.59645059485625
40.79216167,-73.94586833,40.40544587,39.50196367202534,38.58945402108282
40.79218667,-73.94593333,40.37297468000003,39.50081712101267,38.59811046399363
40.792215,-73.94600667,40.37297468000003,39.50388760766235,38.58611708346156
40.79224667,-73.946085,40.718194700000026,39.48166899800001,38.5643929371154
40.792285,-73.94616833,40.718194700000026,39.44354308368423,38.582582726387116
40.79232,-73.94625833,40.718194700000026,39.350345821250016,38.565849977692324
40.792355,-73.94634667,40.718194700000026,39.34864228884617,38.541915157539954
40.79239167,-73.94643667,40.718194700000026,39.299716400000015,38.51246726299038
40.79242333,-73.94652167,40.718194700000026,39.262950774615405,38.498289623762076
40.79245333,-73.946605,40.69426856000004,39.19905787430381,38.47704035057327
40.79248333,-73.94668667,40.69426856000004,39.15713304670888,38.485302379808935
40.79251333,-73.94676,40.69426856000004,39.142421748846175,38.46105260807695
40.79257,-73.94689667,40.484060330000034,39.07290009846157,38.40711471875002
40.7926,-73.94696667,40.484060330000034,39.02020562346157,38.380972406752434
40.79263167,-73.94703833,40.484060330000034,38.97701637253167,38.349697334745244
40.79266167,-73.94710833,40.04997179,38.9084612751899,38.335606892000015
40.792695,-73.94718,40.04997179,38.897363526708894,38.310925802747626
40.792725,-73.94725833,39.85001762000002,38.87914457545457,38.30489616606454
40.79275833,-73.94734,39.85001762000002,38.85730767973686,38.26372220663463
40.79279,-73.94743,39.51505166000001,38.7698108651316,38.21157159881031
40.79282,-73.94751833,39.51505166000001,38.71159785615387,38.167312222961804
40.792865,-73.94759833,39.51505166000001,38.66405013050002,38.15213251312103
40.79290167,-73.94767833,39.51505166000001,38.614044708888905,38.10182438757099
40.79295167,-73.947795,39.51505166000001,38.54570118800002,38.04666373675161
40.79297,-73.94784,39.51505166000001,38.51138076153847,38.01492678548389
40.79298667,-73.94788,39.37491284000004,38.51013214696204,37.976036284089474
40.793005,-73.94792,38.91860717,38.51013214696204,37.959874261714305
40.79300833,-73.94792667,38.91860717,38.51013214696204,37.959874261714305
40.79305833,-73.94801,38.91860717,38.43662362475002,37.88607122382167
40.79308,-73.94803,38.91860717,38.45369236212503,37.87139506772154
40.79313333,-73.948115,38.91860717,38.4115789596154,37.816087571346166
40.79314667,-73.94815,38.91860717,38.4115789596154,37.811245622926066
40.79315333,-73.94817167,38.91860717,38.4115789596154,37.811245622926066
40.79316833,-73.94820333,38.6502926,38.410742665844175,37.79312729640778
40.793185,-73.94825333,38.6502926,38.37731289459461,37.72552523725808
40.79320833,-73.94832,38.6502926,38.272555200540566,37.66947067581171
40.79323667,-73.94840333,38.6502926,38.24716343346155,37.635278040225096
40.79327167,-73.94849,38.80923053000004,38.22539810113926,37.58665360485716
40.79331,-73.94859167,38.80923053000004,38.149979922500016,37.54288124714288
40.79334833,-73.94869833,38.80923053000004,38.06795839769232,37.46501200105771
40.79338667,-73.94880833,38.80923053000004,38.00251291088609,37.36543616731015
40.79342833,-73.94891833,38.80923053000004,37.9490069196154,37.27702686710193
40.793475,-73.94902,38.51528081000001,37.805261001111134,37.21711465069622
40.793555,-73.94918667,38.79043142000003,37.75495125578949,37.106512794090925
40.79358,-73.94924,38.79043142000003,37.65651438246755,37.04704888768491
40.793595,-73.94927,38.63320250000004,37.54478223384617,37.00521386154343
40.79359833,-73.94928667,38.63320250000004,37.54478223384617,36.97487291590324
40.79366333,-73.94932167,38.63320250000004,37.55665766230771,36.94927263389069
40.79372333,-73.949325,38.63320250000004,37.56169705076924,36.946268568857164
40.79378,-73.94931167,38.63320250000004,37.50638081797469,36.96175274200002
40.79384167,-73.94928833,38.428121300000015,37.51453647329115,36.967774967714305
40.79390667,-73.94925167,38.428121300000015,37.523817046582295,36.978924500766794
40.79397167,-73.949205,38.63662052000004,37.55961129597404,36.99913534496776
40.79403833,-73.94916333,38.63662052000004,37.6287543594737,37.01681974295821
40.79409833,-73.949115,38.78530439000002,37.63556236376625,37.03965852514565
40.79417667,-73.949075,38.78530439000002,37.55512393538464,37.03606986389779
40.79419667,-73.94905167,38.78530439000002,37.55512393538464,37.048027907142874
40.79424167,-73.949015,38.78530439000002,37.49367261000002,37.04743530315459
40.79429667,-73.94897,38.328998720000016,37.48186382562502,37.06741402791141
40.79448167,-73.94882667,38.108536430000015,37.41147945384618,37.11564558167204
40.794535,-73.94876833,38.108536430000015,37.51126052972975,37.14521159648388
40.79459,-73.94872333,38.224749110000005,37.48363803324678,37.15885819682695
40.79464167,-73.94868667,38.224749110000005,37.47876624500002,37.16826220787783
40.79467833,-73.94865,38.224749110000005,37.482433044936734,37.17527590885717
40.79470833,-73.94861667,38.224749110000005,37.5456880479747,37.19392761652868
40.79473,-73.94858667,38.224749110000005,37.54490925860762,37.21819136086264
40.79475333,-73.94855333,38.224749110000005,37.5382529392308,37.24809084571887
40.79478333,-73.94852333,38.224749110000005,37.5417724681013,37.23540648662422
40.79493167,-73.94840667,38.34950684,37.49392823115387,37.25747683798079
40.795,-73.94836167,38.34950684,37.50012887000002,37.27479396572818
40.79507167,-73.94831167,38.34950684,37.57583579350651,37.28055992613638
40.795285,-73.94816167,38.48280962000001,37.6192620101266,37.34036909124205
40.79535667,-73.94811833,38.48280962000001,37.580473973038,37.3422760257143
40.79566167,-73.947945,37.61292353000002,37.67523666384616,37.3381364237143
40.79574167,-73.94789167,37.68299294000002,37.66627531653848,37.367317498626214
40.79582,-73.94783,37.68299294000002,37.75226333233768,37.411028806709695
40.79590167,-73.94776167,37.68299294000002,37.70720761415586,37.439738319223316
40.795975,-73.94771667,37.14978182000005,37.71925462653848,37.44385712220449
40.79604,-73.94767333,37.14978182000005,37.73656301888891,37.439659120601284
40.79609167,-73.94763667,37.14978182000005,37.736404910759504,37.46375525907645
40.79618333,-73.947655,37.14978182000005,37.70708998100002,37.44564671628574
40.79620833,-73.94769833,37.452276590000025,37.71265183506331,37.44361796655065
40.796235,-73.94775167,37.452276590000025,37.71265183506331,37.4105559976358
40.79627,-73.94781833,37.452276590000025,37.70643079142859,37.382130247073974
40.796315,-73.94789,37.452276590000025,37.62810223723687,37.3004978781731
40.79636,-73.94798333,37.04724122000002,37.57869950923079,37.240447273344074
40.79640167,-73.94808667,37.04724122000002,37.51676467620255,37.20013271588609
40.79643833,-73.94819333,37.11731063000002,37.54746195708863,37.179506581789155
40.796475,-73.948305,37.21472420000004,37.4704542418182,37.12744891835485
40.79649167,-73.94841167,37.21472420000004,37.38263984075952,37.076316091714304
40.79650667,-73.94851333,36.42174356000001,37.32081428230772,37.000407772884635
40.79652333,-73.94859833,36.42174356000001,37.299049782025335,36.97805088543133
40.79654,-73.94866167,36.42174356000001,37.29366315556964,36.98152545889242
40.79656333,-73.948705,36.42174356000001,37.30733117937503,36.9790664632588
40.79658667,-73.94874667,36.42174356000001,37.29280598155847,36.9636761439355
40.796605,-73.94878333,36.42174356000001,37.15235615151901,36.92326130865387
40.79665167,-73.94880167,36.42174356000001,37.14973799923079,36.90465081696488
40.79670333,-73.94882,36.42174356000001,37.12782428645571,36.9132646956731
40.79681333,-73.948835,36.683222090000015,37.089633545974046,36.91481230271847
40.79685667,-73.94882667,36.683222090000015,37.08457651538463,36.92870956180066
40.79689333,-73.948845,36.683222090000015,37.085293733797485,36.9376584137143
40.796905,-73.948865,36.683222090000015,37.085293733797485,36.93512689837582
40.79691,-73.94901,35.88169640000001,36.98580231050003,36.8705110807962
40.79694667,-73.94906833,35.88169640000001,36.98028696746837,36.8781848657143
40.79696667,-73.94913333,35.88169640000001,36.98255843645571,36.867937587500016
40.79697667,-73.94920833,35.88169640000001,36.90002534576926,36.859607308585225
40.79699333,-73.94936,35.27841587000003,36.72027255038464,36.75957430278848
40.79699167,-73.94944333,35.27841587000003,36.68800299139242,36.74943806343951
40.79700333,-73.94952,34.63411910000002,36.60266363112503,36.70967364605097
40.797025,-73.94959333,35.49033311000002,36.564694674936725,36.7177288524204
40.79707167,-73.94967,35.49033311000002,36.37864583346156,36.674342906634635
40.79711833,-73.949755,35.49033311000002,36.369110378607616,36.65979508942859
40.79717,-73.94984667,35.51767727000004,36.28967386316458,36.640421363217676
40.79721667,-73.94994833,35.51767727000004,36.24573772493508,36.59669656758066
40.797265,-73.950055,35.51767727000004,36.18059085560002,36.61367472485532
40.79731333,-73.95016833,36.71569328000004,35.938483124683565,36.55656911173079
40.79736167,-73.95028,36.71569328000004,35.97120579875002,36.52920436713378
40.79740667,-73.950395,36.41661653000003,35.84950292412502,36.52407864613926
40.79745333,-73.95051333,36.41661653000003,35.85802661150002,36.51536782348245
40.79750333,-73.95063333,36.06626948000002,35.68256428544306,36.4482739057143
40.79760333,-73.95087167,36.652459910000005,35.68232632202533,36.39792697192309
40.79765333,-73.95098833,36.652459910000005,35.55171890162164,36.347837146903245
40.79776667,-73.95125333,36.652459910000005,35.64115865075951,36.26848062828573
40.79778333,-73.9513,36.652459910000005,35.683166405000016,36.273477448000015
40.797795,-73.95132333,36.652459910000005,35.730048803797494,36.27722641914288
40.79784167,-73.9514,37.15832687,35.76013758615387,36.26587308384617
40.79786167,-73.95144667,37.15832687,35.679358610789485,36.258505540322595
40.797885,-73.95151333,37.15832687,35.6909795372152,36.17266616901901
40.797915,-73.95158833,37.15832687,35.67529558468356,36.15133231319491
40.79794667,-73.95166167,37.15832687,35.72319667769232,36.12881487792334
40.79797833,-73.95173833,36.46959584000004,35.7491742788889,36.11488973284812
40.798005,-73.951805,36.46959584000004,35.79094358692309,36.0863367407325
40.798025,-73.95186167,36.46959584000004,35.68931070285715,36.04081567189713
40.79804167,-73.95190167,36.46959584000004,35.62223760909093,36.02559726149352
40.79812,-73.95206667,36.43712465000005,35.84680596207793,35.94176452961416
40.79815167,-73.95213167,36.43712465000005,35.97159032600001,35.94287567144232
40.79819167,-73.95221333,36.43712465000005,35.96390416307694,35.96158713990386
40.79823333,-73.95230667,36.43712465000005,36.14345976500001,35.96604431290324
40.79827667,-73.95241,36.43712465000005,36.01751887423079,35.90562800009587
40.80039333,-73.95843833,39.02285678000001,36.49240455038463,36.056070372090055
40.80033,-73.95844167,39.02285678000001,36.30961952417723,35.987557362285735
40.800265,-73.95847,39.02285678000001,36.25120572462502,35.93262489800002
40.80019667,-73.95850833,37.91883632,36.09790752762503,35.8580097391083
40.80013,-73.95856833,37.91883632,36.08967642708862,35.84704027316458
40.80005667,-73.958625,37.91883632,36.04478478285716,35.78709442709679
40.79997667,-73.95868667,38.1034094,36.01962490040001,35.782853177403865
40.799895,-73.95875333,36.086777600000005,35.893024068846174,35.7605992591613
40.79973167,-73.95888333,36.086777600000005,35.71715551316458,35.68569907799365
40.79964333,-73.95895167,34.98446615000003,35.59399195111113,35.62239199031647
40.79955333,-73.95901667,34.98446615000003,35.5311113865823,35.59236815077172
40.79946833,-73.95909333,34.98446615000003,35.27757307054796,35.53678156035716
40.799385,-73.95916333,33.91975292000001,35.317367981038984,35.5101213576206
40.7993,-73.95923,35.49887816000003,35.330177510375016,35.471913780000015
40.79913167,-73.959355,34.91952377000004,35.11610264525002,35.432367384746854
40.79905167,-73.95941667,34.91952377000004,35.05027413246755,35.40610804160773
40.79897667,-73.95947333,35.504005190000015,34.85453700012989,35.352342916720275
40.798905,-73.95953167,35.504005190000015,34.92702565805196,35.30412820109679
40.798755,-73.95964667,34.423910870000014,34.90540307487502,35.29703051542859
40.79859,-73.95977167,35.80479095000001,34.80797800192309,35.261655482540206
40.79825667,-73.96003667,35.69712332,34.83744746923079,35.14067296112542
40.798175,-73.960105,35.69712332,34.89848980076926,35.12517647173635
40.798095,-73.960165,35.69712332,34.6779617796154,35.0783685808654
40.79802,-73.96022,35.30746904,34.68791018975001,35.0450380362739
40.79789,-73.96031667,36.15855602000002,34.71943980177218,35.019734891401285
40.79783667,-73.96036167,36.15855602000002,34.82747824423079,35.01598246457145
40.79778833,-73.96039667,34.38118562,34.82747824423079,35.0040895413505
40.79774667,-73.96043,34.38118562,34.883967484026,35.00529299212221
40.79770667,-73.96046,34.38118562,34.90605677120002,35.00075428737866
40.79767,-73.960485,34.38118562,34.90603398440002,34.99388213778848
40.797635,-73.96051,34.38118562,34.8855234657895,34.95258294736336
40.79759833,-73.96052833,34.38118562,34.78676181594939,34.929865191533565
40.79756333,-73.960555,34.98446615,34.78676181594939,34.90579726292995
40.79752,-73.96065,34.505943350000024,34.91220570153848,34.96833635085716
40.79751833,-73.96071,34.505943350000024,34.91220570153848,35.0127621636709
40.79753,-73.96077,34.505943350000024,35.07508694607597,35.073448966847145
40.79754833,-73.96083167,37.66077581000002,35.23742154038464,35.105014146102256
40.79757,-73.960895,37.66077581000002,35.353792205789496,35.182369508000015
40.79759167,-73.96096333,37.66077581000002,35.47144522025977,35.26477117798078
40.79761167,-73.961035,37.66077581000002,35.68069053153848,35.37589496115018
40.79763667,-73.96110333,37.66077581000002,35.70099563379749,35.39703099217254
40.79766167,-73.96117333,37.66077581000002,35.83191600615386,35.4597674934505
40.79767833,-73.96123333,37.66077581000002,35.88745306526318,35.51735751974195
40.79769167,-73.96128,37.66077581000002,35.9148778279221,35.562791815534
40.79770667,-73.96132667,37.66077581000002,36.21432979229731,35.67018290669905
40.79773167,-73.96140833,37.80945968000003,36.40203445766235,35.78337062530549
40.79777,-73.96146667,37.80945968000003,36.41153332076925,35.81772355451925
40.79778,-73.96149167,37.80945968000003,36.41153332076925,35.84657760085716
40.79781167,-73.96156333,37.10876558000001,36.53787078950001,35.89527051127391
40.79782833,-73.96159667,37.10876558000001,36.60629500696204,35.92596193608283
40.79788333,-73.96167167,36.881467250000014,36.70589351379748,36.05589023773887
40.79790333,-73.96171333,36.881467250000014,36.831380110769246,36.077123856803816
40.79792,-73.96174667,36.881467250000014,36.86435551696204,36.12778841457145
40.79800833,-73.961915,36.66442298000001,37.15079857278482,36.32628314428573
40.79804167,-73.962,36.66442298000001,37.26969374949368,36.41929902670888
40.79807833,-73.96208667,36.66442298000001,37.35913554500001,36.494979825591074
40.79812,-73.96218167,36.37218227,37.37228604402598,36.58122903689322
40.79820167,-73.96239333,36.37218227,37.72131420269231,36.865753094153376
40.798235,-73.96250833,36.33629306000003,37.84780559187501,36.94187210028483
40.798265,-73.96261167,36.33629306000003,37.887570201153856,37.06623082474524
40.798295,-73.96271333,36.895139330000006,37.99902486815791,37.2039668393204
40.79833833,-73.96280667,36.895139330000006,38.10464248316457,37.26405219657144
40.79838,-73.962905,36.56871842000001,38.150439624556974,37.35907567522295
40.79842,-73.962995,37.26086747,38.16746562666668,37.46264963170888
40.79845833,-73.96306333,37.26086747,38.17448668769233,37.499747880509574
40.79848167,-73.96311333,37.26086747,38.15338698730771,37.56781669187098
40.79856,-73.96324333,37.26086747,38.269138980129895,37.767644064354855
40.79859167,-73.96333333,37.26086747,38.27750355026317,37.80545367263667
40.79863167,-73.96343333,37.28137559000004,38.41946669807694,37.87755799539938
40.79868,-73.96354,38.10340940000003,38.45799568259741,37.99043889331192
40.79876,-73.96373833,38.10340940000003,38.57588657712502,38.132332359714304
40.79878667,-73.96382167,38.93569727000002,38.55843872075951,38.221260782626594
40.79883,-73.963965,38.93569727000002,38.55672971075951,38.310740435949384
40.79888,-73.96409667,38.54091596000001,38.63219462230771,38.39775898451925
40.79891167,-73.96416167,38.747706170000015,38.66489490063293,38.4406757417143
40.79897667,-73.96430833,39.37149482000004,38.70643033354431,38.54603206980833
40.79900833,-73.96438333,39.37149482000004,38.774273507272746,38.56949104681674
40.79904,-73.96446167,39.37149482000004,38.85623969840001,38.600041132884634
40.79911333,-73.96463667,39.37149482000004,38.80925216303799,38.691912980477724
40.79922167,-73.96491167,40.9061858,38.905865310632926,38.76071757840258
40.799245,-73.965005,40.9061858,38.94515090759495,38.77373195085716
40.799275,-73.96507667,40.9061858,38.99032150212501,38.78239093485716
40.79928333,-73.96514167,40.62761717000001,38.94936935000001,38.78073251611467
40.79929167,-73.96520667,40.62761717000001,38.96819009303798,38.78901631617836
40.79934833,-73.96536333,40.62761717000001,38.9776994773077,38.80140535237943
40.799385,-73.96545,40.631035190000034,38.99581936538463,38.80799011951615
40.79941833,-73.96554167,40.631035190000034,39.076515311923096,38.8147070061342
40.79945333,-73.96564,40.23967190000002,39.07816461612502,38.801111367476054
40.79949167,-73.965735,40.23967190000002,39.12797199246756,38.82180356819938
40.799525,-73.96583167,40.23967190000002,39.15572661080002,38.82155628379424
40.799575,-73.965905,40.23967190000002,39.21823167961541,38.831831091730784
40.79961667,-73.96596833,39.71500583,39.21856033538464,38.80772226085716
40.79964667,-73.96601167,39.71500583,39.23924698444446,38.80250265518989
40.79966667,-73.96604,39.71500583,39.28122015253167,38.816703366719764
40.79971167,-73.96606,39.332187590000046,39.29045745974686,38.78954446544305
40.79973667,-73.966115,39.332187590000046,39.30480016392407,38.795427825031865
40.79976833,-73.96617667,39.332187590000046,39.32420499898736,38.76965660735671
40.799795,-73.96625167,39.52359670999999,39.3555221496154,38.778211725495225
40.79982,-73.96632833,39.52359670999999,39.36827655441561,38.76075528829034
40.79983167,-73.96641,39.52359670999999,39.415691116582295,38.718008708690114
40.79983833,-73.966485,39.49796156000002,39.44690759037977,38.700711107714305
40.79984333,-73.96655333,39.49796156000002,39.45852453177217,38.668972350571444
40.79985167,-73.966605,39.49796156000002,39.45964029730771,38.658088940857155
40.79986833,-73.966685,39.49796156000002,39.44474123576926,38.66745963292607
40.79989333,-73.96673667,39.49796156000002,39.46626512120002,38.62954818601288
40.79990167,-73.966765,39.49796156000002,39.49062421040002,38.616095914373005
40.7999,-73.96679833,39.49796156000002,39.49733800229731,38.579516580096175
40.799895,-73.96683833,39.49796156000002,39.51849159038464,38.56012302722583
40.799895,-73.96689333,39.49796156000002,39.51849159038464,38.54527366073957
40.79990167,-73.966955,39.49796156000002,39.51336428303799,38.522673779776376
40.79990833,-73.96702667,39.37662185000002,39.52127420923079,38.50801888252398
40.79991333,-73.96711167,39.37662185000002,39.52539449974028,38.48789793456313
40.79992,-73.96720833,39.37662185000002,39.50796157797299,38.440696718859954
40.79992833,-73.96731,39.214265900000015,39.48138866039475,38.366591391266255
40.79994,-73.96741667,39.214265900000015,39.439438922692325,38.31797836196776
40.79996333,-73.96751333,39.18692174,39.4258763946154,38.2693317406431
40.799995,-73.967595,39.14932352,39.38240619153847,38.19771717298079
40.80007,-73.96773167,39.14932352,39.31717897653847,38.08898382677318
40.80015333,-73.96778833,39.14932352,39.26491668387502,38.04138431095543
40.80017167,-73.96779167,39.14932352,39.24018227949368,38.04138431095543
40.80023167,-73.96782167,39.07412708000001,39.21536304222224,38.00546041231014
40.80027333,-73.96784,39.07412708000001,39.18954934287503,37.983198179142875
40.80037667,-73.967845,39.07412708000001,39.18707914881581,37.94999543135486
40.80042833,-73.96784167,39.07412708000001,39.13251464949369,37.945944943365404
40.80047,-73.96784333,39.07412708000001,39.13251464949369,37.91522841000002
40.80052333,-73.96784167,38.90664410000002,39.13488238550002,37.90171366742859
40.80059167,-73.967835,38.90664410000002,39.14853474615386,37.89178154507989
40.80066167,-73.96783167,38.90664410000002,39.11362657362503,37.896058505331254
40.80073167,-73.967815,38.90664410000002,39.07316576187502,37.88046226371429
40.80087333,-73.96779667,38.53920695000002,39.08028389807694,37.87084665977494
40.80093833,-73.96779833,38.53920695000002,39.10346508500002,37.8223179457143
40.800995,-73.96780333,38.53920695000002,39.06210071333335,37.832028346867105
40.80103667,-73.96780833,40.026045650000015,39.04490084569623,37.82690582375002
40.80106833,-73.96780833,40.026045650000015,39.038237870000025,37.828965399903865
40.801095,-73.96780167,40.026045650000015,39.07607107887502,37.833933788285734
40.80126167,-73.96776333,40.026045650000015,38.96239777688314,37.7753956263107
40.80134333,-73.96775667,39.74405900000005,38.95230534153849,37.77576855360131
40.801435,-73.96775,39.74405900000005,38.94806622987502,37.74011727742859
40.80153,-73.967745,39.74405900000005,39.00265152253167,37.73721614968357
40.80180167,-73.9677,39.4877075,38.8128895642308,37.66338342848389
40.80188,-73.96769167,39.20230283000001,38.8128895642308,37.62381846875002
40.801945,-73.96767667,39.20230283000001,38.80688064125002,37.62019637766775
40.80207333,-73.96766,39.20230283000001,38.8753422326316,37.63684967000002
40.80214833,-73.96765167,39.01772975000003,38.8374984791892,37.59449689653848
40.80222833,-73.96764667,39.01772975000003,38.75951183118423,37.497315322990374
40.80251,-73.96760167,39.17324966000001,38.69238244884617,37.42227031826925
40.802615,-73.967565,39.17324966000001,38.73718577077924,37.4187822063107
40.80272167,-73.96752,40.11491417000002,38.6730574896154,37.351070645428585
40.80282667,-73.96746167,40.11491417000002,38.64161775177216,37.32549961570065
40.80293333,-73.96740667,40.52849459000001,38.68672263594938,37.30420774589174
40.80304167,-73.96734833,40.52849459000001,38.676037301923095,37.295860960932494
40.80314333,-73.96728,40.52849459000001,38.67461312692309,37.27259424601287
40.803245,-73.967215,40.75066589000002,38.92744455065792,37.30576078446604
40.80334,-73.96715,40.75066589000002,38.88284775822787,37.272923659134634
40.803535,-73.96702333,40.98309125,38.9338758251316,37.292798392322595
40.80372667,-73.9669,40.93523897,38.981342980126605,37.26699369753995
40.80381833,-73.96684,40.93523897,39.16277926962027,37.265028773714306
40.80402833,-73.966675,39.53555978000003,39.31908518000003,37.206748820000016
40.80408,-73.96664,39.53555978000003,39.22532038240509,37.2333328152548
40.804135,-73.96664,39.53555978000003,39.22592610746838,37.13893096285717
40.80417667,-73.96666333,39.53555978000003,39.156613853797495,37.09019361689875
40.80420667,-73.966715,39.53555978000003,39.09363115662502,37.03487828548079
40.80423333,-73.96679,39.66886256000001,38.92213335518989,36.9678405061981
40.804265,-73.96687667,39.64664543000001,38.82718595151901,36.91490724184715
40.805555,-73.96764167,35.49887816000003,35.78320922115386,34.720062583653856
40.80563167,-73.96761,34.89559763,35.850079715000014,34.73644607375002
40.80569833,-73.967585,34.89559763,35.98274432037976,34.70952985315114
40.80575667,-73.96757,34.89559763,35.946638780000015,34.688603441387116
40.80580667,-73.96752833,34.89559763,35.78605757115385,34.638097631318345
40.805845,-73.96749667,37.12243766,35.78605757115385,34.62472227504794
40.80587667,-73.96746667,36.35338316000002,35.75228161775002,34.61252932810128
40.80591667,-73.96744667,36.35338316000002,35.71975147772153,34.6112053035032
40.80596,-73.96743167,36.35338316000002,35.71346846692308,34.530745905384634
40.80602667,-73.96740833,36.35338316000002,35.700692771265835,34.49241822308919
40.806095,-73.96739333,36.35338316000002,35.688343281125015,34.39833558977709
40.80626,-73.96735833,36.06797849000003,35.35770955192309,34.21836407432694
40.80634833,-73.96734167,36.06797849000003,35.347079132531654,34.15810573240508
40.80643667,-73.967325,35.19467438000001,35.23776279462502,34.1368568697143
40.80652667,-73.9673,35.19467438000001,35.28618213063293,34.09708847828573
40.80661333,-73.96727333,35.19467438000001,35.20218964192309,33.97029469971156
40.80669667,-73.967185,36.44737871000001,35.42783877135137,34.048304762815555
40.80678167,-73.96715833,36.44737871000001,35.131178085384626,33.93863445813506
40.80686167,-73.96714167,36.44737871000001,35.10967817379748,33.90385858099043
40.80694,-73.96711333,36.44737871000001,35.037531992151905,33.84438882395572
40.80701667,-73.967085,35.90904056000002,35.119932233797485,33.8239181497143
40.807145,-73.96704333,35.90904056000002,34.92649297961041,33.67127820326925
40.80719333,-73.96703,35.90904056000002,34.90087609126584,33.62611787485716
40.807235,-73.96702167,35.326268150000004,34.832086545875015,33.62611787485716
40.80727167,-73.96701833,35.326268150000004,34.75485308493673,33.60745982600002
40.807315,-73.96700333,35.326268150000004,34.681668517468374,33.50700523417199
40.80736167,-73.96699333,35.326268150000004,34.693336296500014,33.51851955642407
40.80741833,-73.96695833,35.326268150000004,34.62875105576925,33.48615966633759
40.80754167,-73.96691333,34.59310285999999,34.54367303230771,33.393125870576945
40.80765833,-73.96686667,34.59310285999999,34.23037644269232,33.27983274932694
40.807705,-73.96684333,34.59310285999999,34.241375455769244,33.255318134076454
40.80773667,-73.966825,34.59310285999999,34.34102388500001,33.30711378571887
40.80776,-73.96681167,33.81550331,34.27730377164558,33.335698752500015
40.80777333,-73.96680333,33.81550331,34.27730377164558,33.331940841533566
40.80817333,-73.96633667,36.18077315000002,34.44757408538463,33.53174191884617
40.808235,-73.96625167,36.18077315000002,34.63390276962026,33.65785663200002
40.8083,-73.96616333,36.389272370000015,34.657019834000025,33.681185974857165
40.80836667,-73.96608333,36.389272370000015,34.74432888237502,33.763852020509574
40.80843667,-73.96601,36.389272370000015,34.71915330269232,33.771868779038485
40.80850167,-73.96594167,36.389272370000015,34.55963289792209,33.76901823800002
40.808565,-73.96589333,35.452734890000045,34.541328621153866,33.82839001970876
40.80861333,-73.96584,35.452734890000045,34.72560662233768,33.897497199451635
40.80863833,-73.965775,35.452734890000045,34.734777625696225,33.963861654285736
40.80864,-73.96570667,35.452734890000045,34.95140419111114,34.07110847018989
40.80857167,-73.96548333,36.50719406000002,35.28976544923079,34.45929066355771
40.80853833,-73.965405,37.24548638000002,35.48412670526318,34.60578261161292
40.80852,-73.96532333,38.10511841000002,35.901634850000015,34.79462316456594
40.80849167,-73.965235,38.10511841000002,35.95101118220781,34.906961722218675
40.80846,-73.96514333,38.10511841000002,36.19718402807694,35.08218098778848
40.80842833,-73.96505,38.03675801,36.25671454307695,35.20025605048079
40.8084,-73.96494667,38.03675801,36.76516579025976,35.4943781369156
40.80836,-73.96484,38.03675801,36.81408033670888,35.65253122149684
40.80827,-73.96462667,38.26063832,37.154609773250016,36.016860102000024
40.80822833,-73.96453167,38.46571951999999,37.29227864113927,36.14111535384617
40.80819333,-73.96446,38.46571951999999,37.47631228192311,36.25056868019232
40.80816,-73.964405,38.46571951999999,37.57089941230772,36.331241986000016
40.80814333,-73.96436167,38.46571951999999,37.66958378461541,36.42023529085716
40.80816333,-73.96432,38.46571951999999,37.656225570875016,36.46708386657145
40.80804167,-73.96412333,38.43666635000002,37.84989885168834,36.669605317767015
40.808025,-73.96407,38.43666635000002,37.91749682567569,36.787444046116526
40.80801667,-73.964005,38.95791440000002,38.140939259600025,36.90901955865387
40.80802333,-73.96393,38.95791440000002,38.12533419934213,36.95223128987099
40.80804333,-73.96386333,38.95791440000002,38.11245838884618,36.94938396471156
40.808075,-73.96380333,38.95791440000002,38.08242535316458,37.00503467910546
40.80812167,-73.96374333,38.95791440000002,38.10457065038464,36.96580553714288
40.80818,-73.96368833,38.95791440000002,38.12882544615387,36.97753531371431
40.80824333,-73.963635,38.95791440000002,38.08223903862502,37.03498876492014
40.808375,-73.96352833,38.57167814000002,38.07051650623379,37.086768258360145
40.808435,-73.96347667,38.212786040000026,38.0871518946154,37.1063312024116
40.80849167,-73.96343833,38.212786040000026,38.01851377337665,37.06409502601288
40.80854,-73.963405,38.212786040000026,38.04703370303799,37.02082480828573
40.80857667,-73.96338167,37.97523365000001,38.03962827038464,37.04749621514287
40.80862167,-73.963335,37.97523365000001,37.98012569112502,37.02274721275318
40.808645,-73.96331833,37.97523365000001,38.00369605111113,37.02843671880129
40.80867,-73.96330167,37.97523365000001,37.97705082518989,37.01052471853505
40.808695,-73.96328167,37.97523365000001,38.005568577500014,37.04621799108283
40.80871333,-73.96326167,37.97523365000001,38.00660155506331,37.04944394400002
40.80872667,-73.96324833,37.97523365000001,38.07783914911394,37.042990328037995
40.80880667,-73.96316,37.732554230000005,38.09814744815791,37.10686852359225
40.80887333,-73.96311333,37.86756602,38.10197383160001,37.15121518322582
40.80895,-73.963055,37.86756602,38.16133818051949,37.08781499786409
40.80902833,-73.96299,37.86756602,38.172709755500016,37.09280939457145
40.80920167,-73.96285667,37.91712731000001,38.12663927666669,37.02807550848582
40.80928667,-73.96279333,37.91712731000001,38.10767110848104,37.01617424840766
40.80937,-73.96272,38.15126168000003,38.10680463320002,37.098306881262154
40.80945667,-73.96264833,38.15126168000003,38.26026100610392,37.05925924209005
40.80955833,-73.96258167,38.15126168000003,38.284953854683565,37.04051368857145
40.80965167,-73.962515,38.13588059000003,38.33023180316457,37.067945277452246
40.80973833,-73.96243833,38.13588059000003,38.3069762873418,37.018437619714305
40.80982833,-73.96236667,38.72036201,38.32281480223686,36.989002569548404
40.80991167,-73.96228833,38.640038540000006,38.29297634038964,36.995987458806475
40.81,-73.96221167,38.640038540000006,38.40831431230772,37.04113917788464
40.81006667,-73.96215,39.270663230000025,38.39251692500002,37.00731006571431
40.81013167,-73.96208833,39.270663230000025,38.42079998555557,36.988388540189895
40.81018667,-73.96201833,39.18179471000002,38.48465009230772,37.0071201757143
40.810255,-73.961995,39.18179471000002,38.51461018582281,36.97492599557694
40.810315,-73.96195833,39.18179471000002,38.47419883884618,36.94542366269233
40.81033,-73.961865,39.88932485000004,38.5101762669737,36.98959647755629
40.81032167,-73.96180667,39.88932485000004,38.64983070540543,37.05741859365387
40.81028833,-73.96166,39.88932485000004,38.8926612909091,37.16167873477421
40.81027,-73.961565,39.88932485000004,38.986156885769255,37.21789965083873
40.810235,-73.961475,39.88932485000004,39.02964899923078,37.24928906463025
40.81020167,-73.96137167,39.88932485000004,39.2063645031169,37.411149734466036
40.81016,-73.96126333,40.86687857000001,39.328046527307706,37.44434656589174
40.81011333,-73.96115167,40.86687857000001,39.43321637346156,37.473896922857165
40.810065,-73.96103833,41.65302317000001,39.49610111873419,37.568303626741226
40.81001667,-73.96092333,41.65302317000001,39.53871820354433,37.622761292692324
40.80996167,-73.96081,41.65302317000001,39.6537443946154,37.68360796589174
40.80990833,-73.96069667,41.95209992000002,39.72220963164559,37.74234170314288
40.80980833,-73.96046833,42.070021610000026,39.91521752205481,37.879490374563126
40.809765,-73.96035333,42.070021610000026,39.94118673038464,37.92383146498394
40.80971667,-73.96024333,41.99311616,39.939405332911406,37.927283712285735
40.80967167,-73.96013667,41.99311616,39.93692394333334,37.986887470571446
40.80963,-73.96004,41.99311616,39.99465611189875,38.036031817252415
40.80958333,-73.95996333,41.430851870000026,39.989723779240514,38.06411305541403
40.80955,-73.959895,41.430851870000026,39.965845772750015,38.07900582228574
40.80951,-73.95979333,41.430851870000026,39.946726223375016,38.15102220089174
40.80949667,-73.95976667,41.430851870000026,39.946726223375016,38.15102220089174
40.80945667,-73.95973667,41.430851870000026,39.95249332088609,38.17095598571431
40.80944167,-73.95971,41.04461561000002,39.95330317307693,38.183558146932924
40.80941167,-73.95965667,41.04461561000002,39.95330317307693,38.197592389806466
40.80938333,-73.9596,41.04461561000002,39.965660630000016,38.20809313151127
40.80936833,-73.95956667,41.04461561000002,39.96140350148651,38.242762849708754
40.80935333,-73.95953,40.97796422000002,39.87680750648649,38.263027615534
40.80933667,-73.95949167,40.97796422000002,39.81194717355264,38.28311922003217
40.80932333,-73.95945,41.04461561000002,39.777231322307706,38.27792013586541
40.80931,-73.95941333,41.04461561000002,39.777231322307706,38.28624070942494
40.80930333,-73.95936833,41.04461561000002,39.73700662962027,38.27722928057145
40.80931,-73.95931333,41.04461561000002,39.71615238101267,38.28456986825951
40.80932167,-73.95926667,41.04461561000002,39.73181109500001,38.28871959293931
40.80933833,-73.959225,41.04461561000002,39.73181109500001,38.29826401604504
40.80946833,-73.95908667,40.665215390000014,39.66846305116884,38.30256455233768
40.80950833,-73.959045,40.665215390000014,39.63240368000001,38.3071759769231
40.809625,-73.95895667,40.665215390000014,39.554596853417735,38.29825838038341
40.80972333,-73.95887167,40.125168230000014,39.553548205769246,38.308653881210205
40.80977167,-73.95885333,40.125168230000014,39.53287728329116,38.31145973446205
40.80981167,-73.958825,40.125168230000014,39.52905666402599,38.311344427596175
40.809865,-73.95879833,40.125168230000014,39.48067426653847,38.31711233634618
40.80991667,-73.958755,41.28216800000001,39.44060017307693,38.31997164153847
40.80997333,-73.95871,41.28216800000001,39.36277448692309,38.32752449412143
40.81003167,-73.95865833,41.28216800000001,39.24848992076925,38.3375878734839
40.81009167,-73.95860667,40.51653152000003,39.19070752164559,38.34262150163464
40.810155,-73.958555,40.51653152000003,39.17202267846156,38.35957584796181
40.81034,-73.95839333,40.656670340000005,38.96386348544306,38.40666373000002
40.81039,-73.95836167,40.656670340000005,38.92232805253167,38.40510409207008
40.810435,-73.95833,40.69085053999999,38.83404362455698,38.42570473808919
40.81049833,-73.95830667,40.69085053999999,38.79897647000002,38.43655241600002
40.81056,-73.95827,40.69085053999999,38.77751649632914,38.44666924559107
40.81062333,-73.95822833,40.69085053999999,38.72460124259743,38.44055296951614
40.810675,-73.95818167,40.69085053999999,38.67815396039476,38.47458774817309
40.81072667,-73.95813333,39.78849326,38.55440814421055,38.53322541500002
40.81077833,-73.95808667,39.185212730000046,38.49827835153849,38.54175672697751
40.81082333,-73.958045,39.185212730000046,38.46654157544307,38.561228764571446
40.81087667,-73.95800167,39.185212730000046,38.42093913139243,38.55255688434506
40.81089833,-73.95799,39.185212730000046,38.39245119384618,38.54630507460066
40.81097,-73.95782167,38.86904588000005,38.25492719797471,38.63259868574134
40.81101167,-73.9578,38.72036201,38.23798298230771,38.62805903721156
40.81105333,-73.95777167,38.72036201,38.20244320025976,38.629106388935504
40.811105,-73.95773667,38.72036201,38.16577716753249,38.64183632974028
40.811225,-73.95764833,38.72036201,38.04999188230771,38.72292827260451
40.811295,-73.95759667,38.42641229,38.04863454784813,38.73547725400002
40.811365,-73.95755,38.21962208000002,37.9657583793671,38.72845531531849
40.81143833,-73.95750333,38.21962208000002,37.93516926367091,38.748723956210206
40.81151167,-73.95745,37.93250840000002,37.95814355000002,38.764356810285726
40.81165833,-73.957345,37.93250840000002,37.83279336320002,38.778781576913204
40.811815,-73.95725167,37.66077581000002,37.86802031379749,38.791236626634635
40.81190833,-73.957195,37.66077581000002,37.84665201012501,38.7997577317143
40.81208667,-73.95708167,37.39417025000003,37.90067261115386,38.81103325990325
40.81217,-73.95702667,37.23865033999999,37.89625602537502,38.77420938857145
40.812345,-73.95691667,37.13440073000001,37.95340591468356,38.75516267859874
40.81243833,-73.95687333,37.13440073000001,37.954681140129885,38.76632772051949
40.81253667,-73.95683333,37.13440073000001,38.0968542931507,38.761759873592254
40.81262667,-73.95676167,37.279666580000026,38.171090578076935,38.73220495789139
40.81270833,-73.956685,37.279666580000026,38.25042698525001,38.72442361287976
40.81278833,-73.95662167,37.279666580000026,38.30115062115386,38.685162977115404
40.81286,-73.95656333,37.715464130000015,38.39815954240507,38.67640126550957
40.812915,-73.95651167,37.715464130000015,38.41883129692309,38.67596072125404
40.81296167,-73.95646833,38.159806730000014,38.425302543246765,38.68026387893205
40.813,-73.95642667,38.159806730000014,38.51213992675677,38.684422861396115
40.81303167,-73.95638833,38.159806730000014,38.71962957714288,38.68607190581995
40.81309667,-73.95620333,38.159806730000014,38.9294730977778,38.68831400342859
40.81307,-73.95615833,38.159806730000014,38.955000318846174,38.68747848742859
40.812985,-73.956065,38.159806730000014,39.0225460509091,38.69552916051449
40.81293667,-73.95601,38.159806730000014,38.98390011615386,38.713003925144704
40.812885,-73.95594667,38.51015378000002,39.15056030355264,38.74649654603898
40.81282667,-73.95588667,38.065811180000026,39.20076910307693,38.73543733463261
40.81276167,-73.95582333,38.065811180000026,39.25154368062501,38.75219096057326
40.81269167,-73.95575667,38.065811180000026,39.31263132367089,38.753330759873435
40.81261667,-73.95569167,39.15445055000001,39.29352935113925,38.78757045072786
40.81253167,-73.95562833,38.81777557999999,39.29519651828949,38.81977219038836
40.81235,-73.95549167,38.81777557999999,39.407226621184215,38.86899626358066
40.81225667,-73.95541833,39.61759226000001,39.40922283822786,38.89175672400001
40.81216667,-73.95534167,39.61759226000001,39.42406310227849,38.923533459142874
40.81199167,-73.95517667,38.90151707000004,39.38763306632914,38.98680376712461
40.81190167,-73.95509833,38.90151707000004,39.41383067531647,39.02051236884616
40.81181167,-73.95501667,38.90151707000004,39.48530623278483,39.06254075661344
40.811725,-73.95493667,38.26918337000004,39.48247230481015,39.096404271054325
40.81156167,-73.9548,39.072418070000026,39.45385179556964,39.17190186031547
40.81149333,-73.95474167,38.83486568000004,39.467113929500016,39.18237880202533
40.81142667,-73.95468667,38.83486568000004,39.5222338286076,39.22628305259495
40.81136,-73.95462333,39.39712997000001,39.493591686329125,39.243046065207686
40.81129333,-73.95455833,39.39712997000001,39.54535372192309,39.253380797684905
40.81122,-73.954495,39.52188770000004,39.60295612307694,39.288121509003226
40.81114667,-73.95443167,39.52188770000004,39.52335569576925,39.31731043884617
40.81108,-73.95437,39.52188770000004,39.58983180269233,39.334275178164575
40.81102167,-73.954325,39.97135733000002,39.58127579750002,39.338904648291155
40.81091667,-73.95429333,39.48087146000003,39.64242698759495,39.3788842537143
40.81087167,-73.9543,39.48087146000003,39.60313952111113,39.36802812566458
40.81083333,-73.95433667,39.48087146000003,39.54489524712502,39.374896615221544
40.81079167,-73.954375,39.06045500000005,39.45469548405065,39.37046725069622
40.810745,-73.954415,39.06045500000005,39.42445193506496,39.362769586837075
40.81068833,-73.95446333,39.27408125000002,39.3751538542308,39.371071688906774
40.810625,-73.95451333,39.27408125000002,39.29233260038465,39.37239053906754
40.810555,-73.95457167,39.27408125000002,39.20283550844158,39.375597539519255
40.81048,-73.95463833,38.84853776000003,39.09078451924054,39.38164002585989
40.81039833,-73.95470167,38.87417291000003,39.020239182405085,39.380251461714295
40.810225,-73.95481667,38.87417291000003,38.85133626387502,39.369475575700655
40.81014,-73.95486833,38.82802964000004,38.79053823312502,39.369878042285734
40.81005,-73.95493333,38.82802964000004,38.73213281637502,39.372665002006386
40.80996,-73.95498833,38.82802964000004,38.64978866115386,39.364336634345065
40.809865,-73.95505667,39.78336623000001,38.54615692400002,39.313037913846166
40.80976833,-73.95513333,39.78336623000001,38.46050371025976,39.31518569696776
40.80967,-73.95521833,38.04530306000004,38.44649843222224,39.33662777104433
40.80956833,-73.9553,37.961561570000015,38.35813842215192,39.312768011401296
40.80936333,-73.95546167,37.18908905000004,38.33125461320002,39.24630296848877
40.80925833,-73.95554333,37.084839440000025,38.29462132653848,39.25468865742767
40.80915,-73.95562667,37.084839440000025,38.301334120625015,39.23692388926754
40.80904167,-73.95570333,36.59777159000001,38.28627347000001,39.20939386514287
40.80893,-73.95578667,36.59777159000001,38.270914866973705,39.17444263775975
40.80882333,-73.955865,36.59777159000001,38.36521658576925,39.126639297234746
40.80872167,-73.95594,37.04553221000003,38.36966439384617,39.08647054254841
40.808625,-73.95601,37.04553221000003,38.40139063076924,39.08564242214059
40.80853667,-73.95607333,37.22668727000001,38.35456813884617,39.03721355951925
40.80845833,-73.95613167,37.22668727000001,38.44168382807693,39.033455928557714
40.80839333,-73.95617667,37.22668727000001,38.39906813000002,39.00589106996838
40.80834833,-73.95621,37.22668727000001,38.46764215625002,39.003558530571446
40.80831667,-73.95624,37.076294390000015,38.45586633888891,38.9662160783228
40.80830667,-73.95625333,37.076294390000015,38.43361149462502,38.96269420257144
40.80829,-73.95632667,37.076294390000015,38.39846240493672,38.94476858657145
40.80820833,-73.95638,37.38391619000004,38.42394865220781,38.91504581367744
40.80811,-73.95645167,37.38391619000004,38.42412621168833,38.89726927344053
40.808,-73.956525,37.45911263000002,38.45480814846156,38.86543552768491
40.80794833,-73.95656,37.45911263000002,38.43571449632914,38.840470147714306
40.80789,-73.95659833,37.45911263000002,38.477185030126606,38.82501566709268
40.80778167,-73.95667833,37.45911263000002,38.4570210973077,38.79549292884986
40.80772333,-73.95671833,38.48110061,38.46260057675002,38.77212059857145
40.80766667,-73.95675667,38.48110061,38.48291778518989,38.78272998958601
40.80760667,-73.95679167,37.51038293000002,38.51696733302634,38.775499492884634
40.80754667,-73.956825,37.51038293000002,38.5468051160811,38.738835856806475
40.80748,-73.95687,37.51038293000002,38.54875077207794,38.71717628262138
40.80740833,-73.95692167,38.01624989000001,38.52376096088609,38.69947411000002
40.80732833,-73.956985,38.01624989000001,38.54442051215192,38.692468136592375
40.80724667,-73.957045,38.01624989000001,38.540599476666685,38.64111277485716
40.807075,-73.95717333,38.69301785000002,38.55007450076924,38.617525619807715
40.80698167,-73.95723833,38.69301785000002,38.48798047076925,38.587823643418545
40.80679833,-73.957375,38.28798248000001,38.413805566883134,38.552212898306735
40.80671333,-73.95744,38.28798248000001,38.3540422896154,38.516956848746
40.806625,-73.95750833,38.945951330000014,38.30745221417723,38.51217746485716
40.80653333,-73.95757833,38.945951330000014,38.25613080612502,38.49367132800002
40.80644167,-73.95764333,37.99403276000001,38.10579763192309,38.44668169114287
40.80635333,-73.957705,38.51186279000004,38.08222205807694,38.43059414405147
40.80627333,-73.95776333,38.51186279000004,37.99145785160002,38.41239512144233
40.80618667,-73.95782333,38.51186279000004,37.82048060346156,38.40531806721156
40.80610333,-73.95787833,37.36682609000002,37.79738844481015,38.37233355318473
40.80593833,-73.95798,37.36682609000002,37.65074085384619,38.34451631239619
40.80578,-73.95808333,37.77015245000001,37.53172306802634,38.31239927125808
40.80570833,-73.95813167,37.77015245000001,37.34009542076926,38.29634618810291
40.80564167,-73.95817333,37.77015245000001,37.23179210506496,38.299099287813526
40.80559,-73.95819833,37.13440073000004,37.18506388171056,38.2861080819355
40.805545,-73.958205,37.13440073000004,37.13709570730772,38.29235666636658
40.80551,-73.958185,37.13440073000004,37.11859238750003,38.283125583838725
40.805485,-73.958145,37.13440073000004,37.20734040038464,38.29604550153848
40.80546,-73.95800667,37.13440073000004,37.27891888812502,38.33150780792996
40.80543667,-73.95793833,37.13440073000004,37.32153732500002,38.35077237272154
40.805405,-73.95786833,37.13440073000004,37.3084130046154,38.34084205044588
40.80537167,-73.9578,38.26918337000001,37.35144500000003,38.350298150096485
40.80533833,-73.95773,38.26918337000001,37.52911275581084,38.37031362194177
40.80531,-73.95766167,37.36340807000002,37.60253630038963,38.40069417834953
40.80528667,-73.95759333,37.36340807000002,37.59975538884617,38.413172940096175
40.80526333,-73.95753333,38.42470328000002,37.63312878746837,38.42937060794306
40.80524,-73.95748167,38.42470328000002,37.683858261519,38.43387767971431
40.80522333,-73.95743833,38.42470328000002,37.74160321884617,38.43280887028573
40.80520667,-73.95740333,38.42470328000002,37.75600444316458,38.434490753142875
40.80519167,-73.95737333,38.42470328000002,37.78404363384617,38.43714137833868
40.80518,-73.957345,38.42470328000002,37.78404363384617,38.43533529413464
40.80516667,-73.95731833,38.42470328000002,37.81074698623379,38.43718289964632
40.80515333,-73.95729333,39.058745990000034,37.83008023486844,38.43839741174195
40.80513833,-73.95726667,39.058745990000034,37.90352012911394,38.46158622744411
40.80512333,-73.95723667,39.058745990000034,37.90352012911394,38.46989167457145
40.805105,-73.95720833,39.058745990000034,37.92249535423078,38.481895624145594
40.80507333,-73.95714833,39.058745990000034,38.00545500405065,38.479935870700665
40.805065,-73.957125,39.058745990000034,38.06775815341774,38.49450599735671
40.80505833,-73.957115,38.09657336000001,38.06775815341774,38.49450599735671
40.80503667,-73.95708333,38.09657336000001,38.08454455884617,38.49169319594252
40.80500667,-73.95703167,38.09657336000001,38.128104594500016,38.510587814285735
40.80495333,-73.95686167,38.09657336000001,38.38497434623379,38.519733085242734
40.804915,-73.95676833,38.85366479000001,38.59560428000002,38.556677442548406
40.80487333,-73.95667,38.85366479000001,38.56864239855265,38.585146241387115
40.80483333,-73.95657333,38.85366479000001,38.64704764430382,38.58757412403848
40.804795,-73.95647667,39.46719938000001,38.74885272101268,38.59406453297126
40.80470167,-73.95624167,39.25015511000004,39.12126199777779,38.6409819997792
40.80467833,-73.95618833,39.95084921,39.13482938455698,38.63863432159238
40.80466167,-73.95615167,39.95084921,39.186618877468376,38.6420233712342
40.80465167,-73.95612667,39.95084921,39.19526959653848,38.64793175605771
40.80457167,-73.95582667,39.95084921,39.51796574115386,38.72099678514287
40.80453667,-73.95576,39.95084921,39.55711466862502,38.74024078028574
40.80451333,-73.95572,39.62613731000002,39.59077394923079,38.75930147835445
40.80449667,-73.95568,40.23625388000002,39.604634070253184,38.777372413428594
40.80446833,-73.955605,40.23625388000002,39.63336773692309,38.80040983322582
40.80445667,-73.95556167,40.23625388000002,39.61175499207794,38.81243492375001
40.80443667,-73.955515,40.23625388000002,39.71455009400001,38.84573167583873
40.804415,-73.95545833,40.23625388000002,39.83386177880002,38.86663573769233
40.804365,-73.95532667,40.87884164000002,39.87245108037977,38.87944190249203
40.80433833,-73.95526333,40.87884164000002,39.8828831969231,38.897892883714306
40.80431333,-73.95519667,40.87884164000002,39.88794033556964,38.91754378600002
40.80427833,-73.95512833,41.075377790000005,39.96509096000001,38.95876076685716
40.80424,-73.95505167,40.96258312999999,40.0476413218182,39.03298404248389
40.80420333,-73.95497,40.96258312999999,40.0516588896154,39.03239694974686
40.80413167,-73.95478667,41.15399225000005,40.10872712113926,39.10843206485716
40.80409167,-73.954695,41.15399225000005,40.1285213508861,39.1517205020767
40.80405333,-73.9546,41.15399225000005,40.29786818789476,39.242098348571446
40.80397667,-73.95442667,41.08734086000004,40.28882842447371,39.288221929516155
40.803945,-73.95435667,41.08734086000004,40.287865982000014,39.29934085321658
40.80392,-73.954295,41.18133641,40.32387350807694,39.31283155022366
40.80391167,-73.95423167,41.18133641,40.31850830935067,39.358438203408376
40.80389167,-73.95418167,41.18133641,40.32606454653848,39.389962083398075
40.803875,-73.95413167,41.18133641,40.36489572363638,39.411149364935504
40.80385833,-73.95408833,41.18133641,40.33949561230772,39.40198859778848
40.80384667,-73.95405167,40.913021840000056,40.33471914846156,39.413178387714304
40.803825,-73.95399667,40.913021840000056,40.335038877777805,39.41115358686711
40.803815,-73.95396833,40.913021840000056,40.335038877777805,39.42857144104103
40.80380167,-73.95394,40.913021840000056,40.34427207615386,39.43700324152868
40.803785,-73.953905,40.913021840000056,40.34695013531647,39.44485706773887
40.80376333,-73.953865,40.913021840000056,40.347624365000016,39.44740882509617
40.80374,-73.95381833,40.913021840000056,40.351761593375016,39.470942925714304
40.80362167,-73.95354833,40.68572351000003,40.343142720632926,39.531360498285736
40.8036,-73.95350667,40.68572351000003,40.31722634113925,39.531360498285736
40.80358167,-73.953475,40.68572351000003,40.33046305625002,39.52902308888537
40.80357,-73.95345,40.68572351000003,40.34115248113924,39.54841830571887
40.80347833,-73.95331333,40.68572351000003,40.29873262220781,39.55232566266883
40.80345333,-73.953255,40.33879448000005,40.31453541597404,39.56190516792209
40.80342667,-73.95319667,40.50285944000001,40.31283067423078,39.566040800290345
40.80340167,-73.95314,40.50285944000001,40.27959262076924,39.55901933314288
40.80331333,-73.95297333,40.43962607000003,40.25299341384616,39.54608138469651
40.803285,-73.95291,40.43962607000003,40.236702495125016,39.530828806285726
40.80325667,-73.95285,40.43962607000003,40.2161784207595,39.54451433718852
40.80323167,-73.95279333,40.43962607000003,40.20488455171054,39.56354204438313
40.80319833,-73.95271333,40.053389810000056,40.18631527610391,39.56035407523964
40.80318,-73.952535,40.51653152,40.181223758000016,39.52911313468356
40.80322167,-73.95245,40.053389810000056,40.16905473038462,39.55219956942859
40.80325333,-73.95241833,40.053389810000056,40.13786682329115,39.56171577114287
40.80328833,-73.95239167,40.053389810000056,40.13786682329115,39.571432661878994
40.803325,-73.95236833,40.053389810000056,40.12424963712502,39.580623963557706
40.80341333,-73.95230667,40.053389810000056,40.12981323153848,39.614635837556285
40.80346167,-73.95227,39.66544454000004,40.06003115265825,39.620111954230794
40.80351167,-73.95223,39.66544454000004,40.07538499064937,39.64059222683873
40.80356167,-73.95218667,38.96987747000003,40.10722362500002,39.6405707758654
40.80365833,-73.95210667,38.96987747000003,40.061571695375015,39.63228212621021
40.80370667,-73.95206333,38.96987747000003,40.04579661367092,39.641302069620274
40.80375833,-73.95201833,38.886135980000034,40.04018770775002,39.6697878201911
40.80381,-73.951965,38.886135980000034,40.00430444683546,39.66899277028573
40.80387333,-73.95191,38.17006079000001,39.99597151298703,39.68453583558067
40.80394167,-73.95185333,38.17006079000001,39.92635340000002,39.6801112528296
40.80402,-73.95179667,38.51357180000002,39.85595533423079,39.66870268487099
40.8041,-73.95173833,38.51357180000002,39.78286867012661,39.677451013428595
40.80418167,-73.95166833,38.51357180000002,39.762153143375016,39.67872181705698
40.80426833,-73.951595,38.27089237999999,39.72028055222224,39.68282668601267
40.80436,-73.95152,38.27089237999999,39.697483069240526,39.69666831755629
40.804455,-73.95145667,38.27089237999999,39.53673761121624,39.691002508903246
40.80455,-73.95138333,38.58705923000002,39.42697191384618,39.68966647019233
40.80473,-73.95125833,38.58705923000002,39.34175804600002,39.67834620914287
40.80488,-73.951155,38.8553738,39.18725904460528,39.684465599350666
40.80495167,-73.95110333,38.07093821000001,39.18565093769233,39.70629042852092
40.80502833,-73.95105667,38.07093821000001,39.14248748000003,39.71151136865817
40.80511,-73.950995,38.21962208000002,39.09040649576925,39.71134131817309
40.80519333,-73.95092833,38.21962208000002,38.99752837538464,39.70982419904155
40.80528,-73.95086,38.40419516,38.96948308307695,39.69653537576925
40.805365,-73.95079333,38.74087013000002,38.92174396050635,39.71800342261982
40.80544333,-73.950735,38.74087013000002,38.87564693112502,39.73308335800002
40.805575,-73.950645,38.74087013000002,38.85276755975001,39.72464681657145
40.80561167,-73.95061833,39.30655244000002,38.84572546506331,39.72709368485716
40.80566333,-73.950535,39.11343431000003,38.79441161434213,39.71691330567744
40.80571667,-73.95049833,39.11343431000003,38.78483829636366,39.712373624887476
40.805775,-73.95045167,39.11343431000003,38.83868846552633,39.7122148169156
40.80583833,-73.95040333,39.11343431000003,38.83593928884617,39.731364277156565
40.80590167,-73.95035667,39.24844610000002,38.85208395575002,39.73110307657145
40.80596333,-73.95031167,39.24844610000002,38.82940999423079,39.72754767015976
40.80602667,-73.95026167,39.24844610000002,38.836837614615405,39.72262266370609
40.80609667,-73.95020667,39.24844610000002,38.83040927417724,39.7152762429747
40.80617333,-73.95015333,39.69107968999998,38.83644152038963,39.70614205787783
40.80626333,-73.95011,39.69107968999998,38.85863015689191,39.707807106205806
40.80635333,-73.95005333,39.36124076000005,38.884777536153855,39.68431508771706
40.80643833,-73.94999,39.51505165999998,38.89781782050634,39.67461351428573
40.80652,-73.94992833,39.51505165999998,38.920906948888906,39.6685326561709
40.80659833,-73.94987167,39.51505165999998,38.98328995354432,39.648743834683565
40.80667,-73.949815,39.51505165999998,39.02953541118423,39.60550790541937
40.80673333,-73.949765,39.279208280000006,39.03775584153848,39.59721012471156
40.806785,-73.94972,39.279208280000006,39.05710271115386,39.592001071672044
40.80682333,-73.94969,39.279208280000006,39.04110813038464,39.58629327557694
40.80686,-73.94966667,39.279208280000006,39.052385876835466,39.583095374440916
40.80685333,-73.94962167,39.279208280000006,39.04647219090911,39.572520555755645
40.80686333,-73.94958,39.279208280000006,39.06904331607596,39.55049314214059
40.80686,-73.94952667,39.279208280000006,39.079425011000026,39.544331976898754
40.80684333,-73.94946333,39.26382719,39.08679511662503,39.51954791974765
40.80681833,-73.94939167,39.26382719,39.09340211683546,39.50521256728436
40.80678167,-73.94931333,39.26382719,39.11016966269233,39.48390304780256
40.80674167,-73.94922667,39.26382719,39.10708655857145,39.47345656177421
40.80670167,-73.94913667,39.26382719,39.12076506342107,39.402449332315136
40.80658667,-73.948875,39.409093040000016,39.07579226923078,39.37342627257145
40.806565,-73.94878,39.409093040000016,39.08024007730771,39.30387627321545
40.80653667,-73.94869167,39.57999404,39.07763274153848,39.295641068461556
40.80650833,-73.948605,39.57999404,39.09198623450001,39.261192919808934
40.80647667,-73.94852667,39.57999404,39.092320464936726,39.239084643949056
40.80645,-73.94846167,39.57999404,39.11591018346155,39.191418846442325
40.80642667,-73.94840167,39.57144899000002,39.10881998300002,39.149149906285736
40.80640667,-73.94834167,39.57144899000002,39.10876157379747,39.143451536923095
40.80638333,-73.948275,40.04313575000003,39.07991995805196,39.11044629896776
40.80635667,-73.94820167,40.04313575000003,39.07644958076924,39.09734566808919
40.80628667,-73.94803333,40.04313575000003,39.039990146075965,39.00564694044588
40.80624667,-73.94793333,40.04313575000003,39.0316681692208,38.99018648203885
40.806205,-73.94783167,40.06706189000002,38.9499005287838,38.92340788417478
40.80616333,-73.94772667,40.06706189000002,39.02430286538464,38.90414083855771
40.80611833,-73.947625,40.08244298,38.9926137929114,38.877379338285735
40.80603833,-73.94741667,40.08244298,38.927757945063306,38.79280110159746
40.80600833,-73.94732167,39.74576801000004,38.864264978607615,38.76716508765825
40.80598333,-73.94724167,39.74576801000004,38.81963602126584,38.754744881057704
40.80597,-73.94718167,39.74576801000004,38.817818846075966,38.736428881082816
40.80595167,-73.947125,39.74576801000004,38.82887332848102,38.722087348121036
40.80594667,-73.94712333,39.74576801000004,38.82887332848102,38.71898290382913
40.80594667,-73.94712667,39.74576801000004,38.82887332848102,38.71898290382913
40.80594167,-73.94711333,39.74576801000004,38.76068198666668,38.70665219160885
40.80590833,-73.947095,39.74576801000004,38.73811435137502,38.69337050285716
40.80586,-73.94708833,39.96793931000002,38.710173681153854,38.706863543714306
40.80580667,-73.94710333,39.96793931000002,38.710173681153854,38.69530748519233
40.80575167,-73.947135,39.96793931000002,38.65254243594938,38.69170196690098
40.80569333,-73.94717667,39.96793931000002,38.66238546822786,38.69743957428573
40.805635,-73.94721833,39.96793931000002,38.62497788937502,38.723297166857165
40.80557667,-73.94725667,39.73380494,38.60189949405065,38.72362763420384
40.80553167,-73.94728667,39.73380494,38.639887108734186,38.733236552000015
40.805505,-73.94731,39.73380494,38.639887108734186,38.73566714400001
40.80548667,-73.94732333,39.73380494,38.61622195192309,38.7275584163259
40.80534833,-73.94743333,40.06193486000001,38.603169497600014,38.77421773538463
40.805295,-73.94746667,39.48087146,38.57969051155846,38.773754790161306
40.80516333,-73.94754167,39.48087146,38.57492736888891,38.78176198003166
40.80509333,-73.94758333,39.48087146,38.55313862645572,38.77967663095543
40.80486833,-73.94773167,38.66396467999999,38.55571998168833,38.74732150536979
40.80479,-73.94779,38.484518630000025,38.67139230038463,38.76725571067309
40.80470833,-73.94784833,38.484518630000025,38.72087921039476,38.790541678709694
40.80462333,-73.94791,37.322391830000015,38.71599213632913,38.811772411962046
40.80453833,-73.94797,37.322391830000015,38.72257495884617,38.79855328657145
40.804455,-73.94802667,37.52576402,38.75041029974685,38.79507796156551
40.804365,-73.94809167,37.52576402,38.83607713012661,38.774518638000025
40.80427333,-73.94816,37.52576402,38.97143504873419,38.768998039808935
40.80417833,-73.94822667,37.90174622000001,39.05922191683546,38.769598804430395
40.80408167,-73.94829667,37.90174622000001,39.114243841052655,38.81799058448388
40.80398333,-73.94837,38.74599716,39.1138840494737,38.82673123629871
40.803885,-73.94843667,38.74599716,39.191140182405086,38.79172809742859
40.8037,-73.94856167,39.52701473000002,39.312149447750016,38.786873228832825
40.80362667,-73.94862167,39.52701473000002,39.37723534076925,38.80263396910829
40.80356167,-73.948675,39.52701473000002,39.391026362857154,38.8149765283654
40.80351833,-73.94871167,39.33218759000002,39.45393746240002,38.837379578580666
40.80349333,-73.94872667,39.33218759000002,39.52109016200002,38.84658225817309
40.803485,-73.94873333,39.33218759000002,39.55830808878381,38.84658225817309
40.80348333,-73.94873667,39.33218759000002,39.55830808878381,38.84658225817309
40.803415,-73.94876167,40.26701606000003,39.53931072402599,38.838311264677436
40.80336167,-73.94879,40.26701606000003,39.554709456153866,38.843613401057716
40.80330333,-73.94882833,40.26701606000003,39.55072176615387,38.84172335303799
40.80317167,-73.94893,41.179627400000015,39.6422106572152,38.84934072342859
40.80309,-73.94899667,41.07537779000003,39.72324015090911,38.860754425032276
40.80301,-73.94905667,41.07537779000003,39.7232441346154,38.860549970862635
40.80292833,-73.94911167,41.07537779000003,39.76561881846156,38.87157129605097
40.80284333,-73.94917167,41.83076021000002,39.76363689936712,38.915650747556285
40.80275333,-73.949235,41.83076021000002,39.86669142269231,38.92150314514471
40.80266667,-73.94930167,41.26849592000002,39.9498413323077,38.94907260871385
40.80257667,-73.94936,41.83759625000002,39.95027954000001,38.93998890533548
40.80248667,-73.94941,41.83759625000002,39.92832921746837,38.95680953047773
40.80240333,-73.94945667,41.83759625000002,39.96947303692309,38.9504046156731
40.80233167,-73.9495,41.92475576000004,39.92493977444446,38.95011568981015
40.80227,-73.94954167,41.78974397000002,39.96067060924052,38.95352213544588
40.80221667,-73.949585,41.78974397000002,40.06013470280002,38.952644952500016
40.802175,-73.94961667,41.78974397000002,39.99617215520002,38.9535481550968
40.80214333,-73.94965167,41.78974397000002,40.00546916960002,38.94853675538463
40.80200167,-73.949645,41.32318424000002,39.8826687057895,38.927731078225825
40.80197,-73.949595,41.32318424000002,39.85607487063294,38.914040738821676
40.801935,-73.94953667,41.32318424000002,39.83660513645572,38.89916243400002
40.801825,-73.94929667,40.82073530000002,39.824122873544326,38.81942998904155
40.801785,-73.94920333,41.25482384,39.81854520207794,38.789993212307714
40.80170833,-73.949005,41.25482384,39.70113655653848,38.71631061888181
40.80162833,-73.94880167,41.25482384,39.53220749115386,38.66689912160774
40.80159,-73.94870667,41.33002028000004,39.52898666461541,38.63526869858523
40.801545,-73.94861667,40.31315933000002,39.49499783379749,38.636815835428585
40.80150333,-73.94852167,40.31315933000002,39.42697355712502,38.59880596962027
40.80146333,-73.94842333,40.26701606,39.40362420800002,38.58313664514287
40.80141833,-73.94832667,40.26701606,39.35810757500002,38.55828631565918
40.80137167,-73.94822833,40.26701606,39.30098151129872,38.566145767884635
40.80132667,-73.94813,40.11491417000002,39.24246456500002,38.53828123625002
40.80129,-73.94803,39.49796156000002,39.24711440389612,38.52549076651615
40.80125,-73.94793333,39.49796156000002,39.16610289090911,38.50581765106798
40.80118667,-73.94774833,39.49796156000002,39.01850853936711,38.48654875971339
40.80115667,-73.94766833,39.49796156000002,39.06216401000001,38.487229098089195
40.80113167,-73.94760667,39.56632196000004,38.975070231153865,38.48060532366244
40.80111,-73.94756833,39.56632196000004,38.96185161291141,38.46974326506331
40.80101167,-73.947345,39.403966010000005,38.86727197088609,38.44944010423078
40.800985,-73.947295,39.403966010000005,38.87427972312502,38.45140723942858
40.800955,-73.94724333,39.403966010000005,38.8345411844304,38.43531969338609
40.80092333,-73.94719667,39.403966010000005,38.74725187620256,38.436736880571445
40.80089167,-73.94714667,39.403966010000005,38.78980406189875,38.44069357545743
40.80085833,-73.94709833,39.403966010000005,38.75820124423079,38.43687997625002
40.80083,-73.94704,39.57486701000002,38.749774971578965,38.41119766201301
40.80077,-73.94694,39.57486701000002,38.60907397723687,38.388946380451635
40.80072,-73.94686,39.18179471000002,38.68693643779223,38.387231449807096
40.80064667,-73.94671333,39.18179471000002,38.64545040500002,38.384678484903866
40.80061167,-73.94664667,39.18179471000002,38.58521875769232,38.37284687721156
40.80052833,-73.94646833,39.42105611000002,38.63895098818184,38.35262164854841
40.80047667,-73.94637167,38.91689816000002,38.61558655076925,38.339061676645386
40.800425,-73.94627,39.14248748,38.63444153225002,38.35062615964858
40.80038167,-73.94616167,39.14248748,38.68591196631581,38.322008317806464
40.80033667,-73.946055,39.14248748,38.632860698000016,38.32230509750002
40.80029167,-73.94594833,39.04336490000003,38.73976684506332,38.31724791557327
40.80024667,-73.94583333,39.04336490000003,38.75832799164559,38.32782853799365
40.80020167,-73.94571667,38.56484210000002,38.714893178000025,38.30536555314288
40.80011,-73.9455,38.56484210000002,38.82683982291142,38.35440057657145
40.80008,-73.94539333,38.677636759999984,38.86831035670888,38.32685973614651
40.80004833,-73.94530833,38.677636759999984,38.8806844544304,38.33602525474524
40.80002333,-73.94523833,38.677636759999984,38.88591964962027,38.3305766876997
40.80000333,-73.94519,39.197175800000025,38.93816090779223,38.34618223855307
40.80002667,-73.944815,40.41228191000002,39.032343976538485,38.37930329371431
40.80014,-73.94475167,40.41228191000002,39.08710690278483,38.374980254037865
40.80020333,-73.94471333,40.41228191000002,39.12953844269232,38.36859626259617
40.80026667,-73.94466667,40.34733953000003,39.15855661298703,38.38269471161292
40.80032667,-73.944615,40.34733953000003,39.251531195974046,38.38659950077172
40.80038333,-73.94456667,40.34733953000003,39.29906427776318,38.38680736148389
40.80043,-73.94452667,40.34733953000003,39.22714920615387,38.366782583258804
40.80046833,-73.94449833,40.34733953000003,39.23981451784812,38.34469448485716
40.80049333,-73.94447833,40.34733953000003,39.226531832531656,38.35405334914287
40.80063167,-73.944405,40.639580240000015,39.263586175769255,38.34419416674123
40.80068167,-73.944365,40.639580240000015,39.268954220000026,38.341086574857165
40.80073833,-73.94432333,40.639580240000015,39.29335628683546,38.34637184076435
40.80079667,-73.94427333,40.13713130000002,39.32394277148651,38.3455482705112
40.80085667,-73.94422833,40.13713130000002,39.28957781364867,38.34303465374195
40.80091333,-73.94417833,40.13713130000002,39.21759514025976,38.350441025530564
40.80103667,-73.94407667,40.30461428000004,39.22785033846155,38.33569782009618
40.80117667,-73.94396167,40.30461428000004,39.215099042375016,38.36264722800002
40.80125333,-73.943905,40.30461428000004,39.21220177103897,38.381846144983946
40.80140667,-73.94378,40.06706189000002,39.04138604631581,38.37826231148389
40.80148333,-73.94373,40.06706189000002,39.03302430784813,38.4011907857325
40.80156,-73.94368667,40.06706189000002,38.98384862675002,38.424453710285725
40.80171,-73.94357333,39.63126434000003,38.98780071237502,38.49000170375002
40.80179,-73.94351833,39.63126434000003,38.80866807101268,38.5319941633866
40.80187,-73.94346333,39.13394243000002,38.69615815587501,38.55007408342859
40.80195333,-73.943405,39.13394243000002,38.70255801974685,38.56886043680382
40.80203,-73.94333833,39.13394243000002,38.62650138184212,38.55687411831171
40.80210833,-73.94328,39.089508170000016,38.67313118818184,38.60195674160774
40.80218667,-73.943225,39.089508170000016,38.54659786337664,38.64845679248389
40.80243667,-73.94305833,38.79726746,38.29276338139242,38.722364926178365
40.80252667,-73.94299667,38.79726746,38.249908333164576,38.73681190942859
40.80261833,-73.94293,38.79726746,38.17575749000002,38.75446552365387
40.802705,-73.94286333,38.08631930000004,38.05351518597404,38.77408244407769
40.80278167,-73.94280167,38.08631930000004,38.086428851923095,38.79592311136945
40.802845,-73.94275167,39.37662185000002,38.09373213087502,38.807701129331235
40.80290167,-73.942705,39.37662185000002,38.147086503670906,38.82072701314288
40.80295167,-73.94265833,38.81948459000003,38.07824422775002,38.83037544671976
40.80310333,-73.94254,38.81948459000003,37.999492714026,38.831519328161306
40.80315,-73.94250167,38.81948459000003,37.95145894126584,38.844944456923095
40.80319,-73.94246667,37.71888215000001,37.99361646269232,38.85216459794214
40.80323,-73.94243333,37.71888215000001,38.0916262257895,38.85683311698053
40.803265,-73.942405,37.71888215000001,38.15954713354432,38.8703781433866
40.80333167,-73.94236,37.71888215000001,38.096638259113945,38.877006837974704
40.80340833,-73.94230333,37.71888215000001,38.13665937936711,38.875392076369444
40.80349833,-73.94223333,37.706919080000034,38.12515060316457,38.87612762431312
40.80355167,-73.94219333,37.706919080000034,38.12250758675002,38.875290339615404
40.80361167,-73.94214833,37.706919080000034,38.1416998772152,38.87361409085717
40.80367667,-73.94209667,37.706919080000034,38.21869185936711,38.87007128600001
40.80373833,-73.94204667,36.80968883000003,38.28895596670886,38.8776071547785
40.80385833,-73.941955,37.73939027,38.41535921233768,38.885025947781365
40.80391833,-73.94191667,37.73939027,38.470956101923086,38.885102880707414
40.80397667,-73.94188,37.73939027,38.43012264065791,38.88519269525976
40.80402667,-73.94184667,36.93273755000001,38.473453885769246,38.87738278134617
40.80407833,-73.941815,36.93273755000001,38.517438435125015,38.880059500000016
40.80412167,-73.94178333,36.93273755000001,38.548163027721536,38.882914523450495
40.80416,-73.941755,36.93273755000001,38.53822098269233,38.863184852115396
40.80419333,-73.94173167,36.93273755000001,38.55986650126584,38.870787546242056
40.804225,-73.94171,37.70179205000002,38.561599363076944,38.86772330219747
40.80424833,-73.94169,37.70179205000002,38.57828209222224,38.8819524097792
40.80426833,-73.94167167,37.18738004000005,38.57828209222224,38.87865635712027
40.80432333,-73.94163833,37.18738004000005,38.61234825139242,38.876451590000016
40.80435667,-73.94161667,37.18738004000005,38.60116951769232,38.8731068394534
40.80439333,-73.94158833,37.18738004000005,38.59872996934212,38.87230504971156
40.804435,-73.94155833,37.18738004000005,38.64172476320001,38.89076684580647
40.80447667,-73.941525,37.18738004000005,38.75902258756759,38.891284990836034
40.80451667,-73.94149833,37.18738004000005,38.80670030740261,38.88561608699031
40.80455667,-73.94146833,37.08483944,38.822398671153856,38.88443789019171
40.80464167,-73.94141,37.08483944,38.84240668662501,38.888826992571445
40.80480667,-73.94128667,37.547981150000055,38.912744616708885,38.900570624588624
40.80484667,-73.94125333,37.547981150000055,38.97233143307695,38.90046537153848
40.804885,-73.94122,37.547981150000055,38.90414804592108,38.89812670388351
40.80492167,-73.94118167,38.38710506000001,38.91492622538464,38.903792086527346
40.80495833,-73.94114667,38.38710506000001,39.01815145376626,38.91355157771706
40.804985,-73.94110667,38.38710506000001,39.06671397168834,38.927383763290344
40.805,-73.94106167,38.38710506000001,39.13434193883119,38.945493756354864
40.80499833,-73.94101,38.38710506000001,39.13690033192309,38.952820235576944
40.80498167,-73.94095,38.38710506000001,39.138872266538485,38.97384888371431
40.80495,-73.94088667,39.44327324,39.141189497721534,38.979529307428585
40.80491167,-73.940815,39.44327324,39.208706209240525,39.01164961826925
40.80487,-73.94073167,39.44327324,39.24327468012989,39.04535597961167
40.80482667,-73.940645,40.26188902999999,39.37826427519482,39.07979639201925
40.80478167,-73.94055833,40.12516823000004,39.49647449935067,39.11659955038587
40.80473833,-73.940475,40.12516823000004,39.509523751111125,39.1413950115823
40.80469333,-73.94039167,40.12516823000004,39.49859696115386,39.154385237515946
40.80465333,-73.94030667,40.12516823000004,39.50900603712502,39.175051196019126
40.80462167,-73.940225,40.12516823000004,39.59598085506331,39.21675024361024
40.804595,-73.94014833,40.12516823000004,39.72436156423079,39.257571775192325
40.80456833,-73.94009,40.52678558000002,39.73540439807694,39.260392841878996
40.80454833,-73.94004667,40.52678558000002,39.74336674278483,39.27390818569622
40.80453667,-73.94001167,40.52678558000002,39.75070277637502,39.27912689857145
40.80450167,-73.93990167,40.54729370000001,39.77674652037976,39.30227720228574
40.804485,-73.93986833,40.54729370000001,39.80019340538463,39.307628078881805
40.80446333,-73.93982667,40.33879447999999,39.80019340538463,39.33729249689323
40.80444,-73.93977667,40.33879447999999,39.87738456680002,39.346018520288474
40.804415,-73.93972167,40.33879447999999,39.914752147432445,39.40110841211041
40.804365,-73.93960833,40.33879447999999,39.91314143807694,39.42767852375002
40.80434333,-73.93956,40.26530705000002,39.90911907974685,39.431793033142874
40.80432,-73.93951667,40.26530705000002,39.91801025835444,39.43949171628574
40.804305,-73.93947833,40.26530705000002,39.92143287537502,39.43753856200002
40.80430667,-73.939445,40.26530705000002,39.93760979075951,39.45908293885716
40.80429667,-73.939415,40.26530705000002,39.93691753354431,39.46615558591774
40.80421833,-73.93923333,40.458425180000006,40.00348239139242,39.55417928066881
40.804195,-73.93918167,40.458425180000006,40.008670715000015,39.56435252942859
40.80417167,-73.939125,40.458425180000006,40.004477511139264,39.57110718800002
40.80405667,-73.93881333,40.71135866000003,39.99677053064937,39.68764507766992
40.80402,-73.93861667,40.70281361000002,39.93970819544306,39.7250748379618
40.80400333,-73.938595,40.70281361000002,39.92181740262502,39.73069814546328
40.803985,-73.93857333,40.444753100000014,39.90539398298703,39.74826536977421
40.80396667,-73.93855,40.444753100000014,39.91291806597405,39.74459926767744
40.80394833,-73.93852833,40.444753100000014,39.92444719653848,39.74891762778848
40.803835,-73.93840333,40.35759359000002,39.865354320129896,39.7843608628296
40.803815,-73.93835167,40.35759359000002,39.85218674807695,39.84144518201925
40.80378833,-73.93828833,40.35759359000002,39.85051517987344,39.84548009028483
40.80376,-73.93822667,40.35759359000002,39.83950063538463,39.848358066881055
40.80370667,-73.93811167,39.978193370000014,39.8173949987342,39.86890381331212
40.803675,-73.93807,39.978193370000014,39.78315524111113,39.87761055993673
40.80363833,-73.93804667,39.978193370000014,39.78286867012661,39.88220126228573
40.80360333,-73.93804167,39.978193370000014,39.78496568807695,39.89008318884246
40.80356167,-73.93807,39.978193370000014,39.78496568807695,39.890566767234745
40.80351,-73.93810833,39.978193370000014,39.79721586948055,39.88658388188501
40.80345667,-73.93815,39.978193370000014,39.81146754632914,39.87551215525318
40.80333833,-73.93822,39.54239582000002,39.83277608873421,39.84236234028573
40.80328667,-73.93824667,39.76114910000001,39.82701007287502,39.839041978000026
40.80322667,-73.93829167,39.76114910000001,39.85255922461541,39.83728956457145
40.80320667,-73.93829833,39.76114910000001,39.85255922461541,39.83125673067095
40.80315,-73.938345,40.36442963000002,39.857985601688334,39.82372304491963
40.803035,-73.93844167,40.36442963000002,39.91249636220782,39.75320852299037
40.80296667,-73.93849333,40.36442963000002,39.93380237607597,39.75157321857145
40.80289667,-73.93854167,40.33195844000005,39.94209053375002,39.7333939122785
40.80282833,-73.93859167,40.33195844000005,39.94563564784812,39.7193436674841
40.80276333,-73.93863667,40.33195844000005,39.95420314212502,39.70189979152868
40.80264333,-73.93871833,40.32854042000002,39.97257805142858,39.68639227672027
40.80259333,-73.93875333,40.32854042000002,39.985270424230784,39.683287483633464
40.80255,-73.93878,40.03971773000001,40.01706239230771,39.672885052990374
40.802505,-73.93877333,40.03971773000001,40.01706239230771,39.66308369605771
40.80246333,-73.93873,40.32854042000002,40.00942552775002,39.65925955142859
40.80241833,-73.93866,40.32854042000002,39.977273133846175,39.683789009519245
40.80237833,-73.93858333,40.32854042000002,39.98621922708862,39.696065209617856
40.80233833,-73.93849833,40.448171119999984,39.99009154088609,39.713823086571445
40.80225333,-73.938315,40.27043408,39.912318802727285,39.751609417170435
40.80221,-73.93822333,39.313388480000015,39.90921947923079,39.76778246894233
40.80216167,-73.93813833,39.313388480000015,39.86482191912502,39.774267942788484
40.802045,-73.93788,39.61759226000004,39.82661732923079,39.80209960884617
40.80201167,-73.93780167,39.61759226000004,39.80062939430381,39.79947975285717
40.801985,-73.93772833,39.61759226000004,39.78003474215191,39.815151638917214
40.80196,-73.93766,39.09634421000001,39.78273082884617,39.83008827015976
40.80193167,-73.937605,39.09634421000001,39.771958588250016,39.82757262200002
40.80191167,-73.93756333,39.09634421000001,39.78163558696204,39.83027991085716
40.80187167,-73.93743667,39.09634421000001,39.75063211538463,39.82215856596156
40.80185167,-73.93739167,38.58535022000001,39.73027736807694,39.82315786092359
40.80182333,-73.93733167,39.265536200000014,39.74122507202533,39.820611797142874
40.801795,-73.93726333,39.265536200000014,39.72032755734178,39.8251612593671
40.801765,-73.93718333,39.265536200000014,39.702845566538464,39.8146761696154
40.80172833,-73.93709667,38.747706170000015,39.69627418092106,39.813107442987025
40.80168833,-73.937005,38.747706170000015,39.64773919640002,39.820876526655965
40.80164333,-73.93691167,38.747706170000015,39.61242140923079,39.8275649533654
40.80159833,-73.936815,38.747706170000015,39.60197618112502,39.82179174146499
40.80155,-73.93671667,39.61588325000002,39.58821865062502,39.84359391257145
40.8015,-73.93662167,39.61588325000002,39.57463202112503,39.81493937334397
40.80145667,-73.936525,39.15274154000002,39.50730703240509,39.80070282182694
40.80141833,-73.936425,39.15274154000002,39.49230705777781,39.803533629651916
40.80137,-73.93633333,38.778468350000026,39.48878915189876,39.80532836485716
40.80132,-73.93624833,38.778468350000026,39.47876806307695,39.7877678924116
40.80126833,-73.93616667,39.632973350000015,39.442019966000025,39.78154766807694
40.801235,-73.93607333,38.92373420000001,39.38471716052635,39.797675754244395
40.80120167,-73.93597667,38.92373420000001,39.37070604615388,39.803819922929954
40.80116833,-73.93588,38.92373420000001,39.35633006037977,39.81401990142859
40.80113167,-73.93578167,38.92373420000001,39.3721740419231,39.80861617457145
40.80109,-73.93568333,38.92373420000001,39.31325531038964,39.80015311854841
40.801045,-73.93558333,38.92373420000001,39.26999260582281,39.80577325000002
40.80099833,-73.93548333,39.81412841000002,39.24971690230771,39.80318209278483
40.80091667,-73.93529833,39.81412841000002,39.25019893076925,39.81113764250002
40.80088,-73.93522167,39.46549037,39.18411896360002,39.80407217752414
40.800845,-73.93516333,39.46549037,39.12883759493508,39.78482795559488
40.80080833,-73.93512667,39.46549037,39.13509656662339,39.770374435533995
40.800765,-73.93511833,39.46549037,39.14627797653847,39.759155255000024
40.80072,-73.93512667,39.77994821000004,39.14631652772154,39.717107966900976
40.80062333,-73.93519167,39.77994821000004,39.19597949300002,39.6811750761342
40.80057667,-73.93523,39.77994821000004,39.259094546923095,39.670119509290345
40.800535,-73.93526667,39.77994821000004,39.32370827115386,39.66369170923079
40.8005,-73.93529667,40.16618447000002,39.32370827115386,39.66500085471156
40.80047167,-73.93531833,40.43962607,39.346465395063305,39.631966449203844
40.80045333,-73.93533,40.43962607,39.34981036844157,39.60182650536979
40.80037,-73.93538667,40.43962607,39.3892951579221,39.55768898665597
40.80034,-73.93541333,40.43962607,39.401067182911405,39.55371801125002
40.80030333,-73.935445,40.43962607,39.401067182911405,39.53611142246837
40.800255,-73.93548167,40.43962607,39.47138645450002,39.520005076285734
40.80020167,-73.93552,40.23283586000002,39.49208683812502,39.49709357700318
40.80014333,-73.93555667,40.23283586000002,39.50727566450002,39.45104245371431
40.80008,-73.93559333,40.23283586000002,39.56551127576925,39.42644983264333
40.799935,-73.935665,40.017500600000034,39.63449760216218,39.407384030000024
40.79986167,-73.93569833,40.017500600000034,39.76769660584418,39.33760586607719
40.79978833,-73.93572667,40.017500600000034,39.76018504307693,39.30912143259617
40.79972167,-73.93575333,40.017500600000034,39.772982371772166,39.29846025069403
40.79966333,-73.93578,39.56119493,39.776786541500016,39.28446009485716
40.79957167,-73.93579,39.56119493,39.84747601538464,39.239906527596176
40.79954667,-73.93575667,39.56119493,39.865687244155865,39.236334659356935
40.79952167,-73.9357,39.56119493,39.892604301621645,39.24723165881031
40.799495,-73.93563167,39.56119493,39.82160248040002,39.218390529903864
40.799465,-73.93556333,39.56119493,39.83792138038963,39.1994361035484
40.79940667,-73.935415,39.12368837,39.79333906050635,39.18385094742859
40.79937833,-73.935345,39.12368837,39.80205717481015,39.17576419063696
40.79934667,-73.93528,39.12368837,39.78305948461541,39.173610026325896
40.79931833,-73.93522333,39.48941651000001,39.79843250236844,39.168946715728175
40.79929,-73.93516667,39.48941651000001,39.745703110886105,39.1525772121154
40.79926333,-73.935105,39.48941651000001,39.70366227612502,39.1425582351911
40.79919833,-73.93497167,39.97135732999999,39.66943223000002,39.137218939617846
40.79916333,-73.93489667,39.97135732999999,39.63152393645572,39.151591349142876
40.79912833,-73.93482333,40.12687724,39.58293003153848,39.15036426326925
40.79907667,-73.93470167,40.21574576,39.47486801461541,39.149598280450185
40.799035,-73.93460667,40.21574576,39.51037436947371,39.1277645524272
40.79901333,-73.93456167,40.21574576,39.45004519212503,39.1317020931731
40.79894333,-73.93438,40.21574576,39.39408442653848,39.138976340865405
40.79893333,-73.93435333,40.21574576,39.39127050714288,39.15008981803228
40.79892833,-73.93428167,40.21574576,39.352126040000016,39.13174828167744
40.79892167,-73.93423833,40.21574576,39.29671467730771,39.133339894423095
40.79891,-73.93418333,40.17985655000001,39.26698561354432,39.165089815428594
40.79888833,-73.93412,40.17985655000001,39.23215642240508,39.1597741434505
40.79886,-73.93405833,40.03629971000001,39.22770001658229,39.206104836424075
40.798805,-73.93394,40.03629971000001,39.125525555750016,39.216364304683566
40.79877667,-73.93388167,40.11149615000002,39.12097148230772,39.204061456419375
40.798745,-73.93381833,40.11149615000002,39.08782107038463,39.17558658102238
40.79871167,-73.93375,40.11149615000002,39.05543613518989,39.17380847914288
40.79867833,-73.93367333,40.11149615000002,39.00630750594938,39.15509617600002
40.79864333,-73.93358833,39.91496000000001,38.97721744884617,39.15400828223644
40.79860667,-73.93349833,39.89786990000002,39.00221549038962,39.12561789741937
40.79857,-73.93341,39.89786990000002,38.9249983991781,39.09177025766992
40.79852667,-73.93331667,39.91496000000001,38.80285460807693,39.0098386298714
40.79848167,-73.933225,39.91496000000001,38.80649611400002,38.944236894571446
40.798435,-73.93312833,39.91496000000001,38.75852990000001,38.89947815617091
40.79839333,-73.93303167,39.058745990000006,38.73072423518988,38.85915764642175
40.79834833,-73.932935,39.058745990000006,38.62999810625002,38.756021895974456
40.798305,-73.93284333,38.86220984000005,38.58517931900002,38.62935994885352
40.79826667,-73.93275333,38.86220984000005,38.60013315650002,38.49671573640129
40.798225,-73.93266333,38.86220984000005,38.621940562307714,38.430635830636966
40.79818,-73.932565,38.49989972000003,38.58220564160002,38.36462965517687
40.79807333,-73.93238333,38.79384944,38.6185006319231,37.9078888278275
40.79802333,-73.93228,38.79384944,38.65152568316458,37.78273401885716
40.797975,-73.93216833,38.79384944,38.71070610350002,37.55838712200002
40.79793,-73.93205833,38.79384944,38.72029627884618,37.4879673343226
40.79788333,-73.931955,38.47255556000002,38.72995382862502,37.2671175637143
40.79779667,-73.93175167,38.99380361000004,38.77987449746838,36.87900108367091
40.79776333,-73.93166833,38.99380361000004,38.74154935192309,36.77918957461541
40.797735,-73.93160167,38.99380361000004,38.68145428883119,36.622146892884636
40.797715,-73.93155167,38.99380361000004,38.73660870246756,36.47785605500002
40.797685,-73.93145167,38.74599716000003,38.76436901750002,36.319655020709696
40.79765667,-73.93143,38.74599716000003,38.82147482949369,36.257946144696504
40.79761833,-73.93141833,38.74599716000003,38.82147482949369,36.17193064572786
40.797575,-73.93142,38.74599716000003,38.83217398925002,36.16145319885716
40.79746833,-73.93147167,39.805583360000014,38.95011430307695,36.219861276153864
40.79735333,-73.93155333,39.71671484000001,39.067926441153865,36.26281110759617
40.79730167,-73.931595,39.71671484000001,39.10007295909093,36.212398077813525
40.79725167,-73.93163333,39.991865450000034,39.22359617081084,36.233974409350665
40.79721333,-73.931665,39.991865450000034,39.323277951200026,36.26065841230771
40.79718667,-73.93168833,39.991865450000034,39.35171913285717,36.213019036430886
40.79716833,-73.9317,39.991865450000034,39.35171913285717,36.213019036430886
40.79699,-73.93180667,39.12539738000004,39.45586366810129,36.19791767707009
40.796925,-73.931855,39.12539738000004,39.48924344569623,36.16221974431313
40.79685333,-73.93190333,39.12539738000004,39.56567296886077,36.16779552485717
40.79677833,-73.93195167,39.12539738000004,39.658518552105285,36.14248030012905
40.79661833,-73.93207333,38.61611240000002,39.616310502500006,36.13605773029035
40.79645167,-73.93220333,38.45717447000004,39.58349859215191,36.13554928411394
40.796365,-73.93226833,38.45717447000004,39.64722952202533,36.116758986293945
40.79627667,-73.93233167,38.035049000000015,39.57237921063293,36.08103903926519
40.79619167,-73.93239167,38.36317892,39.512552232875024,35.99444223114288
40.79602667,-73.932505,38.36317892,39.44644711571432,36.03586012787099
40.79595,-73.93256167,38.36317892,39.40205724558445,36.09778693216131
40.795875,-73.93262,38.75966924,39.29640935467534,36.07499208948054
40.7958,-73.93267833,38.75966924,39.25157928500001,35.94426244228574
40.79572167,-73.932735,38.75966924,39.07585800038464,35.90022250520769
40.79564667,-73.93279333,39.03823786999999,39.04178735230772,35.8621328765815
40.795575,-73.93284833,39.03823786999999,38.87235708687503,35.88336186834397
40.79551333,-73.932895,39.29458937000001,38.86753156734181,35.86104038490386
40.79546333,-73.93293333,39.29458937000001,38.76368772297299,35.82985643000002
40.79541667,-73.93296833,39.29458937000001,38.4232021225676,35.84510478135924
40.79537167,-73.933,39.34756868000002,38.25708713038964,35.77669394636658
40.79532833,-73.93302833,39.34756868000002,38.26379341538464,35.73867809048233
40.79528833,-73.93305167,39.34756868000002,38.26379341538464,35.70154824079621
40.79523333,-73.93309,39.34756868000002,38.22135245262503,35.673354517428585
40.795165,-73.93318167,39.34756868000002,38.189582942692326,35.772374187070085
40.79516167,-73.93327333,39.34756868000002,38.28191549450002,35.818776709050645
40.79518167,-73.93333333,39.34756868000002,38.26182813708863,35.907142260917745
40.79532,-73.93362167,39.2826263,38.47306826300003,36.40128426885716
40.79535333,-73.933695,39.02969282000004,38.54018043670888,36.449413245714304
40.79539167,-73.93376667,39.02969282000004,38.564864010384646,36.587517530000014
40.795465,-73.93391833,39.00063965000001,38.7194151260811,36.89087228259617
40.79549667,-73.93399833,39.08267213000002,38.66779899730771,36.96663291500001
40.79553,-73.93407,39.08267213000002,38.67002193063293,37.00362901544305
40.795585,-73.93419833,39.08267213000002,38.81197792582281,37.22382984882167
40.79559667,-73.93424667,39.08267213000002,38.81119913645572,37.273259148857164
40.79560667,-73.93428,39.08267213000002,38.81119913645572,37.26963710144233
40.795615,-73.93430167,39.08267213000002,38.81119913645572,37.31223636673079
40.85670167,-73.92811333,37.39246124000002,37.00583558531648,36.09788072229301
40.856725,-73.928145,37.39246124000002,37.00583558531648,36.117301061142875
40.85675333,-73.928175,37.39246124000002,36.98259422444446,36.122158433607616
40.85679167,-73.92819833,37.39246124000002,36.94930845708864,36.182623670382185
40.85683667,-73.92821333,37.39246124000002,36.96610706576924,36.18185823571431
40.85688833,-73.92822667,37.39246124000002,36.92780771346156,36.19680945150162
40.85699667,-73.928225,36.93615557000001,36.93602577177217,36.1861373927445
40.857045,-73.928225,36.93615557000001,36.92138020506332,36.183857036634635
40.85709,-73.92823833,36.93615557000001,36.94395292812502,36.201560627403865
40.85713333,-73.92827,36.93615557000001,36.89204580556964,36.234168895981036
40.857175,-73.92831833,35.69712332000003,36.89118048405065,36.25179201000002
40.85720833,-73.92838667,35.69712332000003,36.76869450038463,36.310140852834415
40.857275,-73.92856,35.69712332000003,36.59893284038463,36.36390849142859
40.85731,-73.92864667,35.69712332000003,36.514008466962046,36.40701015213377
40.857345,-73.92872833,35.69712332000003,36.49562537692309,36.40716830066457
40.85737167,-73.92881167,35.69712332000003,36.438110617307714,36.41759853257145
40.85739167,-73.92888833,35.421972710000034,36.29110417220781,36.44978561154343
40.857415,-73.92895833,35.421972710000034,36.19674582038464,36.47537339638712
40.85743167,-73.92902667,35.421972710000034,36.12533987692309,36.466166829582015
40.85744333,-73.92909667,36.07994156000004,36.12803180341774,36.45888604400002
40.85743833,-73.92917333,36.07994156000004,36.1309738965823,36.46648706942859
40.85745833,-73.929235,36.07994156000004,36.083140476153865,36.47436134865387
40.85745833,-73.92930167,36.07994156000004,36.06720166727275,36.47645935604504
40.85745,-73.92936333,35.96031086000002,35.93885828710528,36.438960457516146
40.85746833,-73.92942,35.96031086000002,35.911738996842125,36.44152863730771
40.85747333,-73.92947333,35.96031086000002,35.93910160769232,36.440713571000025
40.85747833,-73.92953333,35.96031086000002,35.93910160769232,36.44362107903848
40.85748333,-73.9296,35.96031086000002,35.94091359650002,36.43817844849842
40.85747833,-73.92972333,35.96031086000002,35.92477676896106,36.435000831747594
40.85748333,-73.92978333,35.96031086000002,35.863682510810825,36.402558544516154
40.85748667,-73.92983833,35.96031086000002,35.82021822945947,36.36255871854371
40.85749167,-73.92989667,35.715922430000035,35.88202932402599,36.34870965368934
40.857495,-73.92996167,35.715922430000035,35.88202932402599,36.35396201822582
40.85749667,-73.93003,35.715922430000035,35.90483376615386,36.34472271061095
40.85749,-73.93011833,35.715922430000035,35.88362735935067,36.35241050800645
40.857465,-73.93021833,34.91781476,35.86656266671055,36.35166865479102
40.857445,-73.93041167,34.91781476,35.892498219615405,36.250247409552735
40.85743,-73.93050667,34.553795630000025,35.928704991519005,36.2586358619304
40.85738333,-73.93068833,34.553795630000025,35.86357651192309,36.22216855942125
40.85735,-73.93078167,34.553795630000025,35.91033327269232,36.19722987888181
40.85730667,-73.930875,34.553795630000025,35.86904107278482,36.18133007977638
40.85726333,-73.93097,34.70247950000004,35.84991746721521,36.15976430095543
40.85717833,-73.93112,34.70247950000004,35.81927371423079,36.1269886333654
40.85714167,-73.93118333,34.70418851000002,35.858724642207804,36.09401869756495
40.85712333,-73.93126333,35.00497427000005,35.88253980753249,36.11452840546625
40.857125,-73.93128667,35.00497427000005,35.879045243461555,36.11896303913185
40.85725833,-73.93129667,34.99130219,35.926023846875026,36.012286465714304
40.85730333,-73.93125667,34.99130219,35.914448819493686,36.025642634683564
40.85735333,-73.93122667,34.70247950000004,35.92630594307693,36.01365599642175
40.857405,-73.93119167,34.70247950000004,35.90045112012988,35.99911641287099
40.85748833,-73.93111667,34.64779118000004,35.95925397223686,36.020950491350504
40.857495,-73.93108333,34.64779118000004,35.93887055272729,36.0037551109709
40.85756833,-73.931035,34.64779118000004,35.97904423884617,35.96093331092654
40.85766833,-73.930985,34.64779118000004,35.983523109746855,35.88620148015824
40.85771,-73.930955,34.59481187,35.97781198772154,35.87937625667723
40.85775333,-73.93093167,34.59481187,36.01486938177218,35.86639126600002
40.85778667,-73.93089333,34.59481187,36.05898482487503,35.87021853788645
40.85786833,-73.93089167,34.59481187,36.07946563316458,35.808686407714305
40.85789833,-73.930925,34.59481187,36.07946563316458,35.788057795126605
40.85792833,-73.93097833,34.64779118000004,36.019477218860786,35.75525150038341
40.85795,-73.93104,34.64779118000004,36.038658980779246,35.73754776689322
40.85797,-73.93111833,34.64779118000004,36.05329449618423,35.65049802153848
40.857995,-73.93120833,34.695643460000014,35.99089074560002,35.54544456109326
40.85801833,-73.93129667,35.78770085000002,35.91837438384618,35.52987039903849
40.85804167,-73.93137667,35.78770085000002,35.878126948734206,35.44501450514288
40.85805833,-73.93144167,35.78770085000002,35.86420041012502,35.44594767885716
40.85807167,-73.93149,35.78770085000002,35.80174069164559,35.42489701600001
40.858165,-73.93158,36.85412309000003,35.738745285063324,35.287597716719766
40.85819667,-73.93160833,36.85412309000003,35.723744437307715,35.250890368102915
40.85821167,-73.93164333,36.85412309000003,35.77154097063294,35.22575426057694
40.85822333,-73.93167833,36.85412309000003,35.77154097063294,35.20754673096155
40.85824167,-73.931695,36.85412309000003,35.77154097063294,35.18926977194269
40.85827333,-73.93169333,36.69689417000001,35.76340223346157,35.190186181214074
40.85831833,-73.93168,36.69689417000001,35.75751573831172,35.13298021451924
40.85837667,-73.93165833,36.69689417000001,35.730102594054074,35.15614998683872
40.85844333,-73.93163,36.69689417000001,35.659912475600024,35.1013690071154
40.85851167,-73.931595,36.69689417000001,35.59333980363639,35.060092598967756
40.85858,-73.93156,36.62169773000002,35.611780985189895,35.053017653354644
40.85864667,-73.931525,36.62169773000002,35.55761185810129,35.019091235142874
40.85871167,-73.93149,36.26280563000006,35.62816476650003,35.01113213142858
40.85882667,-73.931435,36.72082031000002,35.61779496974686,35.00625739252397
40.85886667,-73.93141333,36.72082031000002,35.69236876653849,35.005018373483885
40.85889333,-73.93140167,36.72082031000002,35.60361911037502,34.98624089115386
40.85897667,-73.931355,36.72082031000002,35.55572410512502,34.96543374657145
40.85902333,-73.93133833,36.72082031000002,35.511896174444466,34.9470518108228
40.85907,-73.931325,37.16858093000002,35.52140203538464,34.909155047987234
40.85910833,-73.93131167,37.16858093000002,35.56611364202534,34.91032015245224
40.85913833,-73.93130333,37.16858093000002,35.57319873237502,34.87089862560511
40.85925333,-73.931345,37.16858093000002,35.44704540101268,34.780984758083086
40.85928333,-73.93139167,37.16858093000002,35.38349862237502,34.76581115172526
40.859335,-73.93149667,37.21985123000002,35.237202436538475,34.66778824556272
40.85935167,-73.93152833,36.67125902000001,35.237202436538475,34.64458816448389
40.85936167,-73.93155167,36.67125902000001,35.24135032844158,34.60224139257237
40.8594,-73.93171,36.67125902000001,34.78821122949369,34.46863903617836
40.85942167,-73.93177333,36.67125902000001,34.71152210987344,34.410900692285736
40.85944,-73.93184667,35.85093422,34.68188592950002,34.3848485618153
40.85946167,-73.93192,35.85093422,34.63724173555558,34.31672457509496
40.85949667,-73.93205667,35.85093422,34.41037025230771,34.19594547480647
40.859495,-73.93213167,35.85093422,34.25902385455698,34.15707052587861
40.85948167,-73.93220167,35.85093422,34.15657898075002,34.1104708162102
40.85944833,-73.932255,35.85093422,34.21310448650002,34.08956685984179
40.85935833,-73.93233167,34.90756070000003,34.37110462430381,34.118058333557705
40.85930167,-73.93236,35.22714557000003,34.41954839710528,34.152476941941764
40.85918333,-73.932425,35.22714557000003,34.60822102538464,34.207870304285734
40.85912333,-73.93245833,35.22714557000003,34.62434096683548,34.201209940702896
40.85906667,-73.932495,35.22714557000003,34.66550079612502,34.218152618115035
40.859015,-73.932525,35.594582720000034,34.699915985000025,34.23170828107144
40.85897667,-73.93254667,35.594582720000034,34.67699971454548,34.22015828745163
40.85895,-73.932565,35.594582720000034,34.64086749846157,34.2128536479355
40.85891,-73.93259,34.80502010000001,34.761762171558466,34.23036411369777
40.858885,-73.93260333,34.80502010000001,34.866500070129895,34.23446435503228
40.85885167,-73.93262,34.80502010000001,34.939743355844186,34.25989584860391
40.85880833,-73.932645,34.80502010000001,34.975351430000025,34.24798143673079
40.858755,-73.93267167,35.40317360000003,35.058413698076954,34.304661159490465
40.85871,-73.93269333,35.40317360000003,35.13612496333335,34.328633562500016
40.85866333,-73.93270667,35.40317360000003,35.14199793253167,34.32475019105097
40.85861333,-73.93273,35.40317360000003,35.2558742444304,34.38208366665607
40.85856167,-73.93275833,35.40317360000003,35.259222373076945,34.39547619885716
40.85851667,-73.932785,35.40317360000003,35.372240519000016,34.43490045329116
40.85848,-73.93280333,36.08848661000002,35.43908444303799,34.42019987685716
40.85844833,-73.93282333,36.08848661000002,35.418949076923106,34.45680931250001
40.85836333,-73.932865,35.02206437000001,35.5488338369231,34.53123230183282
40.85831667,-73.93288667,35.02206437000001,35.65037432493673,34.566134246783456
40.85827333,-73.93290833,35.02206437000001,35.661299841153856,34.579392559329094
40.85823167,-73.93293167,35.80308194,35.66002265987344,34.57216200990386
40.8582,-73.93295167,35.80308194,35.69532885950002,34.57776545076679
40.85817167,-73.93296833,35.80308194,35.72063316269232,34.6267427923226
40.85814833,-73.93297833,35.80308194,35.75514088025976,34.6267427923226
40.858095,-73.932965,35.80308194,35.8298864126316,34.663371377961184
40.85807667,-73.93294167,35.80308194,35.801131915769254,34.663809714244394
40.85805667,-73.93286667,35.80308194,35.81930671848104,34.734644924632605
40.85805167,-73.93280833,36.87463121000002,35.86947697850002,34.783698165714306
40.85804,-73.93273833,36.87463121000002,35.88734262291141,34.792851516139265
40.85803167,-73.93267,36.87463121000002,35.92518851346156,34.82977353146499
40.858025,-73.93256333,37.40955134000001,35.814059042692335,34.902698290903245
40.85802,-73.93252667,37.40955134000001,35.76316756171055,34.945043148354856
40.85800833,-73.93236,37.40955134000001,35.84236725961541,35.02807593552718
40.85798833,-73.93232833,37.40955134000001,35.85662370898737,35.049621473738036
40.85796667,-73.93229,37.85731196000003,35.912370938461564,35.1085204932476
40.857935,-73.93226333,37.85731196000003,35.94378321898737,35.14401561073484
40.85789667,-73.93225,37.85731196000003,35.94378321898737,35.170595357316316
40.85785833,-73.93225,37.85731196000003,35.93582929175002,35.19755528257145
40.85781167,-73.93226167,37.85731196000003,35.99565924405065,35.23843918703824
40.85775167,-73.93228,37.85731196000003,35.958082657088625,35.245351424936324
40.85768333,-73.93230333,37.30188371000003,36.01863630384618,35.29050492471156
40.85761,-73.932335,37.64881274000004,36.06150561462502,35.37257418285716
40.85753333,-73.93237167,37.64881274000004,36.13057645884618,35.39684861443731
40.857455,-73.93240333,37.64881274000004,36.13793834807694,35.48778602778848
40.85737667,-73.93244167,37.92054533000004,36.21282804269232,35.53205145920384
40.85729833,-73.93247667,37.92054533000004,36.194834624683565,35.55161799089174
40.85722,-73.93250667,37.92054533000004,36.27210530779223,35.61072764405146
40.85707333,-73.93256,37.95472553000002,36.46642847480002,35.70601893615387
40.85700833,-73.93258833,38.07606524000002,36.56947304779223,35.75333381289391
40.85695167,-73.932615,38.07606524000002,36.53280757696204,35.813735864519245
40.85687333,-73.932655,38.031630980000045,36.55429864812502,35.87234838657145
40.85685333,-73.93266,38.031630980000045,36.55316426569622,35.877104459392996
40.856825,-73.93278,38.031630980000045,36.64201115265824,35.812938682388555
40.85677667,-73.9328,38.031630980000045,36.67898121333335,35.85142327632077
40.85670667,-73.932805,38.031630980000045,36.65380575537502,35.949405748571444
40.85662,-73.93280667,37.71717314,36.743703288051975,36.003602116527354
40.85653333,-73.93283167,37.71717314,36.78521493038463,36.06555104267518
40.85644667,-73.93286667,37.71717314,36.850943033417735,36.08614080328027
40.85628,-73.93293833,37.18225301000001,36.94169889730771,36.17769033774922
40.85620667,-73.93297,37.18225301000001,37.04347677905407,36.23085098964632
40.85613833,-73.93299833,37.18225301000001,37.1554400287838,36.34193998300973
40.85607833,-73.93301833,36.592644560000025,37.085934959230784,36.35587546625001
40.85599667,-73.93304833,36.592644560000025,37.12111804468356,36.423115122165626
40.855975,-73.93305667,36.592644560000025,37.12111804468356,36.42805333342859
40.85596,-73.93305667,36.592644560000025,37.12111804468356,36.432635794620275
40.855925,-73.93308,36.592644560000025,37.11167966115386,36.44533332342859
40.85582833,-73.93312833,37.124146670000016,37.17398918949368,36.5222550497143
40.85577833,-73.93315,36.614861690000026,37.20392931405064,36.526790708000014
40.85572167,-73.93317333,36.614861690000026,37.23495109050634,36.60000264485532
40.85565833,-73.93319833,36.614861690000026,37.29115967225002,36.64900923375798
40.85559667,-73.93322667,36.614861690000026,37.36411303662502,36.6646345717143
40.85553667,-73.93325333,36.100449680000025,37.40379134333335,36.68787618641512
40.85548,-73.93327333,36.100449680000025,37.41945483384616,36.75593717894232
40.85542667,-73.93329333,36.100449680000025,37.48335920937502,36.78381496114287
40.85537167,-73.93332167,36.100449680000025,37.49835496088608,36.80462166977709
40.85530833,-73.93334833,36.100449680000025,37.48678971402598,36.841742384115776
40.85523833,-73.93337333,36.069687500000015,37.54215702381581,36.94143049509617
40.85466,-73.933585,38.31874465999999,37.85399943444446,37.32964971424052
40.85457833,-73.93361333,38.31874465999999,37.919055423846174,37.39301095340766
40.85432333,-73.93373667,39.63980939000001,38.01145151576924,37.58438141443732
40.85430167,-73.93374833,39.63980939000001,38.01145151576924,37.59988685115386
40.85456167,-73.93472,40.337085470000034,38.52856349531647,37.19665985544588
40.85458167,-73.93480333,39.58683008000003,38.55984324575002,37.17823437945689
40.85460167,-73.93489333,39.58683008000003,38.55290039262501,37.125573557714304
40.854625,-73.93498833,39.58683008000003,38.559561697307714,37.065817179012754
40.85464833,-73.93507,39.58683008000003,38.53779332444446,36.97160671098103
40.854675,-73.93514333,39.58683008000003,38.56271679269232,36.97908764286626
40.85469333,-73.93519333,39.58683008000003,38.56271679269232,36.98724452810291
40.854705,-73.93522667,39.58683008000003,38.60527367868423,36.98624610180647
40.85471833,-73.935255,39.58683008000003,38.59278552324677,36.94675253815536
40.85473167,-73.93529333,38.67592775000003,38.550644170769246,36.8732409221222
40.85474667,-73.93534667,38.67592775000003,38.503953141153865,36.782865041634636
40.85476333,-73.93541333,38.09315534000001,38.48973219215191,36.77976472221155
40.854795,-73.935485,38.09315534000001,38.4688307946154,36.741936443173095
40.85481667,-73.93556333,37.86756602000003,38.41396093142859,36.6912599499355
40.85484333,-73.935635,37.86756602000003,38.41484183040542,36.59000733370609
40.85489,-73.93574667,37.86756602000003,38.22942184620256,36.497016932926066
40.85491167,-73.935785,37.86756602000003,38.22942184620256,36.42151026657144
40.85492833,-73.93581333,38.36146991000001,38.22942184620256,36.40929762685716
40.85494667,-73.93585,38.36146991000001,38.17636276437501,36.40929762685716
40.85500167,-73.93591333,38.36146991000001,38.113230799240526,36.26239742697454
40.85502833,-73.935925,37.92396335000001,38.113230799240526,36.263887281898754
40.855055,-73.93592167,37.92396335000001,38.09490761607597,36.25937128187899
40.85508667,-73.93591333,37.92396335000001,38.11046454384617,36.23403729500002
40.85511833,-73.93589833,37.92396335000001,38.071920890750015,36.1416183157962
40.85515667,-73.93588333,37.92396335000001,38.064764411375016,36.14530169800002
40.855245,-73.93585333,37.92396335000001,38.0412635818182,36.083326608746
40.85533833,-73.93581333,37.04895023000003,37.96127673500001,35.976312418598745
40.855375,-73.93579167,36.59777159000004,37.9676404536709,35.9415879478981
40.85540833,-73.935775,36.59777159000004,37.975167918846175,35.90542660254779
40.85544,-73.935755,36.59777159000004,37.95561248455699,35.91162306400002
40.85547333,-73.93573167,36.59777159000004,37.95561248455699,35.91539916228574
40.85552167,-73.93570167,36.59777159000004,37.94005833025319,35.88966813993612
40.85564667,-73.93563333,36.14659295000004,37.96440252168833,35.8932912909968
40.85572167,-73.93559833,36.14659295000004,37.90849348025976,35.791799155534
40.85579333,-73.93555833,36.14659295000004,37.801550031153866,35.68328143451925
40.85586333,-73.93551,36.01158116000002,37.75192301000001,35.614057862436724
40.85593167,-73.93546167,36.01158116000002,37.73338737237502,35.58643788120255
40.85599833,-73.93541833,36.01158116000002,37.71100772417723,35.54010056628574
40.85607,-73.93538667,36.01158116000002,37.625057501000015,35.47551083914287
40.85613667,-73.93535167,36.08335958000004,37.57619091246755,35.44373373765276
40.856205,-73.93531667,36.08335958000004,37.48886693230772,35.36304758385854
40.85626833,-73.93527667,36.08335958000004,37.44495852153848,35.294114660576945
40.85633,-73.93525,36.08335958000004,37.44495852153848,35.28126969759617
40.85638,-73.935215,36.22691642000001,37.382382463076944,35.25591390500002
40.856425,-73.935175,36.22691642000001,37.361720693038,35.214443024519255
40.85645833,-73.93514667,36.22691642000001,37.32267666500002,35.20973435028664
40.85648333,-73.935125,36.22691642000001,37.319127182692334,35.20296986028573
40.85655167,-73.93507667,36.22691642000001,37.264000655000025,35.146265170223664
40.856595,-73.93504,36.22691642000001,37.229261882467554,35.11068011038587
40.85664167,-73.93500167,36.53795624000003,37.07200050237502,35.06329971384617
40.856685,-73.93496167,37.95814355000002,37.06517500848103,35.0067429597143
40.85677833,-73.93491333,37.95814355000002,36.89490434112501,34.96797474777072
40.85682667,-73.9349,37.95814355000002,36.859933724000015,34.92835184076435
40.85687333,-73.93490333,37.95814355000002,36.81148329050002,34.90930768800002
40.856915,-73.93493,38.46571952000002,36.73955612333335,34.82083925901901
40.856975,-73.935025,36.98913488000005,36.50490095797469,34.68479989971521
40.85699667,-73.93508333,36.98913488000005,36.49621695730771,34.66238055610225
40.85701667,-73.93514167,36.98913488000005,36.49621695730771,34.6697994920579
40.85704,-73.93519833,36.98913488000005,36.48234413081083,34.553696076019435
40.857065,-73.93525333,36.98913488000005,36.14527131560001,34.47174109825808
40.85712167,-73.93536,36.98913488000005,36.02109026692309,34.30140815958468
40.857175,-73.935385,37.34119094000005,35.85593145177216,34.24622808428573
40.85719833,-73.93540333,37.34119094000005,35.77422103362502,34.22009379485716
40.857215,-73.93549,37.34119094000005,35.73312069518989,34.141983899714305
40.85720167,-73.93555,36.36534623000003,35.64957011675002,34.10228061342859
40.85716167,-73.93561333,36.27818672000004,35.54364107576925,34.099841909453396
40.85710833,-73.93566667,36.27818672000004,35.60749024289475,34.10206197389069
40.85705167,-73.93571167,36.27818672000004,35.77803924680002,34.15258909971156
40.85699167,-73.93574667,36.27818672000004,35.92918091835444,34.21701658567309
40.85693833,-73.93580333,36.27818672000004,35.92918091835444,34.24285922143314
40.85688333,-73.935855,35.61509084000002,35.986811331519,34.2336627917143
40.85683,-73.93590167,35.61509084000002,36.00797087637501,34.25371294373419
40.85677667,-73.93595333,35.61509084000002,36.02552752555557,34.26850919339624
40.85672167,-73.93601667,35.61509084000002,36.057832595189886,34.29559905232485
40.85665833,-73.93608,36.71056625000003,36.1079293731169,34.29052566186497
40.85658167,-73.93613833,37.24719539000003,36.30420924560003,34.420863412038855
40.8565,-73.93619667,37.24719539000003,36.27920768701301,34.43576403581995
40.85633,-73.93632333,37.75477136000001,36.15873130307695,34.44859898898091
40.856245,-73.93637833,37.75477136000001,36.312280387848126,34.53144870177217
40.85616333,-73.93643333,37.75477136000001,36.41971973236845,34.61197940087381
40.85608333,-73.93648833,38.15467970000003,36.500942112025335,34.685746588585225
40.85601,-73.93653833,38.15467970000003,36.43217290307695,34.75709661125001
40.85594333,-73.93659,38.15467970000003,36.41959634230771,34.76633382861739
40.85588667,-73.93662667,38.33583476000001,36.31219385569622,34.76746022317309
40.85578667,-73.9367,37.89661919000002,36.38837404423079,34.75352193200002
40.85570833,-73.93675667,37.89661919000002,36.52455400368423,34.85153824961292
40.85567667,-73.93677167,37.89661919000002,36.53631212911394,34.891857464345065
40.85565333,-73.93678167,37.89661919000002,36.53631212911394,34.90500259325951
40.85563833,-73.93678,37.89661919000002,36.53631212911394,34.947516921139254
40.85560167,-73.93677333,37.89661919000002,36.56820571700002,34.93797022714288
40.855565,-73.93677,37.89661919000002,36.620399747721535,34.982827670571446
40.85547,-73.93679,38.37343298000002,36.74643382696204,35.07297772487344
40.855415,-73.93681167,38.37343298000002,36.74332227500001,35.15343973616615
40.855365,-73.93683333,38.37343298000002,36.77200515950002,35.20850870778483
40.855325,-73.936855,38.37343298000002,36.8315814644304,35.23386694798724
40.85529667,-73.93687333,38.37343298000002,36.82384293846155,35.25745310951925
40.85527,-73.93689333,38.35292486000003,36.84879630558444,35.27342666338712
40.855235,-73.93691333,38.35292486000003,36.91418258428573,35.363509181414805
40.85505333,-73.93699833,38.35292486000003,36.981636598625016,35.43835845763579
40.85498167,-73.93702667,38.35121585000002,36.99608335486844,35.49158454635486
40.85492,-73.937045,38.35121585000002,36.9500274044156,35.486099175548404
40.85487167,-73.93706167,38.35121585000002,36.9500274044156,35.512991274838726
40.85483333,-73.93707167,38.35121585000002,37.018985588000014,35.543817979228315
40.85480833,-73.93707833,38.35121585000002,37.05070542945948,35.58127881900323
40.854615,-73.93712167,38.58876824000004,37.28360379291141,35.77783077642406
40.85459167,-73.93713167,38.58876824000004,37.28407056730771,35.79222023200001
40.85457167,-73.93714333,38.58876824000004,37.19413062950002,35.79952828428573
40.85371833,-73.93731,37.97865167000003,37.79313644346156,36.521143718057345
40.85368667,-73.93732,37.97865167000003,37.79313644346156,36.50804308740386
40.853655,-73.93733,37.35657203,37.80907028531647,36.49684717837062
40.85362833,-73.93734167,37.35657203,37.82437079225002,36.53059770012741
40.85339667,-73.937515,36.93102854000003,37.89797308103898,36.62024231503228
40.85341833,-73.937565,36.881467250000014,37.65242795346156,36.50677092890677
40.85343833,-73.937625,36.881467250000014,37.6402233001299,36.436228930932494
40.85345667,-73.93769333,36.59435357000001,37.58104392038464,36.35644283919357
40.85347333,-73.93777,36.59435357000001,37.52580840987015,36.235858401354854
40.85348833,-73.937855,36.59435357000001,37.52580840987015,36.14253952884617
40.85350167,-73.93793667,36.59435357000001,37.21928156000002,35.98083546562704
40.85351667,-73.93801,36.86437715000002,37.05245702974028,35.8647546706431
40.85352667,-73.93807167,36.86437715000002,37.10582958846156,35.77029952453676
40.853535,-73.93812167,36.86437715000002,37.022255061139255,35.71495127828574
40.85353833,-73.93816,36.86437715000002,36.95884862683546,35.67400301066458
40.85349833,-73.93831667,36.86437715000002,36.93076561538464,35.553544569615404
40.85346833,-73.93833667,36.86437715000002,36.87025614440002,35.60679695440896
40.85343333,-73.93835167,36.86437715000002,36.94744889283786,35.66869512776701
40.853395,-73.93836667,37.04895023000003,36.98633831818184,35.70790833456313
40.85335167,-73.93838833,37.04895023000003,36.88972376584418,35.74120475212905
40.853155,-73.938425,37.04895023000003,36.94220283615387,35.77591306307694
40.85308833,-73.93844333,37.30017470000004,36.91333917675326,35.82149638536979
40.85303167,-73.93846167,37.30017470000004,36.95051569298704,35.86104447980585
40.85299167,-73.93847667,37.30017470000004,37.00664668376625,35.896231281165065
40.852955,-73.93848833,37.30017470000004,37.03264890384618,35.90605116630227
40.85292167,-73.93850167,37.28650262000002,37.11266562846156,35.93016914859874
40.852885,-73.93851667,37.28650262000002,37.13046351708862,35.97675533400002
40.85283833,-73.93853667,37.54969016000001,37.147017865555576,36.00339192911674
40.85274333,-73.93856333,37.54969016000001,37.207477132278505,36.039768939586004
40.85269167,-73.93857833,37.54969016000001,37.21167394164559,36.10716093514288
40.85264833,-73.93859167,37.54969016000001,37.3186493144304,36.10716093514288
40.85260667,-73.93861,37.54969016000001,37.31809794237502,36.13220243267518
40.85257167,-73.93862333,38.08119227000003,37.3773430746154,36.17044742183873
40.85254,-73.93863667,38.08119227000003,37.38804810025318,36.1925006833654
40.85249,-73.93865167,38.08119227000003,37.38804810025318,36.22477337571431
40.85247667,-73.938655,38.08119227000003,37.38804810025318,36.22477337571431
40.85232667,-73.93861,38.84853776,37.54475539362502,36.401186765664576
40.852315,-73.93856333,38.84853776,37.62538415987344,36.467767090445875
40.85230333,-73.93851667,38.84853776,37.6501107222785,36.559318865000016
40.85228167,-73.93842167,38.42641229,37.79261059423079,36.68034635201926
40.85227167,-73.93837833,38.42641229,37.85465849710528,36.75916760905846
40.85226333,-73.93834333,38.42641229,37.910269359615405,36.78217486451925
40.82678667,-73.94687833,39.27408125,38.326720040000005,37.97654953309905
40.82681167,-73.94695667,39.27408125,38.27939304012988,37.94867783977421
40.82681667,-73.94700667,39.27408125,38.27608599480521,37.91462149469455
40.82683667,-73.94705,38.57167814000002,38.241685837307706,37.88999677625002
40.82684,-73.94711,38.57167814000002,38.23013573645572,37.863844176000015
40.826875,-73.947165,38.57167814000002,38.200993871000016,37.837527720031865
40.82691167,-73.94721667,38.57167814000002,38.155309335263176,37.81744059077671
40.82697667,-73.94728667,38.57167814000002,38.13903568538464,37.7598764796154
40.82700333,-73.94732167,38.57167814000002,38.13372768129872,37.7145848965595
40.82701,-73.947335,38.57167814000002,38.134522146153856,37.686761526153866
40.82703667,-73.94750333,38.50160872999999,38.07156556810128,37.60849860920384
40.82704167,-73.947555,38.50160872999999,38.046903904810144,37.59999165815288
40.82704667,-73.94761333,38.50160872999999,38.05942375512502,37.58654272914014
40.82705,-73.94767667,38.39052308000004,38.054510351375015,37.55176809914287
40.827075,-73.9478,38.39052308000004,38.04929075000002,37.46856696096156
40.82709333,-73.947855,37.39246123999999,38.03276292168833,37.435137033118984
40.82711333,-73.94790833,36.41832554000001,38.01278860392408,37.4023192437143
40.82713333,-73.94795667,36.41832554000001,37.97382371675002,37.38783877485716
40.82714333,-73.94800667,36.41832554000001,37.96745546346156,37.35417284288463
40.82715667,-73.94805,36.41832554000001,37.98869210375001,37.31947136987343
40.82716833,-73.94809667,36.41832554000001,37.97458465886078,37.31174589509556
40.82718333,-73.948145,36.41832554000001,37.95145704837502,37.24548093729301
40.827205,-73.94819667,36.41832554000001,37.95219446455698,37.23507498257145
40.827225,-73.948255,36.41832554000001,37.932749414230784,37.22137947932695
40.82724833,-73.948315,36.41832554000001,37.9028337718182,37.162448276752436
40.82727333,-73.94838,36.41832554000001,37.81205564455698,37.10033482684715
40.82729667,-73.94844667,35.54331242000001,37.76754511423079,37.060026138757976
40.827315,-73.94850667,35.54331242000001,37.77097450544306,37.0197990912739
40.82731833,-73.948565,35.54331242000001,37.75628567265825,36.99049990396168
40.82733667,-73.94860833,35.54331242000001,37.73768126000002,36.98681040659166
40.82735333,-73.948645,35.54331242000001,37.71204611000002,36.956779836310695
40.82737667,-73.94870333,35.401464590000046,37.67262494600002,36.907536521511275
40.82739167,-73.94872333,34.929777830000035,37.57361630000002,36.87534468019419
40.8274,-73.94874167,34.929777830000035,37.53807351094596,36.80636392913463
40.82748167,-73.94891167,34.929777830000035,37.42963220750001,36.697518094285726
40.82755,-73.94896667,34.929777830000035,37.34127858153848,36.64087479413463
40.82756667,-73.948995,35.461279940000054,37.310082631392426,36.60530429649684
40.82758,-73.94903333,35.461279940000054,37.27136254423078,36.578687645000024
40.82759333,-73.94908,35.461279940000054,37.21380396384616,36.52570470652868
40.82760667,-73.94912333,35.461279940000054,37.177234145189885,36.49483204129339
40.82765833,-73.94920667,35.89878650000003,37.106923400389626,36.39802623794214
40.82767,-73.94925,35.89878650000003,37.08304278846156,36.37661040773165
40.82769167,-73.94930167,35.89878650000003,36.94939498924053,36.33779047828573
40.82774333,-73.94934333,35.89878650000003,36.8304598746154,36.229463606879
40.82778,-73.94939,35.89878650000003,36.82450746101267,36.196629268338675
40.827825,-73.94949,35.89878650000003,36.66255656118423,36.10538866359225
40.82784,-73.949545,36.22520741,36.647332880000015,36.083193656699045
40.82785333,-73.94960833,36.22520741,36.50146656702704,35.964269147677435
40.82787333,-73.949675,36.22520741,36.36090280400001,35.841614345530566
40.82789333,-73.94974333,37.41126035000002,36.30055722269232,35.793410372154355
40.82791333,-73.94981667,37.16858093000002,36.27803718162502,35.73333263028573
40.82802,-73.95022333,35.73813956000004,35.801589260379764,35.269016315000016
40.82803833,-73.95029667,35.73813956000004,35.78523468367091,35.135762209335454
40.82807667,-73.95035667,35.73813956000004,35.73472154000002,35.1096375257325
40.82813333,-73.95048,35.73813956000004,35.555560325000016,34.94666590645368
40.828145,-73.95053667,35.73813956000004,35.51428173697371,34.875194255774204
40.82815833,-73.95057833,35.73813956000004,35.47083286769232,34.82461601530548
40.82817833,-73.95061167,34.50423434000004,35.471489610129886,34.71087665490386
40.828305,-73.95069167,34.50423434000004,35.13293091615387,34.46587473413463
40.82832833,-73.95073167,34.50423434000004,35.08475691405066,34.42931547805734
40.82834167,-73.95077333,34.50423434000004,35.08454058367091,34.36450654772153
40.82824667,-73.95092667,33.335271500000005,35.14085166246755,34.407357574423095
40.828195,-73.95097833,33.335271500000005,35.132683926363654,34.400190033149364
40.82813667,-73.95102833,33.555733790000005,35.04964954423079,34.362611813569146
40.82803167,-73.951135,33.513008540000044,35.00040969898736,34.352787661501615
40.82797667,-73.95118667,33.513008540000044,35.013173191392426,34.33353472015926
40.82792333,-73.951235,33.513008540000044,35.05090391375002,34.370692841142876
40.82787,-73.95128167,34.65975425000002,35.04259440038463,34.37931826722047
40.82769333,-73.95141667,34.65975425000002,35.105495130909105,34.51584571662381
40.82763,-73.95146833,34.65975425000002,35.06898642936711,34.48591178086539
40.827565,-73.951525,35.24423567000002,35.12477803430382,34.463807600284824
40.827455,-73.95165,35.24423567000002,35.12164124379749,34.47828994057144
40.82741667,-73.95170667,35.20663745000002,35.10327479455698,34.51834462769233
40.82738333,-73.95175333,35.20663745000002,35.09171207623378,34.52517246896776
40.82733833,-73.95182667,35.693705300000005,35.13880972844158,34.56954371894233
40.82732,-73.95185333,35.693705300000005,35.13873278600001,34.575265411575586
40.82731,-73.95186833,35.693705300000005,35.15758664350651,34.5766611946624
40.82721167,-73.95186,35.693705300000005,35.17278590576925,34.64710100288463
40.82719167,-73.95180167,35.693705300000005,35.20332759518989,34.68642565685715
40.82716833,-73.95172333,35.693705300000005,35.33417779884617,34.81152853424922
40.82714167,-73.95164167,35.902204520000026,35.424806637974704,34.834230109525336
40.82711333,-73.951565,35.902204520000026,35.505949188875014,34.96541826006331
40.82708333,-73.95148333,36.36021920000002,35.59780354653848,35.03975152798079
40.82705333,-73.95139667,36.36021920000002,35.61382003769233,35.10430566794214
40.82702333,-73.95130667,36.36021920000002,35.77135570307694,35.29593457885716
40.82699333,-73.95121167,36.36021920000002,35.88820794443039,35.337798559240525
40.82695333,-73.95113167,36.36021920000002,35.91355409923078,35.46247789556272
40.82691667,-73.95106,36.626824760000005,35.9842594869737,35.50538682470781
40.82688667,-73.95099333,36.626824760000005,36.243752477973,35.63962499317309
40.826855,-73.95093833,36.626824760000005,36.30577502428573,35.760944677363355
40.82683,-73.95088333,36.626824760000005,36.31420739230771,35.76589453971155
40.82679833,-73.95083167,37.20276113,36.340598034556976,35.78696841714288
40.82676333,-73.95078833,37.20276113,36.430222878846166,35.86472059684715
40.82672833,-73.95075667,37.20276113,36.47139138215192,35.93615612630575
40.8267,-73.95072833,37.20276113,36.511466585000015,35.97068504210864
40.82667833,-73.95070833,37.20276113,36.511466585000015,36.0055065058654
40.82666,-73.95069167,37.20276113,36.55511123911394,36.0581638897143
40.82647333,-73.950665,37.689828980000016,36.71256759065792,36.20557033380647
40.82642833,-73.95056333,38.03846702000001,36.904345197200016,36.317180723086835
40.82641,-73.950515,38.03846702000001,36.96847139545456,36.390019718424455
40.82639167,-73.95046333,38.03846702000001,37.0055543558228,36.433027408076946
40.82637,-73.95040833,38.03846702000001,37.00530474384617,36.45729639342859
40.82635333,-73.95033667,38.03846702000001,37.09037235987502,36.46931371771431
40.82631,-73.95018333,38.03846702000001,37.233651485750016,36.644435701142875
40.82628,-73.95011333,38.60585834,37.259461322531656,36.675350784326945
40.82626,-73.95003333,38.37172397000003,37.403926750126594,36.702325024000025
40.82623167,-73.94996667,38.37172397000003,37.503675065750016,36.74552228628573
40.826205,-73.9499,38.37172397000003,37.562302221139255,36.793915865095556
40.82618,-73.94983833,38.37172397000003,37.5995143746154,36.85170877428573
40.82615667,-73.94977667,38.42470328000002,37.65450222898736,36.8890063637342
40.82613333,-73.949715,38.42470328000002,37.67648982402599,36.925220104083614
40.82611167,-73.949655,38.42470328000002,37.68665510428573,36.94972809601943
40.82608667,-73.94959333,38.42470328000002,37.80222413116884,36.98538165225082
40.82605667,-73.94952667,38.42470328000002,37.92689934153848,37.06429285353699
40.82602333,-73.94945333,38.39052308000001,37.92380594118423,37.099658210580664
40.82598833,-73.94937167,39.40567502000002,37.94293552430382,37.15156751634617
40.825915,-73.94918333,39.40567502000002,38.079977973421066,37.27560905948389
40.82588333,-73.94907833,39.40567502000002,38.14992514653848,37.30345708428573
40.825805,-73.94887667,39.34244165000004,38.24268289848103,37.43960596808918
40.82577167,-73.94877,39.34244165000004,38.27623574037976,37.48290730769232
40.82573833,-73.94866,40.14054932000002,38.32501824101267,37.529268846857164
40.82569833,-73.94855833,40.14054932000002,38.39261661725002,37.59594228414014
40.825665,-73.94845333,40.14054932000002,38.43117615537501,37.62203825000002
40.82562333,-73.94835833,40.30803229999998,38.48562837675326,37.67092546102896
40.82558,-73.94828167,40.30803229999998,38.57877170205481,37.75133114506495
40.82551,-73.94812833,40.32854042000002,38.61414046538463,37.80841134159746
40.825465,-73.948045,39.99015644000002,38.6258689001266,37.834047722285725
40.82544333,-73.94801833,39.99015644000002,38.65424468562502,37.851526362452255
40.82542167,-73.94798667,39.99015644000002,38.652845565555566,37.855446110474695
40.82537833,-73.94791,39.99015644000002,38.68808551734178,37.904185345031664
40.82535667,-73.94786333,39.99015644000002,38.68549820600001,37.930526385207685
40.82533333,-73.947815,39.99015644000002,38.67678225500002,37.93331649418532
40.82531333,-73.94776667,39.99015644000002,38.7242126907595,37.950135617428586
40.8253,-73.94772167,39.99015644000002,38.73952888164558,37.960614538980906
40.825285,-73.94768833,39.99015644000002,38.73553211111113,37.97273503411394
40.825195,-73.94767167,39.550940870000005,38.82028501240508,37.99985424485716
40.825165,-73.94768167,39.550940870000005,38.82452397846155,38.0029831521154
40.82513333,-73.947695,39.550940870000005,38.8465846057143,37.9974893705484
40.82510667,-73.94771833,39.550940870000005,38.87117659376624,38.00077508009679
40.82507333,-73.94775667,39.550940870000005,38.87165321576924,37.98837988076925
40.82499167,-73.94780167,39.550940870000005,38.82450206807693,37.97278278678458
40.82493333,-73.94783667,39.47232641000005,38.83484319302634,37.981457754161305
40.82486667,-73.94788833,39.47232641000005,38.808711337088624,37.96384389006391
40.82479333,-73.94793833,39.47232641000005,38.83127237692309,37.93976219800002
40.82471833,-73.94798333,39.47232641000005,38.78282851653847,37.94597845645369
40.82464667,-73.94803667,39.11685233,38.77749486329115,37.936687805865404
40.82457667,-73.94808833,39.11685233,38.77736506506331,37.92934537514287
40.82452167,-73.94812,39.11685233,38.72696596222224,37.921486367151914
40.82446167,-73.948155,39.11685233,38.7369545501266,37.9130997068153
40.824395,-73.94820667,38.34267080000001,38.69524605291141,37.92408813485716
40.82432833,-73.94825833,38.34267080000001,38.67637164870132,37.92583721627011
40.82426,-73.94831667,38.34267080000001,38.64816788486488,37.92271044234728
40.82419333,-73.948375,38.34267080000001,38.54246960545456,37.9053080401942
40.82412333,-73.94842833,38.06752019000001,38.54849695307694,37.90971617457144
40.82405167,-73.94848167,37.81116869000002,38.47811525075951,37.924964808089186
40.82397833,-73.94853333,37.81116869000002,38.4399329387342,37.93175730643314
40.823905,-73.948585,37.81116869000002,38.401241315555566,37.94617507174052
40.82383,-73.94863333,37.72571819000001,38.36462500538463,37.942652908076944
40.82375167,-73.94868333,37.72571819000001,38.338083457368434,37.95366495466239
40.82367333,-73.94872333,37.31555579000002,38.28321056896106,37.93573898019356
40.82359667,-73.94876833,37.31555579000002,38.22308392076924,37.945161647115405
40.823525,-73.94882167,37.31897381000002,38.208675762784814,37.93924709132913
40.82345333,-73.94888833,37.31897381000002,38.12143945550001,37.9552447229114
40.82337833,-73.94895833,37.31897381000002,38.08287964696205,37.96895820882167
40.82329833,-73.94903833,37.42835045000004,38.02093871230771,37.98649333324761
40.82322167,-73.94909667,37.42835045000004,38.02358348987344,37.97733453490448
40.82307,-73.94921667,37.42835045000004,37.94033955974685,37.96793201432694
40.822995,-73.94928167,37.119019640000005,37.90310466384617,37.9665906312739
40.82292167,-73.94933833,37.119019640000005,37.87838975000002,37.97445831638979
40.82285167,-73.949395,37.119019640000005,37.836205686500016,37.97742468846155
40.82277667,-73.949455,36.97204478000003,37.85054000787502,37.956163268571444
40.822705,-73.94951667,36.43199762000003,37.827717964050656,37.93853347665607
40.82262667,-73.949575,36.43199762000003,37.83076822240508,37.93221635398736
40.82254833,-73.94963667,36.43199762000003,37.786433018947385,37.913064276548404
40.82240167,-73.949745,36.631951790000045,37.76169617974028,37.889976102741954
40.82233333,-73.94979667,36.45934177999999,37.788735229620265,37.887287452857166
40.82226667,-73.94983833,36.45934177999999,37.82025456594938,37.87782554009586
40.82219667,-73.94987667,37.03869617000001,37.83268085337502,37.85687389098103
40.82206,-73.94998833,37.03869617000001,37.854369866835455,37.840807962788475
40.82199167,-73.95003667,37.03869617000001,37.87219833657896,37.83910633257237
40.82192,-73.950095,37.79920562000004,37.95204958013159,37.80005188218651
40.82184833,-73.950155,37.79920562000004,37.9557114973077,37.78144725326925
40.821785,-73.950205,37.79920562000004,37.96002346100002,37.78852971575951
40.82172667,-73.95024833,37.79920562000004,37.99366028346155,37.76882018661344
40.82167167,-73.950285,38.60927636000002,38.00554153620255,37.75873538958468
40.82162333,-73.95031833,38.60927636000002,38.05693747423079,37.768698435142866
40.82157833,-73.95034667,38.43153932000001,38.0771901579747,37.75328621392973
40.82154667,-73.95037167,38.43153932000001,38.068659530000026,37.753730616730785
40.82153667,-73.95041167,38.43153932000001,38.08964854025976,37.748442510064535
40.82152833,-73.95049833,38.43153932000001,38.07089263640002,37.749699105961554
40.82153,-73.95055167,38.43153932000001,38.05490160931509,37.74000617944807
40.82153167,-73.95061667,38.39735912000003,38.064168754805216,37.736691250970885
40.821535,-73.95069167,38.39735912000003,38.064168754805216,37.74115992229034
40.821535,-73.95077667,38.39735912000003,38.07720458000002,37.7361041350161
40.82217833,-73.95185833,37.20617915,37.72210547265824,37.74741115079873
40.822355,-73.951825,36.89001230000002,37.68928815405065,37.74252345500001
40.82236833,-73.95188,36.89001230000002,37.71000417597404,37.7248334613505
40.82236667,-73.95195333,37.339481930000034,37.690539217922094,37.703402146237956
40.82236667,-73.95211833,37.339481930000034,37.670239452875016,37.68666676722931
40.82238,-73.952195,37.339481930000034,37.6767046596154,37.67693471865386
40.822415,-73.95235833,37.339481930000034,37.65763492675678,37.67617349233011
40.82243333,-73.95243833,37.339481930000034,37.62877071363638,37.64142915310681
40.82245,-73.952515,37.706919080000034,37.6126167846154,37.630062928365405
40.82246333,-73.95258667,37.706919080000034,37.59315093329116,37.618252583546344
40.82248,-73.95265167,37.706919080000034,37.61511456846156,37.60899226099043
40.822505,-73.95276667,37.78211552000002,37.577766752857165,37.619043783344175
40.82252,-73.952825,37.78211552000002,37.58939689883119,37.59506161903228
40.822535,-73.95287667,37.87782008000002,37.606547608076944,37.58585324980771
40.822555,-73.95292167,37.87782008000002,37.590079041898754,37.60334764857144
40.82257667,-73.952965,37.87782008000002,37.5979644177778,37.59683395800634
40.82259833,-73.95300833,37.87782008000002,37.57512811653847,37.56407980509617
40.82262,-73.95305167,38.10170039000002,37.56375163468356,37.58309749560511
40.82264333,-73.95309333,38.10170039000002,37.53801192500001,37.583136362115404
40.82267333,-73.95317833,38.10170039000002,37.53999855898736,37.59989165057144
40.82267667,-73.95325167,38.10170039000002,37.54462971480521,37.596087025032276
40.82265833,-73.95328833,37.75306235000005,37.53400999325002,37.61287998834396
40.82264,-73.953315,37.75306235000005,37.54620724088609,37.6046488929747
40.82261333,-73.95334,37.75306235000005,37.54620724088609,37.6172988119304
40.82258167,-73.953365,37.75306235000005,37.52357908316458,37.62734974457145
40.82250333,-73.95342667,37.97523365000001,37.552740418354446,37.647933820571446
40.82246333,-73.95346,37.97523365000001,37.51837255175002,37.66779145933123
40.82243,-73.95348667,37.97523365000001,37.5467979892308,37.6790346523226
40.82240167,-73.95351333,37.97523365000001,37.53198656923079,37.69610809022365
40.82237333,-73.95353833,37.97523365000001,37.53198656923079,37.691767314025576
40.822355,-73.95355833,37.63684967,37.53198656923079,37.691767314025576
40.82233333,-73.95357667,37.63684967,37.53634673576925,37.70801109916934
40.82231667,-73.953595,37.63684967,37.5278407916456,37.710859599872634
40.82220833,-73.95388167,37.09509350000002,37.42396837307694,37.714827333280276
40.82221167,-73.95392167,37.09509350000002,37.44007853112502,37.74037457322787
40.82221667,-73.95395833,37.09509350000002,37.412017506329136,37.726997226146516
40.82222167,-73.95399,37.09509350000002,37.412731396582295,37.730916201246025
40.82227833,-73.95414333,37.40442431000002,37.39983696736845,37.723282295876636
40.822295,-73.95418167,37.40442431000002,37.32966607769232,37.68679012942124
40.82230833,-73.95424,37.40442431000002,37.26947825115386,37.670664043578284
40.82231667,-73.954315,37.40442431000002,37.26199968912501,37.63777741828573
40.82233667,-73.95439333,37.00622498000001,37.23657356835445,37.62799634920888
40.82239667,-73.95455833,37.00622498000001,37.19712601594596,37.620029703838725
40.822435,-73.95464167,37.00622498000001,37.11225196040002,37.52798244644232
40.822505,-73.954825,37.00622498000001,37.03157529500002,37.42696593556964
40.82253167,-73.95492167,37.71375512,37.05407726000002,37.37858841914288
40.82255667,-73.95502167,37.71375512,37.0262448114286,37.354168390129054
40.82257333,-73.95513,37.71375512,36.98503763807695,37.16979080057145
40.82259667,-73.95523833,36.60289862000002,36.92832441025319,37.096568473598744
40.82261333,-73.95535333,36.60289862000002,36.953851395063325,37.028534931629416
40.82262833,-73.95546667,36.06968750000004,37.01878620350002,36.963477889616634
40.82265167,-73.955575,36.06968750000004,36.95776697493673,36.747282923702556
40.82268333,-73.955675,36.06968750000004,36.9755709651899,36.599807162420404
40.82271,-73.95577167,36.06968750000004,37.1099260188889,36.489909876845445
40.82274,-73.955865,36.06968750000004,37.072679176538486,36.442333320605115
40.822775,-73.95595167,36.06968750000004,37.04769095947371,36.38988628621361
40.82280333,-73.95603,35.854352240000026,36.99908219461541,36.132624128713836
40.82283167,-73.956095,35.854352240000026,37.10127222846156,35.974043193557705
40.82285667,-73.95615833,35.854352240000026,37.07484497645572,35.92929671057694
40.82287667,-73.95620667,35.854352240000026,37.06019371684213,35.80771280580647
40.822935,-73.956285,35.38779251,37.18486034576925,35.693963574823165
40.82295833,-73.95633,35.38779251,37.34647333454547,35.558945479423095
40.822975,-73.956375,35.38779251,37.38138596740262,35.47335878164518
40.82300167,-73.95646333,35.38779251,37.230499676923095,35.27718734843452
40.82299,-73.956495,35.38779251,37.13019393615387,35.25804425239618
40.82295167,-73.95653667,35.57578361000003,37.04548838923079,35.23744317165607
40.82289,-73.9566,35.57578361000003,36.99229654850002,35.251027889230784
40.82281667,-73.95667,35.57578361000003,36.806616938607625,35.292464696613436
40.822655,-73.95682,35.02548239000001,36.703431133250014,35.293988063354654
40.82256667,-73.9569,35.02548239000001,36.40445626653848,35.18083303702877
40.822485,-73.95697333,34.62557405000001,36.15520373115387,35.18890099365386
40.822405,-73.95704833,35.08700675000003,35.90547110873419,35.17550279346156
40.82231833,-73.95712333,35.08700675000003,35.82910161725001,35.14302972542859
40.82216667,-73.95726833,34.81527416000003,35.67155306911393,35.10293559961541
40.82202667,-73.95741,35.21347349000004,35.08336962615386,34.94112543659166
40.82196167,-73.95746667,35.27841587,34.96449070844157,34.88961609500002
40.82189833,-73.95752,35.27841587,34.92107940730771,34.85888095629748
40.82182667,-73.95757333,35.27841587,34.89811841975002,34.79107132314287
40.82175833,-73.957625,35.41513667000004,34.802114783000015,34.80885720843951
40.82170333,-73.95767,35.72959451000003,34.82325675101267,34.80993011285717
40.82167167,-73.9577,35.72959451000003,34.79036205269232,34.77695837490386
40.82161333,-73.95784667,35.72959451000003,34.40227783202534,34.5521519324841
40.82158833,-73.95788833,35.72959451000003,34.39360880807694,34.48683301453676
40.82156,-73.957935,35.72959451000003,34.26287453531648,34.476742284903864
40.82151,-73.95803333,35.72959451000003,34.10159602298704,34.38050970929262
40.821475,-73.95808167,35.72959451000003,34.195451289615406,34.3882845846154
40.82142333,-73.958175,34.610192960000006,34.21423531844158,34.25301540077671
40.82138333,-73.95821667,34.610192960000006,34.0695909266234,34.17308884429034
40.82134167,-73.958245,34.610192960000006,34.02910792696205,34.148579499326935
40.82131333,-73.958265,34.610192960000006,34.02910792696205,34.08913360195585
40.82125,-73.958355,34.610192960000006,33.89614326333336,33.98817801438488
40.821225,-73.95838833,33.634348250000016,33.82017604620255,33.96142021142859
40.82116333,-73.95841833,34.26497294000001,33.87463943807695,33.92353329338609
40.82112,-73.95844167,34.26497294000001,33.81703925569623,33.884625688980904
40.82107167,-73.95847667,34.26497294000001,33.7985931057895,33.91907482893551
40.82103167,-73.95851167,34.26497294000001,33.98809140961541,33.92766602096465
40.82098167,-73.95854667,34.26497294000001,34.082714595063315,33.91999316421727
40.82094167,-73.95857167,34.26497294000001,34.0494623969231,33.8187902876997
40.82091,-73.958595,34.26497294000001,34.0494623969231,33.81085283086539
40.82089,-73.95861167,34.96054000999999,34.15466607936711,33.81085283086539
40.82034667,-73.95893,35.79111886999999,34.42948097666668,33.50029609337541
40.82027,-73.95897833,35.79111886999999,34.55949233000002,33.529717650509575
40.82024667,-73.95899,35.79111886999999,34.67014147961041,33.48021862787783
40.82021833,-73.95901167,35.79111886999999,34.76523084153848,33.47882834000002
40.820185,-73.95903833,35.79111886999999,34.84201905675327,33.46901939192928
40.82016167,-73.95906,35.79111886999999,34.87878097160003,33.501313872211554
40.82011667,-73.95909333,35.79111886999999,34.9137221307895,33.447399094806464
40.82004833,-73.95911833,37.13610974000005,34.77918519558444,33.444322876806474
40.81999833,-73.959145,37.13610974000005,34.69914801215192,33.41344227471156
40.81995333,-73.95917333,37.13610974000005,34.69914801215192,33.322946076613945
40.81990667,-73.95919667,36.53795624000003,34.68660706962502,33.353674553714306
40.819865,-73.95922333,36.53795624000003,34.794355012278494,33.33850991066881
40.81981333,-73.959255,37.780406510000034,34.81430067329116,33.26947190228574
40.81975333,-73.959295,37.780406510000034,34.714918496835466,33.278082456102254
40.81970833,-73.95933167,37.780406510000034,34.8940833173418,33.23075434530353
40.819665,-73.95936333,37.780406510000034,34.89468904240508,33.218916857508
40.81955167,-73.95944333,38.73232508000004,34.84560908750002,33.172779914285734
40.81949667,-73.95948,37.49158382000002,34.97051284050635,33.21765808079115
40.81944167,-73.95951667,37.49158382000002,34.99669214461541,33.19585024509617
40.81939,-73.95955167,37.49158382000002,34.84857736802634,33.11609923690324
40.819335,-73.959585,37.49158382000002,34.763892885324694,33.04322925567744
40.819295,-73.95960667,38.311908620000025,34.73328606987015,33.02650669652735
40.819255,-73.95962833,38.311908620000025,34.875444628961056,33.039280923398074
40.81921333,-73.95966,38.311908620000025,34.90813037000003,33.03184803967847
40.819105,-73.959755,37.22668727000001,35.04075392807694,33.029517052779575
40.81906667,-73.95978,37.22668727000001,35.058124481000014,33.03806600778483
40.819035,-73.95979333,37.22668727000001,35.042961884683564,33.03806600778483
40.818955,-73.95983167,37.93934444000001,35.157652950875026,33.0519013657143
40.81881,-73.95995167,37.93934444000001,35.35529853320002,33.07142664846156
40.818745,-73.95999333,38.35121585000002,35.2256164557895,33.015575655324696
40.81871167,-73.960005,38.35121585000002,35.2256164557895,33.041895125290345
40.81868167,-73.960015,38.35121585000002,35.13858777909093,33.02747271514565
40.81841333,-73.959955,38.61611240000002,36.04781217200002,33.39179481471156
40.81833167,-73.95990667,38.61611240000002,36.231670973461554,33.62093527796775
40.81824833,-73.95985333,38.61611240000002,36.25112378949369,33.68288413400002
40.81803,-73.95980667,37.987196720000014,36.59343497712503,33.95776216772154
40.81795333,-73.95979667,37.13440073000004,36.685450292911405,33.99398838313101
40.81785333,-73.9598,37.13440073000004,36.74414072493672,34.130907595411415
40.81743,-73.95987,37.17028994,37.01010311807695,34.47957733720259
40.81737667,-73.959855,37.28479361000001,36.9874039596154,34.510972411273904
40.81732,-73.95982667,37.28479361000001,36.95569314111113,34.50986433813293
40.81725667,-73.95979167,37.28479361000001,37.11429849987502,34.68547593215192
40.81719,-73.95975167,37.28479361000001,37.12719221346156,34.749673212452244
40.81712167,-73.95970167,37.42493243000001,37.228266481772174,34.8529700377143
40.81698667,-73.95959667,37.42493243000001,37.296050289200025,35.18229501269232
40.81691333,-73.95954,37.42493243000001,37.481773658701314,35.44844582619356
40.81684167,-73.95947667,37.43518649000001,37.46408822873419,35.524280016571446
40.81677167,-73.95941333,37.65393977,37.51055599430381,35.63423828324842
40.81662833,-73.95930333,37.65393977,37.56005238518989,35.918084749428594
40.81655667,-73.95924,37.85047592000004,37.5401463379221,36.08341453209005
40.81648,-73.95917833,37.913709290000014,37.549208131538485,36.249577235288484
40.81640167,-73.959115,37.913709290000014,37.66874379168833,36.44678331296776
40.816245,-73.95899167,38.31874466000002,37.63392920987344,36.62725879428573
40.816175,-73.95893,38.31874466000002,37.618839333846175,36.74522147833868
40.816105,-73.95886667,39.13736045000002,37.553279081000014,36.88128706683708
40.81591833,-73.95868667,39.56632196000001,37.62743929848104,37.18924144579619
40.81585833,-73.95863,39.56632196000001,37.65334050675328,37.279226963279754
40.81579833,-73.95857167,39.638100380000026,37.6292686769231,37.375436661150175
40.81574333,-73.95851333,39.638100380000026,37.6850963369231,37.483038770000014
40.81569167,-73.95845667,39.638100380000026,37.65378639730772,37.518588369038476
40.81564333,-73.95839833,39.638100380000026,37.6435342787342,37.58380483884986
40.81559,-73.958335,39.43131017000002,37.62097102012661,37.61987386684715
40.815475,-73.95819333,39.16128659,37.65571451115387,37.8488055005484
40.815345,-73.95806833,38.51698982000002,37.75198069810129,37.949707008571444
40.815175,-73.95800667,38.0179589,37.76580420936711,37.99989378788463
40.815095,-73.95797667,38.0179589,37.73520319550001,38.050903605509575
40.81502167,-73.95794333,38.0179589,37.76108820708863,38.05039199105097
40.81495667,-73.95790333,37.15319984000001,37.78895156000002,38.107687333259506
40.81489167,-73.95786,37.15319984000001,37.77480355316458,38.101150676592376
40.81482667,-73.95782,37.66932086000003,37.814364760649376,38.12928084398715
40.81476667,-73.95777333,37.66932086000003,37.79715480800002,38.155104196032276
40.814705,-73.957725,37.66932086000003,37.82619466103898,38.21405543327976
40.81464,-73.95766833,37.66932086000003,37.87663691923079,38.24395098031849
40.81457833,-73.95761167,37.66932086000003,37.93159981240508,38.24761936484078
40.814525,-73.95754333,37.66932086000003,37.93229206962028,38.30725510550957
40.814365,-73.957345,37.92396335000001,37.968734914605285,38.36718852038463
40.81430833,-73.95728167,37.92396335000001,38.08475075657536,38.4025580500971
40.81419333,-73.95715667,37.37024410999999,38.11952601329116,38.44031151689875
40.81413167,-73.9571,37.37024410999999,38.131575615443055,38.46602431159237
40.814075,-73.95704333,37.37024410999999,38.1211917572152,38.48646167640129
40.81397167,-73.95691833,38.306781590000014,38.20464049883119,38.531379465096165
40.81391667,-73.95686,38.25892930999999,38.31687614240002,38.54633878019232
40.81385667,-73.95681167,38.25892930999999,38.422447386800016,38.54914125974195
40.81379167,-73.95676833,38.97329549000003,38.49040281632914,38.55142664450481
40.81373,-73.95672667,38.97329549000003,38.45200417392408,38.562183640000015
40.813665,-73.95669833,38.97329549000003,38.48826114556964,38.56936111682694
40.81360333,-73.95666833,38.56142408000002,38.51558367253166,38.59904942714287
40.81354333,-73.95664,38.56142408000002,38.498703413000015,38.61816321200001
40.81350333,-73.95660667,38.56142408000002,38.54444214518989,38.6196280777143
40.81347333,-73.95657667,38.56142408000002,38.54444214518989,38.62385772096155
40.81342833,-73.956425,39.21768392000001,38.6706390568919,38.63921159967743
40.813425,-73.95637333,39.21768392000001,38.92354944216218,38.639040698677434
40.81343667,-73.95631833,39.21768392000001,38.9949577466234,38.64513791611652
40.813465,-73.95626667,39.21768392000001,38.98083266230771,38.64712735961417
40.813505,-73.95622167,39.21768392000001,39.03899502632913,38.645843748571444
40.81355333,-73.95618833,39.21768392000001,39.05323443275002,38.64156794066881
40.81359667,-73.95615167,39.21768392000001,39.07765465192309,38.63218692217254
40.81363667,-73.95611333,39.21768392000001,39.12397320500001,38.61672041317309
40.81367,-73.95608,39.69278870000005,39.15525097240508,38.617609144426766
40.81369167,-73.95605,39.69278870000005,39.205635399500025,38.619470929145585
40.81374333,-73.955995,39.69278870000005,39.27600936384617,38.62378371176851
40.81378167,-73.95595833,40.17472952000003,39.32117890220781,38.63202616844157
40.81382667,-73.95592,40.17472952000003,39.43839356671055,38.617140004083616
40.813875,-73.95588167,40.17472952000003,39.629712738815805,38.621982960324694
40.81391833,-73.95584333,40.17472952000003,39.55438080038463,38.64855061874599
40.81396333,-73.95581167,41.06512373000001,39.506549876075965,38.64388109114651
40.81400167,-73.95578667,41.06512373000001,39.51412143936709,38.6397943957143
40.81406167,-73.95575333,41.06512373000001,39.52353181088609,38.63909695168791
40.81407833,-73.95575,41.06512373000001,39.52353181088609,38.63909695168791
40.814155,-73.95576333,41.06512373000001,39.49480313645571,38.64337543610761
40.81418,-73.95577667,41.06512373000001,39.466024435625016,38.636258166613935
40.81420167,-73.95579333,41.230897700000014,39.46410585556964,38.638324104571446
40.81422167,-73.95581333,41.230897700000014,39.43523212884617,38.638324104571446
40.81424,-73.95583167,41.230897700000014,39.43523212884617,38.63786393432694
40.81426,-73.95585167,41.230897700000014,39.46631158259741,38.634180647202584
40.814285,-73.95587,41.230897700000014,39.42705955538463,38.633153201634634
40.81431167,-73.95589167,41.230897700000014,39.41356794776317,38.65222071384618
40.814335,-73.95591167,41.230897700000014,39.365957627600025,38.66884992080387
40.81436167,-73.95592833,41.230897700000014,39.262938504800026,38.66964123090034
40.814395,-73.95595,41.230897700000014,39.132660672500016,38.65925935376625
40.81444167,-73.95599167,39.97990238000003,39.05738754615386,38.67640583318329
40.814465,-73.95601167,39.89103386000005,39.05738754615386,38.67745657683708
40.81449167,-73.95603167,39.89103386000005,39.01701585974685,38.67284068114287
40.81451167,-73.95605,39.89103386000005,38.97327412737501,38.68427810265825
40.814535,-73.95607,39.89103386000005,38.95494499512502,38.682226672571446
40.81469667,-73.95620833,39.89103386000005,38.81874906670889,38.655511862285735
40.81474667,-73.95623833,39.884197820000026,38.762276575769256,38.65674520826924
40.81479,-73.956275,39.884197820000026,38.77968907142859,38.6730279459355
40.81482833,-73.95631167,39.884197820000026,38.76911261576925,38.682565324322596
40.81487333,-73.95634667,39.884197820000026,38.59078399538463,38.67310131038463
40.81491667,-73.95638167,39.884197820000026,38.56280016597404,38.68119858019419
40.81495167,-73.95641,39.884197820000026,38.50908842311689,38.687091444354856
40.81499,-73.95643833,39.884197820000026,38.478665270750014,38.68439115939492
40.81502667,-73.95646333,39.10147124000002,38.4664117772152,38.67229813828573
40.81510333,-73.95650833,39.10147124000002,38.43326996303799,38.65743246400001
40.815145,-73.956545,39.10147124000002,38.371307672692325,38.64614214714287
40.81518667,-73.95658833,39.10147124000002,38.33977197291141,38.64098313658148
40.81528333,-73.95666833,38.58876824000004,38.31402865772153,38.63190299718852
40.81532,-73.956695,38.58876824000004,38.33553189746837,38.63225847542859
40.81543833,-73.95675167,38.58876824000004,38.23182311341775,38.60508792914287
40.81547333,-73.95676833,38.58876824000004,38.24964873670888,38.60789184556963
40.81551167,-73.95679167,38.61782141000003,38.23110312153848,38.60443871507989
40.81555,-73.956825,37.90687325000005,38.19838152714288,38.60117234483872
40.815695,-73.95696167,37.90687325000005,38.13199647636365,38.49464630019295
40.81574833,-73.95700667,37.90687325000005,38.14333012076925,38.47941337082804
40.81580167,-73.95705667,38.16322475000001,38.15356884350001,38.452265148280276
40.81585333,-73.95711333,36.91393844000001,38.15695116898736,38.43948567222932
40.81590167,-73.95716333,36.91393844000001,38.09853872150002,38.38336592028664
40.81595,-73.95721,36.91393844000001,38.09562150632914,38.37519624428573
40.81599333,-73.957255,36.91393844000001,38.075145003846174,38.36206339257236
40.816035,-73.95729167,36.91393844000001,38.095808802894766,38.34987305642859
40.81606667,-73.957315,38.37514199000003,38.09058072753249,38.315480012692326
40.81609,-73.95733667,37.33435490000002,38.01761247905407,38.26179957038463
40.81616167,-73.95739833,37.33435490000002,38.13450023576926,38.19721199725808
40.816185,-73.95742333,37.33435490000002,38.13450023576926,38.17903857009617
40.81621667,-73.957455,37.33435490000002,38.17907581775002,38.146688043714306
40.81625,-73.95747167,37.33435490000002,38.236049938625015,38.15036907605097
40.81629667,-73.95747,37.33435490000002,38.23357187412502,38.12006820410097
40.81634167,-73.95745667,37.33435490000002,38.215612479615416,38.106219406826945
40.81638833,-73.95743333,36.558464360000016,38.280761912750016,38.13713386400001
40.81643333,-73.95741,36.558464360000016,38.31534855038463,38.1275851097143
40.81648167,-73.957385,36.558464360000016,38.30195742253167,38.108944633025494
40.81652667,-73.95735833,36.558464360000016,38.27887525565792,38.1232141332476
40.81657,-73.95733167,36.558464360000016,38.32578578120002,38.140682356806465
40.81661,-73.95731167,36.10728572000005,38.44491517160002,38.130857634326944
40.81667833,-73.95730667,35.98252799000002,38.54453373441561,38.11802419196776
40.81670167,-73.95730833,35.98252799000002,38.54453373441561,38.1131933439806
40.816795,-73.957285,35.98252799000002,38.62595016269233,38.08121965798079
40.81685,-73.95724333,35.98252799000002,38.58796781759495,38.09570789980771
40.81691,-73.95718333,36.63024278000003,38.59428466468356,38.11563916264333
40.81697667,-73.95712,36.63024278000003,38.613278472025335,38.113340281826936
40.81705167,-73.95706,36.63024278000003,38.66917716050002,38.128989949041554
40.81713333,-73.95700667,37.55139917,38.7047429565823,38.10739890423569
40.817215,-73.95695333,38.42128526000002,38.81172995712502,38.09459934528482
40.81738,-73.95685167,38.42128526000002,38.886945511052645,38.129788080324694
40.81746333,-73.95680667,38.42128526000002,38.91322948520001,38.11354843048078
40.81754667,-73.95675333,39.482580470000016,38.87399762692309,38.088204156688114
40.81762667,-73.95669667,39.482580470000016,38.89951267555557,38.02253428753166
40.81770333,-73.956635,41.87177645000003,38.93296285400002,38.02686630338609
40.81777833,-73.95657667,41.87177645000003,38.96361822087501,38.00565510965192
40.817925,-73.95647,41.87177645000003,39.045433701578965,37.985254663181834
40.818055,-73.95637333,42.406696580000016,39.01943876000001,37.96594435370969
40.818115,-73.95632833,42.406696580000016,39.00038005354432,37.982113231656065
40.81823333,-73.95624667,42.44258579000004,38.97245153444446,37.96386008028483
40.818285,-73.95620667,42.38106142999999,39.05093646329115,37.959033320285734
40.81833667,-73.95616333,42.38106142999999,39.03426442175002,37.98346846570065
40.81845167,-73.956075,42.38106142999999,39.06862757346155,37.93299824363059
40.81851,-73.95603333,42.23237756000003,39.06393791911393,37.95096352396168
40.81856333,-73.95599167,42.23237756000003,39.05216954645571,37.965967867348255
40.81861167,-73.955955,41.196717500000005,38.97752419423078,37.950345848424455
40.81865,-73.95592833,41.196717500000005,39.02864965805196,37.957275306977515
40.81868,-73.955905,41.196717500000005,39.02333880846155,37.97493785980771
40.8187,-73.95588,41.196717500000005,39.02333880846155,37.96920829423079
40.818705,-73.95584333,41.196717500000005,38.98192707215191,37.985836043248426
40.818685,-73.95579667,41.196717500000005,38.93879880666668,37.993454076234194
40.81866833,-73.955735,41.196717500000005,38.975223603846175,38.058898942101926
40.81864333,-73.955665,41.50775732000002,38.93141392848102,38.09406933585445
40.81860833,-73.955595,41.50775732000002,38.86683293115385,38.15039361142859
40.81857333,-73.95552333,41.50775732000002,38.82807290607596,38.20701813125002
40.81854833,-73.95545,41.50775732000002,38.715256613038,38.222656668269245
40.81851667,-73.95538167,41.50775732000002,38.7240429546154,38.251973910571444
40.81847833,-73.95531333,41.21038958,38.656829563250014,38.32589537485716
40.81843667,-73.95524167,41.21038958,38.67923760481014,38.32980168342859
40.81839333,-73.955165,41.21038958,38.664408578701305,38.358606906109344
40.81831667,-73.95500833,40.71135866,38.52182451934211,38.45398248035485
40.81827833,-73.95493,40.71135866,38.52684949307694,38.471561822555934
40.818235,-73.954855,39.89957891000003,38.48250675746837,38.47745943901276
40.81818333,-73.95478833,38.89297202,38.48754725531647,38.523199948694284
40.81807833,-73.95465,38.89297202,38.43153932000001,38.543891712236444
40.81803333,-73.95457333,38.05213910000003,38.39061185974027,38.548623043806465
40.81798833,-73.95449833,38.05213910000003,38.40630367883119,38.56722702070741
40.81794833,-73.95442,37.46253065000002,38.408401953846166,38.573162568557706
40.81787833,-73.95426333,37.46253065000002,38.44777491500002,38.61076626615387
40.817845,-73.95419,37.46253065000002,38.37391500846156,38.60231393019294
40.81781667,-73.95411833,37.46253065000002,38.34307030883119,38.61741345277421
40.81779333,-73.95405,38.11024544000003,38.4259740823077,38.57376150457144
40.81776833,-73.953995,38.11024544000003,38.45778633777779,38.57316000310128
40.81775167,-73.95394667,38.11024544000003,38.42954547500002,38.58300985598727
40.81773,-73.95388,38.11024544000003,38.43272913708863,38.57039366114651
40.81763333,-73.95369167,37.95814354999999,38.38303491776318,38.567361225129886
40.81761167,-73.95365167,37.95814354999999,38.4248128319231,38.52644707469455
40.81759,-73.95360833,37.95814354999999,38.38153982230772,38.50178345306711
40.81756667,-73.95357167,37.95814354999999,38.33995391230771,38.49265417281152
40.81754333,-73.95347,38.71523498000002,38.393183943670905,38.462458339525334
40.817535,-73.95344333,38.71523498000002,38.40092857126584,38.44056877092359
40.81752167,-73.95339333,38.71523498000002,38.36490984038464,38.45218940249203
40.81752167,-73.95336167,38.71523498000002,38.36490984038464,38.447396960865404
40.81752667,-73.95332,38.71523498000002,38.3648435401299,38.43483095019293
40.81754,-73.95327667,38.71523498000002,38.40253053987015,38.443310057684904
40.81757,-73.95323167,38.71523498000002,38.39773643389612,38.41751327029127
40.81761,-73.95319,38.71523498000002,38.40820476038464,38.37754989226839
40.81765833,-73.95315,38.71523498000002,38.40454128860761,38.3630487097143
40.81770833,-73.95311,38.90322608000002,38.409621266750015,38.33886090509556
40.81776167,-73.95306833,38.90322608000002,38.433269428888906,38.31540211678235
40.81781833,-73.95302667,38.90322608000002,38.41038220886077,38.27663248342859
40.817875,-73.952985,38.945951330000014,38.41827826772153,38.25190703173079
40.81792667,-73.95294667,38.945951330000014,38.411188608815806,38.24658337737014
40.81796667,-73.952915,39.67911662000006,38.37413411230771,38.24160841122188
40.81802,-73.95288,39.67911662000006,38.39357333835444,38.22749007811503
40.81815167,-73.95277833,39.67911662000006,38.39830126653848,38.16157599355771
40.8182,-73.95273333,40.33195844000002,38.40564457354432,38.10006236124602
40.818255,-73.95268833,40.05338981000003,38.46762322734179,38.07113959015925
40.818315,-73.95264,40.05338981000003,38.50198120653848,38.05308369658149
40.81838,-73.95259167,40.05338981000003,38.50535540576925,38.02147615283873
40.818445,-73.95254,40.05338981000003,38.53641628810127,38.003326519142874
40.81851,-73.952485,39.38174888,38.54178101444445,37.972004919082295
40.818575,-73.95243667,39.96793931000002,38.618102639493685,37.96587195281647
40.818635,-73.95239167,39.96793931000002,38.6428724679747,37.93813389125002
40.81869333,-73.95235167,39.96793931000002,38.64779654592107,37.89792445330099
40.818745,-73.95230667,39.96793931000002,38.648583590000015,37.86604934231513
40.81881,-73.95223167,39.17324966000001,38.70737797298703,37.831671314791016
40.81883167,-73.95221333,39.17324966000001,38.72009567077924,37.8169925978641
40.81884167,-73.95219333,39.17324966000001,38.72009567077924,37.81323488858523
40.81885333,-73.95208333,39.17324966000001,38.75488833860761,37.791621546869024
40.81880167,-73.951935,39.67398959000002,38.75137484480001,37.77497724350484
40.81877833,-73.95187,39.67398959000002,38.73434890763159,37.74036841720259
40.81875333,-73.9518,40.42595399000001,38.72772389923078,37.71306821887462
40.818725,-73.95173,40.42595399000001,38.69483367312502,37.69981719400002
40.818695,-73.95166167,40.549002710000025,38.71006522475001,37.702183924904475
40.818665,-73.95159167,40.549002710000025,38.70297652555558,37.678931337120275
40.81863333,-73.95152,40.549002710000025,38.71664112746837,37.68709456400001
40.81860167,-73.95144667,40.549002710000025,38.70929726576925,37.650839450576946
40.81857,-73.95137167,40.22770883000001,38.614879316835456,37.639494308892424
40.81853833,-73.95130333,40.22770883000001,38.567619241250014,37.64521511066881
40.81850833,-73.95124333,40.22770883000001,38.52942881683546,37.64937878152868
40.81848333,-73.95119167,40.06877090000003,38.42487418100002,37.652903513142874
40.81846333,-73.95114833,40.06877090000003,38.44728817164558,37.65192151057145
40.81844667,-73.95111667,39.64835443999999,38.43625005269232,37.65308799504794
40.81839667,-73.95100333,39.64835443999999,38.43516519256757,37.6107609963107
40.81837333,-73.95097,39.64835443999999,38.25414870094596,37.62046522574195
40.81831833,-73.95086667,39.64835443999999,38.12258098653847,37.610787267500015
40.81829333,-73.95080667,39.64835443999999,38.0813004351899,37.61253289914287
40.81826833,-73.95074333,39.64835443999999,38.03013559625002,37.609342747142875
40.81824333,-73.95067667,39.64835443999999,37.95853294468357,37.612642300506344
40.818185,-73.950535,38.453756450000014,37.87964152486844,37.59681473251615
40.81815,-73.95046333,38.453756450000014,37.74042005807694,37.599895032879765
40.81811333,-73.950395,38.453756450000014,37.661900727974704,37.60362498677318
40.81807333,-73.95033,38.453756450000014,37.57673145746838,37.617930820445885
40.81804,-73.95026333,37.69153799,37.50899841556964,37.62524581866244
40.81800667,-73.95020167,37.69153799,37.48766186115386,37.62797048663463
40.81797667,-73.95014667,37.69153799,37.41960564558443,37.625276759839245
40.81796167,-73.95008167,37.69153799,37.25804190680002,37.623982796634635
40.81793833,-73.95003,35.51596826000002,37.14685208857145,37.63893784942124
40.81791667,-73.94998333,35.51596826000002,37.08950037636366,37.64744001906453
40.81789667,-73.94994833,35.51596826000002,37.05990542230772,37.644466029678476
40.81777167,-73.94988333,35.51596826000002,37.00380207974686,37.638940886709285
40.81768167,-73.94994167,34.994720210000025,37.01366674506331,37.664133576442325
40.81763,-73.94997333,34.994720210000025,37.01894520632913,37.66749249057145
40.81752167,-73.95003833,34.994720210000025,36.9458547566234,37.67095843228298
40.81746333,-73.95008167,37.13440073000004,36.84906629328768,37.68815881113638
40.81734667,-73.95016167,36.80797982000004,36.90059501576925,37.69747857428117
40.81728,-73.95017667,36.80797982000004,36.89252173240508,37.70202460515825
40.81720833,-73.95019,36.80797982000004,36.90432525875002,37.69106597771431
40.817135,-73.95019167,36.493521980000025,36.910239190506346,37.718707983375815
40.81707167,-73.95019333,36.493521980000025,36.90918388653848,37.72993301530549
40.81700833,-73.95019333,36.493521980000025,36.83179498532469,37.72113694061292
40.81694833,-73.950185,36.493521980000025,36.76932990153848,37.72406413209006
40.816885,-73.95017167,36.493521980000025,36.658375713846176,37.74062576449047
40.81681667,-73.95016,36.168810080000014,36.65425545215192,37.74891651817037
40.81674667,-73.950145,36.168810080000014,36.64800350417724,37.74831875173079
40.816675,-73.95012333,36.168810080000014,36.562725787532486,37.738177424193566
40.81661167,-73.95009333,36.168810080000014,36.47333718621624,37.760479015192324
40.81655333,-73.950055,35.857770260000024,36.40278278689191,37.763393591096786
40.81650333,-73.95001333,33.996658370000034,36.48716186683546,37.77148898346155
40.81645333,-73.94996667,33.996658370000034,36.48716186683546,37.765248570987275
40.81640833,-73.94991833,33.996658370000034,36.51299625444446,37.77469368726417
40.81636333,-73.949875,33.996658370000034,36.441610801250015,37.76254843715192
40.81630667,-73.94983667,34.06672778000001,36.39444266607597,37.767893726592376
40.81612333,-73.949775,34.06672778000001,36.39790736789475,37.76485451900002
40.81606167,-73.94979667,34.186358480000024,36.412168721923095,37.791468664185324
40.81600833,-73.94982833,34.186358480000024,36.43898319837502,37.8140026179747
40.81595,-73.94986667,34.186358480000024,36.40051239730772,37.826379974519256
40.81588833,-73.94990833,34.186358480000024,36.4348021492308,37.847975196102254
40.81582333,-73.94994,34.186358480000024,36.48109473444446,37.88500224860762
40.81575833,-73.94996333,34.78109396000002,36.44172583076925,37.88878713461786
40.815695,-73.949975,34.78109396000002,36.437257819610416,37.88283171061095
40.81557,-73.95002667,34.78109396000002,36.48585334538463,37.94357025572349
40.81549167,-73.95008333,35.59629173000002,36.4338865257895,37.95945562864518
40.81542,-73.95012833,35.59629173000002,36.53380269670888,37.994933675814714
40.81534667,-73.95017333,35.59629173000002,36.5433242842308,38.019673352707024
40.815265,-73.950215,35.965437890000004,36.61858645538464,38.066135397331216
40.81519667,-73.95026833,35.965437890000004,36.6172499219231,38.09145180759617
40.81498,-73.95042,36.12095780000001,36.77185562112502,38.197160805714304
40.81491333,-73.95047,36.12095780000001,36.80550394653849,38.20448669431312
40.81484333,-73.95053333,36.12095780000001,36.787404239078974,38.2072220786408
40.81476833,-73.950595,36.33287504000003,37.02466897103898,38.26729301810291
40.81469333,-73.95065,36.98742587000004,37.061921177692334,38.34246812894232
40.81462167,-73.95069833,36.98742587000004,37.12501172444446,38.35739208234179
40.81455333,-73.95075167,36.98742587000004,37.20658503987502,38.40770512041141
40.81449333,-73.95082,36.98742587000004,37.30336063222224,38.44657108405662
40.81444,-73.95086667,37.38049817000001,37.33619370822785,38.451049161142876
40.81438667,-73.95090167,37.38049817000001,37.32030550610391,38.45647432719357
40.81427833,-73.95096667,37.38049817000001,37.55699842644738,38.51638534700967
40.81422333,-73.950995,37.38049817000001,37.57730416368423,38.55545357087099
40.81416667,-73.95102333,37.27283054000003,37.64460594615386,38.576657274903866
40.81411,-73.95105667,37.27283054000003,37.6614680672152,38.618502850696224
40.81405667,-73.95109,37.27283054000003,37.74387642125002,38.627619734000014
40.81394,-73.951145,37.597542439999984,37.894603434615405,38.64906953853037
40.813885,-73.95117167,37.192507070000005,37.932216069342125,38.651681859741956
40.81383667,-73.95119833,37.192507070000005,38.00359456278482,38.67754393837063
40.81378833,-73.95122333,37.192507070000005,38.030425908846176,38.70067053718356
40.813745,-73.95124833,37.192507070000005,38.12739962787502,38.71356406894906
40.8137,-73.95127,37.192507070000005,38.13378218531648,38.74247131602526
40.81365333,-73.95129,37.07287637000002,38.16843942153849,38.771079072788474
40.81356833,-73.95134833,37.07287637000002,38.278407641923096,38.78193535436308
40.81352833,-73.95137333,37.07287637000002,38.28669517376625,38.80077889855307
40.81348333,-73.95139833,37.58045234000002,38.2938515801316,38.80500471427654
40.81343333,-73.95143,37.58045234000002,38.32775793191783,38.83517086035717
40.81338333,-73.95146833,37.71888215000004,38.5812162633784,38.878920770578794
40.81333167,-73.95150667,37.71888215000004,38.6713777883117,38.898208601923095
40.813275,-73.95154333,37.71888215000004,38.73749537607596,38.90713394363058
40.81321833,-73.951575,37.71888215000004,38.80269735253166,38.92972662041403
40.813165,-73.95160667,37.71888215000004,38.82816110230771,38.93069502485716
40.81311667,-73.95163667,37.978651670000005,38.91274461670887,38.97468338028664
40.81307167,-73.95167,38.44862942000003,38.96648136038463,38.97832486228573
40.81302333,-73.95170333,38.44862942000003,38.99347911443039,38.9875755831731
40.81298167,-73.951745,38.44862942000003,39.05908329460527,38.98187372466022
40.81293333,-73.95178167,38.44862942000003,39.11775065576924,38.9939245045981
40.81288833,-73.95181333,38.44862942000003,39.19395247734178,39.02583111471156
40.81284167,-73.95184333,38.76821429000003,39.26200862807694,39.05489384848877
40.812795,-73.951875,38.76821429000003,39.26633521766235,39.06531825996786
40.81275333,-73.95190333,38.76821429000003,39.31965485000001,39.0760387610577
40.81271667,-73.951935,38.76821429000003,39.40589135037976,39.071402492172545
40.81267833,-73.95196667,38.76821429000003,39.40326487769232,39.08113238297127
40.812635,-73.95200167,38.76821429000003,39.4691679864557,39.09140164457145
40.8126,-73.95203333,38.76821429000003,39.52670798461539,39.124009489713394
40.81256667,-73.95206833,39.04336490000003,39.52670798461539,39.12717759875001
40.81254167,-73.95209667,39.04336490000003,39.578609525569625,39.13390408682694
40.81251667,-73.95212833,39.04336490000003,39.595725696153856,39.13990742619357
40.81247667,-73.95216167,39.04336490000003,39.70927307493672,39.14041694865386
40.81243667,-73.95229167,39.426183140000006,39.82324313000001,39.166391709615404
40.81243833,-73.95232167,39.426183140000006,39.82238492584417,39.20350853932041
40.81245,-73.95235833,39.426183140000006,39.84178329909092,39.20542771883497
40.81246,-73.95239667,39.426183140000006,39.84069574727274,39.17626652974278
40.81247167,-73.95243667,39.426183140000006,39.88564390538462,39.16844033057694
40.812485,-73.95247333,39.79362029000001,39.88564390538462,39.163984737620595
40.81249333,-73.95250833,39.79362029000001,39.88564390538462,39.15865186625002
40.81250333,-73.952535,39.79362029000001,39.88216431443039,39.161823394423095
40.81251,-73.952555,39.79362029000001,39.91752351500001,39.161823394423095
40.812575,-73.95269167,39.79362029000001,39.90176994846155,39.16417157472671
40.81257833,-73.95272333,39.79362029000001,39.88299929350651,39.163836366977506
40.81258833,-73.95276,40.65325232000004,40.00087659363638,39.15521741346156
40.81260167,-73.95280833,40.65325232000004,40.013527706623385,39.1630951539806
40.81261667,-73.95286167,40.65325232000004,40.06404337883118,39.14845805980771
40.81263167,-73.95291667,40.65325232000004,40.07825809653847,39.140756699171995
40.81267667,-73.953025,40.65325232000004,40.09778024923078,39.12372646894906
40.81268833,-73.953055,40.65325232000004,40.0899712772152,39.11400758550634
40.81269,-73.95308833,40.65325232000004,40.11069439222224,39.112033570791155
40.81266,-73.953135,40.65325232000004,40.16539569615386,39.11243603114288
40.81263,-73.95317167,40.65325232000004,40.17976777025975,39.14789476565918
40.81258667,-73.95320833,40.65325232000004,40.24610843116885,39.150470210580664
40.81249167,-73.95329833,41.02581650000002,40.24819446302633,39.16524314048234
40.81243833,-73.95333667,41.02581650000002,40.216026989493685,39.1679430206688
40.81238833,-73.95337,41.02581650000002,40.216026989493685,39.16951696514287
40.812315,-73.95342833,41.02581650000002,40.209917597692325,39.184254813566895
40.81229167,-73.95344667,40.97796422000002,40.19181962000001,39.16792252439875
40.81221167,-73.95351167,40.97796422000002,40.17962156112502,39.189927427428586
40.81218333,-73.953535,40.97796422000002,40.17648179607597,39.19537426398091
40.81214667,-73.95356167,41.09930393000002,40.18737181192309,39.20480355389778
40.81210167,-73.95359167,41.09930393000002,40.18425114714288,39.22571075406454
40.81205667,-73.95362833,41.09930393000002,40.14048273519483,39.22284392125404
40.81201,-73.95366667,40.83782540000004,40.17634975025977,39.23802168852092
40.811955,-73.95370167,40.83782540000004,40.1921344376316,39.26147660990293
40.81189667,-73.95373333,40.83782540000004,40.124670670126605,39.23871241163464
40.81184,-73.95377,40.83782540000004,40.13873214481015,39.22309758775318
40.81178333,-73.95381333,40.83782540000004,40.130533223417736,39.23884309142859
40.81173167,-73.95385833,40.04313575000003,40.05039904250002,39.2556293674286
40.81168333,-73.95390333,40.04313575000003,40.051334671392425,39.251344927088624
40.81163833,-73.95394167,40.04313575000003,39.95849593423078,39.27016866118973
40.81159667,-73.953975,40.04313575000003,39.94758456269232,39.28840516394233
40.81156167,-73.954005,40.04313575000003,39.94758456269232,39.29092564568691
40.81151,-73.95403667,40.04313575000003,39.91502489911394,39.28208918257145
40.811395,-73.95400333,39.870525740000005,39.928523914810135,39.302519394108295
40.81136833,-73.95398,39.870525740000005,39.95380711192308,39.32342483171976
40.81131667,-73.95388833,39.870525740000005,39.99450468063292,39.336329490031865
40.81129167,-73.95382333,39.870525740000005,40.01747896696203,39.333085361075966
40.81126,-73.95375667,40.39690082000001,40.07671668675327,39.35621813897108
40.81122833,-73.95369333,40.47380627000001,40.1281814844737,39.36153294558066
40.811165,-73.95356833,40.47380627000001,40.14687487649351,39.36549123325808
40.81112833,-73.95352,40.53191261000004,40.13719703115386,39.36453827288464
40.81109,-73.95347,40.53191261000004,40.19661799423079,39.36888263066457
40.81105667,-73.95342333,40.53191261000004,40.15699042886077,39.37154924707008
40.81103,-73.953385,40.53191261000004,40.171860071111126,39.364204486202546
40.81100667,-73.95336,40.53191261000004,40.19465354797469,39.3748148712739
40.81092333,-73.95326833,39.944013170000005,40.2731814758228,39.400290542980784
40.81090667,-73.95323833,39.944013170000005,40.31282202539476,39.40419755329034
40.810885,-73.95320833,39.944013170000005,40.33362362923079,39.39275337067309
40.810845,-73.953145,39.944013170000005,40.37490279384616,39.388464797891395
40.810825,-73.953115,39.944013170000005,40.38541977846156,39.389897873714304
40.81081,-73.95309167,39.944013170000005,40.37133140115386,39.38959947514288
40.81072,-73.953015,39.944013170000005,40.40586216730771,39.397822366334424
40.8107,-73.95300333,40.62078113000001,40.37333784462502,39.40459593355771
40.81068667,-73.95297667,40.62078113000001,40.39997271139243,39.4117058533654
40.810665,-73.95295833,40.62078113000001,40.40787792269233,39.41280590517573
40.81064667,-73.95293167,40.62078113000001,40.40787792269233,39.416473350700656
40.81063333,-73.952915,40.62078113000001,40.3839079619231,39.41415454884986
40.81063667,-73.95274667,40.62078113000001,40.49332842269233,39.4210232444231
40.810645,-73.95271,40.62078113000001,40.48477422025318,39.40972844115387
40.810665,-73.952675,40.62078113000001,40.49494979115387,39.402448715865404
40.81070333,-73.95263,40.17472952,40.49494979115387,39.40315532576925
40.81074333,-73.95258833,40.17472952,40.53420571202534,39.38796047403848
40.81078833,-73.95255,40.17472952,40.51785113531646,39.385900103028405
40.81083167,-73.95251667,40.17472952,40.491985863875016,39.400048850571444
40.81087167,-73.95249167,40.17472952,40.48093769444446,39.37238718281647
40.81091167,-73.95247,40.71135866000003,40.48587615312501,39.3824921637143
40.81095,-73.952445,40.71135866000003,40.507263427307706,39.374717524571444
40.810985,-73.95242167,40.36101161000002,40.47525568354432,39.35324735246837
40.81107333,-73.95228,40.36101161000002,40.524331616923085,39.35375079012863
40.81113333,-73.95224,40.36101161000002,40.47891138961539,39.34376050016079
40.811195,-73.95220333,40.67888747000001,40.47467187246755,39.33484727115758
40.81131833,-73.95213,40.15251239000003,40.38636553050635,39.31786029849842
40.81137833,-73.95208167,40.15251239000003,40.35270452341774,39.29000661070066
40.81144167,-73.95203167,40.15251239000003,40.302606193250014,39.26726698082804
40.81150333,-73.95196833,40.15251239000003,40.32282180961541,39.28980632603836
40.811565,-73.951905,39.59366612000002,40.32738628337664,39.307908622129055
40.81162833,-73.95184167,39.59366612000002,40.17117293162164,39.2696026546624
40.81169333,-73.95178,39.59366612000002,40.08305647076925,39.25236258125002
40.81175667,-73.95172167,39.59366612000002,39.980842335500014,39.217917213428585
40.811825,-73.951675,39.24161006,39.96873973240509,39.20602467400002
40.81189833,-73.95161667,39.24161006,39.92564672075951,39.18287095363926
40.81196,-73.95155167,39.24161006,39.8237983779747,39.16966345171431
40.81202667,-73.95149,39.24161006,39.76589881610392,39.1745959862058
40.81209333,-73.95143667,38.976713510000025,39.50482069472975,39.1431567039806
40.81215667,-73.95138,38.65029260000006,39.4170166318182,39.12158920016079
40.81222167,-73.95131833,38.65029260000006,39.36461551392407,39.075395230732504
40.81228833,-73.95125667,38.65029260000006,39.29064550076924,39.05808197974524
40.81235167,-73.9512,38.359760900000026,39.25223659653848,39.040514729968066
40.81241333,-73.95114667,38.359760900000026,39.15005904329114,39.00650453828573
40.81247167,-73.95110333,38.67080072000002,39.08354854538462,38.999914282411595
40.812575,-73.95099167,38.67080072000002,38.778422776400014,38.96576927288463
40.812565,-73.950925,38.67080072000002,38.69398190692309,38.9481384231833
40.81254833,-73.95086667,38.67080072000002,38.7273978044156,38.93709305308684
40.81251,-73.95077667,39.13736045000002,38.81194358337502,38.94647717923079
40.81248833,-73.95073167,39.13736045000002,38.79666173493672,38.939666759680534
40.81247167,-73.95068667,39.13736045000002,38.78138243115386,38.93077772364219
40.81244833,-73.95063833,39.13736045000002,38.826101526153856,38.92595975964632
40.81239667,-73.95054833,39.13736045000002,38.75535174105265,38.91575882000002
40.812375,-73.950505,39.13736045000002,38.71433665423079,38.89745269365386
40.81235167,-73.95046833,39.13736045000002,38.73758190822787,38.89328669485716
40.81232833,-73.950435,39.13736045000002,38.71010795000002,38.896638819936726
40.81231167,-73.95039833,39.49796156000002,38.673786079240514,38.894517227124624
40.81229333,-73.950365,39.49796156000002,38.67286029615386,38.867419033942326
40.812275,-73.950335,39.49796156000002,38.67287749164559,38.87189785847136
40.81225333,-73.95031167,39.88932485000004,38.67967442576925,38.863420388750015
40.81223667,-73.95028667,39.88932485000004,38.67967442576925,38.86745622942859
40.81213333,-73.95012667,39.88932485000004,38.61858596710528,38.8485432729355
40.81212,-73.9501,39.88932485000004,38.641838697200015,38.839860824983944
40.81210333,-73.95006667,39.88932485000004,38.61149345405407,38.83593865067963
40.81208667,-73.95002833,39.624428300000005,38.59469428766234,38.844777938000014
40.81206833,-73.94998833,39.624428300000005,38.65506451103898,38.841364342621375
40.81205167,-73.94994667,39.624428300000005,38.67082263038464,38.84751565112542
40.812045,-73.949855,39.465490370000026,38.61551424650002,38.8400964518211
40.81207667,-73.94981,39.624428300000005,38.53392251118422,38.834634136709695
40.81211833,-73.94976833,38.87075489,38.4907630896154,38.791717298906775
40.81216,-73.94973333,38.87075489,38.39679666101267,38.76917220643314
40.8122,-73.94970167,38.87075489,38.31959916500002,38.74781024432694
40.81224333,-73.94967167,38.87075489,38.31959916500002,38.74053051903848
40.81228667,-73.94964167,38.87075489,38.27525254653848,38.72107869161292
40.81233167,-73.94961333,38.92886123000005,38.18567984341774,38.704389339615396
40.81241667,-73.949565,38.92886123000005,38.12163144168833,38.70823408372993
40.81254167,-73.94950833,38.92886123000005,37.89178069415587,38.67272473448389
40.81261,-73.94946833,38.75966924000002,37.8452839908861,38.64326667000002
40.81268167,-73.94942667,38.75966924000002,37.739324538846176,38.61722815493633
40.81275167,-73.949375,38.75966924000002,37.70742301884617,38.60215000740386
40.812905,-73.94926833,38.06752019000004,37.63650354139244,38.5772832531833
40.81298333,-73.949205,37.64026769000003,37.47308494148651,38.51910257669905
40.813065,-73.94914,37.64026769000003,37.38334652000002,38.466798606442325
40.813145,-73.94907667,37.56678026,37.37234251468356,38.46899602961785
40.81322667,-73.94901667,37.56678026,37.30262866307695,38.44197843203823
40.81330833,-73.94896167,36.99255290000002,37.29007017837502,38.40438565474525
40.81338833,-73.948905,36.99255290000002,37.26036353115386,38.384338873942326
40.81347,-73.94884333,37.09509350000002,37.184816525000016,38.32330018826369
40.81354833,-73.94878333,37.09509350000002,37.16018925269232,38.250620553987154
40.81363,-73.94872833,37.09509350000002,37.16152578615387,38.236309735709696
40.81377333,-73.94861667,37.27453955000004,37.14607896500002,38.18659029117836
40.81384167,-73.94856,37.27453955000004,37.15723135076925,38.1698142981731
40.81391167,-73.94850667,37.27453955000004,37.15460977325002,38.11411664795529
40.813985,-73.948455,38.12904455000003,37.15004141645572,38.06891352299365
40.81406167,-73.948405,38.12904455000003,37.156019706500025,38.01798594129749
40.81412333,-73.94834333,38.12904455000003,37.183983653038,37.993869478789826
40.81423167,-73.94824,38.108536430000015,37.21393542615387,37.96155061480771
40.81427833,-73.94819333,38.108536430000015,37.274649101923096,37.935378660384636
40.81432333,-73.94815667,38.48793665000002,37.28090336355266,37.90337253596776
40.81436333,-73.94812,38.48793665000002,37.27771655576926,37.87261636365387
40.81440167,-73.94808667,38.48793665000002,37.3107099894937,37.85730114348103
40.81444167,-73.94805833,38.48793665000002,37.30184098475003,37.85027453984078
40.81446833,-73.94803667,38.59047725000002,37.29104555797471,37.83985057348245
40.81448333,-73.94793,38.59047725000002,37.35018460512502,37.8131652477143
40.81448667,-73.94789167,38.74087013000002,37.38891175769233,37.80612382394232
40.81448667,-73.94785833,38.74087013000002,37.40790891480522,37.80274453459809
40.81448167,-73.947825,38.74087013000002,37.44852564597405,37.79946472796776
40.81446667,-73.947785,38.74087013000002,37.48676353538464,37.81710927428117
40.81445,-73.947735,38.44179338000004,37.5396771142308,37.82619170171431
40.81442667,-73.94768167,38.44179338000004,37.60519025975002,37.84290744714287
40.81438667,-73.94763667,38.44179338000004,37.62782869316458,37.84742256136945
40.81434833,-73.947585,38.27601941000003,37.64236609468357,37.87076493615387
40.81431667,-73.94751833,38.27601941000003,37.64153280129873,37.898658976129056
40.81428333,-73.94745,38.27601941000003,37.66530357675327,37.919726543858545
40.81424667,-73.94737667,38.27601941000003,37.7810501631169,37.93518288967534
40.81421667,-73.94729167,38.27601941000003,37.85186043443041,37.96090635849842
40.81418167,-73.947215,37.80945968,37.88531836137501,37.969439292285735
40.81411333,-73.94705833,37.87269305000001,38.00866615812502,38.01554458428573
40.81407833,-73.94698,37.87269305000001,38.04774759329116,38.03130986028665
40.81402167,-73.94682333,38.28627347,38.18241325468357,38.0890374397143
40.81399667,-73.94675,38.28627347,38.22968387637502,38.14304653382913
40.813975,-73.94668333,38.28627347,38.26356499962502,38.14247866658229
40.813945,-73.94657167,38.28627347,38.29917868653848,38.18084239006433
40.81393333,-73.946535,38.78188637000002,38.32612038736844,38.17357772376207
40.813925,-73.94650667,37.59241541000003,38.35261004236845,38.18977465855771
40.81391333,-73.94647833,37.59241541000003,38.37566608640002,38.19787054567309
40.81390333,-73.94644167,37.59241541000003,38.40352541283786,38.23625753951925
40.81388833,-73.94639833,37.59241541000003,38.44126070155846,38.2613407286408
40.81387667,-73.946345,37.59241541000003,38.43111206750002,38.26993002485439
40.81386167,-73.94628333,37.59241541000003,38.47802871860762,38.286711677692324
40.81383833,-73.94621833,37.59241541000003,38.49845030645572,38.3146638508654
40.81381,-73.94615667,37.59241541000003,38.52356293538464,38.311388248365404
40.813785,-73.94609167,37.59241541000003,38.55064417076925,38.3663881220579
40.813755,-73.94602333,37.59241541000003,38.59180894610392,38.41386295766992
40.81372333,-73.945955,38.31532664000002,38.6009723242308,38.44012246894906
40.81369333,-73.94588667,38.31532664000002,38.64911765562501,38.44783981411394
40.81363667,-73.94576667,37.93763543,38.665038288846176,38.515373631629416
40.81361667,-73.94571333,38.713525970000006,38.67317197137502,38.523348422285736
40.813595,-73.94567167,38.713525970000006,38.730832400379775,38.52577358885716
40.81358167,-73.94563333,38.713525970000006,38.718806372692335,38.54518848500002
40.81357,-73.94560167,38.713525970000006,38.74027086675327,38.554147005161305
40.81355833,-73.94558333,38.713525970000006,38.76945107355266,38.56334325951458
40.81346667,-73.94547167,39.59537513000004,38.74810055692311,38.651913686655966
40.81345667,-73.94541667,39.59537513000004,38.74810055692311,38.654849960000014
40.81343667,-73.94538,39.59537513000004,38.76830193153848,38.664356098419375
40.81341,-73.94536,39.59537513000004,38.78286905075002,38.69232987792334
40.81339667,-73.94534667,39.59537513000004,38.78286905075002,38.69232987792334
40.81334667,-73.945355,39.58683008000003,38.77636495307694,38.69382368066457
40.81332,-73.94536833,39.58683008000003,38.78662400531647,38.69104841942858
40.81324667,-73.94542167,39.58683008000003,38.76496717100002,38.6941877401262
40.81316333,-73.9455,38.57680517000003,38.73171935493672,38.698600616000014
40.81312333,-73.94553167,38.57680517000003,38.72255304846156,38.6855593590735
40.81309167,-73.94555667,38.35805189000001,38.720650544155866,38.679983214244395
40.81306667,-73.945575,38.35805189000001,38.720650544155866,38.6680596455195
40.81301667,-73.94560333,38.35805189000001,38.641496895200014,38.67051496913186
40.81287833,-73.94570167,38.35805189000001,38.56519266615387,38.72868935171976
40.81281833,-73.94574,38.07435623000001,38.55882891666669,38.72793357329116
40.81275333,-73.94578667,37.460821640000034,38.535421168354446,38.73879335835445
40.81268333,-73.94583333,37.460821640000034,38.51534654115387,38.76824694624205
40.81260833,-73.94588,37.460821640000034,38.46317791538464,38.77392184085716
40.81253333,-73.94593,37.67444789000001,38.43762073220781,38.77542520961292
40.81246667,-73.94598333,37.67444789000001,38.38559843276317,38.80007551180066
40.8124,-73.94603833,37.78382453,38.36799113236844,38.793915595225826
40.81233,-73.94609333,37.78382453,38.3501990972152,38.79218972836541
40.81225667,-73.94614667,38.46913754000002,38.32869964325002,38.80863915828573
40.81217667,-73.94619667,38.46913754000002,38.28509852562502,38.81601774114287
40.8121,-73.94625,38.46913754000002,38.252840961875016,38.82772933472845
40.81202333,-73.946305,39.08779916000003,38.217523675316464,38.842034785846664
40.81194667,-73.94636,39.08779916000003,38.23861588734179,38.852460344857164
40.81186833,-73.94641667,39.08779916000003,38.20620959645571,38.86819946179813
40.81179167,-73.94647333,39.08779916000003,38.23020906402598,38.87567175048545
40.81156,-73.946635,39.18863075000005,38.28195712423079,38.925765355654974
40.81148,-73.94669167,39.21255689000003,38.32270350594938,38.95532367146499
40.811395,-73.94674667,39.21255689000003,38.341969667692325,38.95845867070066
40.81131833,-73.946805,39.21255689000003,38.39152712337501,38.97922005800002
40.81124167,-73.94687,38.498190710000046,38.4069425558228,38.9692749344231
40.81116,-73.94693667,38.58364121,38.56264810067569,38.99678328003249
40.81107667,-73.94699667,38.58364121,38.59577956307694,39.02191709926046
40.810905,-73.94712167,38.58535022000004,38.66448387291142,39.05623145936307
40.81082,-73.947185,38.58535022000004,38.78013409392406,39.05908779200002
40.81073667,-73.94724833,38.58535022000004,38.821526524026,39.06191041496776
40.81065,-73.94730833,39.28433531000002,38.90422119974684,39.08639141778848
40.81055667,-73.94736333,39.28433531000002,38.9218718173077,39.08062350903848
40.81046667,-73.947415,39.28433531000002,38.96126752088609,39.10717158006391
40.810375,-73.947465,39.79362029000001,38.9973530923077,39.1225873731731
40.81028667,-73.94751833,39.79362029000001,39.08462528428573,39.13609798777421
40.81020667,-73.94758,39.79362029000001,39.11817194531647,39.14508626028573
40.810125,-73.94763667,40.77971906000002,39.1247267558228,39.146375068242826
40.81005333,-73.94769333,40.77971906000002,39.1530044646154,39.161221068849855
40.80998667,-73.94774167,40.77971906000002,39.15316879250002,39.158807169142875
40.80993,-73.947785,40.77971906000002,39.17701824615386,39.16614435475886
40.80988167,-73.94782,40.47722429000004,39.176512315454566,39.16427735750001
40.80984667,-73.94784333,40.47722429000004,39.23812275581084,39.17535688592235
40.80978167,-73.947885,40.47722429000004,39.3661236457143,39.218792020032275
40.80974333,-73.947905,40.83098936000002,39.37027409857145,39.21317235340838
40.80969667,-73.94793333,40.83098936000002,39.40050416923079,39.21409228628573
40.80964833,-73.94797167,40.83098936000002,39.40729857950002,39.21538353828573
40.80959333,-73.94801,40.69255955000003,39.415622334615406,39.23233648971156
40.80947,-73.94808667,40.69255955000003,39.47418685126584,39.233054159142874
40.80929667,-73.94822333,40.76775599000004,39.56401368675326,39.266311024469466
40.80924333,-73.94826,40.76775599000004,39.55640082402599,39.267893644662394
40.809205,-73.94830833,40.76775599000004,39.59439855285716,39.28286808919616
40.80917333,-73.94834333,40.76775599000004,39.59606738721521,39.27080474038218
40.80901,-73.94838167,39.974775350000016,39.62224336316457,39.31290799156552
40.80897333,-73.94835667,39.974775350000016,39.66047287454547,39.313097233922846
40.808945,-73.94830167,39.974775350000016,39.6640357614865,39.31186751640779
40.80892167,-73.94822333,39.974775350000016,39.66111652766236,39.283342086655864
40.80889167,-73.94815333,39.974775350000016,39.65832366500002,39.27547703308684
40.80885667,-73.948075,39.974775350000016,39.67048503784813,39.25033358256331
40.80881833,-73.947995,39.59366612,39.63790568265825,39.24674797541403
40.80878167,-73.94791167,39.59366612,39.63514247807694,39.21969869536743
40.80870333,-73.94776667,39.20230283000004,39.65603416848103,39.188771364746856
40.80866833,-73.94768667,39.20230283000004,39.66974951455698,39.16236082485716
40.80863167,-73.9476,39.17495867,39.66163213307694,39.13481870582804
40.808595,-73.947515,39.17495867,39.68558489835445,39.133888175714304
40.80855667,-73.94742667,39.17495867,39.6778019969231,39.125913929646316
40.80852167,-73.947335,39.35440472000002,39.7007940626316,39.09720146260452
40.80848833,-73.94725,39.35440472000002,39.72201942948054,39.09230874122583
40.80841,-73.94707167,39.35440472000002,39.733059986923095,39.061525178785956
40.80839,-73.94702167,39.35440472000002,39.71217190202535,39.03196967996807
40.80837333,-73.946975,39.35440472000002,39.68926112807694,39.020420062516145
40.80835167,-73.94692667,39.35440472000002,39.6934323531169,38.99937310213594
40.80832333,-73.946875,39.35440472000002,39.707578209615406,38.97941079734826
40.80827333,-73.94675,40.04997179,39.68043623531647,38.96280195089174
40.80824667,-73.94669167,40.04997179,39.64655889784812,38.938460890601284
40.808225,-73.94664167,40.04997179,39.64149676696205,38.93960123853037
40.80821167,-73.94660667,40.04997179,39.62228662924052,38.90498934428573
40.80309833,-73.96384833,39.52017869000002,39.15583912062503,39.06508356875002
40.80307667,-73.963805,39.52017869000002,39.16277649615386,39.04574648812905
40.80305333,-73.96377333,39.52017869000002,39.189309971923095,39.04310197538463
40.80302833,-73.96374667,39.17495867,39.189309971923095,39.03740793543133
40.80299333,-73.96366,39.17495867,39.22527458779223,39.03430879556272
40.80297833,-73.96361167,39.17495867,39.212511916052655,39.025089518870985
40.80294167,-73.96349833,39.17495867,39.183394168076944,38.97214529914288
40.80291667,-73.96343667,39.17495867,39.19675382222224,38.95003997417724
40.80289167,-73.96337,39.66031751000003,39.19007683538464,38.92723930331213
40.80285833,-73.963305,39.66031751000003,39.19108471307694,38.90266556868169
40.80282667,-73.96323667,39.66031751000003,39.19146467797471,38.884270130474704
40.80279333,-73.96317,39.39200294,39.18234958337664,38.873546456173656
40.80276,-73.9631,39.39200294,39.13992396500002,38.84947442894232
40.80273167,-73.96303,39.39200294,39.12787325346156,38.79787160047772
40.80269667,-73.96296333,39.39200294,39.14495364632913,38.789617605714305
40.80261833,-73.962835,39.779948210000015,39.2281377344156,38.747606937161315
40.80258833,-73.96276333,39.779948210000015,39.28161438618423,38.71788367073957
40.80256167,-73.96269167,39.779948210000015,39.282692884805215,38.65971151271847
40.80253833,-73.96262,39.59708414000002,39.201935068354445,38.62305799192309
40.802505,-73.96255,39.59708414000002,39.1755643950633,38.587986978285734
40.80239333,-73.96234167,39.59708414000002,39.16773323531648,38.46727661800002
40.80235333,-73.962265,40.06706189000002,39.19274586618423,38.427481799483886
40.80228,-73.96210167,39.81241940000001,39.06775115807694,38.33841460312103
40.80224333,-73.96201833,39.81241940000001,39.02889239759495,38.30431542367091
40.802205,-73.961935,39.81241940000001,39.05976695701301,38.28150912379424
40.80216667,-73.961855,39.48428948000003,39.064030428815805,38.22660053750001
40.80212833,-73.961775,39.48428948000003,39.0006621369737,38.13101733003217
40.80209667,-73.96168833,39.69962473999999,38.755287163076936,38.11280895500002
40.80207,-73.96160167,39.07754510000001,38.70318645950002,38.06942994085716
40.80204167,-73.96151333,39.07754510000001,38.66676318387501,38.004818512000014
40.80198167,-73.96144833,39.07754510000001,38.62602033139242,37.94758662746837
40.80194833,-73.96136833,39.07754510000001,38.5738034473077,37.87582531913185
40.80193333,-73.961285,39.07754510000001,38.5500667350633,37.868480015854445
40.80197,-73.96122,39.07754510000001,38.51425540400002,37.862248495254796
40.80199667,-73.961175,39.07754510000001,38.40242125088609,37.83143733089174
40.80200833,-73.96112667,39.07754510000001,38.35807380038463,37.82474217326925
40.80192667,-73.9609,38.549461010000016,38.19676954884617,37.65475568445164
40.801915,-73.960865,38.549461010000016,38.1879296793671,37.656647977539954
40.801895,-73.96082833,38.549461010000016,38.1879296793671,37.65522289252398
40.80188,-73.96078833,37.3343549,38.20004418063292,37.62572754142859
40.80184,-73.96064667,37.3343549,38.16081077337501,37.527863660857165
40.80182167,-73.96060167,37.57703432,38.14031536278482,37.52375118600002
40.80175,-73.960515,37.16858093000002,38.1873506444156,37.4763401102251
40.801715,-73.96047167,37.16858093000002,38.15160810094597,37.40480040281556
40.801655,-73.96034833,37.16858093000002,38.022209514615405,37.34181739382639
40.80162167,-73.96027833,37.16858093000002,37.98997386125002,37.29362078228573
40.80158833,-73.96021667,37.16858093000002,37.94425513962027,37.28567532853505
40.80154833,-73.96016167,37.63001363000004,37.94598821637501,37.2177311922785
40.80151333,-73.96010167,37.63001363000004,37.86899019500002,37.19017413571431
40.801495,-73.960025,37.63001363000004,37.78643077025002,37.123354956102254
40.80147333,-73.95996,36.94811864000002,37.74981739430382,37.114465920063914
40.80144167,-73.959895,36.94811864000002,37.7508557801266,37.12623122678346
40.80142167,-73.95984333,36.94811864000002,37.71641358000002,37.07911209319622
40.80137667,-73.95971333,36.86266814000001,37.64620649975002,37.00434778171431
40.80134333,-73.95965833,36.86266814000001,37.66748038769232,36.98739848201925
40.79805,-73.95280167,35.00155625000002,35.210144249740274,35.437919770844175
40.798045,-73.95283167,35.00155625000002,35.16527064384618,35.41639913222583
40.79804,-73.95289833,35.00155625000002,35.18610769696205,35.391889751923095
40.798035,-73.95293,35.00155625000002,35.25087451653848,35.35408974771431
40.79803167,-73.95296,35.00155625000002,35.254190653250014,35.363638502000015
40.79803667,-73.95301833,34.256427890000055,35.25871843423078,35.35293627756331
40.79803833,-73.95304667,34.256427890000055,35.24611774430382,35.340464831170905
40.79804167,-73.953075,34.256427890000055,35.24611774430382,35.33620210971431
40.79804333,-73.953105,34.256427890000055,35.227599863797494,35.33620210971431
40.798045,-73.95313667,34.256427890000055,35.16627852153849,35.288910944230786
40.79804667,-73.953165,34.256427890000055,35.144291034556986,35.24477795201925
40.79805,-73.95319167,34.256427890000055,35.016542953076936,35.24713164514471
40.798055,-73.95322,34.256427890000055,34.9952972783117,35.170803547767015
40.79806333,-73.95325333,34.256427890000055,34.90660631779223,35.1759748239806
40.798075,-73.95328,34.256427890000055,34.97874666320002,35.15210900512905
40.79809,-73.95330333,35.1126419,34.98226242657897,35.14733864964632
40.79811,-73.95333,35.1126419,35.01272030233768,35.18057780396776
40.79813167,-73.95336167,35.1126419,35.04320212526317,35.158509523225824
40.79815,-73.95339333,35.1126419,35.1056283005195,35.19578990742767
40.79816333,-73.95342667,35.1126419,35.14015912430382,35.20272096875002
40.79816833,-73.953465,35.1126419,35.09514591012502,35.15644623644232
40.79817167,-73.95350333,35.1126419,35.10991613721521,35.15436249236424
40.79817,-73.95353833,35.1126419,35.06332162423079,35.15238186009617
40.79817167,-73.95357,34.639246130000004,35.06332162423079,35.14881686086818
40.79817667,-73.95360333,34.639246130000004,35.06332162423079,35.171319741736355
40.79818167,-73.953635,34.639246130000004,35.085747479473696,35.168368814501626
40.79818167,-73.95366833,34.639246130000004,35.13265530657897,35.13897494154343
40.798185,-73.95370167,34.639246130000004,35.113396527792226,35.12191781279745
40.79819,-73.95373167,34.639246130000004,35.05226437565791,35.087789586838724
40.79819333,-73.95380333,34.639246130000004,34.75708017846156,35.01122968480771
40.798195,-73.95384,34.24788284000002,34.75708017846156,34.99243788993612
40.798505,-73.95445833,34.28377205000004,34.74921435038464,35.10203950675161
40.798475,-73.95441333,34.28377205000004,34.72734559550002,35.09638189057145
40.798445,-73.95437,34.28377205000004,34.71959096262502,35.08317508426753
40.798415,-73.95432667,34.28377205000004,34.652127792875014,35.04280431154576
40.79838333,-73.95428333,34.28377205000004,34.62985739151901,35.014629632229315
40.79835333,-73.95423667,34.28377205000004,34.68221239423079,35.00375741161395
40.798325,-73.95419333,33.702708650000005,34.65683378987344,34.99657118249204
40.79823667,-73.95398833,34.24788284000002,34.79242967189875,34.995286251528675
40.79823667,-73.95395667,34.24788284000002,34.76883181325002,34.990689116571446
40.79809333,-73.95406667,34.24788284000002,34.462473146923095,34.81945904346156
40.79807167,-73.95408667,33.241275950000016,34.32656388480521,34.773208335080405
40.79804833,-73.954105,33.241275950000016,34.19893504076925,34.7256944713226
40.79802667,-73.95412667,33.241275950000016,34.184449715584435,34.696547581419374
40.79800833,-73.95415167,33.241275950000016,34.14869279907897,34.67943275349516
40.79794833,-73.95421333,33.241275950000016,34.01372683696204,34.61608741168792
40.79792667,-73.95423333,33.241275950000016,34.01372683696204,34.60239424981014
40.79790333,-73.95424667,33.241275950000016,33.947885853846174,34.56416362400002
40.79788167,-73.954255,33.241275950000016,33.88599997250002,34.56416362400002
40.79785833,-73.954265,33.241275950000016,33.82186342316458,34.5356659729618
40.79783833,-73.95427667,33.241275950000016,33.82186342316458,34.515979701719765
40.797815,-73.954295,33.241275950000016,33.75051873222224,34.48766343291142
40.79779333,-73.95431833,33.13360832000001,33.60531644262501,34.42219100914287
40.79777167,-73.95434167,33.13360832000001,33.537129377341785,34.415376636519
40.79774833,-73.95436167,33.13360832000001,33.537129377341785,34.40165588218356
40.79772833,-73.95438167,33.13360832000001,33.50545860974685,34.35145427142859
40.797715,-73.954395,33.13360832000001,33.50545860974685,34.325596384185324
40.79758833,-73.95444833,33.13360832000001,33.28263831860761,34.25312922942859
40.79755833,-73.95445667,33.13360832000001,33.18074670974685,34.209473381075966
40.79752167,-73.95446667,33.05157584000003,33.1106340336709,34.161632262070086
40.797485,-73.95447833,33.05157584000003,33.07336571750002,34.1154507897785
40.797385,-73.954525,33.05157584000003,32.90510491884618,34.03495002217254
40.79735333,-73.95453667,33.05157584000003,32.90510491884618,34.01930823009617
40.79732333,-73.95455667,33.05157584000003,32.90510491884618,33.99743018096776
40.79729333,-73.954575,33.05157584000003,32.88178458675326,33.95471893488748
40.79723333,-73.9546,33.06182990000002,32.634162354714306,33.826508213737725
40.79720333,-73.95461833,33.06182990000002,32.54037399743245,33.778994653009725
40.79717333,-73.954635,33.11822723000003,32.53140716473686,33.744893632322594
40.79714667,-73.954655,33.11822723000003,32.50167412883119,33.736619584758856
40.79712,-73.95467333,33.11822723000003,32.473667535384635,33.71951849434085
40.79709333,-73.95468667,33.11822723000003,32.473667535384635,33.68350133697454
40.79706833,-73.95469833,33.11822723000003,32.45135016537502,33.687669362000015
40.79704333,-73.95470833,33.11822723000003,32.45135016537502,33.6890527947785
40.79702,-73.954715,33.11822723000003,32.363314787750014,33.6727657097143
40.79699667,-73.95471833,33.29083724000003,32.363314787750014,33.65548772401276
40.79697667,-73.95473167,33.29083724000003,32.323494313924066,33.643475669649696
40.79695833,-73.95474833,33.29083724000003,32.33505203487502,33.59899815987384
40.79688667,-73.95481333,33.29083724000003,32.17614642269232,33.51680634000002
40.796865,-73.95482833,33.29083724000003,32.14493521848103,33.50546942626584
40.796845,-73.95484667,33.29083724000003,32.14493521848103,33.47185666428573
40.79682667,-73.954865,33.29083724000003,32.14493521848103,33.415452552500014
40.79680667,-73.954885,33.29083724000003,32.12069123923079,33.415452552500014
40.796745,-73.95494667,32.52178273999999,32.08190985846156,33.33142898396776
40.79672667,-73.95497333,32.87554781,32.03862119857145,33.29445858273313
40.79671,-73.95499833,32.87554781,31.985397744285734,33.275148418295835
40.79669167,-73.95502667,32.87554781,31.94249493480521,33.2202811216505
40.79666833,-73.95504833,32.87554781,31.93260154250002,33.21806649161292
40.796645,-73.95507167,32.87554781,31.909779600519496,33.18720858861738
40.796625,-73.95509667,32.87554781,31.883467505000024,33.188888220384634
40.796605,-73.95512333,32.87554781,31.88185584367091,33.16455496457145
40.796585,-73.95515333,32.87554781,31.86289529712501,33.1656684822785
40.79656333,-73.95518167,32.178271730000034,31.80438306725002,33.12485644713377
40.79654333,-73.95521167,32.178271730000034,31.770081264615403,33.073842268365404
40.79652167,-73.955235,32.178271730000034,31.740245977088637,33.066902502929956
40.7965,-73.95525167,32.178271730000034,31.703079308461565,33.04484354182111
40.79648167,-73.95527833,32.178271730000034,31.703079308461565,33.00495905449046
40.79646667,-73.95530333,32.29961144000001,31.68464906949369,32.97776729028664
40.79644667,-73.95532167,32.29961144000001,31.623925131898755,32.95655161837581
40.79642833,-73.95534,32.29961144000001,31.656361438625016,32.959701632571445
40.79641,-73.955355,32.29961144000001,31.667365381538485,32.937757951082816
40.796375,-73.955395,32.29961144000001,31.667365381538485,32.89878704887462
40.796355,-73.95542,32.29961144000001,31.655758568701323,32.87629756922583
40.79633667,-73.95544333,32.29961144000001,31.64206984250002,32.834850292122205
40.79631667,-73.95546333,32.29961144000001,31.644946676000018,32.813356384806475
40.796285,-73.95550667,32.29961144000001,31.514523727763173,32.77859583755629
40.79624667,-73.95554167,32.29961144000001,31.514956746153864,32.72391699326925
40.79622833,-73.95556,32.29961144000001,31.514956746153864,32.701772815691335
40.79620667,-73.95557667,32.29961144000001,31.514956746153864,32.69476285407645
40.796165,-73.95560667,32.10991133000002,31.468340322784822,32.6837794713376
40.79614167,-73.95561833,32.10991133000002,31.442991540125025,32.684968780571445
40.79612,-73.95563,32.10991133000002,31.43730908187501,32.647030313630594
40.79609833,-73.95563833,32.10991133000002,31.439719813544315,32.63112661942494
40.79607333,-73.95564667,32.10991133000002,31.439719813544315,32.61980938342859
40.79604833,-73.95566,32.10991133000002,31.456985114444464,32.60376654566458
40.79602333,-73.95567333,32.10991133000002,31.436027324375026,32.58223286514288
40.795995,-73.955685,32.10991133000002,31.441517519000023,32.5408522629747
40.79596833,-73.95569667,32.10991133000002,31.43584749974685,32.5408522629747
40.79590333,-73.9557,30.69826907000001,31.40917450475002,32.47718962971156
40.79586667,-73.95569667,31.22635316000003,31.469996636923096,32.44433500798079
40.79583167,-73.95568667,31.22635316000003,31.49856167683545,32.44349693576925
40.7958,-73.95566667,31.22635316000003,31.49856167683545,32.4476713857143
40.79576833,-73.95564833,31.22635316000003,31.54944258215191,32.452136513428584
40.79570167,-73.95561333,31.22635316000003,31.646272060126584,32.46487541971431
40.79566667,-73.95559333,31.22635316000003,31.67882451269232,32.45655281228573
40.79563333,-73.95557167,30.853788980000047,31.7110413758228,32.44329807822786
40.79560333,-73.95554667,30.853788980000047,31.7110413758228,32.450190558269256
40.79557667,-73.95551667,30.853788980000047,31.76020793311689,32.45468480222582
40.79555667,-73.95548,30.853788980000047,31.80408731974027,32.47907954174195
40.79554167,-73.95544167,30.853788980000047,31.815523402307708,32.47638681842445
40.79552833,-73.95540333,30.853788980000047,31.881964008860773,32.49703475124206
40.795515,-73.95536833,30.853788980000047,31.929643224556976,32.52221271385352
40.79550167,-73.95533333,30.853788980000047,31.945955921923087,32.532847763343966
40.79549,-73.95529833,30.853788980000047,31.95521347544304,32.53419211197454
40.79548167,-73.95526833,30.853788980000047,31.97626674800002,32.54589937474524
40.795475,-73.95523833,30.853788980000047,32.00453680202532,32.56016721380194
40.79549667,-73.95505333,31.224644150000017,32.12040953428573,32.686655193398074
40.795505,-73.95502167,31.224644150000017,32.158651407402616,32.7124829780386
40.79551333,-73.95498333,31.224644150000017,32.18506338012988,32.73104579405146
40.79552167,-73.954945,31.224644150000017,32.2127980586076,32.76430381722047
40.79553167,-73.95489833,31.224644150000017,32.23797752807694,32.818715063439505
40.79554,-73.95485667,32.291066390000026,32.270814621500016,32.83611078177217
40.79556167,-73.95477167,32.291066390000026,32.30995095050002,32.87876444984078
40.79557667,-73.95473,32.291066390000026,32.32428527187502,32.94283940057145
40.79559167,-73.95469,32.291066390000026,32.34742099475002,32.96369474800002
40.79560833,-73.95465167,32.291066390000026,32.38456438012659,32.978972945527175
40.795685,-73.954515,33.02252267,32.42863087848103,33.120304001645586
40.79570167,-73.95448167,33.02252267,32.42872714550002,33.11466814885716
40.795715,-73.954445,33.02252267,32.4380834477778,33.16422447699368
40.79574833,-73.95437667,33.02252267,32.47969836875002,33.2315171763376
40.79576667,-73.954345,33.02252267,32.48268649888891,33.249560579428596
40.79578667,-73.95431667,33.02252267,32.45951068812502,33.26728545457144
40.795805,-73.95428667,33.02252267,32.47336079000002,33.26897388595543
40.795815,-73.954255,33.02252267,32.47336079000002,33.303386412788484
40.79582833,-73.95422333,33.02252267,32.49228567129873,33.32854536418008
40.79584167,-73.95419167,33.02252267,32.523379315131606,33.3498364281731
40.79585333,-73.95416,33.02252267,32.575778218108134,33.42934947813507
40.79586,-73.954125,33.02252267,32.61499306918921,33.46952557359225
40.79586667,-73.95409333,33.02252267,32.59756384131581,33.52588089096156
40.79588833,-73.95403667,33.04132178000003,32.58621463649354,33.56569015148389
40.79589667,-73.95400667,33.04132178000003,32.58621463649354,33.5889988427097
40.7959,-73.95397167,33.04132178000003,32.58621463649354,33.62697540557694
40.79590667,-73.95394,33.04132178000003,32.59174398481016,33.633805967980784
40.79591667,-73.95386667,33.04132178000003,32.63249591346157,33.69984934480771
40.79591833,-73.95383333,33.04132178000003,32.63249591346157,33.71097344434085
40.795915,-73.95380167,32.88067484000004,32.63249591346157,33.724352434709694
40.79591167,-73.95377167,32.88067484000004,32.61859704675327,33.758809238713845
40.79591167,-73.95374167,32.88067484000004,32.64737248802635,33.786269379326946
40.79591,-73.95371333,32.88067484000004,32.68173683810813,33.84485322128619
40.79577,-73.953475,32.69610176000003,32.74143325025002,34.02083487452231
40.79575167,-73.95346333,32.69610176000003,32.74143325025002,34.02083487452231
40.79558833,-73.95335167,32.81915048000002,32.76963245607597,34.09910644398091
40.79556833,-73.95334667,32.81915048000002,32.76496609884617,34.09725666657145
40.79554667,-73.95334167,32.81915048000002,32.77484601822787,34.09024441281152
40.79552667,-73.95333833,32.81915048000002,32.77484601822787,34.081689781560534
40.79541667,-73.95334,32.81915048000002,32.768346273636375,34.01365444679613
40.79499667,-73.954015,33.27887417000002,32.96670240831171,33.422651527419376
40.794985,-73.95404333,33.27887417000002,32.9654507307895,33.3841613932143
40.79497167,-73.95407167,33.27887417000002,32.97258406610391,33.38400317349516
40.79494167,-73.954125,33.05157584,33.028675106000016,33.31772529765276
40.79493,-73.95414833,33.05157584,33.061335186578965,33.27975889864953
40.79488167,-73.95424167,33.05157584,32.902718905696226,33.18568414063696
40.79484833,-73.954315,33.60187705999999,32.87779088562502,33.139570866000014
40.79481333,-73.95435667,33.60187705999999,32.8987289969231,33.08884540423078
40.79479833,-73.95437667,33.60187705999999,32.8987289969231,33.08964362824283
40.79478333,-73.95439833,33.60187705999999,32.91775386708863,33.08887471111467
40.79477167,-73.95442333,33.60187705999999,32.91792249384618,33.063286940576944
40.794755,-73.954445,33.60187705999999,32.91792249384618,33.03190579221156
40.79473667,-73.95446667,33.60187705999999,32.878324951250015,33.023938706857166
40.79472,-73.95448667,33.60187705999999,32.906267264750014,33.023469115411416
40.79470333,-73.95450667,33.60187705999999,32.8971808479747,33.00913271228574
40.79465167,-73.95458667,33.60187705999999,32.89947395000002,32.94935049427187
40.79461833,-73.95461833,33.60187705999999,32.86072159337664,32.90968916886366
40.79459667,-73.95462667,33.111391190000006,32.86072159337664,32.91918781855772
40.79457833,-73.95463167,33.74543390000002,32.86474686680002,32.92840113528848
40.79455833,-73.95464,33.74543390000002,32.90259574160001,32.89932057730771
40.79452333,-73.95467667,33.74543390000002,32.8257423757143,32.86049856660196
40.794505,-73.95469667,33.74543390000002,32.8257423757143,32.842409554806466
40.79448667,-73.95471667,33.74543390000002,32.8366568773077,32.83485474817309
40.79441667,-73.95477333,33.74543390000002,32.84841998037977,32.83563293200002
40.79439167,-73.95478667,33.74543390000002,32.863865969493695,32.842401724331225
40.79437,-73.95479833,33.74543390000002,32.86281787653848,32.84096356290736
40.79434833,-73.95480833,33.74543390000002,32.86281787653848,32.8616852352548
40.79432333,-73.95481833,33.74543390000002,32.88599413362502,32.86154041791141
40.7943,-73.95482833,34.17952244000003,32.88599413362502,32.86154041791141
40.79422,-73.95485167,34.17952244000003,32.938002390632924,32.87570564850321
40.794195,-73.95486,34.17952244000003,32.948693438000014,32.88831926885716
40.79417,-73.95486667,34.17952244000003,32.956909665822806,32.88831926885716
40.79414167,-73.95487667,34.17952244000003,32.959157837692324,32.87548774894571
40.79411333,-73.95488667,34.17952244000003,32.959157837692324,32.87867003980771
40.79408667,-73.95489667,33.54547973000004,32.95180113776318,32.883871628932056
40.79405667,-73.954905,33.54547973000004,32.94739196115387,32.89394576974279
40.794025,-73.954915,34.16072333,32.94739196115387,32.89334999750001
40.793995,-73.95493167,34.16072333,32.95122627846156,32.88491449942309
40.79392833,-73.95495667,34.16072333,32.96391239115387,32.91012406628573
40.79389167,-73.95497,34.16072333,32.95615250949369,32.91012406628573
40.793855,-73.95498333,34.16072333,32.95935338787501,32.900377439363076
40.793815,-73.954995,34.16072333,32.98797470835445,32.90210867375002
40.79377667,-73.95500667,34.336751359999994,32.98753178576926,32.90210867375002
40.79373667,-73.955015,34.336751359999994,32.977245002467555,32.90548856261293
40.79366167,-73.955025,34.336751359999994,33.048458051486506,32.93147804723474
40.79362667,-73.95502667,34.336751359999994,33.126157036400016,32.974919274951475
40.79358833,-73.95502833,34.336751359999994,33.128868665600024,32.99963179567309
40.79351167,-73.95503167,34.454673050000025,33.116518220000025,33.01648306184468
40.79347167,-73.955035,34.454673050000025,33.102216504736866,33.030553357767005
40.79343333,-73.95504167,34.454673050000025,33.09169375423078,33.02928152890324
40.793395,-73.95505167,34.454673050000025,33.09169375423078,33.04943130809679
40.79336,-73.95506333,34.454673050000025,33.13789194246755,33.04750389012864
40.79332667,-73.95507833,34.454673050000025,33.123113245769254,33.048995892211565
40.79329,-73.95509,34.454673050000025,33.123113245769254,33.05738096106454
40.79325833,-73.95510667,34.454673050000025,33.116407245324694,33.06937482196143
40.79322333,-73.95512333,34.48372622000002,33.11945421153848,33.06491926423079
40.79318667,-73.95514,34.48372622000002,33.17419730750002,33.093241281850666
40.79314667,-73.95515167,34.48372622000002,33.156307478461564,33.11118169845163
40.79310833,-73.95516,34.48372622000002,33.156307478461564,33.14514276369776
40.79307,-73.95516333,34.48372622000002,33.200562572531666,33.15632458942859
40.79303333,-73.95516167,34.48372622000002,33.236170553037994,33.20526195514287
40.793,-73.95515833,34.48372622000002,33.25379444825002,33.22367747360761
40.79293,-73.95515333,34.12825214,33.27338397537501,33.26573750768989
40.792895,-73.95514833,34.12825214,33.27338397537501,33.28092607054141
40.79285833,-73.95514833,34.12825214,33.303479531923095,33.27679623085716
40.79278667,-73.95514,34.12825214,33.27979440615387,33.28773692057694
40.79275333,-73.95513,34.12825214,33.31087926636366,33.32734589699031
40.79265167,-73.95511,33.93513401000001,33.39384393363639,33.422821169839246
40.79261833,-73.95510833,33.93513401000001,33.41309718615388,33.474188816057705
40.79258333,-73.95510833,33.93513401000001,33.41309718615388,33.46762968341855
40.79254833,-73.95510833,33.93513401000001,33.40629276367091,33.46762968341855
40.79251333,-73.95510667,33.93513401000001,33.40540499787502,33.48574602060511
40.79248333,-73.95509667,33.93513401000001,33.395108483038,33.51594215907645
40.79245333,-73.95508667,33.93513401000001,33.41612081923079,33.52846631634617
40.79242667,-73.95507833,33.677073500000034,33.41612081923079,33.54027027186497
40.79240333,-73.95508,33.677073500000034,33.41612081923079,33.54027027186497
40.79235167,-73.95508667,33.677073500000034,33.41612081923079,33.53905164722582
40.79232667,-73.95509667,33.677073500000034,33.37307210276317,33.56187417528848
40.79230167,-73.955105,33.677073500000034,33.37131607454547,33.55995960572349
40.79227667,-73.955115,33.677073500000034,33.36368101688313,33.562619768603916
40.79225333,-73.95512833,33.677073500000034,33.36368101688313,33.584803552330115
40.79223,-73.95514667,33.677073500000034,33.35490320461539,33.61694044942309
40.792205,-73.955165,33.677073500000034,33.35218853569621,33.634720726538475
40.79218167,-73.95518167,33.677073500000034,33.38435076153847,33.617697609714305
40.79213167,-73.95521167,33.35577962000002,33.37483191666668,33.66462909490509
40.79210333,-73.955225,33.35577962000002,33.351431379367106,33.66268298267518
40.792075,-73.95524,33.35577962000002,33.351431379367106,33.66268298267518
40.79205,-73.95526167,33.35577962000002,33.343410660125016,33.64314748819622
40.79202667,-73.95528,33.35577962000002,33.33258900329115,33.653626318216574
40.79200333,-73.9553,33.35577962000002,33.34524072500002,33.653626318216574
40.79196,-73.95534167,33.35577962000002,33.310047377721546,33.65788918457145
40.79193833,-73.955365,33.35577962000002,33.30185816346156,33.65788918457145
40.7919,-73.95541833,33.03619475000002,33.31416411675327,33.62558339163989
40.79188,-73.95544667,33.17975159000002,33.281049273636384,33.62558339163989
40.79185833,-73.95547167,33.17975159000002,33.260005775810825,33.56828865310681
40.79183833,-73.9555,33.17975159000002,33.226345848750015,33.56165088691805
40.79181833,-73.95552833,33.17975159000002,33.21110622680002,33.53491143267744
40.791795,-73.95555667,33.17975159000002,33.207533957692334,33.55926171418008
40.79177167,-73.955585,33.17975159000002,33.21872589597405,33.549619944548404
40.79175167,-73.955615,33.17975159000002,33.21401943153848,33.554320570192324
40.79173,-73.95564167,33.17975159000002,33.21401943153848,33.539441228000015
40.791705,-73.95567,33.17975159000002,33.194278175000015,33.52185293888537
40.79166,-73.95572667,33.21222278000002,33.17267453576925,33.53935577750002
40.79164,-73.95575833,33.21222278000002,33.166577069873426,33.50987898347135
40.79162167,-73.95579,33.01397762000002,33.159944602307704,33.49886538673079
40.79160333,-73.95581667,33.01397762000002,33.15373191275002,33.46456844764333
40.79153833,-73.95589,33.01397762000002,33.1176356496154,33.42403081808309
40.79151667,-73.95591667,33.01397762000002,33.1176356496154,33.41258359546626
40.79149833,-73.955945,33.01397762000002,33.11343750460528,33.376067222580666
40.79148,-73.95597,32.511528680000026,33.114565065714295,33.369401923009725
40.79146333,-73.95599333,32.511528680000026,33.116934517307705,33.35576313437301
40.79144833,-73.95602,32.511528680000026,33.088779673076935,33.3448166780386
40.791375,-73.95616167,32.511528680000026,33.06229001807695,33.332338618322595
40.791355,-73.95618833,32.4636764,33.046192458500016,33.32509412634617
40.79133167,-73.956215,32.4636764,33.04772515924053,33.303690305623014
40.79128333,-73.95626167,32.4636764,33.01378042653849,33.31980902857145
40.79126,-73.95629,32.4636764,32.99274645730772,33.27963373000002
40.79123833,-73.95631833,32.4636764,32.9890216919231,33.252428056656065
40.79121667,-73.95634667,32.4636764,32.9890216919231,33.22547308509617
40.79116,-73.95639333,32.4636764,32.98032326923079,33.18914018980771
40.79112667,-73.956415,32.4636764,32.962006187692324,33.20502405620581
40.79109667,-73.95643667,32.4636764,32.95635330846155,33.197537344711556
40.79104167,-73.95649667,32.424369170000034,32.93155574531647,33.1533785817143
40.790965,-73.9566,32.43633224000001,32.87848990316457,33.14515096261983
40.790935,-73.95663167,32.43633224000001,32.8429232473077,33.14313467251615
40.79090167,-73.95665833,32.43633224000001,32.829166576582296,33.138298542332286
40.79087333,-73.956685,32.43633224000001,32.825175835769244,33.134640278115036
40.79084667,-73.95671167,32.43633224000001,32.80740374037976,33.161594719426766
40.79082,-73.95673833,32.55254492,32.766322601265834,33.112053092285734
40.79079167,-73.95676333,32.55254492,32.74940972576924,33.06665213840766
40.79076333,-73.95678667,32.55596294000003,32.759053900506345,33.05313196731631
40.790705,-73.95682667,32.55596294000003,32.73489628700001,33.029713616230055
40.79067833,-73.95685,32.55596294000003,32.72714877500001,33.00952316812906
40.790655,-73.956875,32.55596294000003,32.7054794046154,33.00195977403848
40.79062667,-73.95689333,32.55596294000003,32.7054794046154,33.00195977403848
40.79060167,-73.95690833,32.55596294000003,32.7054794046154,33.020205646826945
40.79057667,-73.95692167,32.55596294000003,32.69406409423079,32.992401368750016
40.79055167,-73.956935,32.709773840000025,32.645319748571445,32.981110774951794
40.79052667,-73.95694667,32.709773840000025,32.61547154461541,32.95205210974279
40.79050333,-73.95695667,32.709773840000025,32.601240607532496,32.98071256729035
40.79048167,-73.95697333,32.709773840000025,32.583734352500024,33.01085729851614
40.790435,-73.95700333,32.709773840000025,32.5516465942308,33.027988225942515
40.79041333,-73.95701667,32.709773840000025,32.53798588544306,33.01108586657144
40.79036,-73.95703833,32.709773840000025,32.49625440312502,33.00586660428573
40.79033333,-73.95705,32.59185215000002,32.492469973544324,33.035042669776374
40.79030833,-73.95706333,32.59185215000002,32.47563947000002,33.02228165576925
40.79027,-73.95709333,32.69097473000002,32.44831694303799,33.02589742392407
40.79025333,-73.95711167,32.69097473000002,32.43893957576925,32.99878763335465
40.79023667,-73.95712833,32.69097473000002,32.43893957576925,32.99878763335465
