,Longitude,Latitude,polygon_area,polygon_perimeter
0,-73.90916667,40.81310667,2.5012500000687215e-08,0.0008005745869208761
1,-73.90918667,40.813045,2.5012500000687215e-08,0.0008005745869208761
2,-73.909215,40.81297833,6.599775000073614e-07,0.006705601830549934
3,-73.90924167,40.81290833,6.599775000073614e-07,0.006705601830549934
4,-73.90925667,40.812845,6.599775000073614e-07,0.006705601830549934
5,-73.90928,40.81277667,6.599775000073614e-07,0.006705601830549934
6,-73.90931167,40.81271,1.1826399999933906e-07,0.0019086306296616957
7,-73.90934,40.81264333,1.1826399999933906e-07,0.0019086306296616957
8,-73.90936333,40.81256167,1.1826399999933906e-07,0.0019086306296616957
9,-73.90938333,40.812485,1.1826399999933906e-07,0.0019086306296616957
10,-73.90939333,40.81240333,1.1826399999933906e-07,0.0019086306296616957
11,-73.90942,40.81233,1.1826399999933906e-07,0.0019086306296616957
12,-73.90945333,40.81223667,7.280500000316682e-09,0.00036304549757708527
13,-73.90947667,40.81216333,7.280500000316682e-09,0.00036304549757708527
14,-73.90949333,40.81209333,7.280500000316682e-09,0.00036304549757708527
15,-73.90952167,40.81203167,7.280500000316682e-09,0.00036304549757708527
16,-73.90953,40.81198167,7.280500000316682e-09,0.00036304549757708527
17,-73.90954833,40.81194,7.280500000316682e-09,0.00036304549757708527
18,-73.90956333,40.8119,7.280500000316682e-09,0.00036304549757708527
19,-73.90958167,40.81186333,7.280500000316682e-09,0.00036304549757708527
20,-73.9096,40.81181167,7.280500000316682e-09,0.00036304549757708527
21,-73.909615,40.81175333,7.280500000316682e-09,0.00036304549757708527
22,-73.90963167,40.8117,7.280500000316682e-09,0.00036304549757708527
23,-73.90964667,40.81164333,7.280500000316682e-09,0.00036304549757708527
24,-73.90966167,40.81157833,7.280500000316682e-09,0.00036304549757708527
25,-73.909675,40.81151,1.2393750000194386e-07,0.002134482332913572
26,-73.90969333,40.81144167,1.2393750000194386e-07,0.002134482332913572
27,-73.909705,40.81137667,1.2393750000194386e-07,0.002134482332913572
28,-73.90971333,40.81132,6.767544999928047e-07,0.0034009360678745456
29,-73.909745,40.81123,6.767544999928047e-07,0.0034009360678745456
30,-73.909755,40.81120333,6.767544999928047e-07,0.0034009360678745456
31,-73.90977,40.81116167,6.767544999928047e-07,0.0034009360678745456
32,-73.90978667,40.81111833,6.767544999928047e-07,0.0034009360678745456
33,-73.90980833,40.81106,6.767544999928047e-07,0.0034009360678745456
34,-73.909875,40.810865,1.0923300000151638e-07,0.002010645740084542
35,-73.9099,40.81081,1.1556000000104161e-08,0.0005095235112122501
36,-73.90992833,40.81075333,1.1556000000104161e-08,0.0005095235112122501
37,-73.909965,40.810705,1.1556000000104161e-08,0.0005095235112122501
38,-73.90995167,40.81062833,1.1556000000104161e-08,0.0005095235112122501
39,-73.90991333,40.8106,1.1556000000104161e-08,0.0005095235112122501
40,-73.90974333,40.810515,9.030700000222248e-08,0.0016351735343923441
41,-73.90966667,40.810495,9.030700000222248e-08,0.0016351735343923441
42,-73.90959167,40.81047333,1.1780499999713062e-08,0.0005926382590601951
43,-73.90951833,40.810445,1.1780499999713062e-08,0.0005926382590601951
44,-73.90944,40.81042333,1.1780499999713062e-08,0.0005926382590601951
45,-73.909385,40.8104,1.1780499999713062e-08,0.0005926382590601951
46,-73.909345,40.81038,1.1780499999713062e-08,0.0005926382590601951
47,-73.90925333,40.81033333,1.1780499999713062e-08,0.0005926382590601951
48,-73.90922333,40.81030667,1.1780499999713062e-08,0.0005926382590601951
49,-73.90917333,40.81029333,1.1780499999713062e-08,0.0005926382590601951
50,-73.90911833,40.81028,1.1780499999713062e-08,0.0005926382590601951
51,-73.909055,40.81026167,1.1780499999713062e-08,0.0005926382590601951
52,-73.90897833,40.81023833,3.3132650000035056e-07,0.00429313594729024
53,-73.908895,40.81021833,3.3132650000035056e-07,0.00429313594729024
54,-73.90871333,40.81017333,1.0196499999245374e-08,0.0004838498221288537
55,-73.90862167,40.810155,1.0196499999245374e-08,0.0004838498221288537
56,-73.90853667,40.81013833,1.0196499999245374e-08,0.0004838498221288537
57,-73.90847,40.81012667,1.0196499999245374e-08,0.0004838498221288537
58,-73.90843167,40.810125,1.0196499999245374e-08,0.0004838498221288537
59,-73.90818333,40.81009667,1.0196499999245374e-08,0.0004838498221288537
60,-73.9081,40.81007833,1.0196499999245374e-08,0.0004838498221288537
61,-73.90800833,40.81006,1.0196499999245374e-08,0.0004838498221288537
62,-73.90791833,40.81004,4.6105199999747856e-07,0.00443853162730898
63,-73.90782333,40.810025,4.6105199999747856e-07,0.00443853162730898
64,-73.907525,40.80997833,5.315129999984624e-07,0.003166581018789042
65,-73.90740667,40.809905,4.6105199999747856e-07,0.00443853162730898
66,-73.90739667,40.80987,4.6105199999747856e-07,0.00443853162730898
67,-73.90739833,40.80982833,4.6105199999747856e-07,0.00443853162730898
68,-73.90741167,40.80977667,4.6105199999747856e-07,0.00443853162730898
69,-73.907465,40.80964333,4.6105199999747856e-07,0.00443853162730898
70,-73.90749167,40.80957167,4.6105199999747856e-07,0.00443853162730898
71,-73.90751833,40.80950167,4.6105199999747856e-07,0.00443853162730898
72,-73.90753833,40.80944167,4.6105199999747856e-07,0.00443853162730898
73,-73.90755,40.80939833,4.6105199999747856e-07,0.00443853162730898
74,-73.90761333,40.80920333,4.6105199999747856e-07,0.00443853162730898
75,-73.90763833,40.80913833,4.6105199999747856e-07,0.00443853162730898
76,-73.90766,40.80906667,4.6105199999747856e-07,0.00443853162730898
77,-73.90768,40.80899,4.29722999999366e-07,0.0037984841741943473
78,-73.90770167,40.80891167,4.29722999999366e-07,0.0037984841741943473
79,-73.90772667,40.808825,4.29722999999366e-07,0.0037984841741943473
80,-73.90775667,40.808735,4.29722999999366e-07,0.0037984841741943473
81,-73.907785,40.80864333,4.29722999999366e-07,0.0037984841741943473
82,-73.90781833,40.80855,4.29722999999366e-07,0.0037984841741943473
83,-73.90785667,40.80845667,4.29722999999366e-07,0.0037984841741943473
84,-73.90789333,40.80836,4.29722999999366e-07,0.0037984841741943473
85,-73.90792833,40.80826167,4.29722999999366e-07,0.0037984841741943473
86,-73.90800833,40.80806667,3.808775000003881e-07,0.002496883519359049
87,-73.90802667,40.80797667,3.808775000003881e-07,0.002496883519359049
88,-73.90804667,40.807885,3.808775000003881e-07,0.002496883519359049
89,-73.90808667,40.80778833,3.808775000003881e-07,0.002496883519359049
90,-73.90813,40.80769167,3.808775000003881e-07,0.002496883519359049
91,-73.90817333,40.80759667,3.604999999940564e-08,0.0007983532926196775
92,-73.90821333,40.8075,3.604999999940564e-08,0.0007983532926196775
93,-73.908245,40.80741333,3.604999999940564e-08,0.0007983532926196775
94,-73.90827,40.80732833,3.604999999940564e-08,0.0007983532926196775
95,-73.90829833,40.80723833,3.604999999940564e-08,0.0007983532926196775
96,-73.90836333,40.80704833,3.604999999940564e-08,0.0007983532926196775
97,-73.90839667,40.806955,3.604999999940564e-08,0.0007983532926196775
98,-73.90842833,40.80687167,2.5413000001109154e-08,0.00072529735094877
99,-73.908455,40.80679667,2.5413000001109154e-08,0.00072529735094877
100,-73.90848,40.80674,2.5413000001109154e-08,0.00072529735094877
101,-73.90849667,40.80669667,2.5413000001109154e-08,0.00072529735094877
102,-73.90853,40.80663333,2.5413000001109154e-08,0.00072529735094877
103,-73.90859333,40.80654167,2.5413000001109154e-08,0.00072529735094877
104,-73.90863333,40.80648333,2.5413000001109154e-08,0.00072529735094877
105,-73.908675,40.80643,2.5413000001109154e-08,0.00072529735094877
106,-73.90871333,40.80638833,7.934870000061656e-07,0.004190689268484237
107,-73.90875333,40.80634667,7.934870000061656e-07,0.004190689268484237
108,-73.9088,40.80631167,5.3496000000146e-07,0.004567831738336208
109,-73.90885167,40.80628333,5.3496000000146e-07,0.004567831738336208
110,-73.90889833,40.80626,5.3496000000146e-07,0.004567831738336208
111,-73.90893667,40.80624833,5.3496000000146e-07,0.004567831738336208
112,-73.90896333,40.80624333,5.3496000000146e-07,0.004567831738336208
113,-73.909165,40.80621667,5.3496000000146e-07,0.004567831738336208
114,-73.909225,40.806185,5.3496000000146e-07,0.004567831738336208
115,-73.90930167,40.80615,5.3496000000146e-07,0.004567831738336208
116,-73.90947667,40.80609667,1.6812000000170183e-08,0.0005826469207986045
117,-73.90954667,40.80606833,1.6812000000170183e-08,0.0005826469207986045
118,-73.909595,40.80603667,1.6812000000170183e-08,0.0005826469207986045
119,-73.90964667,40.80601333,1.6812000000170183e-08,0.0005826469207986045
120,-73.9097,40.80599,1.6812000000170183e-08,0.0005826469207986045
121,-73.90976,40.80597167,1.6812000000170183e-08,0.0005826469207986045
122,-73.90987167,40.80591167,1.6812000000170183e-08,0.0005826469207986045
123,-73.90990833,40.80590333,1.6812000000170183e-08,0.0005826469207986045
124,-73.90994667,40.805895,1.6812000000170183e-08,0.0005826469207986045
125,-73.90998333,40.80588667,1.0781084999946616e-06,0.006960829443834778
126,-73.910005,40.80574833,1.0781084999946616e-06,0.006960829443834778
127,-73.90990833,40.80571167,7.713039999956814e-07,0.004053783500061698
128,-73.90979167,40.80562667,7.713039999956814e-07,0.004053783500061698
129,-73.90964,40.80555333,7.713039999956814e-07,0.004053783500061698
130,-73.90940833,40.80539,7.713039999956814e-07,0.004053783500061698
131,-73.90931,40.80531333,5.3496000000146e-07,0.004567831738336208
132,-73.90921167,40.80523667,5.3496000000146e-07,0.004567831738336208
133,-73.90911833,40.80516667,5.3496000000146e-07,0.004567831738336208
134,-73.90902667,40.80509833,5.3496000000146e-07,0.004567831738336208
135,-73.90895333,40.80503167,5.3496000000146e-07,0.004567831738336208
136,-73.90889167,40.80498833,5.3496000000146e-07,0.004567831738336208
137,-73.90883167,40.804955,5.3496000000146e-07,0.004567831738336208
138,-73.90870167,40.80489167,5.3496000000146e-07,0.004567831738336208
139,-73.90863833,40.80486167,5.3496000000146e-07,0.004567831738336208
140,-73.90858,40.80483667,5.3496000000146e-07,0.004567831738336208
141,-73.90852667,40.804815,5.3496000000146e-07,0.004567831738336208
142,-73.90847333,40.80479667,5.3496000000146e-07,0.004567831738336208
143,-73.90842333,40.80478,5.3496000000146e-07,0.004567831738336208
144,-73.90837333,40.80476667,5.3496000000146e-07,0.004567831738336208
145,-73.908315,40.80474,5.3496000000146e-07,0.004567831738336208
146,-73.90824,40.80463667,5.3496000000146e-07,0.004567831738336208
147,-73.90812,40.804555,5.3496000000146e-07,0.004567831738336208
148,-73.90805,40.80449833,5.3496000000146e-07,0.004567831738336208
149,-73.90797167,40.80446,5.3496000000146e-07,0.004567831738336208
150,-73.90789,40.80441167,5.3496000000146e-07,0.004567831738336208
151,-73.90774667,40.80431833,5.3496000000146e-07,0.004567831738336208
152,-73.90767833,40.804275,5.3496000000146e-07,0.004567831738336208
153,-73.907605,40.804235,5.3496000000146e-07,0.004567831738336208
154,-73.907515,40.80420833,5.3496000000146e-07,0.004567831738336208
155,-73.90745167,40.804175,5.3496000000146e-07,0.004567831738336208
156,-73.90736167,40.804135,5.3496000000146e-07,0.004567831738336208
157,-73.90721833,40.80409667,1.7669699999995178e-07,0.0019461079061237178
158,-73.90718,40.80413667,1.7669699999995178e-07,0.0019461079061237178
159,-73.907135,40.80417833,1.7669699999995178e-07,0.0019461079061237178
160,-73.90709,40.80422333,1.7669699999995178e-07,0.0019461079061237178
161,-73.90704333,40.80427167,1.7669699999995178e-07,0.0019461079061237178
162,-73.906985,40.80432667,7.934870000061656e-07,0.004190689268484237
163,-73.90693,40.80438,7.934870000061656e-07,0.004190689268484237
164,-73.906875,40.80442667,7.934870000061656e-07,0.004190689268484237
165,-73.90682833,40.80446833,7.934870000061656e-07,0.004190689268484237
166,-73.90678333,40.8045,7.934870000061656e-07,0.004190689268484237
167,-73.90674167,40.80451333,7.934870000061656e-07,0.004190689268484237
168,-73.9067,40.80451,1.7669699999995178e-07,0.0019461079061237178
169,-73.90665667,40.80448833,1.7669699999995178e-07,0.0019461079061237178
170,-73.90660667,40.80445333,1.7669699999995178e-07,0.0019461079061237178
171,-73.90655667,40.80441167,1.7669699999995178e-07,0.0019461079061237178
172,-73.90649,40.80436667,1.7669699999995178e-07,0.0019461079061237178
173,-73.906415,40.80432333,1.7669699999995178e-07,0.0019461079061237178
174,-73.90633,40.804275,1.7669699999995178e-07,0.0019461079061237178
175,-73.90624167,40.80422333,1.7669699999995178e-07,0.0019461079061237178
176,-73.90606,40.80412,1.7669699999995178e-07,0.0019461079061237178
177,-73.90597,40.80407,1.7669699999995178e-07,0.0019461079061237178
178,-73.90573333,40.80394333,9.204000000555092e-09,0.00039905695293975636
179,-73.90568167,40.803915,9.204000000555092e-09,0.00039905695293975636
180,-73.90563,40.80389167,9.204000000555092e-09,0.00039905695293975636
181,-73.90562667,40.803875,9.204000000555092e-09,0.00039905695293975636
182,-73.905605,40.80382333,9.204000000555092e-09,0.00039905695293975636
183,-73.90562833,40.803785,9.204000000555092e-09,0.00039905695293975636
184,-73.90566833,40.80373833,1.7669699999995178e-07,0.0019461079061237178
185,-73.90572167,40.80368667,1.7669699999995178e-07,0.0019461079061237178
186,-73.90577667,40.80363333,1.7669699999995178e-07,0.0019461079061237178
187,-73.90583167,40.80357833,1.7669699999995178e-07,0.0019461079061237178
188,-73.90588333,40.80352833,1.7669699999995178e-07,0.0019461079061237178
189,-73.90592667,40.80348333,1.7669699999995178e-07,0.0019461079061237178
190,-73.90596667,40.80344333,1.7669699999995178e-07,0.0019461079061237178
191,-73.906,40.80340833,1.7669699999995178e-07,0.0019461079061237178
192,-73.90602333,40.80338333,1.7669699999995178e-07,0.0019461079061237178
193,-73.90607,40.80331667,1.7669699999995178e-07,0.0019461079061237178
194,-73.90609333,40.80328,1.7669699999995178e-07,0.0019461079061237178
195,-73.90617,40.80319667,1.7669699999995178e-07,0.0019461079061237178
196,-73.90625667,40.80311667,6.230900000415478e-08,0.0020920375617980804
197,-73.90634667,40.803035,6.230900000415478e-08,0.0020920375617980804
198,-73.90642833,40.80296167,6.230900000415478e-08,0.0020920375617980804
199,-73.90650333,40.802895,6.230900000415478e-08,0.0020920375617980804
200,-73.90665167,40.80274667,4.052945000005295e-07,0.003406192008180744
201,-73.906725,40.80267333,4.052945000005295e-07,0.003406192008180744
202,-73.9068,40.8026,4.052945000005295e-07,0.003406192008180744
203,-73.90687333,40.80252833,4.052945000005295e-07,0.003406192008180744
204,-73.90694833,40.80245333,4.052945000005295e-07,0.003406192008180744
205,-73.90702,40.80237833,4.052945000005295e-07,0.003406192008180744
206,-73.90709167,40.80230833,4.052945000005295e-07,0.003406192008180744
207,-73.90714667,40.80225167,4.052945000005295e-07,0.003406192008180744
208,-73.90718,40.802215,4.052945000005295e-07,0.003406192008180744
209,-73.907205,40.80219167,4.49339999998393e-08,0.0008570561995930238
210,-73.90729,40.80219167,4.49339999998393e-08,0.0008570561995930238
211,-73.90734333,40.80221667,4.49339999998393e-08,0.0008570561995930238
212,-73.90740333,40.80225167,4.49339999998393e-08,0.0008570561995930238
213,-73.90747,40.80229667,4.49339999998393e-08,0.0008570561995930238
214,-73.90754833,40.80234333,4.49339999998393e-08,0.0008570561995930238
215,-73.90763833,40.802395,4.49339999998393e-08,0.0008570561995930238
216,-73.90773333,40.80244667,4.49339999998393e-08,0.0008570561995930238
217,-73.90783167,40.80250333,4.49339999998393e-08,0.0008570561995930238
218,-73.90803167,40.802615,4.49339999998393e-08,0.0008570561995930238
219,-73.90812667,40.80266833,4.49339999998393e-08,0.0008570561995930238
220,-73.90820333,40.80271333,4.49339999998393e-08,0.0008570561995930238
221,-73.90829,40.80275833,4.49339999998393e-08,0.0008570561995930238
222,-73.90837167,40.80281167,4.49339999998393e-08,0.0008570561995930238
223,-73.90840167,40.80283,4.49339999998393e-08,0.0008570561995930238
224,-73.90844167,40.80285,4.49339999998393e-08,0.0008570561995930238
225,-73.90849167,40.80287333,4.49339999998393e-08,0.0008570561995930238
226,-73.908605,40.80294,4.49339999998393e-08,0.0008570561995930238
227,-73.90866833,40.80298,4.49339999998393e-08,0.0008570561995930238
228,-73.90873667,40.803025,7.713039999956814e-07,0.004053783500061698
229,-73.90881667,40.80307167,7.713039999956814e-07,0.004053783500061698
230,-73.90890167,40.80312,7.713039999956814e-07,0.004053783500061698
231,-73.90898667,40.80317,7.713039999956814e-07,0.004053783500061698
232,-73.90907667,40.80322,7.713039999956814e-07,0.004053783500061698
233,-73.90917,40.80327167,7.713039999956814e-07,0.004053783500061698
234,-73.909265,40.80332167,7.713039999956814e-07,0.004053783500061698
235,-73.90936,40.80337667,7.713039999956814e-07,0.004053783500061698
236,-73.909455,40.80343333,7.713039999956814e-07,0.004053783500061698
237,-73.90955167,40.80349,7.713039999956814e-07,0.004053783500061698
238,-73.909645,40.80354833,7.713039999956814e-07,0.004053783500061698
239,-73.90975333,40.80359333,7.713039999956814e-07,0.004053783500061698
240,-73.90986,40.80364167,7.713039999956814e-07,0.004053783500061698
241,-73.90996167,40.80368833,7.713039999956814e-07,0.004053783500061698
242,-73.910065,40.80373333,7.713039999956814e-07,0.004053783500061698
243,-73.91016667,40.803775,7.713039999956814e-07,0.004053783500061698
244,-73.91026833,40.80381667,7.713039999956814e-07,0.004053783500061698
245,-73.91036667,40.80385833,7.713039999956814e-07,0.004053783500061698
246,-73.910465,40.80390333,7.713039999956814e-07,0.004053783500061698
247,-73.91056667,40.803945,6.974500000611279e-09,0.0003479408604587005
248,-73.91066667,40.80399,6.974500000611279e-09,0.0003479408604587005
249,-73.91077,40.80403333,6.974500000611279e-09,0.0003479408604587005
250,-73.91087,40.80407667,6.974500000611279e-09,0.0003479408604587005
251,-73.91104333,40.80416833,6.974500000611279e-09,0.0003479408604587005
252,-73.91112667,40.80421,6.974500000611279e-09,0.0003479408604587005
253,-73.91121,40.804245,6.974500000611279e-09,0.0003479408604587005
254,-73.91128667,40.80427167,6.974500000611279e-09,0.0003479408604587005
255,-73.911345,40.804295,6.974500000611279e-09,0.0003479408604587005
256,-73.911385,40.80431167,6.974500000611279e-09,0.0003479408604587005
257,-73.91140667,40.80432167,6.974500000611279e-09,0.0003479408604587005
258,-73.91156333,40.80437,6.974500000611279e-09,0.0003479408604587005
259,-73.911605,40.804385,6.974500000611279e-09,0.0003479408604587005
260,-73.91168667,40.80441833,6.974500000611279e-09,0.0003479408604587005
261,-73.91172667,40.80443333,6.974500000611279e-09,0.0003479408604587005
262,-73.91183333,40.80448,6.974500000611279e-09,0.0003479408604587005
263,-73.91187667,40.80449833,6.974500000611279e-09,0.0003479408604587005
264,-73.91191667,40.804515,6.974500000611279e-09,0.0003479408604587005
265,-73.91195833,40.80453333,6.974500000611279e-09,0.0003479408604587005
266,-73.91200333,40.80455333,6.974500000611279e-09,0.0003479408604587005
267,-73.912045,40.80456833,6.974500000611279e-09,0.0003479408604587005
268,-73.91207333,40.80457167,6.974500000611279e-09,0.0003479408604587005
269,-73.91214333,40.8046,6.974500000611279e-09,0.0003479408604587005
270,-73.91219333,40.80461833,1.961299999990162e-07,0.0024107642849891023
271,-73.912275,40.804645,1.961299999990162e-07,0.0024107642849891023
272,-73.91236667,40.80469833,1.961299999990162e-07,0.0024107642849891023
273,-73.91245333,40.804735,1.961299999990162e-07,0.0024107642849891023
274,-73.912545,40.804785,1.961299999990162e-07,0.0024107642849891023
275,-73.91263,40.80482667,1.0804099999970169e-07,0.0015083667590688622
276,-73.91271833,40.804865,1.0804099999970169e-07,0.0015083667590688622
277,-73.91281,40.80490833,1.0804099999970169e-07,0.0015083667590688622
278,-73.91290833,40.80495333,1.0804099999970169e-07,0.0015083667590688622
279,-73.91301333,40.80500667,1.0804099999970169e-07,0.0015083667590688622
280,-73.91312,40.805055,1.0804099999970169e-07,0.0015083667590688622
281,-73.91322667,40.80509833,1.0804099999970169e-07,0.0015083667590688622
282,-73.91332167,40.80514167,1.0804099999970169e-07,0.0015083667590688622
283,-73.91352167,40.80522667,2.9201900000057515e-07,0.002696364835476514
284,-73.913625,40.805275,2.9201900000057515e-07,0.002696364835476514
285,-73.913835,40.805365,4.110585000005635e-07,0.0035899190435641146
286,-73.91393667,40.80540667,1.8516550000057222e-07,0.00199893460993736
287,-73.91403,40.805445,1.8516550000057222e-07,0.00199893460993736
288,-73.91411167,40.80548,1.8516550000057222e-07,0.00199893460993736
289,-73.914175,40.80550667,1.8516550000057222e-07,0.00199893460993736
290,-73.91421167,40.805525,1.8516550000057222e-07,0.00199893460993736
291,-73.91423333,40.805535,1.8516550000057222e-07,0.00199893460993736
292,-73.91437,40.80557833,1.8516550000057222e-07,0.00199893460993736
293,-73.91442167,40.80556833,1.8516550000057222e-07,0.00199893460993736
294,-73.914445,40.80556,1.8516550000057222e-07,0.00199893460993736
295,-73.9145,40.80552333,3.838949999950099e-08,0.0008323955563734194
296,-73.91452667,40.80547833,3.838949999950099e-08,0.0008323955563734194
297,-73.91456333,40.80542667,3.838949999950099e-08,0.0008323955563734194
298,-73.91460167,40.80536667,3.838949999950099e-08,0.0008323955563734194
299,-73.91464667,40.80530167,3.838949999950099e-08,0.0008323955563734194
300,-73.91469667,40.80523667,3.838949999950099e-08,0.0008323955563734194
301,-73.91474167,40.80517333,3.838949999950099e-08,0.0008323955563734194
302,-73.91478167,40.80511833,3.838949999950099e-08,0.0008323955563734194
303,-73.91480667,40.805075,3.838949999950099e-08,0.0008323955563734194
304,-73.91489167,40.80498167,3.838949999950099e-08,0.0008323955563734194
305,-73.914925,40.80494,3.838949999950099e-08,0.0008323955563734194
306,-73.91497167,40.80488833,3.838949999950099e-08,0.0008323955563734194
307,-73.91502333,40.804825,3.838949999950099e-08,0.0008323955563734194
308,-73.91507667,40.804755,3.838949999950099e-08,0.0008323955563734194
309,-73.91513833,40.80467,3.838949999950099e-08,0.0008323955563734194
310,-73.91521167,40.80457833,6.747550000248428e-08,0.0013906346506862076
311,-73.91528333,40.80448833,7.465099999866644e-08,0.001542693331774137
312,-73.91535,40.80440167,7.465099999866644e-08,0.001542693331774137
313,-73.91556,40.80413167,7.465099999866644e-08,0.001542693331774137
314,-73.915625,40.80405,7.465099999866644e-08,0.001542693331774137
315,-73.91569333,40.80396833,7.91174999981254e-08,0.0015197945209028383
316,-73.91576167,40.803895,7.91174999981254e-08,0.0015197945209028383
317,-73.91581333,40.80383,7.91174999981254e-08,0.0015197945209028383
318,-73.91585333,40.80378667,7.91174999981254e-08,0.0015197945209028383
319,-73.91588,40.80376333,7.91174999981254e-08,0.0015197945209028383
320,-73.91591167,40.80375167,7.91174999981254e-08,0.0015197945209028383
321,-73.91602,40.80376667,7.91174999981254e-08,0.0015197945209028383
322,-73.91610167,40.80379333,7.91174999981254e-08,0.0015197945209028383
323,-73.91619833,40.80383,7.91174999981254e-08,0.0015197945209028383
324,-73.91630333,40.80387667,7.91174999981254e-08,0.0015197945209028383
325,-73.91641167,40.80392,7.91174999981254e-08,0.0015197945209028383
326,-73.916525,40.80396833,7.91174999981254e-08,0.0015197945209028383
327,-73.91664333,40.80401667,7.91174999981254e-08,0.0015197945209028383
328,-73.91703167,40.80417333,8.424850000113189e-08,0.0014613948739221323
329,-73.917165,40.80422333,8.424850000113189e-08,0.0014613948739221323
330,-73.917295,40.80427333,8.424850000113189e-08,0.0014613948739221323
331,-73.91742167,40.80432333,8.307599999709774e-08,0.001458497411555027
332,-73.917545,40.80437167,8.307599999709774e-08,0.001458497411555027
333,-73.917665,40.80442,8.307599999709774e-08,0.001458497411555027
334,-73.91777333,40.804465,8.307599999709774e-08,0.001458497411555027
335,-73.91787167,40.80450667,7.811349999744328e-08,0.0015723992432243746
336,-73.91795833,40.80454167,7.811349999744328e-08,0.0015723992432243746
337,-73.91803333,40.80456833,7.811349999744328e-08,0.0015723992432243746
338,-73.91809167,40.80459,7.811349999744328e-08,0.0015723992432243746
339,-73.91813,40.804605,7.811349999744328e-08,0.0015723992432243746
340,-73.91817167,40.80464667,7.811349999744328e-08,0.0015723992432243746
341,-73.91821667,40.80466667,7.811349999744328e-08,0.0015723992432243746
342,-73.91826333,40.80469,7.811349999744328e-08,0.0015723992432243746
343,-73.91831333,40.80471333,7.811349999744328e-08,0.0015723992432243746
344,-73.91836667,40.80473667,7.811349999744328e-08,0.0015723992432243746
345,-73.91842667,40.80475667,7.811349999744328e-08,0.0015723992432243746
346,-73.91848833,40.80477667,7.811349999744328e-08,0.0015723992432243746
347,-73.91855,40.80479333,7.811349999744328e-08,0.0015723992432243746
348,-73.91861167,40.80480667,7.811349999744328e-08,0.0015723992432243746
349,-73.91873167,40.80480667,7.811349999744328e-08,0.0015723992432243746
350,-73.91877,40.80479667,7.811349999744328e-08,0.0015723992432243746
351,-73.91879833,40.804775,7.811349999744328e-08,0.0015723992432243746
352,-73.91882167,40.80475,7.811349999744328e-08,0.0015723992432243746
353,-73.91884,40.80472667,7.811349999744328e-08,0.0015723992432243746
354,-73.91885667,40.80469,7.811349999744328e-08,0.0015723992432243746
355,-73.91885833,40.80467667,1.0970749999940817e-07,0.0015950982795247576
356,-73.91886667,40.80465,1.0970749999940817e-07,0.0015950982795247576
357,-73.91888667,40.804585,1.0970749999940817e-07,0.0015950982795247576
358,-73.91890333,40.80453,1.0970749999940817e-07,0.0015950982795247576
359,-73.91896,40.80437833,1.0970749999940817e-07,0.0015950982795247576
360,-73.91901333,40.80431,1.0970749999940817e-07,0.0015950982795247576
361,-73.91925333,40.80436667,1.0970749999940817e-07,0.0015950982795247576
362,-73.91928333,40.80433333,1.0970749999940817e-07,0.0015950982795247576
363,-73.919295,40.80428833,1.0970749999940817e-07,0.0015950982795247576
364,-73.919355,40.80417,1.0970749999940817e-07,0.0015950982795247576
365,-73.91938833,40.80410333,1.0970749999940817e-07,0.0015950982795247576
366,-73.919435,40.80402833,1.0970749999940817e-07,0.0015950982795247576
367,-73.91945333,40.80400833,1.0970749999940817e-07,0.0015950982795247576
368,-73.91954167,40.80391667,9.035550000166141e-08,0.00159488516852278
369,-73.91958167,40.80387,9.035550000166141e-08,0.00159488516852278
370,-73.919625,40.80382,9.035550000166141e-08,0.00159488516852278
371,-73.91965833,40.80377333,9.035550000166141e-08,0.00159488516852278
372,-73.91969167,40.80373333,1.8787999999397425e-08,0.0006540581785856453
373,-73.91973167,40.80370167,1.8787999999397425e-08,0.0006540581785856453
374,-73.91977167,40.80368333,1.8787999999397425e-08,0.0006540581785856453
375,-73.91994333,40.80371833,1.8787999999397425e-08,0.0006540581785856453
376,-73.92001833,40.80374667,1.8787999999397425e-08,0.0006540581785856453
377,-73.92010667,40.803775,1.8787999999397425e-08,0.0006540581785856453
378,-73.92030667,40.80385333,1.8787999999397425e-08,0.0006540581785856453
379,-73.920525,40.80394833,8.144310000003818e-07,0.0052841854653057786
380,-73.92064,40.80399333,8.144310000003818e-07,0.0052841854653057786
381,-73.92086167,40.80408,3.8000999999242287e-08,0.0008736518490517731
382,-73.92096167,40.80412667,3.8000999999242287e-08,0.0008736518490517731
383,-73.92105167,40.80416667,3.8000999999242287e-08,0.0008736518490517731
384,-73.92113167,40.80420167,3.8000999999242287e-08,0.0008736518490517731
385,-73.92132333,40.80427667,3.8000999999242287e-08,0.0008736518490517731
386,-73.92137167,40.80429667,3.8000999999242287e-08,0.0008736518490517731
387,-73.92143833,40.80432667,3.8000999999242287e-08,0.0008736518490517731
388,-73.92151167,40.80436167,3.8000999999242287e-08,0.0008736518490517731
389,-73.92159333,40.80439667,2.3419299999925992e-07,0.002897558098012903
390,-73.921685,40.80443667,2.3419299999925992e-07,0.002897558098012903
391,-73.92178167,40.80448,2.3419299999925992e-07,0.002897558098012903
392,-73.92198667,40.80456667,1.828049999871998e-08,0.00063303997802245
393,-73.92209,40.80461,1.828049999871998e-08,0.00063303997802245
394,-73.922195,40.804655,1.828049999871998e-08,0.00063303997802245
395,-73.9223,40.80469833,5.172499999962567e-08,0.0009414088668493485
396,-73.92240667,40.80474333,5.172499999962567e-08,0.0009414088668493485
397,-73.922515,40.80478833,5.172499999962567e-08,0.0009414088668493485
398,-73.92262833,40.804835,5.172499999962567e-08,0.0009414088668493485
399,-73.92285833,40.80492833,1.3586999999362763e-08,0.0005022048652950905
400,-73.92297167,40.80497,1.3586999999362763e-08,0.0005022048652950905
401,-73.92308,40.80501167,1.3586999999362763e-08,0.0005022048652950905
402,-73.92318167,40.805055,1.3586999999362763e-08,0.0005022048652950905
403,-73.923385,40.80515167,1.3586999999362763e-08,0.0005022048652950905
404,-73.92349167,40.80520167,1.3586999999362763e-08,0.0005022048652950905
405,-73.92360167,40.80524667,1.0368554999956898e-06,0.008413733301282995
406,-73.92371,40.805295,1.0368554999956898e-06,0.008413733301282995
407,-73.92392167,40.80539,1.0368554999956898e-06,0.008413733301282995
408,-73.92403,40.80543667,1.0368554999956898e-06,0.008413733301282995
409,-73.92413667,40.80548,1.0368554999956898e-06,0.008413733301282995
410,-73.92424333,40.805525,1.0368554999956898e-06,0.008413733301282995
411,-73.92434833,40.80557,1.0368554999956898e-06,0.008413733301282995
412,-73.92445833,40.80561667,1.0368554999956898e-06,0.008413733301282995
413,-73.924565,40.80566167,1.0368554999956898e-06,0.008413733301282995
414,-73.92465833,40.80570167,1.0368554999956898e-06,0.008413733301282995
415,-73.92473667,40.80573333,1.0368554999956898e-06,0.008413733301282995
416,-73.9248,40.80575833,4.658149999942856e-08,0.0009050969076284377
417,-73.92484667,40.805775,4.658149999942856e-08,0.0009050969076284377
418,-73.92488167,40.80579,4.658149999942856e-08,0.0009050969076284377
419,-73.92491,40.80580167,4.658149999942856e-08,0.0009050969076284377
420,-73.92493333,40.80581333,4.658149999942856e-08,0.0009050969076284377
421,-73.92506833,40.80585,4.658149999942856e-08,0.0009050969076284377
422,-73.92520667,40.80589167,4.658149999942856e-08,0.0009050969076284377
423,-73.92524667,40.80594167,4.658149999942856e-08,0.0009050969076284377
424,-73.92531333,40.80596833,4.658149999942856e-08,0.0009050969076284377
425,-73.92536,40.80599167,4.658149999942856e-08,0.0009050969076284377
426,-73.92578333,40.80614,4.658149999942856e-08,0.0009050969076284377
427,-73.92582167,40.80615333,4.658149999942856e-08,0.0009050969076284377
428,-73.92590333,40.80618167,4.658149999942856e-08,0.0009050969076284377
429,-73.92594167,40.80619167,4.658149999942856e-08,0.0009050969076284377
430,-73.92597833,40.80620333,4.658149999942856e-08,0.0009050969076284377
431,-73.92601167,40.80621333,4.658149999942856e-08,0.0009050969076284377
432,-73.92603833,40.806225,4.658149999942856e-08,0.0009050969076284377
433,-73.926065,40.80624,4.658149999942856e-08,0.0009050969076284377
434,-73.926095,40.80625,4.658149999942856e-08,0.0009050969076284377
435,-73.92612667,40.806265,9.061404999950497e-07,0.006364767730861638
436,-73.92619333,40.80629167,9.061404999950497e-07,0.006364767730861638
437,-73.92623,40.80630167,9.061404999950497e-07,0.006364767730861638
438,-73.926265,40.80631667,9.061404999950497e-07,0.006364767730861638
439,-73.92630333,40.80633,9.061404999950497e-07,0.006364767730861638
440,-73.92634,40.80635,9.061404999950497e-07,0.006364767730861638
441,-73.92638,40.806365,9.061404999950497e-07,0.006364767730861638
442,-73.92641667,40.80638333,9.061404999950497e-07,0.006364767730861638
443,-73.92645333,40.80639333,9.061404999950497e-07,0.006364767730861638
444,-73.92648667,40.80640667,9.061404999950497e-07,0.006364767730861638
445,-73.92652167,40.80641333,9.061404999950497e-07,0.006364767730861638
446,-73.92654833,40.80642333,9.061404999950497e-07,0.006364767730861638
447,-73.92657667,40.806435,9.061404999950497e-07,0.006364767730861638
448,-73.926605,40.80644833,4.1589599999671024e-07,0.005516799350901188
449,-73.92663,40.80646167,4.1589599999671024e-07,0.005516799350901188
450,-73.92664333,40.806495,4.1589599999671024e-07,0.005516799350901188
451,-73.92671833,40.80659833,4.1589599999671024e-07,0.005516799350901188
452,-73.92674833,40.80661333,4.1589599999671024e-07,0.005516799350901188
453,-73.92679167,40.80663333,4.1589599999671024e-07,0.005516799350901188
454,-73.92684667,40.80665667,4.1589599999671024e-07,0.005516799350901188
455,-73.92690667,40.806685,4.1589599999671024e-07,0.005516799350901188
456,-73.92704167,40.80674333,4.1589599999671024e-07,0.005516799350901188
457,-73.92711333,40.80677333,4.1589599999671024e-07,0.005516799350901188
458,-73.92719,40.80680333,3.554149999979195e-08,0.0007818611739887609
459,-73.92727333,40.80684333,3.554149999979195e-08,0.0007818611739887609
460,-73.92736167,40.806885,3.554149999979195e-08,0.0007818611739887609
461,-73.92745333,40.80692833,3.554149999979195e-08,0.0007818611739887609
462,-73.92754667,40.80697,3.554149999979195e-08,0.0007818611739887609
463,-73.92765333,40.807015,3.554149999979195e-08,0.0007818611739887609
464,-73.92789167,40.807105,3.554149999979195e-08,0.0007818611739887609
465,-73.928015,40.80715167,1.416190000018233e-07,0.0015951815878850685
466,-73.92813667,40.80720167,1.416190000018233e-07,0.0015951815878850685
467,-73.92849167,40.80734167,1.416190000018233e-07,0.0015951815878850685
468,-73.92860333,40.80738667,1.416190000018233e-07,0.0015951815878850685
469,-73.92871667,40.80743667,1.792710000004973e-07,0.0027554839003815085
470,-73.92882833,40.807485,1.792710000004973e-07,0.0027554839003815085
471,-73.92894,40.80753333,1.792710000004973e-07,0.0027554839003815085
472,-73.92904667,40.807575,1.792710000004973e-07,0.0027554839003815085
473,-73.92914667,40.807615,1.792710000004973e-07,0.0027554839003815085
474,-73.929235,40.80765,1.792710000004973e-07,0.0027554839003815085
475,-73.92931333,40.80767833,1.792710000004973e-07,0.0027554839003815085
476,-73.92938333,40.80769833,1.792710000004973e-07,0.0027554839003815085
477,-73.92942833,40.80772667,1.792710000004973e-07,0.0027554839003815085
478,-73.92943167,40.80777333,1.792710000004973e-07,0.0027554839003815085
479,-73.92942333,40.80781833,1.792710000004973e-07,0.0027554839003815085
480,-73.92940667,40.80786833,1.792710000004973e-07,0.0027554839003815085
481,-73.929375,40.80792167,1.792710000004973e-07,0.0027554839003815085
482,-73.92933,40.80798,1.792710000004973e-07,0.0027554839003815085
483,-73.92927667,40.808045,1.792710000004973e-07,0.0027554839003815085
484,-73.92922,40.80811333,1.792710000004973e-07,0.0027554839003815085
485,-73.929115,40.80823667,1.792710000004973e-07,0.0027554839003815085
486,-73.92906667,40.808295,6.477199999791378e-08,0.001169325192966929
487,-73.92902667,40.80834833,6.477199999791378e-08,0.001169325192966929
488,-73.92898833,40.80839833,6.477199999791378e-08,0.001169325192966929
489,-73.92895,40.80844333,6.477199999791378e-08,0.001169325192966929
490,-73.92892333,40.80848333,6.477199999791378e-08,0.001169325192966929
491,-73.92890667,40.80851167,6.477199999791378e-08,0.001169325192966929
492,-73.92889,40.808535,6.477199999791378e-08,0.001169325192966929
493,-73.92887167,40.80855833,6.477199999791378e-08,0.001169325192966929
494,-73.92883333,40.808615,6.477199999791378e-08,0.001169325192966929
495,-73.92881333,40.80865,6.477199999791378e-08,0.001169325192966929
496,-73.92879,40.80868667,6.477199999791378e-08,0.001169325192966929
497,-73.92876,40.808725,6.477199999791378e-08,0.001169325192966929
498,-73.92873167,40.80875833,6.477199999791378e-08,0.001169325192966929
499,-73.92871333,40.80878,6.477199999791378e-08,0.001169325192966929
500,-73.92870167,40.808945,6.477199999791378e-08,0.001169325192966929
501,-73.92889333,40.80916,1.728949999975247e-07,0.001751234204253246
502,-73.92895667,40.80921833,1.728949999975247e-07,0.001751234204253246
503,-73.92902667,40.80928,1.728949999975247e-07,0.001751234204253246
504,-73.92909833,40.80934333,1.728949999975247e-07,0.001751234204253246
505,-73.929165,40.80940833,1.728949999975247e-07,0.001751234204253246
506,-73.92924,40.80946833,1.728949999975247e-07,0.001751234204253246
507,-73.92931167,40.80953333,1.728949999975247e-07,0.001751234204253246
508,-73.92939,40.809595,1.6507249999859128e-07,0.0018296463374709857
509,-73.92947167,40.80965667,1.6507249999859128e-07,0.0018296463374709857
510,-73.92955667,40.80972,5.2713000001010315e-08,0.0009832536764838391
511,-73.92972667,40.80985667,5.2713000001010315e-08,0.0009832536764838391
512,-73.929815,40.80992333,5.2713000001010315e-08,0.0009832536764838391
513,-73.92990333,40.809995,5.2713000001010315e-08,0.0009832536764838391
514,-73.93008167,40.81013833,5.2713000001010315e-08,0.0009832536764838391
515,-73.930175,40.81020833,5.2713000001010315e-08,0.0009832536764838391
516,-73.93026833,40.81028,5.2713000001010315e-08,0.0009832536764838391
517,-73.93036167,40.81035167,5.2713000001010315e-08,0.0009832536764838391
518,-73.93046,40.81042667,1.9666900000029133e-07,0.0022088510523035234
519,-73.930555,40.8105,1.9666900000029133e-07,0.0022088510523035234
520,-73.93064833,40.81057333,1.9666900000029133e-07,0.0022088510523035234
521,-73.93073,40.81064833,1.9666900000029133e-07,0.0022088510523035234
522,-73.93080333,40.81072667,1.9666900000029133e-07,0.0022088510523035234
523,-73.93093167,40.810895,1.9666900000029133e-07,0.0022088510523035234
524,-73.93099167,40.81098667,1.9666900000029133e-07,0.0022088510523035234
525,-73.93105167,40.81107667,1.9666900000029133e-07,0.0022088510523035234
526,-73.93110333,40.81117,1.9666900000029133e-07,0.0022088510523035234
527,-73.931135,40.811265,1.9666900000029133e-07,0.0022088510523035234
528,-73.93114,40.81136333,5.408344999976426e-07,0.0038169136079104953
529,-73.93114,40.81145667,5.408344999976426e-07,0.0038169136079104953
530,-73.93112667,40.81154833,5.408344999976426e-07,0.0038169136079104953
531,-73.9311,40.81162333,5.408344999976426e-07,0.0038169136079104953
532,-73.93104833,40.81169333,5.408344999976426e-07,0.0038169136079104953
533,-73.93097167,40.81176167,5.408344999976426e-07,0.0038169136079104953
534,-73.930875,40.811825,5.408344999976426e-07,0.0038169136079104953
535,-73.93076667,40.81188833,5.408344999976426e-07,0.0038169136079104953
536,-73.93065,40.811945,5.408344999976426e-07,0.0038169136079104953
537,-73.93053333,40.81199667,5.408344999976426e-07,0.0038169136079104953
538,-73.93042,40.812045,5.408344999976426e-07,0.0038169136079104953
539,-73.93031,40.81209333,5.67499999995756e-09,0.00030865741650233907
540,-73.93020667,40.81214,5.67499999995756e-09,0.00030865741650233907
541,-73.93011333,40.812185,5.67499999995756e-09,0.00030865741650233907
542,-73.93002833,40.81222833,5.67499999995756e-09,0.00030865741650233907
543,-73.92995333,40.81226833,5.67499999995756e-09,0.00030865741650233907
544,-73.92989167,40.81230333,5.67499999995756e-09,0.00030865741650233907
545,-73.9298,40.812355,5.67499999995756e-09,0.00030865741650233907
546,-73.929755,40.81237833,5.67499999995756e-09,0.00030865741650233907
547,-73.92971,40.81240667,5.67499999995756e-09,0.00030865741650233907
548,-73.92962333,40.81245667,5.67499999995756e-09,0.00030865741650233907
549,-73.929575,40.81248,1.2194500000759609e-08,0.00047659807702059867
550,-73.92952667,40.81250667,1.2194500000759609e-08,0.00047659807702059867
551,-73.92948333,40.81253333,1.2194500000759609e-08,0.00047659807702059867
552,-73.92942333,40.81259333,1.2194500000759609e-08,0.00047659807702059867
553,-73.92941,40.81262667,1.2194500000759609e-08,0.00047659807702059867
554,-73.92941,40.81266,1.2194500000759609e-08,0.00047659807702059867
555,-73.92942667,40.81269667,1.2194500000759609e-08,0.00047659807702059867
556,-73.929465,40.81273,1.2194500000759609e-08,0.00047659807702059867
557,-73.92950833,40.81276,1.2194500000759609e-08,0.00047659807702059867
558,-73.92955,40.81279833,1.040650000009776e-07,0.0015266931396309266
559,-73.92958167,40.81284,1.040650000009776e-07,0.0015266931396309266
560,-73.92971667,40.81296667,1.040650000009776e-07,0.0015266931396309266
561,-73.92978833,40.81303167,1.040650000009776e-07,0.0015266931396309266
562,-73.929845,40.813085,1.040650000009776e-07,0.0015266931396309266
563,-73.92989167,40.81312333,1.040650000009776e-07,0.0015266931396309266
564,-73.92992833,40.81315,1.040650000009776e-07,0.0015266931396309266
565,-73.930185,40.81341833,2.3946999999971015e-08,0.0007095779762538192
566,-73.93022,40.81345167,2.3946999999971015e-08,0.0007095779762538192
567,-73.93025,40.81346667,2.3946999999971015e-08,0.0007095779762538192
568,-73.93027833,40.81348,2.3946999999971015e-08,0.0007095779762538192
569,-73.93031333,40.81349333,2.3946999999971015e-08,0.0007095779762538192
570,-73.93035333,40.81350833,2.3946999999971015e-08,0.0007095779762538192
571,-73.93044667,40.81354833,2.3946999999971015e-08,0.0007095779762538192
572,-73.93049,40.813565,2.3946999999971015e-08,0.0007095779762538192
573,-73.93057667,40.81359833,2.3946999999971015e-08,0.0007095779762538192
574,-73.93061667,40.813615,2.3946999999971015e-08,0.0007095779762538192
575,-73.930715,40.813655,2.3946999999971015e-08,0.0007095779762538192
576,-73.93075833,40.81368333,2.3946999999971015e-08,0.0007095779762538192
577,-73.93080167,40.81371833,2.3946999999971015e-08,0.0007095779762538192
578,-73.93083333,40.81376167,2.3946999999971015e-08,0.0007095779762538192
579,-73.93085,40.813815,2.3946999999971015e-08,0.0007095779762538192
580,-73.93085333,40.81387667,2.3946999999971015e-08,0.0007095779762538192
581,-73.930825,40.81402833,2.3946999999971015e-08,0.0007095779762538192
582,-73.930795,40.81411333,1.082184999998641e-07,0.00185137134116867
583,-73.9307,40.81437833,1.082184999998641e-07,0.00185137134116867
584,-73.93066333,40.814475,1.082184999998641e-07,0.00185137134116867
585,-73.93062833,40.81457833,1.082184999998641e-07,0.00185137134116867
586,-73.93060333,40.81468167,2.2839000000053842e-07,0.00203536442033635
587,-73.93059167,40.81478667,2.2839000000053842e-07,0.00203536442033635
588,-73.930585,40.81489333,2.2839000000053842e-07,0.00203536442033635
589,-73.93058333,40.81499333,2.2839000000053842e-07,0.00203536442033635
590,-73.93058333,40.81508833,2.2839000000053842e-07,0.00203536442033635
591,-73.93058333,40.81517667,2.2839000000053842e-07,0.00203536442033635
592,-73.93057833,40.81535333,2.2839000000053842e-07,0.00203536442033635
593,-73.930575,40.81544333,2.2839000000053842e-07,0.00203536442033635
594,-73.93055333,40.81561667,2.2839000000053842e-07,0.00203536442033635
595,-73.93053667,40.81572333,1.063909500005001e-06,0.005260757736305942
596,-73.930525,40.81583333,1.063909500005001e-06,0.005260757736305942
597,-73.93048833,40.81593667,1.063909500005001e-06,0.005260757736305942
598,-73.93045333,40.81602167,1.063909500005001e-06,0.005260757736305942
599,-73.930395,40.81611333,1.063909500005001e-06,0.005260757736305942
600,-73.93036,40.81619333,1.063909500005001e-06,0.005260757736305942
601,-73.930335,40.81624667,1.063909500005001e-06,0.005260757736305942
602,-73.93032667,40.81630333,3.370130000019091e-07,0.0023621945649341517
603,-73.93031833,40.816355,3.370130000019091e-07,0.0023621945649341517
604,-73.93029833,40.81645,3.370130000019091e-07,0.0023621945649341517
605,-73.93028667,40.8165,3.370130000019091e-07,0.0023621945649341517
606,-73.93027167,40.816545,3.370130000019091e-07,0.0023621945649341517
607,-73.93025167,40.81658667,3.370130000019091e-07,0.0023621945649341517
608,-73.93023167,40.81662167,3.370130000019091e-07,0.0023621945649341517
609,-73.93021167,40.81664333,3.370130000019091e-07,0.0023621945649341517
610,-73.93021167,40.816665,3.370130000019091e-07,0.0023621945649341517
611,-73.93021,40.81667833,3.370130000019091e-07,0.0023621945649341517
612,-73.93019,40.81672667,3.370130000019091e-07,0.0023621945649341517
613,-73.93017333,40.81674833,3.370130000019091e-07,0.0023621945649341517
614,-73.93013,40.81682667,3.370130000019091e-07,0.0023621945649341517
615,-73.93010667,40.81686833,3.370130000019091e-07,0.0023621945649341517
616,-73.93010667,40.816915,3.370130000019091e-07,0.0023621945649341517
617,-73.93005667,40.81700667,3.370130000019091e-07,0.0023621945649341517
618,-73.930025,40.81706,3.757855000024391e-07,0.0024956280073178817
619,-73.92999667,40.81712167,3.757855000024391e-07,0.0024956280073178817
620,-73.929965,40.81719,3.757855000024391e-07,0.0024956280073178817
621,-73.9299,40.81732,3.757855000024391e-07,0.0024956280073178817
622,-73.92986833,40.81737833,3.757855000024391e-07,0.0024956280073178817
623,-73.92984,40.81743167,2.464150000061725e-08,0.0006942261643329836
624,-73.92981167,40.81748167,2.464150000061725e-08,0.0006942261643329836
625,-73.92973333,40.81758,2.464150000061725e-08,0.0006942261643329836
626,-73.92971667,40.81762,2.464150000061725e-08,0.0006942261643329836
627,-73.92967333,40.81773833,2.464150000061725e-08,0.0006942261643329836
628,-73.92964833,40.817805,2.464150000061725e-08,0.0006942261643329836
629,-73.92962,40.81787333,2.464150000061725e-08,0.0006942261643329836
630,-73.92959167,40.81794333,2.464150000061725e-08,0.0006942261643329836
631,-73.92956667,40.818015,6.857405000059572e-07,0.004232948513325625
632,-73.92953833,40.81808333,6.857405000059572e-07,0.004232948513325625
633,-73.92951,40.818155,6.857405000059572e-07,0.004232948513325625
634,-73.929485,40.81822333,6.857405000059572e-07,0.004232948513325625
635,-73.92944333,40.81835,3.909109999989467e-07,0.0026545921401742185
636,-73.92942333,40.8184,3.909109999989467e-07,0.0026545921401742185
637,-73.92941833,40.818435,3.909109999989467e-07,0.0026545921401742185
638,-73.929435,40.81851333,3.909109999989467e-07,0.0026545921401742185
639,-73.92941833,40.81856333,3.909109999989467e-07,0.0026545921401742185
640,-73.92940167,40.81862,3.909109999989467e-07,0.0026545921401742185
641,-73.92938667,40.81868167,3.909109999989467e-07,0.0026545921401742185
642,-73.92934,40.81880333,3.909109999989467e-07,0.0026545921401742185
643,-73.92931167,40.81886,3.50559999978701e-08,0.0008304870963527092
644,-73.92928167,40.81891167,3.50559999978701e-08,0.0008304870963527092
645,-73.92925667,40.81896667,3.50559999978701e-08,0.0008304870963527092
646,-73.92923333,40.81903,3.50559999978701e-08,0.0008304870963527092
647,-73.92921167,40.819095,3.50559999978701e-08,0.0008304870963527092
648,-73.92918167,40.81916333,3.50559999978701e-08,0.0008304870963527092
649,-73.92915,40.819235,3.50559999978701e-08,0.0008304870963527092
650,-73.92911667,40.81930833,3.50559999978701e-08,0.0008304870963527092
651,-73.92904833,40.81946333,2.762920000029198e-07,0.002535790516606895
652,-73.92901333,40.81955,2.762920000029198e-07,0.002535790516606895
653,-73.92897833,40.81963833,2.762920000029198e-07,0.002535790516606895
654,-73.92894333,40.819725,2.762920000029198e-07,0.002535790516606895
655,-73.92891167,40.819815,2.762920000029198e-07,0.002535790516606895
656,-73.92888167,40.8199,2.762920000029198e-07,0.002535790516606895
657,-73.92884333,40.81998333,2.762920000029198e-07,0.002535790516606895
658,-73.92880667,40.820065,4.0432950000057064e-07,0.002646510024787078
659,-73.92877333,40.82014833,4.0432950000057064e-07,0.002646510024787078
660,-73.92874,40.82023333,4.0432950000057064e-07,0.002646510024787078
661,-73.92870667,40.82031333,3.5601249999849417e-07,0.0030413596455847037
662,-73.92867667,40.82038833,3.5601249999849417e-07,0.0030413596455847037
663,-73.92865167,40.82045,3.5601249999849417e-07,0.0030413596455847037
664,-73.92862833,40.8205,3.5601249999849417e-07,0.0030413596455847037
665,-73.92861167,40.82053667,3.5601249999849417e-07,0.0030413596455847037
666,-73.92859667,40.820575,3.5601249999849417e-07,0.0030413596455847037
667,-73.92858,40.820625,3.5601249999849417e-07,0.0030413596455847037
668,-73.92856833,40.82068333,3.5601249999849417e-07,0.0030413596455847037
669,-73.92855167,40.820745,3.5601249999849417e-07,0.0030413596455847037
670,-73.92852667,40.820815,3.5601249999849417e-07,0.0030413596455847037
671,-73.92849167,40.82088167,3.5601249999849417e-07,0.0030413596455847037
672,-73.92845833,40.82094833,3.5601249999849417e-07,0.0030413596455847037
673,-73.92843,40.82101333,3.5601249999849417e-07,0.0030413596455847037
674,-73.928375,40.821145,2.8872000000653273e-08,0.0007973388295838774
675,-73.928355,40.82120833,2.8872000000653273e-08,0.0007973388295838774
676,-73.928345,40.82125167,2.8872000000653273e-08,0.0007973388295838774
677,-73.92833167,40.82132333,2.8872000000653273e-08,0.0007973388295838774
678,-73.92832833,40.821405,2.8872000000653273e-08,0.0007973388295838774
679,-73.92832,40.82146,2.8872000000653273e-08,0.0007973388295838774
680,-73.928145,40.82167667,1.5125499999424268e-08,0.0005883460283379201
681,-73.92811333,40.82165,1.5125499999424268e-08,0.0005883460283379201
682,-73.928045,40.82158833,1.5125499999424268e-08,0.0005883460283379201
683,-73.92799167,40.82152667,1.5125499999424268e-08,0.0005883460283379201
684,-73.927975,40.821495,1.5125499999424268e-08,0.0005883460283379201
685,-73.927945,40.821425,2.8872000000653273e-08,0.0007973388295838774
686,-73.92791333,40.82138667,2.8872000000653273e-08,0.0007973388295838774
687,-73.92773167,40.82124667,1.2219200000058635e-07,0.0021794275545247636
688,-73.92767167,40.82120333,1.2219200000058635e-07,0.0021794275545247636
689,-73.92757667,40.82109667,1.2219200000058635e-07,0.0021794275545247636
690,-73.92753667,40.82103833,1.4016000000365542e-08,0.00047611192806938304
691,-73.92748833,40.820985,1.4016000000365542e-08,0.00047611192806938304
692,-73.92743833,40.82092833,1.4016000000365542e-08,0.00047611192806938304
693,-73.92735,40.82081667,1.4016000000365542e-08,0.00047611192806938304
694,-73.92731167,40.82076333,1.4016000000365542e-08,0.00047611192806938304
695,-73.92727,40.82071,1.4016000000365542e-08,0.00047611192806938304
696,-73.92723333,40.82066,1.4016000000365542e-08,0.00047611192806938304
697,-73.92719667,40.82061,1.4016000000365542e-08,0.00047611192806938304
698,-73.92715833,40.82055667,3.2537299999976705e-07,0.0025971306503713627
699,-73.92711833,40.82051,3.2537299999976705e-07,0.0025971306503713627
700,-73.92708667,40.82047,3.2537299999976705e-07,0.0025971306503713627
701,-73.92707333,40.82044167,3.2537299999976705e-07,0.0025971306503713627
702,-73.92697167,40.82026167,2.1354000000075684e-08,0.0006210015239126809
703,-73.92695667,40.820215,2.1354000000075684e-08,0.0006210015239126809
704,-73.92693167,40.82017167,3.250999999959196e-08,0.0007962366367331946
705,-73.9269,40.82011667,3.250999999959196e-08,0.0007962366367331946
706,-73.92686,40.820065,3.250999999959196e-08,0.0007962366367331946
707,-73.926745,40.82,3.250999999959196e-08,0.0007962366367331946
708,-73.92668833,40.82000833,3.250999999959196e-08,0.0007962366367331946
709,-73.92663667,40.820035,2.1138500000161993e-08,0.0007440007804392437
710,-73.92659,40.820075,2.1138500000161993e-08,0.0007440007804392437
711,-73.92655167,40.820125,2.1138500000161993e-08,0.0007440007804392437
712,-73.92651,40.82017333,2.1138500000161993e-08,0.0007440007804392437
713,-73.92646667,40.82022333,2.1354000000075684e-08,0.0006210015239126809
714,-73.92642667,40.82026667,2.1354000000075684e-08,0.0006210015239126809
715,-73.92639667,40.82030333,2.1354000000075684e-08,0.0006210015239126809
716,-73.92637,40.82032833,2.1354000000075684e-08,0.0006210015239126809
717,-73.92624833,40.82045167,2.1354000000075684e-08,0.0006210015239126809
718,-73.92622333,40.82049167,2.1354000000075684e-08,0.0006210015239126809
719,-73.92619,40.820535,2.1354000000075684e-08,0.0006210015239126809
720,-73.92613,40.82058667,2.1354000000075684e-08,0.0006210015239126809
721,-73.926065,40.82063667,2.1354000000075684e-08,0.0006210015239126809
722,-73.92600333,40.820685,5.683274999957235e-07,0.0036460500649836405
723,-73.92593667,40.820725,5.683274999957235e-07,0.0036460500649836405
724,-73.92585833,40.820775,5.683274999957235e-07,0.0036460500649836405
725,-73.925785,40.820845,5.683274999957235e-07,0.0036460500649836405
726,-73.925715,40.82091,5.455999999667187e-09,0.00031120769785297314
727,-73.92565167,40.82094833,5.683274999957235e-07,0.0036460500649836405
728,-73.92558667,40.82097,5.683274999957235e-07,0.0036460500649836405
729,-73.92545167,40.82097167,5.683274999957235e-07,0.0036460500649836405
730,-73.92536667,40.82095667,5.683274999957235e-07,0.0036460500649836405
731,-73.925175,40.820935,5.683274999957235e-07,0.0036460500649836405
732,-73.92508,40.82093,1.0695299999472925e-07,0.0019067708939068573
733,-73.92498333,40.82092,1.0695299999472925e-07,0.0019067708939068573
734,-73.92488333,40.82091667,1.0695299999472925e-07,0.0019067708939068573
735,-73.92478833,40.82091,1.0695299999472925e-07,0.0019067708939068573
736,-73.92455833,40.82097167,1.0695299999472925e-07,0.0019067708939068573
737,-73.92452,40.821035,1.0695299999472925e-07,0.0019067708939068573
738,-73.924485,40.82110167,1.0695299999472925e-07,0.0019067708939068573
739,-73.92444667,40.82117,1.0695299999472925e-07,0.0019067708939068573
740,-73.92439833,40.82124,1.0695299999472925e-07,0.0019067708939068573
741,-73.92435167,40.82131,1.4698499999569572e-08,0.0005022778263790559
742,-73.92431667,40.82137333,1.4698499999569572e-08,0.0005022778263790559
743,-73.92429167,40.82143,1.4698499999569572e-08,0.0005022778263790559
744,-73.924275,40.82147833,1.4698499999569572e-08,0.0005022778263790559
745,-73.92424833,40.82151833,1.4698499999569572e-08,0.0005022778263790559
746,-73.92421667,40.821565,1.4698499999569572e-08,0.0005022778263790559
747,-73.92418,40.82162,1.4698499999569572e-08,0.0005022778263790559
748,-73.92413833,40.82168167,1.4698499999569572e-08,0.0005022778263790559
749,-73.92409833,40.821745,1.4698499999569572e-08,0.0005022778263790559
750,-73.92406,40.82180833,1.4698499999569572e-08,0.0005022778263790559
751,-73.92401833,40.821875,1.4698499999569572e-08,0.0005022778263790559
752,-73.923975,40.82194,1.4698499999569572e-08,0.0005022778263790559
753,-73.92393167,40.82199833,1.4698499999569572e-08,0.0005022778263790559
754,-73.92388833,40.82205,1.4698499999569572e-08,0.0005022778263790559
755,-73.92385333,40.82210167,1.4698499999569572e-08,0.0005022778263790559
756,-73.92381667,40.82214667,1.4698499999569572e-08,0.0005022778263790559
757,-73.92378667,40.82218167,1.4698499999569572e-08,0.0005022778263790559
758,-73.92375667,40.82222167,1.4698499999569572e-08,0.0005022778263790559
759,-73.92372833,40.822265,1.2158000001064708e-08,0.0004718559447829539
760,-73.92368,40.82234667,1.2158000001064708e-08,0.0004718559447829539
761,-73.92365833,40.82239167,1.2158000001064708e-08,0.0004718559447829539
762,-73.92363167,40.82244167,1.2158000001064708e-08,0.0004718559447829539
763,-73.9236,40.82249167,1.2158000001064708e-08,0.0004718559447829539
764,-73.92356667,40.822545,1.2158000001064708e-08,0.0004718559447829539
765,-73.923535,40.8226,1.2158000001064708e-08,0.0004718559447829539
766,-73.92347,40.82270667,1.2158000001064708e-08,0.0004718559447829539
767,-73.92342,40.82278833,1.2158000001064708e-08,0.0004718559447829539
768,-73.92340167,40.82282167,1.2158000001064708e-08,0.0004718559447829539
769,-73.92337667,40.82287167,1.2158000001064708e-08,0.0004718559447829539
770,-73.92337667,40.82294833,2.2985999999238734e-08,0.0006850983073842944
771,-73.92335333,40.82298333,2.2985999999238734e-08,0.0006850983073842944
772,-73.923325,40.82303,4.445185000019843e-07,0.003678473807290232
773,-73.92329,40.82308333,4.445185000019843e-07,0.003678473807290232
774,-73.923255,40.82314167,4.445185000019843e-07,0.003678473807290232
775,-73.92317667,40.82325667,4.445185000019843e-07,0.003678473807290232
776,-73.92314667,40.82331,4.445185000019843e-07,0.003678473807290232
777,-73.92312167,40.82335167,4.445185000019843e-07,0.003678473807290232
778,-73.923105,40.82338333,4.445185000019843e-07,0.003678473807290232
779,-73.92308667,40.82340833,4.445185000019843e-07,0.003678473807290232
780,-73.92296167,40.82346,4.445185000019843e-07,0.003678473807290232
781,-73.92290333,40.82345333,4.445185000019843e-07,0.003678473807290232
782,-73.92283,40.82344333,4.445185000019843e-07,0.003678473807290232
783,-73.92274833,40.82342667,7.243999999712286e-09,0.00036333885427657623
784,-73.92265,40.82341167,7.243999999712286e-09,0.00036333885427657623
785,-73.92245167,40.82336,7.243999999712286e-09,0.00036333885427657623
786,-73.92214833,40.82325667,7.243999999712286e-09,0.00036333885427657623
787,-73.922045,40.82322,7.243999999712286e-09,0.00036333885427657623
788,-73.921935,40.82318167,7.243999999712286e-09,0.00036333885427657623
789,-73.92182333,40.82314,7.243999999712286e-09,0.00036333885427657623
790,-73.92170833,40.8231,5.869364999985295e-07,0.003990870787522556
791,-73.92158833,40.82306333,5.869364999985295e-07,0.003990870787522556
792,-73.92147,40.82302667,5.869364999985295e-07,0.003990870787522556
793,-73.92135333,40.82298833,5.869364999985295e-07,0.003990870787522556
794,-73.92123833,40.82295,5.869364999985295e-07,0.003990870787522556
795,-73.92112167,40.82291167,5.869364999985295e-07,0.003990870787522556
796,-73.92101,40.82287667,1.3731549999867426e-07,0.001987606298617433
797,-73.92088833,40.82284667,1.3731549999867426e-07,0.001987606298617433
798,-73.92076833,40.82281167,1.3731549999867426e-07,0.001987606298617433
799,-73.92065333,40.822775,1.3731549999867426e-07,0.001987606298617433
800,-73.92054667,40.82273833,1.3731549999867426e-07,0.001987606298617433
801,-73.92045667,40.822705,1.3731549999867426e-07,0.001987606298617433
802,-73.92037167,40.82268,1.3731549999867426e-07,0.001987606298617433
803,-73.92029667,40.822655,1.3731549999867426e-07,0.001987606298617433
804,-73.92023667,40.82263333,1.3731549999867426e-07,0.001987606298617433
805,-73.92019667,40.82262167,1.3731549999867426e-07,0.001987606298617433
806,-73.92022667,40.82251167,1.3731549999867426e-07,0.001987606298617433
807,-73.92025333,40.822455,1.3731549999867426e-07,0.001987606298617433
808,-73.92031333,40.82230833,7.772049999970485e-08,0.001498466577671367
809,-73.92032333,40.82227833,7.772049999970485e-08,0.001498466577671367
810,-73.92032833,40.82226167,7.772049999970485e-08,0.001498466577671367
811,-73.92035833,40.82222333,7.772049999970485e-08,0.001498466577671367
812,-73.92037167,40.82220333,7.772049999970485e-08,0.001498466577671367
813,-73.92033833,40.822115,7.772049999970485e-08,0.001498466577671367
814,-73.92021,40.82204667,7.772049999970485e-08,0.001498466577671367
815,-73.920125,40.82201,7.772049999970485e-08,0.001498466577671367
816,-73.91992667,40.82194333,7.772049999970485e-08,0.001498466577671367
817,-73.91981167,40.82191,7.772049999970485e-08,0.001498466577671367
818,-73.91969,40.82187667,8.358650000058088e-08,0.0018487552426075986
819,-73.91956833,40.82184333,8.358650000058088e-08,0.0018487552426075986
820,-73.91944667,40.82181,8.358650000058088e-08,0.0018487552426075986
821,-73.91932833,40.82177,8.358650000058088e-08,0.0018487552426075986
822,-73.91899,40.82165,6.813300000025135e-08,0.0013347370620052186
823,-73.91887333,40.82161833,8.225300000006685e-08,0.001766761378501475
824,-73.91863833,40.82155,8.225300000006685e-08,0.001766761378501475
825,-73.91829833,40.82144667,7.670300000326887e-08,0.0013740351180060843
826,-73.91819167,40.82142,8.322449999981887e-08,0.0018028344093355374
827,-73.91809,40.82139833,8.322449999981887e-08,0.0018028344093355374
828,-73.91792,40.82136333,8.322449999981887e-08,0.0018028344093355374
829,-73.91781667,40.82133167,8.322449999981887e-08,0.0018028344093355374
830,-73.91771833,40.82132333,8.322449999981887e-08,0.0018028344093355374
831,-73.91767333,40.82131333,1.451265000018082e-07,0.0021275101354176983
832,-73.91761167,40.82130167,1.451265000018082e-07,0.0021275101354176983
833,-73.91754333,40.821285,7.948350000099173e-08,0.0012724577708251798
834,-73.91747833,40.82126333,7.948350000099173e-08,0.0012724577708251798
835,-73.91740833,40.82124,7.948350000099173e-08,0.0012724577708251798
836,-73.91734167,40.82122,7.948350000099173e-08,0.0012724577708251798
837,-73.91726333,40.821205,7.948350000099173e-08,0.0012724577708251798
838,-73.917175,40.82118833,7.948350000099173e-08,0.0012724577708251798
839,-73.91708,40.82117,7.948350000099173e-08,0.0012724577708251798
840,-73.91698,40.82114667,7.948350000099173e-08,0.0012724577708251798
841,-73.91687667,40.82112333,7.948350000099173e-08,0.0012724577708251798
842,-73.91677667,40.82109833,3.8360999999197266e-08,0.0008152607219451038
843,-73.91656833,40.821045,3.8360999999197266e-08,0.0008152607219451038
844,-73.91647833,40.82102,3.8360999999197266e-08,0.0008152607219451038
845,-73.91640167,40.821,3.8360999999197266e-08,0.0008152607219451038
846,-73.91634,40.82098167,3.8360999999197266e-08,0.0008152607219451038
847,-73.916235,40.820955,3.8360999999197266e-08,0.0008152607219451038
848,-73.91618,40.82094,3.8360999999197266e-08,0.0008152607219451038
849,-73.91612167,40.82092167,3.8360999999197266e-08,0.0008152607219451038
850,-73.91605833,40.82090333,1.1935450000389028e-07,0.001802735456606027
851,-73.916,40.82088667,1.1935450000389028e-07,0.001802735456606027
852,-73.91595167,40.82087333,4.405200000116303e-08,0.0010068269988419234
853,-73.91592,40.82086167,4.405200000116303e-08,0.0010068269988419234
854,-73.91575167,40.820835,4.405200000116303e-08,0.0010068269988419234
855,-73.91571833,40.82082333,4.405200000116303e-08,0.0010068269988419234
856,-73.915745,40.82071333,1.1935450000389028e-07,0.001802735456606027
857,-73.91575667,40.82067167,1.1935450000389028e-07,0.001802735456606027
858,-73.91579333,40.82058167,1.1935450000389028e-07,0.001802735456606027
859,-73.91581167,40.82053333,1.1935450000389028e-07,0.001802735456606027
860,-73.91583833,40.82048333,1.1935450000389028e-07,0.001802735456606027
861,-73.91586,40.82043,1.1935450000389028e-07,0.001802735456606027
862,-73.91588,40.82037167,1.1935450000389028e-07,0.001802735456606027
863,-73.91590833,40.82030833,1.1935450000389028e-07,0.001802735456606027
864,-73.91594167,40.82024,1.1935450000389028e-07,0.001802735456606027
865,-73.91598167,40.82017,1.1935450000389028e-07,0.001802735456606027
866,-73.91601833,40.820095,1.0874400000215596e-07,0.002120559040462584
867,-73.91605167,40.82002,1.0874400000215596e-07,0.002120559040462584
868,-73.91608333,40.819945,6.132750000084728e-08,0.0010808497698305633
869,-73.91611833,40.81987,6.132750000084728e-08,0.0010808497698305633
870,-73.91615167,40.81979667,6.132750000084728e-08,0.0010808497698305633
871,-73.91618333,40.81973,6.132750000084728e-08,0.0010808497698305633
872,-73.91626,40.81959167,6.132750000084728e-08,0.0010808497698305633
873,-73.91630667,40.81953167,4.529800000041712e-08,0.0010049104224615613
874,-73.91633667,40.81946667,4.529800000041712e-08,0.0010049104224615613
875,-73.91636167,40.81940167,4.529800000041712e-08,0.0010049104224615613
876,-73.91639,40.81933667,4.529800000041712e-08,0.0010049104224615613
877,-73.91642,40.81927,4.529800000041712e-08,0.0010049104224615613
878,-73.91645,40.8192,4.529800000041712e-08,0.0010049104224615613
879,-73.91651,40.81906,4.977600000094777e-08,0.0009216387170431572
880,-73.916535,40.81899667,4.977600000094777e-08,0.0009216387170431572
881,-73.91657667,40.81890833,4.977600000094777e-08,0.0009216387170431572
882,-73.916625,40.81882167,4.977600000094777e-08,0.0009216387170431572
883,-73.91663333,40.818795,4.977600000094777e-08,0.0009216387170431572
884,-73.91664667,40.818755,1.1196100000235363e-07,0.001997305404686003
885,-73.91666667,40.81870333,1.1196100000235363e-07,0.001997305404686003
886,-73.91669167,40.81864167,1.1196100000235363e-07,0.001997305404686003
887,-73.91672,40.818575,1.1196100000235363e-07,0.001997305404686003
888,-73.91675167,40.81850667,1.1196100000235363e-07,0.001997305404686003
889,-73.91678,40.81844167,1.1196100000235363e-07,0.001997305404686003
890,-73.9168,40.81838833,1.1196100000235363e-07,0.001997305404686003
891,-73.91693,40.81815333,1.6449750000301174e-07,0.0016684194805991876
892,-73.91695,40.81810667,1.6449750000301174e-07,0.0016684194805991876
893,-73.91697833,40.81805833,1.6449750000301174e-07,0.0016684194805991876
894,-73.91700667,40.818005,1.6449750000301174e-07,0.0016684194805991876
895,-73.91703833,40.81794833,1.6449750000301174e-07,0.0016684194805991876
896,-73.91709667,40.817755,1.6449750000301174e-07,0.0016684194805991876
897,-73.91713167,40.81771,1.7817300000229354e-07,0.0020645156759762392
898,-73.91715667,40.81767833,1.7817300000229354e-07,0.0020645156759762392
899,-73.91716167,40.81758,1.7817300000229354e-07,0.0020645156759762392
900,-73.92288833,40.80916333,1.5459749999933463e-07,0.001986679794969197
901,-73.92286167,40.809195,1.5459749999933463e-07,0.001986679794969197
902,-73.92283667,40.80923,1.5459749999933463e-07,0.001986679794969197
903,-73.92281,40.80925833,1.5459749999933463e-07,0.001986679794969197
904,-73.92278333,40.809285,1.5459749999933463e-07,0.001986679794969197
905,-73.92276833,40.80930667,1.5459749999933463e-07,0.001986679794969197
906,-73.92263333,40.8094,1.5459749999933463e-07,0.001986679794969197
907,-73.92260667,40.80944333,1.5459749999933463e-07,0.001986679794969197
908,-73.92253,40.80945833,1.5459749999933463e-07,0.001986679794969197
909,-73.92249167,40.8095,1.5459749999933463e-07,0.001986679794969197
910,-73.92245833,40.80955,1.5459749999933463e-07,0.001986679794969197
911,-73.92244333,40.80961833,7.16594999982467e-08,0.0015385919894635703
912,-73.922405,40.80968167,7.16594999982467e-08,0.0015385919894635703
913,-73.92233167,40.809805,7.16594999982467e-08,0.0015385919894635703
914,-73.92229333,40.80987333,3.8092849999889427e-07,0.0025018150573038584
915,-73.92224833,40.80994,3.8092849999889427e-07,0.0025018150573038584
916,-73.9222,40.81000333,3.8092849999889427e-07,0.0025018150573038584
917,-73.92215333,40.81006833,3.8092849999889427e-07,0.0025018150573038584
918,-73.9221,40.81014,3.8092849999889427e-07,0.0025018150573038584
919,-73.92204667,40.81021333,3.8092849999889427e-07,0.0025018150573038584
920,-73.92191833,40.81035667,5.7340000000731746e-08,0.000970589419711016
921,-73.92180333,40.81051167,5.7340000000731746e-08,0.000970589419711016
922,-73.92174,40.81058833,5.7340000000731746e-08,0.000970589419711016
923,-73.92168667,40.81067,5.7340000000731746e-08,0.000970589419711016
924,-73.92163667,40.81074667,5.7340000000731746e-08,0.000970589419711016
925,-73.92159,40.81082333,5.7340000000731746e-08,0.000970589419711016
926,-73.92154,40.81089833,5.7340000000731746e-08,0.000970589419711016
927,-73.92148,40.81097167,5.7340000000731746e-08,0.000970589419711016
928,-73.921365,40.81111667,5.7340000000731746e-08,0.000970589419711016
929,-73.92130833,40.81119333,5.7340000000731746e-08,0.000970589419711016
930,-73.92126167,40.81126833,2.614199999956679e-08,0.0008297955783229592
931,-73.92121167,40.81134167,2.614199999956679e-08,0.0008297955783229592
932,-73.92117667,40.81141333,2.614199999956679e-08,0.0008297955783229592
933,-73.92109333,40.81153,2.614199999956679e-08,0.0008297955783229592
934,-73.92105,40.81157,2.614199999956679e-08,0.0008297955783229592
935,-73.92101667,40.81159667,2.614199999956679e-08,0.0008297955783229592
936,-73.920995,40.81161167,2.614199999956679e-08,0.0008297955783229592
937,-73.92089833,40.81168833,2.614199999956679e-08,0.0008297955783229592
938,-73.92087167,40.81173167,2.614199999956679e-08,0.0008297955783229592
939,-73.920845,40.811785,2.614199999956679e-08,0.0008297955783229592
940,-73.92081833,40.81183833,2.614199999956679e-08,0.0008297955783229592
941,-73.92079667,40.81188833,2.614199999956679e-08,0.0008297955783229592
942,-73.92075833,40.81194,2.614199999956679e-08,0.0008297955783229592
943,-73.92074667,40.81199333,1.2316799999900114e-07,0.0025261074682319516
944,-73.92067667,40.81204333,1.2316799999900114e-07,0.0025261074682319516
945,-73.92061833,40.81209167,1.2316799999900114e-07,0.0025261074682319516
946,-73.92056833,40.81213667,1.2316799999900114e-07,0.0025261074682319516
947,-73.92052833,40.81217333,1.2316799999900114e-07,0.0025261074682319516
948,-73.92050333,40.81220333,1.2316799999900114e-07,0.0025261074682319516
949,-73.92048833,40.81222167,1.2316799999900114e-07,0.0025261074682319516
950,-73.91933167,40.81388833,2.4684000000117e-07,0.002032628326842611
951,-73.919275,40.81397167,2.4684000000117e-07,0.002032628326842611
952,-73.91921833,40.81405167,2.4684000000117e-07,0.002032628326842611
953,-73.91915667,40.81413333,1.0112749999893159e-07,0.0012907693452607946
954,-73.91903667,40.81429167,1.0112749999893159e-07,0.0012907693452607946
955,-73.91897833,40.814365,1.0112749999893159e-07,0.0012907693452607946
956,-73.91892667,40.81443333,1.0112749999893159e-07,0.0012907693452607946
957,-73.918785,40.81460167,1.0112749999893159e-07,0.0012907693452607946
958,-73.91875,40.81463333,1.0112749999893159e-07,0.0012907693452607946
959,-73.91872333,40.81465333,1.0112749999893159e-07,0.0012907693452607946
960,-73.91865667,40.81467667,1.0112749999893159e-07,0.0012907693452607946
961,-73.91863167,40.81467,1.0112749999893159e-07,0.0012907693452607946
962,-73.91848333,40.81469667,8.196250000219457e-08,0.0014797418708620814
963,-73.91843333,40.814725,8.196250000219457e-08,0.0014797418708620814
964,-73.918335,40.814795,8.196250000219457e-08,0.0014797418708620814
965,-73.918295,40.81482333,8.196250000219457e-08,0.0014797418708620814
966,-73.91827,40.814845,8.196250000219457e-08,0.0014797418708620814
967,-73.91824667,40.81486333,8.196250000219457e-08,0.0014797418708620814
968,-73.91813167,40.81500167,8.196250000219457e-08,0.0014797418708620814
969,-73.91806,40.81504833,8.196250000219457e-08,0.0014797418708620814
970,-73.918015,40.81507333,8.196250000219457e-08,0.0014797418708620814
971,-73.91796833,40.8151,8.196250000219457e-08,0.0014797418708620814
972,-73.91791833,40.81512833,8.196250000219457e-08,0.0014797418708620814
973,-73.91786667,40.81514333,8.196250000219457e-08,0.0014797418708620814
974,-73.91781833,40.81515,2.692854999981714e-07,0.003114591113054058
975,-73.91776167,40.815135,2.692854999981714e-07,0.003114591113054058
976,-73.91769833,40.81510833,2.692854999981714e-07,0.003114591113054058
977,-73.91716167,40.81544833,3.615454999971189e-07,0.0026354596517212357
978,-73.91711333,40.81548167,3.615454999971189e-07,0.0026354596517212357
979,-73.91707667,40.81552,3.615454999971189e-07,0.0026354596517212357
980,-73.91699833,40.81556667,3.615454999971189e-07,0.0026354596517212357
981,-73.916965,40.81557667,3.615454999971189e-07,0.0026354596517212357
982,-73.91692833,40.81559333,4.0858799999679184e-07,0.002917835689542566
983,-73.91689333,40.815615,4.0858799999679184e-07,0.002917835689542566
984,-73.91685667,40.81563333,4.0858799999679184e-07,0.002917835689542566
985,-73.91681667,40.81567,4.0858799999679184e-07,0.002917835689542566
986,-73.91679167,40.815715,4.0858799999679184e-07,0.002917835689542566
987,-73.91670167,40.81575,4.0858799999679184e-07,0.002917835689542566
988,-73.91662167,40.81579167,4.0858799999679184e-07,0.002917835689542566
989,-73.91653333,40.81583,4.0858799999679184e-07,0.002917835689542566
990,-73.91644667,40.81586,4.0858799999679184e-07,0.002917835689542566
991,-73.91638833,40.815895,4.0858799999679184e-07,0.002917835689542566
992,-73.91634167,40.81592833,4.0858799999679184e-07,0.002917835689542566
993,-73.91630667,40.81596,4.0858799999679184e-07,0.002917835689542566
994,-73.91627667,40.81598167,4.0858799999679184e-07,0.002917835689542566
995,-73.91622667,40.81604167,4.0858799999679184e-07,0.002917835689542566
996,-73.91618833,40.81608167,4.0858799999679184e-07,0.002917835689542566
997,-73.91612667,40.81612,4.0858799999679184e-07,0.002917835689542566
998,-73.91607333,40.81615333,4.0858799999679184e-07,0.002917835689542566
999,-73.91602,40.81618167,7.246999999868379e-08,0.0011756479655259614
1000,-73.91598333,40.81620167,7.246999999868379e-08,0.0011756479655259614
1001,-73.915955,40.81621833,7.246999999868379e-08,0.0011756479655259614
1002,-73.91588167,40.81631833,7.246999999868379e-08,0.0011756479655259614
1003,-73.91585167,40.81636167,7.246999999868379e-08,0.0011756479655259614
1004,-73.915815,40.816395,7.246999999868379e-08,0.0011756479655259614
1005,-73.915795,40.81643333,7.246999999868379e-08,0.0011756479655259614
1006,-73.915765,40.81646333,7.246999999868379e-08,0.0011756479655259614
1007,-73.91572667,40.81646,7.246999999868379e-08,0.0011756479655259614
1008,-73.91569,40.81645167,7.246999999868379e-08,0.0011756479655259614
1009,-73.91565667,40.81646167,7.246999999868379e-08,0.0011756479655259614
1010,-73.9156,40.81651333,7.246999999868379e-08,0.0011756479655259614
1011,-73.91554667,40.81657333,4.626864999989666e-07,0.0037331794594505385
1012,-73.91549667,40.81663,4.626864999989666e-07,0.0037331794594505385
1013,-73.91545,40.81668667,4.626864999989666e-07,0.0037331794594505385
1014,-73.915335,40.81681333,4.626864999989666e-07,0.0037331794594505385
1015,-73.91526,40.81688167,4.626864999989666e-07,0.0037331794594505385
1016,-73.91519333,40.81694667,4.626864999989666e-07,0.0037331794594505385
1017,-73.91511333,40.81699333,4.626864999989666e-07,0.0037331794594505385
1018,-73.91503667,40.81702167,4.626864999989666e-07,0.0037331794594505385
1019,-73.91499,40.81705333,4.626864999989666e-07,0.0037331794594505385
1020,-73.91495167,40.81708333,4.626864999989666e-07,0.0037331794594505385
1021,-73.91492,40.81712167,4.626864999989666e-07,0.0037331794594505385
1022,-73.91486667,40.817155,7.31722000003637e-07,0.003886137222587118
1023,-73.914755,40.81724167,7.31722000003637e-07,0.003886137222587118
1024,-73.91469833,40.81729,7.31722000003637e-07,0.003886137222587118
1025,-73.91461833,40.81735667,7.31722000003637e-07,0.003886137222587118
1026,-73.91453833,40.817425,7.31722000003637e-07,0.003886137222587118
1027,-73.91444333,40.81750167,7.31722000003637e-07,0.003886137222587118
1028,-73.914355,40.817565,7.31722000003637e-07,0.003886137222587118
1029,-73.91426667,40.81762833,7.31722000003637e-07,0.003886137222587118
1030,-73.914175,40.81769167,7.31722000003637e-07,0.003886137222587118
1031,-73.91408167,40.81775333,7.31722000003637e-07,0.003886137222587118
1032,-73.914,40.81782,7.31722000003637e-07,0.003886137222587118
1033,-73.913915,40.81789167,7.31722000003637e-07,0.003886137222587118
1034,-73.91384167,40.81795,7.31722000003637e-07,0.003886137222587118
1035,-73.913785,40.81800667,7.31722000003637e-07,0.003886137222587118
1036,-73.91373833,40.81805,7.31722000003637e-07,0.003886137222587118
1037,-73.91370667,40.81807667,7.31722000003637e-07,0.003886137222587118
1038,-73.91361667,40.81813167,7.31722000003637e-07,0.003886137222587118
1039,-73.91358167,40.81812333,4.9579999996203394e-09,0.00030688685729297573
1040,-73.91354333,40.818105,4.9579999996203394e-09,0.00030688685729297573
1041,-73.9134,40.81803667,4.9579999996203394e-09,0.00030688685729297573
1042,-73.91335,40.81801167,4.9579999996203394e-09,0.00030688685729297573
1043,-73.913295,40.817955,4.9579999996203394e-09,0.00030688685729297573
1044,-73.913295,40.81791333,4.9579999996203394e-09,0.00030688685729297573
1045,-73.91339833,40.81772333,4.9579999996203394e-09,0.00030688685729297573
1046,-73.91349,40.81757167,4.9579999996203394e-09,0.00030688685729297573
1047,-73.91353833,40.81749167,4.9579999996203394e-09,0.00030688685729297573
1048,-73.91358667,40.81741,4.9579999996203394e-09,0.00030688685729297573
1049,-73.913635,40.81732833,7.31722000003637e-07,0.003886137222587118
1050,-73.91368,40.81725167,7.31722000003637e-07,0.003886137222587118
1051,-73.91371667,40.81718167,7.31722000003637e-07,0.003886137222587118
1052,-73.91375167,40.81712,7.31722000003637e-07,0.003886137222587118
1053,-73.91378333,40.81707333,7.31722000003637e-07,0.003886137222587118
1054,-73.91380833,40.81703,7.31722000003637e-07,0.003886137222587118
1055,-73.91383,40.81699667,7.31722000003637e-07,0.003886137222587118
1056,-73.913845,40.81697833,7.31722000003637e-07,0.003886137222587118
1057,-73.91402,40.81663167,5.535784999995603e-07,0.004040322039551743
1058,-73.91406167,40.81656167,5.535784999995603e-07,0.004040322039551743
1059,-73.91410833,40.8165,5.535784999995603e-07,0.004040322039551743
1060,-73.91420333,40.81635167,5.535784999995603e-07,0.004040322039551743
1061,-73.91427167,40.81620333,5.535784999995603e-07,0.004040322039551743
1062,-73.914315,40.816135,5.535784999995603e-07,0.004040322039551743
1063,-73.914355,40.81605833,5.535784999995603e-07,0.004040322039551743
1064,-73.914485,40.81583333,5.535784999995603e-07,0.004040322039551743
1065,-73.91452667,40.81576833,5.535784999995603e-07,0.004040322039551743
1066,-73.91456333,40.81571667,3.985099999879668e-08,0.0009200344596404505
1067,-73.91458667,40.81567667,3.985099999879668e-08,0.0009200344596404505
1068,-73.91471667,40.81553167,4.5831900000616996e-07,0.003243053382209761
1069,-73.914735,40.8155,4.5831900000616996e-07,0.003243053382209761
1070,-73.91476167,40.81546167,4.5831900000616996e-07,0.003243053382209761
1071,-73.91479167,40.81541333,4.5831900000616996e-07,0.003243053382209761
1072,-73.91482167,40.81535833,4.5831900000616996e-07,0.003243053382209761
1073,-73.91485333,40.8153,4.5831900000616996e-07,0.003243053382209761
1074,-73.91488667,40.81523667,4.5831900000616996e-07,0.003243053382209761
1075,-73.91492333,40.81518167,4.5831900000616996e-07,0.003243053382209761
1076,-73.91495333,40.81511,4.5831900000616996e-07,0.003243053382209761
1077,-73.91498333,40.81503667,4.5831900000616996e-07,0.003243053382209761
1078,-73.91501167,40.81496167,4.5831900000616996e-07,0.003243053382209761
1079,-73.91504667,40.814885,4.5831900000616996e-07,0.003243053382209761
1080,-73.91508167,40.81481167,4.5831900000616996e-07,0.003243053382209761
1081,-73.91516333,40.814685,3.963150000104192e-08,0.0008506620327791539
1082,-73.9152,40.81463833,3.963150000104192e-08,0.0008506620327791539
1083,-73.915225,40.81460667,3.963150000104192e-08,0.0008506620327791539
1084,-73.91532667,40.81447,3.963150000104192e-08,0.0008506620327791539
1085,-73.915355,40.81441333,3.963150000104192e-08,0.0008506620327791539
1086,-73.91538333,40.81435,3.963150000104192e-08,0.0008506620327791539
1087,-73.91542167,40.81427833,3.963150000104192e-08,0.0008506620327791539
1088,-73.91547,40.81420333,3.963150000104192e-08,0.0008506620327791539
1089,-73.91551667,40.81413167,3.963150000104192e-08,0.0008506620327791539
1090,-73.915605,40.81398167,3.963150000104192e-08,0.0008506620327791539
1091,-73.91564333,40.8139,3.963150000104192e-08,0.0008506620327791539
1092,-73.91569,40.81381833,3.963150000104192e-08,0.0008506620327791539
1093,-73.91573333,40.81373,4.263899999993136e-08,0.0009512283152725309
1094,-73.91577667,40.81364833,4.263899999993136e-08,0.0009512283152725309
1095,-73.91582833,40.81356333,4.263899999993136e-08,0.0009512283152725309
1096,-73.915905,40.81339833,4.263899999993136e-08,0.0009512283152725309
1097,-73.91594833,40.81331833,4.263899999993136e-08,0.0009512283152725309
1098,-73.91598833,40.81323333,4.263899999993136e-08,0.0009512283152725309
1099,-73.91603833,40.81314333,9.001399999843335e-08,0.0015976219013556538
1100,-73.91607667,40.81305,9.001399999843335e-08,0.0015976219013556538
1101,-73.91612167,40.81296333,9.001399999843335e-08,0.0015976219013556538
1102,-73.91617167,40.81287667,5.935899999928001e-08,0.0012715432899191496
1103,-73.916365,40.81253833,2.2528499999946613e-08,0.0006096597029354883
1104,-73.91641167,40.812455,2.2528499999946613e-08,0.0006096597029354883
1105,-73.91647667,40.812285,2.2528499999946613e-08,0.0006096597029354883
1106,-73.91651167,40.81220833,2.2528499999946613e-08,0.0006096597029354883
1107,-73.916585,40.81206,1.0180000000678724e-09,0.00013111281589421033
1108,-73.91664,40.81197833,1.0180000000678724e-09,0.00013111281589421033
1109,-73.91669167,40.81189667,1.0180000000678724e-09,0.00013111281589421033
1110,-73.916745,40.81181167,1.0180000000678724e-09,0.00013111281589421033
1111,-73.91678833,40.81173,1.0180000000678724e-09,0.00013111281589421033
1112,-73.91683333,40.81165333,1.0180000000678724e-09,0.00013111281589421033
1113,-73.91692667,40.81151333,1.463600000011965e-07,0.002983613730452517
1114,-73.91696333,40.81145,1.463600000011965e-07,0.002983613730452517
1115,-73.917,40.81139167,1.463600000011965e-07,0.002983613730452517
1116,-73.91706167,40.81127333,1.463600000011965e-07,0.002983613730452517
1117,-73.91709167,40.81122,1.463600000011965e-07,0.002983613730452517
1118,-73.91712833,40.81117,1.463600000011965e-07,0.002983613730452517
1119,-73.91716333,40.81112667,1.463600000011965e-07,0.002983613730452517
1120,-73.91719333,40.81108667,1.463600000011965e-07,0.002983613730452517
1121,-73.91722167,40.81104333,1.463600000011965e-07,0.002983613730452517
1122,-73.917275,40.81095167,1.9993600000223661e-07,0.0029329522705916133
1123,-73.91730667,40.81089333,1.9993600000223661e-07,0.0029329522705916133
1124,-73.91737167,40.81078167,1.8292450000111278e-07,0.002953792448784693
1125,-73.91739333,40.810725,1.8292450000111278e-07,0.002953792448784693
1126,-73.91742667,40.81065667,1.8292450000111278e-07,0.002953792448784693
1127,-73.91752,40.81053333,1.8292450000111278e-07,0.002953792448784693
1128,-73.917555,40.81046833,1.8292450000111278e-07,0.002953792448784693
1129,-73.917595,40.81041,1.8292450000111278e-07,0.002953792448784693
1130,-73.91763,40.81035,1.8292450000111278e-07,0.002953792448784693
1131,-73.917705,40.81021333,2.7139300000063906e-07,0.0029442837551326845
1132,-73.91775333,40.81013667,2.7139300000063906e-07,0.0029442837551326845
1133,-73.91778833,40.81004333,2.7139300000063906e-07,0.0029442837551326845
1134,-73.91783333,40.80995667,2.7139300000063906e-07,0.0029442837551326845
1135,-73.91788167,40.80987,2.7139300000063906e-07,0.0029442837551326845
1136,-73.91793833,40.80978833,6.358615000019129e-07,0.0038418143656620968
1137,-73.91799,40.80971,6.358615000019129e-07,0.0038418143656620968
1138,-73.91804,40.80963333,3.82781499999112e-07,0.004340857593450093
1139,-73.91809,40.80955833,1.0000400000100584e-07,0.001335713998373055
1140,-73.918135,40.80948667,1.0000400000100584e-07,0.001335713998373055
1141,-73.91817333,40.80941833,1.0000400000100584e-07,0.001335713998373055
1142,-73.91820667,40.809355,1.0000400000100584e-07,0.001335713998373055
1143,-73.918235,40.80929833,1.0000400000100584e-07,0.001335713998373055
1144,-73.91829667,40.809195,1.0000400000100584e-07,0.001335713998373055
1145,-73.91833,40.809145,1.0000400000100584e-07,0.001335713998373055
1146,-73.9184,40.80904667,1.0000400000100584e-07,0.001335713998373055
1147,-73.91843,40.80899833,1.0000400000100584e-07,0.001335713998373055
1148,-73.91847667,40.80890167,1.0000400000100584e-07,0.001335713998373055
1149,-73.91849833,40.80885833,1.0000400000100584e-07,0.001335713998373055
1150,-73.91851333,40.80881833,1.0000400000100584e-07,0.001335713998373055
1151,-73.91853167,40.80878333,1.4536999999999601e-07,0.0015795712629903089
1152,-73.98123333,40.78433667,6.829550000201008e-08,0.001421155632993887
1153,-73.98125667,40.78432833,6.829550000201008e-08,0.001421155632993887
1154,-73.981285,40.78432167,6.829550000201008e-08,0.001421155632993887
1155,-73.98131833,40.78429667,6.829550000201008e-08,0.001421155632993887
1156,-73.98133833,40.78426833,6.829550000201008e-08,0.001421155632993887
1157,-73.981375,40.78423167,6.829550000201008e-08,0.001421155632993887
1158,-73.98141833,40.784195,6.829550000201008e-08,0.001421155632993887
1159,-73.98145333,40.784155,6.829550000201008e-08,0.001421155632993887
1160,-73.981505,40.78405333,5.287319999993066e-07,0.002990110834673564
1161,-73.981535,40.78401167,5.287319999993066e-07,0.002990110834673564
1162,-73.98156,40.783965,5.287319999993066e-07,0.002990110834673564
1163,-73.98157833,40.783935,5.287319999993066e-07,0.002990110834673564
1164,-73.981645,40.78383167,1.8573600000088532e-07,0.002250273159278556
1165,-73.98176,40.78367167,1.8573600000088532e-07,0.002250273159278556
1166,-73.98180167,40.78363,1.8573600000088532e-07,0.002250273159278556
1167,-73.981845,40.78359833,1.8573600000088532e-07,0.002250273159278556
1168,-73.98188167,40.78355167,1.8573600000088532e-07,0.002250273159278556
1169,-73.98197333,40.78338833,5.054644999997983e-07,0.004190729325063375
1170,-73.98199833,40.78332833,5.054644999997983e-07,0.004190729325063375
1171,-73.98203333,40.78326167,5.054644999997983e-07,0.004190729325063375
1172,-73.982065,40.783195,5.054644999997983e-07,0.004190729325063375
1173,-73.98209,40.78312167,5.054644999997983e-07,0.004190729325063375
1174,-73.98212667,40.78304667,5.289569999983268e-07,0.0054303633572254945
1175,-73.98217167,40.78297833,5.289569999983268e-07,0.0054303633572254945
1176,-73.98221333,40.78291167,5.289569999983268e-07,0.0054303633572254945
1177,-73.98225833,40.78283833,5.289569999983268e-07,0.0054303633572254945
1178,-73.98230833,40.78276667,5.289569999983268e-07,0.0054303633572254945
1179,-73.98235833,40.78269833,5.289569999983268e-07,0.0054303633572254945
1180,-73.98241167,40.78263167,5.289569999983268e-07,0.0054303633572254945
1181,-73.98247,40.78256333,5.289569999983268e-07,0.0054303633572254945
1182,-73.98254,40.78249333,7.002790000032261e-07,0.006838973368352492
1183,-73.9826,40.782425,7.002790000032261e-07,0.006838973368352492
1184,-73.982645,40.78235167,3.6364350000386923e-07,0.004422958442076788
1185,-73.98269167,40.78228167,3.6364350000386923e-07,0.004422958442076788
1186,-73.98278833,40.78215833,3.6364350000386923e-07,0.004422958442076788
1187,-73.9829,40.782025,3.6364350000386923e-07,0.004422958442076788
1188,-73.98299833,40.78188167,3.6364350000386923e-07,0.004422958442076788
1189,-73.98304833,40.781815,3.6364350000386923e-07,0.004422958442076788
1190,-73.98310667,40.78175167,9.491300000081008e-08,0.001250458927233254
1191,-73.98317,40.78168333,9.491300000081008e-08,0.001250458927233254
1192,-73.983225,40.7816,9.491300000081008e-08,0.001250458927233254
1193,-73.98328833,40.78151667,9.491300000081008e-08,0.001250458927233254
1194,-73.98335833,40.78142167,9.491300000081008e-08,0.001250458927233254
1195,-73.98341167,40.78133167,9.491300000081008e-08,0.001250458927233254
1196,-73.98346,40.78125167,9.491300000081008e-08,0.001250458927233254
1197,-73.98351333,40.78118167,9.491300000081008e-08,0.001250458927233254
1198,-73.98354667,40.78111167,9.491300000081008e-08,0.001250458927233254
1199,-73.98359167,40.78108333,9.491300000081008e-08,0.001250458927233254
1200,-73.983635,40.78105,9.491300000081008e-08,0.001250458927233254
1201,-73.98368333,40.78101,9.491300000081008e-08,0.001250458927233254
1202,-73.98372333,40.78093667,9.491300000081008e-08,0.001250458927233254
1203,-73.98375833,40.78088333,5.331070000003362e-07,0.005148199167313269
1204,-73.98379167,40.78081833,5.331070000003362e-07,0.005148199167313269
1205,-73.983825,40.78077,5.331070000003362e-07,0.005148199167313269
1206,-73.98386167,40.78073833,5.331070000003362e-07,0.005148199167313269
1207,-73.98388167,40.78072167,5.331070000003362e-07,0.005148199167313269
1208,-73.984055,40.78056833,5.331070000003362e-07,0.005148199167313269
1209,-73.98409167,40.78054833,5.331070000003362e-07,0.005148199167313269
1210,-73.98416,40.78054667,5.331070000003362e-07,0.005148199167313269
1211,-73.984205,40.78052833,6.351005000016132e-07,0.003457590672650215
1212,-73.984225,40.78048833,6.351005000016132e-07,0.003457590672650215
1213,-73.98423167,40.78044833,6.351005000016132e-07,0.003457590672650215
1214,-73.98425333,40.78040167,6.351005000016132e-07,0.003457590672650215
1215,-73.984275,40.780355,6.351005000016132e-07,0.003457590672650215
1216,-73.984295,40.78031167,6.351005000016132e-07,0.003457590672650215
1217,-73.98432167,40.78026667,6.351005000016132e-07,0.003457590672650215
1218,-73.98434333,40.78022667,6.351005000016132e-07,0.003457590672650215
1219,-73.98436333,40.78018667,6.351005000016132e-07,0.003457590672650215
1220,-73.98437833,40.78015167,6.351005000016132e-07,0.003457590672650215
1221,-73.98438167,40.780125,6.351005000016132e-07,0.003457590672650215
1222,-73.98439667,40.78009833,6.351005000016132e-07,0.003457590672650215
1223,-73.98441,40.780075,6.351005000016132e-07,0.003457590672650215
1224,-73.98441667,40.78004333,6.351005000016132e-07,0.003457590672650215
1225,-73.98444167,40.78003833,6.351005000016132e-07,0.003457590672650215
1226,-73.98463667,40.780075,6.351005000016132e-07,0.003457590672650215
1227,-73.98470833,40.78008167,6.351005000016132e-07,0.003457590672650215
1228,-73.98477667,40.780105,6.351005000016132e-07,0.003457590672650215
1229,-73.98485,40.78012667,6.351005000016132e-07,0.003457590672650215
1230,-73.98499,40.78018333,6.351005000016132e-07,0.003457590672650215
1231,-73.98510167,40.78023,6.351005000016132e-07,0.003457590672650215
1232,-73.98515167,40.78024833,6.351005000016132e-07,0.003457590672650215
1233,-73.98522667,40.78026833,6.351005000016132e-07,0.003457590672650215
1234,-73.98526167,40.78027333,6.351005000016132e-07,0.003457590672650215
1235,-73.98556833,40.78035833,8.838314999997675e-07,0.004873288894818732
1236,-73.98556167,40.78037667,8.838314999997675e-07,0.004873288894818732
1237,-73.98552333,40.78048833,8.838314999997675e-07,0.004873288894818732
1238,-73.98550333,40.78053167,6.351005000016132e-07,0.003457590672650215
1239,-73.98547333,40.78062667,6.351005000016132e-07,0.003457590672650215
1240,-73.98546,40.780685,6.351005000016132e-07,0.003457590672650215
1241,-73.98544,40.78073667,6.351005000016132e-07,0.003457590672650215
1242,-73.98542167,40.78080667,6.351005000016132e-07,0.003457590672650215
1243,-73.9854,40.78086167,6.351005000016132e-07,0.003457590672650215
1244,-73.98537167,40.78093667,6.351005000016132e-07,0.003457590672650215
1245,-73.98533833,40.78100167,6.351005000016132e-07,0.003457590672650215
1246,-73.9853,40.78107667,6.351005000016132e-07,0.003457590672650215
1247,-73.98521667,40.78121833,5.331070000003362e-07,0.005148199167313269
1248,-73.98517,40.78129833,5.331070000003362e-07,0.005148199167313269
1249,-73.985125,40.78137667,5.331070000003362e-07,0.005148199167313269
1250,-73.98504333,40.78151167,5.331070000003362e-07,0.005148199167313269
1251,-73.98506,40.781565,5.331070000003362e-07,0.005148199167313269
1252,-73.98504333,40.78162833,5.331070000003362e-07,0.005148199167313269
1253,-73.985015,40.78170333,5.331070000003362e-07,0.005148199167313269
1254,-73.984955,40.78186167,7.521074999963568e-07,0.006882563554338466
1255,-73.98492167,40.781945,7.521074999963568e-07,0.006882563554338466
1256,-73.98488,40.78202667,7.521074999963568e-07,0.006882563554338466
1257,-73.984835,40.78211333,7.521074999963568e-07,0.006882563554338466
1258,-73.98478667,40.78221833,7.521074999963568e-07,0.006882563554338466
1259,-73.98474667,40.78231667,7.521074999963568e-07,0.006882563554338466
1260,-73.98470833,40.78241,4.711649999940795e-07,0.004069259894130584
1261,-73.98467,40.78249667,4.711649999940795e-07,0.004069259894130584
1262,-73.98463667,40.78257333,4.711649999940795e-07,0.004069259894130584
1263,-73.98458167,40.78270667,4.711649999940795e-07,0.004069259894130584
1264,-73.98456167,40.782765,4.711649999940795e-07,0.004069259894130584
1265,-73.98455,40.78281167,4.711649999940795e-07,0.004069259894130584
1266,-73.98454167,40.782855,4.711649999940795e-07,0.004069259894130584
1267,-73.98453,40.78289833,4.711649999940795e-07,0.004069259894130584
1268,-73.98451833,40.78293667,4.711649999940795e-07,0.004069259894130584
1269,-73.98449667,40.78297667,4.711649999940795e-07,0.004069259894130584
1270,-73.98444,40.78307833,4.711649999940795e-07,0.004069259894130584
1271,-73.98434667,40.783205,4.711649999940795e-07,0.004069259894130584
1272,-73.98428833,40.78326667,4.711649999940795e-07,0.004069259894130584
1273,-73.98422667,40.78331833,4.711649999940795e-07,0.004069259894130584
1274,-73.98416167,40.78338333,4.711649999940795e-07,0.004069259894130584
1275,-73.98410167,40.783445,4.711649999940795e-07,0.004069259894130584
1276,-73.984035,40.78351167,9.69968000007549e-07,0.004562661625941695
1277,-73.98397,40.78357667,9.69968000007549e-07,0.004562661625941695
1278,-73.98383667,40.78377,9.69968000007549e-07,0.004562661625941695
1279,-73.98377,40.783835,9.69968000007549e-07,0.004562661625941695
1280,-73.98370333,40.7839,9.69968000007549e-07,0.004562661625941695
1281,-73.98355833,40.78403333,8.121869999996053e-07,0.007436203109386301
1282,-73.983495,40.78409167,8.121869999996053e-07,0.007436203109386301
1283,-73.983395,40.78415833,8.121869999996053e-07,0.007436203109386301
1284,-73.98331,40.78422333,8.121869999996053e-07,0.007436203109386301
1285,-73.98324833,40.78428667,8.121869999996053e-07,0.007436203109386301
1286,-73.98313,40.78438833,8.121869999996053e-07,0.007436203109386301
1287,-73.983075,40.78443667,8.121869999996053e-07,0.007436203109386301
1288,-73.983055,40.78448167,8.121869999996053e-07,0.007436203109386301
1289,-73.98302833,40.78452167,8.121869999996053e-07,0.007436203109386301
1290,-73.98299833,40.78455,1.8573600000088532e-07,0.002250273159278556
1291,-73.98297333,40.78458833,4.826624999999074e-07,0.005766180815239618
1292,-73.98295833,40.78462167,4.826624999999074e-07,0.005766180815239618
1293,-73.982945,40.78465,4.826624999999074e-07,0.005766180815239618
1294,-73.98293333,40.78468,4.826624999999074e-07,0.005766180815239618
1295,-73.98292667,40.78469333,4.826624999999074e-07,0.005766180815239618
1296,-73.98292333,40.78469667,4.826624999999074e-07,0.005766180815239618
1297,-73.9828,40.784865,4.826624999999074e-07,0.005766180815239618
1298,-73.9828,40.78492667,4.826624999999074e-07,0.005766180815239618
1299,-73.982825,40.78497333,4.826624999999074e-07,0.005766180815239618
1300,-73.98287167,40.785005,4.826624999999074e-07,0.005766180815239618
1301,-73.98291833,40.78508,4.826624999999074e-07,0.005766180815239618
1302,-73.98298833,40.785125,4.826624999999074e-07,0.005766180815239618
1303,-73.98306,40.78516,4.826624999999074e-07,0.005766180815239618
1304,-73.98313667,40.78519667,4.826624999999074e-07,0.005766180815239618
1305,-73.98321833,40.78522167,4.826624999999074e-07,0.005766180815239618
1306,-73.98329667,40.785255,8.746000000213892e-09,0.00038336137022049454
1307,-73.98337167,40.785285,8.746000000213892e-09,0.00038336137022049454
1308,-73.98344667,40.785315,8.746000000213892e-09,0.00038336137022049454
1309,-73.98352,40.785345,8.746000000213892e-09,0.00038336137022049454
1310,-73.98359,40.78536833,8.746000000213892e-09,0.00038336137022049454
1311,-73.983665,40.78539667,8.746000000213892e-09,0.00038336137022049454
1312,-73.98373833,40.785425,8.746000000213892e-09,0.00038336137022049454
1313,-73.98380667,40.78545333,8.746000000213892e-09,0.00038336137022049454
1314,-73.98386833,40.78547833,8.746000000213892e-09,0.00038336137022049454
1315,-73.98392833,40.78550167,8.746000000213892e-09,0.00038336137022049454
1316,-73.98398833,40.78551833,8.746000000213892e-09,0.00038336137022049454
1317,-73.98401333,40.78555833,8.746000000213892e-09,0.00038336137022049454
1318,-73.98405,40.78566167,8.746000000213892e-09,0.00038336137022049454
1319,-73.98407833,40.78572167,8.746000000213892e-09,0.00038336137022049454
1320,-73.98412667,40.785765,8.746000000213892e-09,0.00038336137022049454
1321,-73.98417333,40.78580667,8.746000000213892e-09,0.00038336137022049454
1322,-73.98422167,40.78584333,8.746000000213892e-09,0.00038336137022049454
1323,-73.98427333,40.78586833,8.746000000213892e-09,0.00038336137022049454
1324,-73.98432667,40.78588667,8.746000000213892e-09,0.00038336137022049454
1325,-73.98438833,40.78589167,8.746000000213892e-09,0.00038336137022049454
1326,-73.98445667,40.78588667,8.746000000213892e-09,0.00038336137022049454
1327,-73.98452167,40.78587333,8.746000000213892e-09,0.00038336137022049454
1328,-73.98458333,40.78584667,8.746000000213892e-09,0.00038336137022049454
1329,-73.984635,40.785815,8.746000000213892e-09,0.00038336137022049454
1330,-73.98470333,40.785615,8.746000000213892e-09,0.00038336137022049454
1331,-73.98468833,40.78554667,8.746000000213892e-09,0.00038336137022049454
1332,-73.98467,40.78539,8.746000000213892e-09,0.00038336137022049454
1333,-73.98467333,40.78530333,8.746000000213892e-09,0.00038336137022049454
1334,-73.98468667,40.78519833,8.746000000213892e-09,0.00038336137022049454
1335,-73.9847,40.78509833,8.746000000213892e-09,0.00038336137022049454
1336,-73.98475333,40.78489833,8.746000000213892e-09,0.00038336137022049454
1337,-73.98479,40.78479333,8.746000000213892e-09,0.00038336137022049454
1338,-73.984835,40.78469,8.746000000213892e-09,0.00038336137022049454
1339,-73.98488167,40.78458667,8.746000000213892e-09,0.00038336137022049454
1340,-73.98493,40.78449,8.746000000213892e-09,0.00038336137022049454
1341,-73.984975,40.78439667,8.746000000213892e-09,0.00038336137022049454
1342,-73.98502333,40.78431,7.749999999711633e-09,0.00035829802727189086
1343,-73.98506667,40.784235,7.749999999711633e-09,0.00035829802727189086
1344,-73.98511,40.78416833,7.749999999711633e-09,0.00035829802727189086
1345,-73.985155,40.78411167,7.749999999711633e-09,0.00035829802727189086
1346,-73.98518833,40.784065,7.749999999711633e-09,0.00035829802727189086
1347,-73.985215,40.78403833,7.749999999711633e-09,0.00035829802727189086
1348,-73.98523167,40.78401667,7.749999999711633e-09,0.00035829802727189086
1349,-73.98524667,40.78399,7.749999999711633e-09,0.00035829802727189086
1350,-73.98526667,40.78394667,7.749999999711633e-09,0.00035829802727189086
1351,-73.98528833,40.78389,7.749999999711633e-09,0.00035829802727189086
1352,-73.98535833,40.78374333,7.749999999711633e-09,0.00035829802727189086
1353,-73.98540667,40.78365667,7.749999999711633e-09,0.00035829802727189086
1354,-73.98546167,40.78356333,7.749999999711633e-09,0.00035829802727189086
1355,-73.98554167,40.78345667,7.749999999711633e-09,0.00035829802727189086
1356,-73.98562833,40.78334333,7.749999999711633e-09,0.00035829802727189086
1357,-73.98572,40.78322167,7.749999999711633e-09,0.00035829802727189086
1358,-73.985905,40.78297333,7.749999999711633e-09,0.00035829802727189086
1359,-73.985995,40.78285167,7.749999999711633e-09,0.00035829802727189086
1360,-73.98608333,40.78273,7.749999999711633e-09,0.00035829802727189086
1361,-73.986175,40.782605,7.749999999711633e-09,0.00035829802727189086
1362,-73.98627,40.78247333,7.749999999711633e-09,0.00035829802727189086
1363,-73.98636,40.78234167,7.749999999711633e-09,0.00035829802727189086
1364,-73.98645,40.78220833,7.749999999711633e-09,0.00035829802727189086
1365,-73.986545,40.782075,7.749999999711633e-09,0.00035829802727189086
1366,-73.986645,40.78194167,4.4767550000086835e-07,0.0029012530921428666
1367,-73.98682333,40.7817,4.4767550000086835e-07,0.0029012530921428666
1368,-73.98692833,40.78158167,4.4767550000086835e-07,0.0029012530921428666
1369,-73.98704,40.78146167,4.4767550000086835e-07,0.0029012530921428666
1370,-73.98715167,40.78134333,4.4767550000086835e-07,0.0029012530921428666
1371,-73.98726833,40.781225,4.4767550000086835e-07,0.0029012530921428666
1372,-73.98750167,40.78098333,4.4767550000086835e-07,0.0029012530921428666
1373,-73.98761667,40.78086333,4.4767550000086835e-07,0.0029012530921428666
1374,-73.98772667,40.78073667,4.4767550000086835e-07,0.0029012530921428666
1375,-73.98783833,40.780605,4.4767550000086835e-07,0.0029012530921428666
1376,-73.98803833,40.78035167,4.4767550000086835e-07,0.0029012530921428666
1377,-73.99120333,40.77612,5.148999999838936e-09,0.00028790806821734174
1378,-73.991295,40.77599333,5.148999999838936e-09,0.00028790806821734174
1379,-73.99148333,40.77573667,5.148999999838936e-09,0.00028790806821734174
1380,-73.991575,40.77561167,5.148999999838936e-09,0.00028790806821734174
1381,-73.991665,40.77549167,5.148999999838936e-09,0.00028790806821734174
1382,-73.99176667,40.77536667,5.148999999838936e-09,0.00028790806821734174
1383,-73.99205667,40.77498167,4.3524550000162484e-07,0.002716267089670519
1384,-73.99215333,40.77485667,4.3524550000162484e-07,0.002716267089670519
1385,-73.99224167,40.774745,4.3524550000162484e-07,0.002716267089670519
1386,-73.99232833,40.77463,4.3524550000162484e-07,0.002716267089670519
1387,-73.99241333,40.77451667,4.3524550000162484e-07,0.002716267089670519
1388,-73.9925,40.77439833,4.3524550000162484e-07,0.002716267089670519
1389,-73.99257333,40.77427667,6.519999998756713e-09,0.0004472594270946692
1390,-73.99264333,40.774165,6.519999998756713e-09,0.0004472594270946692
1391,-73.99271833,40.77404667,6.519999998756713e-09,0.0004472594270946692
1392,-73.9928,40.77392,6.519999998756713e-09,0.0004472594270946692
1393,-73.99296833,40.77367667,6.998000000009446e-09,0.00037904981827413563
1394,-73.99315,40.77342333,6.998000000009446e-09,0.00037904981827413563
1395,-73.99324667,40.77329333,6.998000000009446e-09,0.00037904981827413563
1396,-73.99334,40.77316667,6.998000000009446e-09,0.00037904981827413563
1397,-73.99342833,40.77304333,6.998000000009446e-09,0.00037904981827413563
1398,-73.99350667,40.77292333,6.998000000009446e-09,0.00037904981827413563
1399,-73.99359,40.77280333,6.4984999996291115e-09,0.00032995491592421796
1400,-73.99366333,40.77268833,6.4984999996291115e-09,0.00032995491592421796
1401,-73.99373167,40.77257833,6.4984999996291115e-09,0.00032995491592421796
1402,-73.99387167,40.77239167,6.4984999996291115e-09,0.00032995491592421796
1403,-73.99393167,40.77231333,6.4984999996291115e-09,0.00032995491592421796
1404,-73.99397833,40.77224833,6.4984999996291115e-09,0.00032995491592421796
1405,-73.99404333,40.77215667,6.4984999996291115e-09,0.00032995491592421796
1406,-73.99406833,40.77212167,6.4984999996291115e-09,0.00032995491592421796
1407,-73.99408833,40.77209333,6.4984999996291115e-09,0.00032995491592421796
1408,-73.99410667,40.772065,6.4984999996291115e-09,0.00032995491592421796
1409,-73.99412333,40.77204,6.4984999996291115e-09,0.00032995491592421796
1410,-73.99414167,40.77201667,6.4984999996291115e-09,0.00032995491592421796
1411,-73.99416,40.77199667,6.4984999996291115e-09,0.00032995491592421796
1412,-73.99422333,40.77191167,6.4984999996291115e-09,0.00032995491592421796
1413,-73.99424333,40.77189167,6.4984999996291115e-09,0.00032995491592421796
1414,-73.99426833,40.77185833,6.4984999996291115e-09,0.00032995491592421796
1415,-73.99430833,40.77177333,6.4984999996291115e-09,0.00032995491592421796
1416,-73.99432667,40.77173167,6.4984999996291115e-09,0.00032995491592421796
1417,-73.99435,40.77168833,3.822750000166195e-08,0.000793348848534348
1418,-73.99436833,40.77164833,3.822750000166195e-08,0.000793348848534348
1419,-73.99438333,40.77161,3.822750000166195e-08,0.000793348848534348
1420,-73.9944,40.77157667,3.822750000166195e-08,0.000793348848534348
1421,-73.994415,40.771545,3.822750000166195e-08,0.000793348848534348
1422,-73.99443,40.77151833,3.822750000166195e-08,0.000793348848534348
1423,-73.99444333,40.77149333,3.822750000166195e-08,0.000793348848534348
1424,-73.99445667,40.77146833,3.822750000166195e-08,0.000793348848534348
1425,-73.99362,40.77117667,1.0187345000080198e-06,0.005124990516712622
1426,-73.99351167,40.77113333,1.0187345000080198e-06,0.005124990516712622
1427,-73.99339833,40.771095,1.0187345000080198e-06,0.005124990516712622
1428,-73.99328333,40.77104833,1.0187345000080198e-06,0.005124990516712622
1429,-73.99304,40.77093667,1.0187345000080198e-06,0.005124990516712622
1430,-73.99291167,40.77088333,1.0187345000080198e-06,0.005124990516712622
1431,-73.99278167,40.77081833,2.7468975000006236e-06,0.008902886747645389
1432,-73.99264667,40.77076833,2.7468975000006236e-06,0.008902886747645389
1433,-73.99252333,40.77071167,2.4401199999783575e-07,0.002304485128547496
1434,-73.99240333,40.77066,2.4401199999783575e-07,0.002304485128547496
1435,-73.99229667,40.77062,2.4401199999783575e-07,0.002304485128547496
1436,-73.9921,40.77052333,2.4401199999783575e-07,0.002304485128547496
1437,-73.99201333,40.77048833,2.4401199999783575e-07,0.002304485128547496
1438,-73.99186667,40.77043167,2.4401199999783575e-07,0.002304485128547496
1439,-73.99180333,40.77040333,2.4401199999783575e-07,0.002304485128547496
1440,-73.99176833,40.77036667,2.4401199999783575e-07,0.002304485128547496
1441,-73.99172667,40.770325,2.4401199999783575e-07,0.002304485128547496
1442,-73.99171,40.770285,2.4401199999783575e-07,0.002304485128547496
1443,-73.99169167,40.770275,2.4401199999783575e-07,0.002304485128547496
1444,-73.99168167,40.77027667,2.4401199999783575e-07,0.002304485128547496
1445,-73.99166667,40.77022667,2.4401199999783575e-07,0.002304485128547496
1446,-73.99146667,40.77015333,2.4401199999783575e-07,0.002304485128547496
1447,-73.991395,40.77014667,2.4401199999783575e-07,0.002304485128547496
1448,-73.991315,40.77014167,2.4401199999783575e-07,0.002304485128547496
1449,-73.991245,40.77013,2.4401199999783575e-07,0.002304485128547496
1450,-73.99107333,40.770085,2.4401199999783575e-07,0.002304485128547496
1451,-73.99097333,40.77005833,1.583945999993877e-06,0.006709396921493719
1452,-73.99087167,40.77003167,1.583945999993877e-06,0.006709396921493719
1453,-73.99076167,40.77000333,1.583945999993877e-06,0.006709396921493719
1454,-73.99065833,40.76997167,1.583945999993877e-06,0.006709396921493719
1455,-73.99055333,40.769945,1.583945999993877e-06,0.006709396921493719
1456,-73.99045333,40.76991167,1.583945999993877e-06,0.006709396921493719
1457,-73.99026,40.76984333,1.583945999993877e-06,0.006709396921493719
1458,-73.98994167,40.76971667,1.3897509999921e-06,0.00759879978128383
1459,-73.98988,40.76969167,1.3897509999921e-06,0.00759879978128383
1460,-73.989825,40.76967167,1.3897509999921e-06,0.00759879978128383
1461,-73.98977833,40.76964833,1.3897509999921e-06,0.00759879978128383
1462,-73.98972667,40.76963333,1.3897509999921e-06,0.00759879978128383
1463,-73.98959167,40.7696,1.3897509999921e-06,0.00759879978128383
1464,-73.98950833,40.76958833,1.3897509999921e-06,0.00759879978128383
1465,-73.98942,40.769575,1.3897509999921e-06,0.00759879978128383
1466,-73.98933,40.769555,1.3897509999921e-06,0.00759879978128383
1467,-73.98924,40.76952,1.3897509999921e-06,0.00759879978128383
1468,-73.98915,40.76948,1.3897509999921e-06,0.00759879978128383
1469,-73.98906167,40.769445,1.3897509999921e-06,0.00759879978128383
1470,-73.98898,40.76941333,1.3897509999921e-06,0.00759879978128383
1471,-73.98886667,40.76936167,1.3897509999921e-06,0.00759879978128383
1472,-73.988815,40.7693,1.3897509999921e-06,0.00759879978128383
1473,-73.98880667,40.76928167,1.3897509999921e-06,0.00759879978128383
1474,-73.98882167,40.769265,1.3897509999921e-06,0.00759879978128383
1475,-73.98851333,40.76916667,1.3897509999921e-06,0.00759879978128383
1476,-73.98845833,40.76922833,1.3897509999921e-06,0.00759879978128383
1477,-73.98842833,40.76926667,1.3897509999921e-06,0.00759879978128383
1478,-73.98835833,40.76935,1.3897509999921e-06,0.00759879978128383
1479,-73.98831833,40.76939,1.3897509999921e-06,0.00759879978128383
1480,-73.98828167,40.76943167,1.5567234999953468e-06,0.007276875992963446
1481,-73.98823833,40.76946833,1.5567234999953468e-06,0.007276875992963446
1482,-73.98819833,40.769505,1.5567234999953468e-06,0.007276875992963446
1483,-73.98817,40.76954,1.5567234999953468e-06,0.007276875992963446
1484,-73.98814833,40.76956167,1.8800349999962114e-07,0.0020637047711035993
1485,-73.98813,40.76958167,1.8800349999962114e-07,0.0020637047711035993
1486,-73.98808667,40.76963167,1.8800349999962114e-07,0.0020637047711035993
1487,-73.988045,40.76969333,1.8800349999962114e-07,0.0020637047711035993
1488,-73.98802333,40.76972667,1.8800349999962114e-07,0.0020637047711035993
1489,-73.98799667,40.76975333,1.8800349999962114e-07,0.0020637047711035993
1490,-73.98798167,40.769785,1.8800349999962114e-07,0.0020637047711035993
1491,-73.98796333,40.769815,1.8800349999962114e-07,0.0020637047711035993
1492,-73.98790167,40.76987167,1.8800349999962114e-07,0.0020637047711035993
1493,-73.98788,40.769975,1.8800349999962114e-07,0.0020637047711035993
1494,-73.98785833,40.77000333,1.8800349999962114e-07,0.0020637047711035993
1495,-73.98783833,40.77002667,1.8800349999962114e-07,0.0020637047711035993
1496,-73.98764333,40.77021667,1.8800349999962114e-07,0.0020637047711035993
1497,-73.98759667,40.77028667,1.8800349999962114e-07,0.0020637047711035993
1498,-73.98752333,40.77037667,1.8800349999962114e-07,0.0020637047711035993
1499,-73.98742667,40.77049167,1.8800349999962114e-07,0.0020637047711035993
1500,-73.98735167,40.77058,1.8800349999962114e-07,0.0020637047711035993
1501,-73.98729833,40.77066167,1.8800349999962114e-07,0.0020637047711035993
1502,-73.9872,40.77085,1.8800349999962114e-07,0.0020637047711035993
1503,-73.98709333,40.77099833,5.738299999986092e-08,0.001012469529966803
1504,-73.98703167,40.77108667,5.738299999986092e-08,0.001012469529966803
1505,-73.98697167,40.771175,5.738299999986092e-08,0.001012469529966803
1506,-73.98685667,40.771355,5.738299999986092e-08,0.001012469529966803
1507,-73.986785,40.77144667,5.738299999986092e-08,0.001012469529966803
1508,-73.98666833,40.77161,3.6569000000628976e-08,0.000858388203475808
1509,-73.98661167,40.77168833,3.6569000000628976e-08,0.000858388203475808
1510,-73.98652833,40.77177333,3.6569000000628976e-08,0.000858388203475808
1511,-73.98646333,40.77186333,3.6569000000628976e-08,0.000858388203475808
1512,-73.98637833,40.77193833,3.6569000000628976e-08,0.000858388203475808
1513,-73.98632167,40.77201833,3.6569000000628976e-08,0.000858388203475808
1514,-73.98623833,40.77210833,3.6569000000628976e-08,0.000858388203475808
1515,-73.98616167,40.77220833,3.6569000000628976e-08,0.000858388203475808
1516,-73.98608,40.77231333,8.054949999983668e-08,0.0013408717828693913
1517,-73.98593333,40.77252,8.054949999983668e-08,0.0013408717828693913
1518,-73.98586,40.77262333,8.054949999983668e-08,0.0013408717828693913
1519,-73.985785,40.77272833,8.054949999983668e-08,0.0013408717828693913
1520,-73.98571333,40.77284,8.054949999983668e-08,0.0013408717828693913
1521,-73.98564,40.772945,8.054949999983668e-08,0.0013408717828693913
1522,-73.98556333,40.77305667,1.1439850000105173e-07,0.002503401367289066
1523,-73.985485,40.773165,1.1439850000105173e-07,0.002503401367289066
1524,-73.985405,40.77326833,1.1439850000105173e-07,0.002503401367289066
1525,-73.98533833,40.77336333,1.1439850000105173e-07,0.002503401367289066
1526,-73.98525833,40.77346833,1.1439850000105173e-07,0.002503401367289066
1527,-73.98517833,40.77357,1.7325455000023779e-06,0.008219771333095444
1528,-73.98510833,40.773665,1.7325455000023779e-06,0.008219771333095444
1529,-73.98504833,40.77375167,1.7325455000023779e-06,0.008219771333095444
1530,-73.98498833,40.773835,1.7325455000023779e-06,0.008219771333095444
1531,-73.98494167,40.77393667,3.842119999999818e-07,0.0027126437740794835
1532,-73.98488,40.77407833,3.842119999999818e-07,0.0027126437740794835
1533,-73.98466833,40.77435333,3.842119999999818e-07,0.0027126437740794835
1534,-73.98458333,40.77445167,3.842119999999818e-07,0.0027126437740794835
1535,-73.98452833,40.77453333,3.842119999999818e-07,0.0027126437740794835
1536,-73.984465,40.77461,3.842119999999818e-07,0.0027126437740794835
1537,-73.984435,40.77466667,3.842119999999818e-07,0.0027126437740794835
1538,-73.98433167,40.77481667,3.842119999999818e-07,0.0027126437740794835
1539,-73.98426667,40.77489,2.6924349999948123e-07,0.0023598740515571553
1540,-73.984255,40.77497,2.6924349999948123e-07,0.0023598740515571553
1541,-73.98421667,40.77502333,2.6924349999948123e-07,0.0023598740515571553
1542,-73.98413167,40.77513167,2.6924349999948123e-07,0.0023598740515571553
1543,-73.984065,40.775185,2.6924349999948123e-07,0.0023598740515571553
1544,-73.98397833,40.775245,2.6924349999948123e-07,0.0023598740515571553
1545,-73.98389333,40.7754,1.5529349999982054e-07,0.0017793272299485336
1546,-73.98385833,40.77541333,1.5529349999982054e-07,0.0017793272299485336
1547,-73.98381333,40.77548833,1.5529349999982054e-07,0.0017793272299485336
1548,-73.98374833,40.77558667,1.5529349999982054e-07,0.0017793272299485336
1549,-73.98368333,40.77567667,1.5529349999982054e-07,0.0017793272299485336
1550,-73.983615,40.775775,1.5529349999982054e-07,0.0017793272299485336
1551,-73.98358,40.77584167,1.5529349999982054e-07,0.0017793272299485336
1552,-73.98354,40.77590833,1.5529349999982054e-07,0.0017793272299485336
1553,-73.983495,40.77600167,3.447889999962848e-07,0.0032398582384887886
1554,-73.98347333,40.77603167,3.447889999962848e-07,0.0032398582384887886
1555,-73.98343167,40.77605667,3.447889999962848e-07,0.0032398582384887886
1556,-73.98336833,40.77598667,1.5529349999982054e-07,0.0017793272299485336
1557,-73.98333833,40.77596333,1.5529349999982054e-07,0.0017793272299485336
1558,-73.983305,40.77593333,1.5529349999982054e-07,0.0017793272299485336
1559,-73.98325,40.77592667,1.5529349999982054e-07,0.0017793272299485336
1560,-73.983205,40.775905,1.5529349999982054e-07,0.0017793272299485336
1561,-73.98317,40.77588667,1.5529349999982054e-07,0.0017793272299485336
1562,-73.98314,40.77586833,1.5529349999982054e-07,0.0017793272299485336
1563,-73.98311333,40.775855,1.5529349999982054e-07,0.0017793272299485336
1564,-73.98255833,40.775975,3.7117700000153714e-07,0.0029623041163468027
1565,-73.98252833,40.775925,3.7117700000153714e-07,0.0029623041163468027
1566,-73.98249167,40.77587667,3.7117700000153714e-07,0.0029623041163468027
1567,-73.98246833,40.77583,3.7117700000153714e-07,0.0029623041163468027
1568,-73.98244833,40.77578167,3.7117700000153714e-07,0.0029623041163468027
1569,-73.98242833,40.77574333,3.7117700000153714e-07,0.0029623041163468027
1570,-73.98234333,40.77564167,4.0498849999904427e-07,0.0025996384105464575
1571,-73.98231167,40.77555,4.0498849999904427e-07,0.0025996384105464575
1572,-73.98228833,40.77548667,4.0498849999904427e-07,0.0025996384105464575
1573,-73.98226333,40.77543333,4.0498849999904427e-07,0.0025996384105464575
1574,-73.98225333,40.77542167,4.0498849999904427e-07,0.0025996384105464575
1575,-73.98245,40.77497833,4.0498849999904427e-07,0.0025996384105464575
1576,-73.98246333,40.77492,4.0498849999904427e-07,0.0025996384105464575
1577,-73.98247667,40.77485333,4.0498849999904427e-07,0.0025996384105464575
1578,-73.98248667,40.77478,4.0498849999904427e-07,0.0025996384105464575
1579,-73.98248667,40.77470833,4.0498849999904427e-07,0.0025996384105464575
1580,-73.98253167,40.77462167,9.85572999994473e-07,0.004554184017294969
1581,-73.98248667,40.77455333,9.85572999994473e-07,0.004554184017294969
1582,-73.98249,40.77447333,9.85572999994473e-07,0.004554184017294969
1583,-73.98250833,40.77431,8.279295000005076e-07,0.004069346330274087
1584,-73.98252667,40.77414167,8.279295000005076e-07,0.004069346330274087
1585,-73.98252167,40.77405167,8.279295000005076e-07,0.004069346330274087
1586,-73.982515,40.77387667,8.279295000005076e-07,0.004069346330274087
1587,-73.98251,40.77378667,8.279295000005076e-07,0.004069346330274087
1588,-73.98250333,40.7737,8.279295000005076e-07,0.004069346330274087
1589,-73.98249833,40.773615,8.279295000005076e-07,0.004069346330274087
1590,-73.9825,40.77353667,8.279295000005076e-07,0.004069346330274087
1591,-73.9825,40.77346,8.279295000005076e-07,0.004069346330274087
1592,-73.98249833,40.77338167,4.988495000025339e-07,0.0028642320660211317
1593,-73.98249833,40.77330333,4.988495000025339e-07,0.0028642320660211317
1594,-73.9825,40.77322667,4.988495000025339e-07,0.0028642320660211317
1595,-73.9825,40.77315167,4.988495000025339e-07,0.0028642320660211317
1596,-73.98246333,40.77299167,4.988495000025339e-07,0.0028642320660211317
1597,-73.982455,40.77291167,4.988495000025339e-07,0.0028642320660211317
1598,-73.98244333,40.772835,4.988495000025339e-07,0.0028642320660211317
1599,-73.982435,40.77275833,4.988495000025339e-07,0.0028642320660211317
1600,-73.982435,40.77268167,4.988495000025339e-07,0.0028642320660211317
1601,-73.98242333,40.77237333,4.988495000025339e-07,0.0028642320660211317
1602,-73.982415,40.77230167,4.988495000025339e-07,0.0028642320660211317
1603,-73.98239333,40.77223167,4.988495000025339e-07,0.0028642320660211317
1604,-73.98237,40.772165,4.988495000025339e-07,0.0028642320660211317
1605,-73.98235,40.7721,3.860829999963002e-07,0.002634349456134598
1606,-73.982335,40.77203167,3.860829999963002e-07,0.002634349456134598
1607,-73.98232,40.77196667,3.860829999963002e-07,0.002634349456134598
1608,-73.98230667,40.7719,3.860829999963002e-07,0.002634349456134598
1609,-73.9823,40.77183,3.860829999963002e-07,0.002634349456134598
1610,-73.98228833,40.77176833,3.860829999963002e-07,0.002634349456134598
1611,-73.98228,40.77172333,3.860829999963002e-07,0.002634349456134598
1612,-73.98227167,40.77167667,3.860829999963002e-07,0.002634349456134598
1613,-73.98226833,40.77161833,3.860829999963002e-07,0.002634349456134598
1614,-73.98228,40.77156833,3.860829999963002e-07,0.002634349456134598
1615,-73.982295,40.77152167,3.860829999963002e-07,0.002634349456134598
1616,-73.98228833,40.77148167,3.860829999963002e-07,0.002634349456134598
1617,-73.98228,40.77145667,3.860829999963002e-07,0.002634349456134598
1618,-73.98227667,40.77143333,3.860829999963002e-07,0.002634349456134598
1619,-73.98228333,40.77141333,3.860829999963002e-07,0.002634349456134598
1620,-73.982165,40.77127333,3.860829999963002e-07,0.002634349456134598
1621,-73.982155,40.77122167,3.860829999963002e-07,0.002634349456134598
1622,-73.98216167,40.77117667,3.860829999963002e-07,0.002634349456134598
1623,-73.98217,40.77113,3.860829999963002e-07,0.002634349456134598
1624,-73.98152833,40.77069,1.9899549999678943e-07,0.0023233966264777804
1625,-73.98159,40.77065167,1.9899549999678943e-07,0.0023233966264777804
1626,-73.98163,40.77062,1.9899549999678943e-07,0.0023233966264777804
1627,-73.98163333,40.77057333,1.9899549999678943e-07,0.0023233966264777804
1628,-73.98165167,40.77050833,1.9899549999678943e-07,0.0023233966264777804
1629,-73.98166,40.77042667,1.9899549999678943e-07,0.0023233966264777804
1630,-73.98167833,40.77037833,1.9899549999678943e-07,0.0023233966264777804
1631,-73.981695,40.77030833,2.1038299999953147e-07,0.002454825369248398
1632,-73.98169333,40.770265,2.1038299999953147e-07,0.002454825369248398
1633,-73.981725,40.77014,2.1038299999953147e-07,0.002454825369248398
1634,-73.981785,40.76997333,2.1038299999953147e-07,0.002454825369248398
1635,-73.98187167,40.76987,2.1038299999953147e-07,0.002454825369248398
1636,-73.98183833,40.76979667,2.1038299999953147e-07,0.002454825369248398
1637,-73.98182833,40.76969667,2.1038299999953147e-07,0.002454825369248398
1638,-73.98182,40.76959833,2.1038299999953147e-07,0.002454825369248398
1639,-73.981825,40.76948667,1.3329900000011558e-07,0.0015687377841830418
1640,-73.982095,40.76877,1.3329900000011558e-07,0.0015687377841830418
1641,-73.982195,40.76873667,1.3329900000011558e-07,0.0015687377841830418
1642,-73.98227833,40.76863833,1.459334499992285e-06,0.005444154472127632
1643,-73.98230333,40.76855333,1.459334499992285e-06,0.005444154472127632
1644,-73.98234333,40.76846833,1.459334499992285e-06,0.005444154472127632
1645,-73.98238833,40.76836,1.459334499992285e-06,0.005444154472127632
1646,-73.98241833,40.768285,1.459334499992285e-06,0.005444154472127632
1647,-73.98242833,40.768205,1.459334499992285e-06,0.005444154472127632
1648,-73.98240667,40.76788,4.612449999927416e-08,0.0009888817031773504
1649,-73.98238833,40.76782333,4.612449999927416e-08,0.0009888817031773504
1650,-73.98235167,40.76777833,4.612449999927416e-08,0.0009888817031773504
1651,-73.98226167,40.76772667,4.612449999927416e-08,0.0009888817031773504
1652,-73.982215,40.76773167,4.612449999927416e-08,0.0009888817031773504
1653,-73.98217,40.76773,4.612449999927416e-08,0.0009888817031773504
1654,-73.981835,40.767755,4.612449999927416e-08,0.0009888817031773504
1655,-73.98174333,40.76776333,4.612449999927416e-08,0.0009888817031773504
1656,-73.98164333,40.76779,4.612449999927416e-08,0.0009888817031773504
1657,-73.98156667,40.76781333,4.612449999927416e-08,0.0009888817031773504
1658,-73.98149,40.767845,4.612449999927416e-08,0.0009888817031773504
1659,-73.98142833,40.76788333,3.828954999993606e-07,0.003673053215816396
1660,-73.98138167,40.76792333,3.828954999993606e-07,0.003673053215816396
1661,-73.98134833,40.76796,3.828954999993606e-07,0.003673053215816396
1662,-73.98133,40.76799833,3.828954999993606e-07,0.003673053215816396
1663,-73.98132833,40.76804,3.828954999993606e-07,0.003673053215816396
1664,-73.98133333,40.76807667,3.828954999993606e-07,0.003673053215816396
1665,-73.98134833,40.768105,3.828954999993606e-07,0.003673053215816396
1666,-73.98136667,40.76812667,3.828954999993606e-07,0.003673053215816396
1667,-73.981385,40.768145,3.828954999993606e-07,0.003673053215816396
1668,-73.98142667,40.76819833,1.3329900000011558e-07,0.0015687377841830418
1669,-73.98144667,40.76821667,1.3329900000011558e-07,0.0015687377841830418
1670,-73.98139167,40.76848167,1.3329900000011558e-07,0.0015687377841830418
1671,-73.98137,40.76853,1.3329900000011558e-07,0.0015687377841830418
1672,-73.98135,40.768595,1.3329900000011558e-07,0.0015687377841830418
1673,-73.98133167,40.76864833,1.3329900000011558e-07,0.0015687377841830418
1674,-73.98132167,40.76867,1.3329900000011558e-07,0.0015687377841830418
1675,-73.98131,40.76869167,1.3329900000011558e-07,0.0015687377841830418
1676,-73.98129667,40.76871333,1.3329900000011558e-07,0.0015687377841830418
1677,-73.98128667,40.76873667,1.3329900000011558e-07,0.0015687377841830418
1678,-73.98128,40.76876,1.3329900000011558e-07,0.0015687377841830418
1679,-73.98127,40.76878167,1.3329900000011558e-07,0.0015687377841830418
1680,-73.981255,40.76880833,1.3329900000011558e-07,0.0015687377841830418
1681,-73.98123333,40.76884,1.3329900000011558e-07,0.0015687377841830418
1682,-73.98118,40.76893333,1.3329900000011558e-07,0.0015687377841830418
1683,-73.98114167,40.76898,1.3329900000011558e-07,0.0015687377841830418
1684,-73.98111167,40.76902667,1.3329900000011558e-07,0.0015687377841830418
1685,-73.98107833,40.76906833,1.3329900000011558e-07,0.0015687377841830418
1686,-73.98105667,40.76911333,1.3329900000011558e-07,0.0015687377841830418
1687,-73.98103333,40.76916167,1.3329900000011558e-07,0.0015687377841830418
1688,-73.98100667,40.76921167,1.6776000000102564e-07,0.001748638852345735
1689,-73.98097667,40.76926167,1.6776000000102564e-07,0.001748638852345735
1690,-73.98094,40.769315,1.6776000000102564e-07,0.001748638852345735
1691,-73.98090167,40.76936833,1.6776000000102564e-07,0.001748638852345735
1692,-73.980815,40.769475,1.6776000000102564e-07,0.001748638852345735
1693,-73.98077667,40.76953,1.6776000000102564e-07,0.001748638852345735
1694,-73.98073833,40.76958333,1.6776000000102564e-07,0.001748638852345735
1695,-73.98069833,40.76963667,1.6776000000102564e-07,0.001748638852345735
1696,-73.98065833,40.76969,1.6776000000102564e-07,0.001748638852345735
1697,-73.98061833,40.769745,1.6776000000102564e-07,0.001748638852345735
1698,-73.98053,40.76986833,1.6776000000102564e-07,0.001748638852345735
1699,-73.98048167,40.76993667,4.941400000036767e-07,0.0028852467674066137
1700,-73.98043167,40.77000667,4.941400000036767e-07,0.0028852467674066137
1701,-73.98038167,40.77008,4.941400000036767e-07,0.0028852467674066137
1702,-73.980325,40.77015167,4.941400000036767e-07,0.0028852467674066137
1703,-73.98026833,40.77022333,4.941400000036767e-07,0.0028852467674066137
1704,-73.980215,40.77029,4.941400000036767e-07,0.0028852467674066137
1705,-73.98016167,40.77035667,4.941400000036767e-07,0.0028852467674066137
1706,-73.9801,40.77042333,4.941400000036767e-07,0.0028852467674066137
1707,-73.98003333,40.77049333,4.941400000036767e-07,0.0028852467674066137
1708,-73.97993,40.770645,4.941400000036767e-07,0.0028852467674066137
1709,-73.97987333,40.77071667,4.941400000036767e-07,0.0028852467674066137
1710,-73.97981833,40.77078333,4.941400000036767e-07,0.0028852467674066137
1711,-73.979775,40.77084167,4.941400000036767e-07,0.0028852467674066137
1712,-73.97973667,40.77089167,4.941400000036767e-07,0.0028852467674066137
1713,-73.97970667,40.770925,4.941400000036767e-07,0.0028852467674066137
1714,-73.97953833,40.77102333,1.1266454999988711e-06,0.006211473191651908
1715,-73.97950667,40.77106667,1.1266454999988711e-06,0.006211473191651908
1716,-73.97946333,40.77112,1.1266454999988711e-06,0.006211473191651908
1717,-73.97942,40.77117,1.1266454999988711e-06,0.006211473191651908
1718,-73.97938833,40.77121833,1.1266454999988711e-06,0.006211473191651908
1719,-73.97936,40.77125333,1.4751635000043322e-06,0.006988161850329033
1720,-73.97934333,40.77127667,1.4751635000043322e-06,0.006988161850329033
1721,-73.97932833,40.771295,1.4751635000043322e-06,0.006988161850329033
1722,-73.97932667,40.77130833,1.4751635000043322e-06,0.006988161850329033
1723,-73.97926667,40.771405,1.4751635000043322e-06,0.006988161850329033
1724,-73.97923833,40.77144833,1.4751635000043322e-06,0.006988161850329033
1725,-73.97921,40.77149333,1.4751635000043322e-06,0.006988161850329033
1726,-73.979175,40.77154167,1.4751635000043322e-06,0.006988161850329033
1727,-73.97914167,40.77158333,1.460180000009658e-07,0.0027355377027310675
1728,-73.979115,40.77162167,1.460180000009658e-07,0.0027355377027310675
1729,-73.97908833,40.771655,1.460180000009658e-07,0.0027355377027310675
1730,-73.97906,40.77168167,1.460180000009658e-07,0.0027355377027310675
1731,-73.97902667,40.771695,1.460180000009658e-07,0.0027355377027310675
1732,-73.97894667,40.771705,1.460180000009658e-07,0.0027355377027310675
1733,-73.978895,40.771695,1.460180000009658e-07,0.0027355377027310675
1734,-73.97882833,40.77168333,1.460180000009658e-07,0.0027355377027310675
1735,-73.97874167,40.771675,1.460180000009658e-07,0.0027355377027310675
1736,-73.97866167,40.77166,1.460180000009658e-07,0.0027355377027310675
1737,-73.97845333,40.77167667,1.460180000009658e-07,0.0027355377027310675
1738,-73.97833833,40.77169667,1.460180000009658e-07,0.0027355377027310675
1739,-73.97822667,40.77171667,1.460180000009658e-07,0.0027355377027310675
1740,-73.97811,40.77172667,1.460180000009658e-07,0.0027355377027310675
1741,-73.97787,40.771715,1.460180000009658e-07,0.0027355377027310675
1742,-73.977755,40.77168833,1.460180000009658e-07,0.0027355377027310675
1743,-73.97764,40.77166333,1.460180000009658e-07,0.0027355377027310675
1744,-73.97752333,40.77164,1.460180000009658e-07,0.0027355377027310675
1745,-73.97715667,40.771555,1.460180000009658e-07,0.0027355377027310675
1746,-73.977005,40.77146667,1.460180000009658e-07,0.0027355377027310675
1747,-73.976875,40.77135833,1.460180000009658e-07,0.0027355377027310675
1748,-73.97674833,40.77128167,7.852000000255291e-09,0.0003682873880914506
1749,-73.97662,40.77120333,7.852000000255291e-09,0.0003682873880914506
1750,-73.976495,40.77112667,7.852000000255291e-09,0.0003682873880914506
1751,-73.97637167,40.77103833,7.852000000255291e-09,0.0003682873880914506
1752,-73.97624333,40.77095167,7.852000000255291e-09,0.0003682873880914506
1753,-73.97611667,40.77086,7.852000000255291e-09,0.0003682873880914506
1754,-73.97599167,40.77077167,7.852000000255291e-09,0.0003682873880914506
1755,-73.97586667,40.77068167,7.852000000255291e-09,0.0003682873880914506
1756,-73.97573667,40.77059833,7.852000000255291e-09,0.0003682873880914506
1757,-73.97560333,40.77052,7.852000000255291e-09,0.0003682873880914506
1758,-73.97546833,40.77044333,7.852000000255291e-09,0.0003682873880914506
1759,-73.97534,40.77035833,4.2764499999475275e-08,0.0008429251069671079
1760,-73.97521333,40.77027333,4.2764499999475275e-08,0.0008429251069671079
1761,-73.97509667,40.77017167,4.2764499999475275e-08,0.0008429251069671079
1762,-73.974975,40.77007667,4.2764499999475275e-08,0.0008429251069671079
1763,-73.97485667,40.76999167,4.2764499999475275e-08,0.0008429251069671079
1764,-73.974735,40.76991167,4.2764499999475275e-08,0.0008429251069671079
1765,-73.97461167,40.76983333,4.2764499999475275e-08,0.0008429251069671079
1766,-73.97435667,40.769675,1.1639999999687106e-08,0.00044227708975659943
1767,-73.97424,40.769595,1.1639999999687106e-08,0.00044227708975659943
1768,-73.97412833,40.76951167,3.9743000000621e-08,0.0008136830960934089
1769,-73.97401333,40.76944833,3.9743000000621e-08,0.0008136830960934089
1770,-73.973905,40.76938333,3.9743000000621e-08,0.0008136830960934089
1771,-73.97378833,40.76932,3.9743000000621e-08,0.0008136830960934089
1772,-73.97367167,40.76927333,3.9743000000621e-08,0.0008136830960934089
1773,-73.97353833,40.76922667,3.9743000000621e-08,0.0008136830960934089
1774,-73.973405,40.76919167,3.9743000000621e-08,0.0008136830960934089
1775,-73.97315667,40.76910333,3.9743000000621e-08,0.0008136830960934089
1776,-73.97290333,40.76901667,2.0461999999623816e-08,0.0005725490828576967
1777,-73.97277667,40.76897333,2.0461999999623816e-08,0.0005725490828576967
1778,-73.97263667,40.76893667,2.0461999999623816e-08,0.0005725490828576967
1779,-73.97249167,40.76890333,2.0461999999623816e-08,0.0005725490828576967
1780,-73.97236167,40.76886833,2.0461999999623816e-08,0.0005725490828576967
1781,-73.972235,40.76882333,2.0461999999623816e-08,0.0005725490828576967
1782,-73.97197167,40.76874,2.0461999999623816e-08,0.0005725490828576967
1783,-73.971835,40.76870333,2.0461999999623816e-08,0.0005725490828576967
1784,-73.971705,40.76865833,1.1386020000007825e-06,0.006825500528934238
1785,-73.97157833,40.76861,1.6565000000682004e-08,0.0005478799998635375
1786,-73.97145,40.76855833,1.6565000000682004e-08,0.0005478799998635375
1787,-73.97132667,40.76849667,1.6565000000682004e-08,0.0005478799998635375
1788,-73.97120667,40.76843833,1.6565000000682004e-08,0.0005478799998635375
1789,-73.97109333,40.76837833,1.6565000000682004e-08,0.0005478799998635375
1790,-73.97099,40.76832167,1.6565000000682004e-08,0.0005478799998635375
1791,-73.97089833,40.76827667,1.6565000000682004e-08,0.0005478799998635375
1792,-73.97081833,40.76823667,1.6565000000682004e-08,0.0005478799998635375
1793,-73.97075167,40.76820333,1.6565000000682004e-08,0.0005478799998635375
1794,-73.970695,40.76817667,1.6565000000682004e-08,0.0005478799998635375
1795,-73.97064667,40.768155,1.6565000000682004e-08,0.0005478799998635375
1796,-73.97061167,40.768135,1.6565000000682004e-08,0.0005478799998635375
1797,-73.97057833,40.76811833,1.6565000000682004e-08,0.0005478799998635375
1798,-73.97055,40.76810333,1.6565000000682004e-08,0.0005478799998635375
1799,-73.97041667,40.76793333,5.627999999590927e-09,0.0003019999999906986
1800,-73.97043833,40.76791667,5.627999999590927e-09,0.0003019999999906986
1801,-73.97046833,40.76789667,5.627999999590927e-09,0.0003019999999906986
1802,-73.97051667,40.767855,5.627999999590927e-09,0.0003019999999906986
1803,-73.97068667,40.76780167,5.627999999590927e-09,0.0003019999999906986
1804,-73.97071333,40.76775167,5.627999999590927e-09,0.0003019999999906986
1805,-73.97073333,40.76770167,5.627999999590927e-09,0.0003019999999906986
1806,-73.97074833,40.76765333,5.627999999590927e-09,0.0003019999999906986
1807,-73.970765,40.767625,5.627999999590927e-09,0.0003019999999906986
1808,-73.97078,40.76759667,5.627999999590927e-09,0.0003019999999906986
1809,-73.97080333,40.76753333,5.627999999590927e-09,0.0003019999999906986
1810,-73.970895,40.76743167,1.0557300000304761e-07,0.0015445562063467492
1811,-73.97092667,40.76741333,1.0557300000304761e-07,0.0015445562063467492
1812,-73.97095833,40.76738833,1.0557300000304761e-07,0.0015445562063467492
1813,-73.97098833,40.76736667,1.0557300000304761e-07,0.0015445562063467492
1814,-73.97101167,40.767345,1.0557300000304761e-07,0.0015445562063467492
1815,-73.97106167,40.76731167,1.0557300000304761e-07,0.0015445562063467492
1816,-73.97111833,40.767265,2.7685500000274508e-08,0.0008343436482090804
1817,-73.971145,40.76720833,2.7685500000274508e-08,0.0008343436482090804
1818,-73.97117167,40.76717667,2.7685500000274508e-08,0.0008343436482090804
1819,-73.97120333,40.76713833,2.7685500000274508e-08,0.0008343436482090804
1820,-73.97123667,40.76709833,2.7685500000274508e-08,0.0008343436482090804
1821,-73.971305,40.76697833,2.7685500000274508e-08,0.0008343436482090804
1822,-73.971385,40.76688667,2.7685500000274508e-08,0.0008343436482090804
1823,-73.971425,40.76684,2.7685500000274508e-08,0.0008343436482090804
1824,-73.97148667,40.76677667,1.990250000049858e-08,0.000653547243140275
1825,-73.971505,40.76674833,1.990250000049858e-08,0.000653547243140275
1826,-73.97151333,40.76673333,1.990250000049858e-08,0.000653547243140275
1827,-73.97152,40.76672333,1.990250000049858e-08,0.000653547243140275
1828,-73.97155333,40.76664,1.990250000049858e-08,0.000653547243140275
1829,-73.97158167,40.76642167,1.990250000049858e-08,0.000653547243140275
1830,-73.97162,40.76634333,1.990250000049858e-08,0.000653547243140275
1831,-73.97166167,40.766305,1.990250000049858e-08,0.000653547243140275
1832,-73.97170333,40.76625667,1.990250000049858e-08,0.000653547243140275
1833,-73.97174667,40.76620833,1.990250000049858e-08,0.000653547243140275
1834,-73.97182,40.766105,1.990250000049858e-08,0.000653547243140275
1835,-73.97185167,40.76605667,1.990250000049858e-08,0.000653547243140275
1836,-73.97187833,40.76602167,1.990250000049858e-08,0.000653547243140275
1837,-73.97190333,40.76598333,7.033315000076545e-07,0.005241844221880437
1838,-73.971925,40.76598833,1.990250000049858e-08,0.000653547243140275
1839,-73.97194333,40.76597667,1.990250000049858e-08,0.000653547243140275
1840,-73.971965,40.76593333,7.033315000076545e-07,0.005241844221880437
1841,-73.971975,40.765915,7.033315000076545e-07,0.005241844221880437
1842,-73.971985,40.7659,7.033315000076545e-07,0.005241844221880437
1843,-73.972035,40.76583,8.501915000009899e-07,0.004119726555140854
1844,-73.97208333,40.76576667,8.501915000009899e-07,0.004119726555140854
1845,-73.97209333,40.7657,8.501915000009899e-07,0.004119726555140854
1846,-73.97211333,40.76566167,8.501915000009899e-07,0.004119726555140854
1847,-73.97213167,40.76562667,8.501915000009899e-07,0.004119726555140854
1848,-73.97214333,40.7656,8.501915000009899e-07,0.004119726555140854
1849,-73.97215667,40.76558,8.501915000009899e-07,0.004119726555140854
1850,-73.97219833,40.76553833,8.501915000009899e-07,0.004119726555140854
1851,-73.97222833,40.765495,8.501915000009899e-07,0.004119726555140854
1852,-73.972245,40.765475,8.501915000009899e-07,0.004119726555140854
1853,-73.97236333,40.76537167,8.501915000009899e-07,0.004119726555140854
1854,-73.97239667,40.76534833,8.501915000009899e-07,0.004119726555140854
1855,-73.97243333,40.76531833,8.501915000009899e-07,0.004119726555140854
1856,-73.97246167,40.76527,8.501915000009899e-07,0.004119726555140854
1857,-73.9725,40.76522167,8.501915000009899e-07,0.004119726555140854
1858,-73.97252667,40.76516333,8.501915000009899e-07,0.004119726555140854
1859,-73.97255667,40.76509,8.410500000047732e-07,0.0040940470941475925
1860,-73.97264333,40.76498,8.410500000047732e-07,0.0040940470941475925
1861,-73.97268667,40.76493833,8.410500000047732e-07,0.0040940470941475925
1862,-73.97272833,40.76489667,8.410500000047732e-07,0.0040940470941475925
1863,-73.97276667,40.76486,8.410500000047732e-07,0.0040940470941475925
1864,-73.97279833,40.76483,8.410500000047732e-07,0.0040940470941475925
1865,-73.97282667,40.764805,8.410500000047732e-07,0.0040940470941475925
1866,-73.97285,40.76476833,8.410500000047732e-07,0.0040940470941475925
1867,-73.97287167,40.76473667,8.410500000047732e-07,0.0040940470941475925
1868,-73.972925,40.76467,8.410500000047732e-07,0.0040940470941475925
1869,-73.97294333,40.76464333,8.410500000047732e-07,0.0040940470941475925
1870,-73.97294667,40.76459167,8.410500000047732e-07,0.0040940470941475925
1871,-73.97289333,40.76457,8.410500000047732e-07,0.0040940470941475925
1872,-73.97282,40.76456,8.410500000047732e-07,0.0040940470941475925
1873,-73.97276833,40.76455667,8.410500000047732e-07,0.0040940470941475925
1874,-73.972675,40.76454,8.410500000047732e-07,0.0040940470941475925
1875,-73.97263167,40.76453167,8.410500000047732e-07,0.0040940470941475925
1876,-73.97258833,40.76452167,8.410500000047732e-07,0.0040940470941475925
1877,-73.97254167,40.76450833,8.410500000047732e-07,0.0040940470941475925
1878,-73.97249667,40.76449167,8.410500000047732e-07,0.0040940470941475925
1879,-73.97245,40.76447167,8.410500000047732e-07,0.0040940470941475925
1880,-73.972405,40.76444667,8.410500000047732e-07,0.0040940470941475925
1881,-73.97235667,40.76442833,8.410500000047732e-07,0.0040940470941475925
1882,-73.97228167,40.76438667,8.410500000047732e-07,0.0040940470941475925
1883,-73.97222833,40.76435667,8.410500000047732e-07,0.0040940470941475925
1884,-73.97217167,40.76432167,8.410500000047732e-07,0.0040940470941475925
1885,-73.972105,40.76429833,8.410500000047732e-07,0.0040940470941475925
1886,-73.97195333,40.76423,8.410500000047732e-07,0.0040940470941475925
1887,-73.97190333,40.764195,8.410500000047732e-07,0.0040940470941475925
1888,-73.97186667,40.76416333,8.410500000047732e-07,0.0040940470941475925
1889,-73.971825,40.764105,8.410500000047732e-07,0.0040940470941475925
1890,-73.97178833,40.76408,8.410500000047732e-07,0.0040940470941475925
1891,-73.97176667,40.76405333,8.410500000047732e-07,0.0040940470941475925
1892,-73.97174667,40.76403,8.410500000047732e-07,0.0040940470941475925
1893,-73.97141,40.76390333,8.410500000047732e-07,0.0040940470941475925
1894,-73.97136333,40.76394167,8.410500000047732e-07,0.0040940470941475925
1895,-73.97131833,40.76402833,8.410500000047732e-07,0.0040940470941475925
1896,-73.97129833,40.764055,8.410500000047732e-07,0.0040940470941475925
1897,-73.97127833,40.764085,8.410500000047732e-07,0.0040940470941475925
1898,-73.971255,40.76410833,8.410500000047732e-07,0.0040940470941475925
1899,-73.97115833,40.76419,8.501915000009899e-07,0.004119726555140854
1900,-73.97109,40.76432333,8.501915000009899e-07,0.004119726555140854
1901,-73.97102667,40.76440167,8.501915000009899e-07,0.004119726555140854
1902,-73.97088667,40.76458333,8.501915000009899e-07,0.004119726555140854
1903,-73.97081167,40.764675,8.501915000009899e-07,0.004119726555140854
1904,-73.970675,40.76482667,7.033315000076545e-07,0.005241844221880437
1905,-73.97060833,40.76490333,7.033315000076545e-07,0.005241844221880437
1906,-73.970555,40.76496,7.033315000076545e-07,0.005241844221880437
1907,-73.970515,40.76501167,7.033315000076545e-07,0.005241844221880437
1908,-73.97044333,40.76508833,7.033315000076545e-07,0.005241844221880437
1909,-73.97039667,40.76514667,7.033315000076545e-07,0.005241844221880437
1910,-73.97035667,40.76521,7.033315000076545e-07,0.005241844221880437
1911,-73.970315,40.76526833,7.033315000076545e-07,0.005241844221880437
1912,-73.97026667,40.76532167,7.033315000076545e-07,0.005241844221880437
1913,-73.97022333,40.765375,7.033315000076545e-07,0.005241844221880437
1914,-73.970195,40.76541667,7.033315000076545e-07,0.005241844221880437
1915,-73.97016333,40.76544667,8.354384999992583e-07,0.004590473526085399
1916,-73.97012667,40.76546667,8.354384999992583e-07,0.004590473526085399
1917,-73.97008333,40.76549667,8.354384999992583e-07,0.004590473526085399
1918,-73.97004167,40.765515,8.354384999992583e-07,0.004590473526085399
1919,-73.96999333,40.76553,7.978895000003201e-07,0.0040095363287458614
1920,-73.96993167,40.76552667,7.978895000003201e-07,0.0040095363287458614
1921,-73.96986833,40.76546333,7.978895000003201e-07,0.0040095363287458614
1922,-73.9698,40.76541167,7.978895000003201e-07,0.0040095363287458614
1923,-73.96972333,40.76538667,7.978895000003201e-07,0.0040095363287458614
1924,-73.96956333,40.76531833,7.978895000003201e-07,0.0040095363287458614
1925,-73.96948667,40.76528667,7.978895000003201e-07,0.0040095363287458614
1926,-73.96939667,40.76525333,7.997289999944349e-07,0.00394976999106191
1927,-73.96930667,40.76521667,7.997289999944349e-07,0.00394976999106191
1928,-73.96912167,40.765155,7.997289999944349e-07,0.00394976999106191
1929,-73.96904,40.76512667,7.997289999944349e-07,0.00394976999106191
1930,-73.96890833,40.765105,7.997289999944349e-07,0.00394976999106191
1931,-73.96886833,40.76507333,7.997289999944349e-07,0.00394976999106191
1932,-73.96883833,40.76505333,7.997289999944349e-07,0.00394976999106191
1933,-73.96873,40.76494333,7.997289999944349e-07,0.00394976999106191
1934,-73.968675,40.76493,7.997289999944349e-07,0.00394976999106191
1935,-73.96852333,40.764885,7.997289999944349e-07,0.00394976999106191
1936,-73.96843,40.764865,7.997289999944349e-07,0.00394976999106191
1937,-73.96833,40.764845,8.080869999989954e-07,0.004963234560011533
1938,-73.968225,40.76482833,8.080869999989954e-07,0.004963234560011533
1939,-73.968125,40.76479667,8.080869999989954e-07,0.004963234560011533
1940,-73.96802833,40.76476333,8.080869999989954e-07,0.004963234560011533
1941,-73.96792667,40.76473,8.164080000010854e-07,0.003996711263777059
1942,-73.96782167,40.76469667,8.164080000010854e-07,0.003996711263777059
1943,-73.96772333,40.76464667,8.164080000010854e-07,0.003996711263777059
1944,-73.96764333,40.76460833,8.164080000010854e-07,0.003996711263777059
1945,-73.96755333,40.76456833,8.164080000010854e-07,0.003996711263777059
1946,-73.96748167,40.76453,8.164080000010854e-07,0.003996711263777059
1947,-73.967405,40.76448833,8.164080000010854e-07,0.003996711263777059
1948,-73.96733667,40.76445833,8.164080000010854e-07,0.003996711263777059
1949,-73.96727667,40.76443,8.164080000010854e-07,0.003996711263777059
1950,-73.967225,40.76440833,8.164080000010854e-07,0.003996711263777059
1951,-73.96719,40.76438833,8.164080000010854e-07,0.003996711263777059
1952,-73.96715833,40.76437167,8.164080000010854e-07,0.003996711263777059
1953,-73.96693167,40.76412333,2.967535000028517e-07,0.0034227112349197605
1954,-73.96693,40.76408833,2.967535000028517e-07,0.0034227112349197605
1955,-73.96695667,40.76400833,2.967535000028517e-07,0.0034227112349197605
1956,-73.96697667,40.76396833,2.967535000028517e-07,0.0034227112349197605
1957,-73.967,40.76393167,2.967535000028517e-07,0.0034227112349197605
1958,-73.96702333,40.7639,2.967535000028517e-07,0.0034227112349197605
1959,-73.96704167,40.76387167,2.967535000028517e-07,0.0034227112349197605
1960,-73.96718667,40.76374333,2.967535000028517e-07,0.0034227112349197605
1961,-73.96721,40.76370667,2.967535000028517e-07,0.0034227112349197605
1962,-73.96723167,40.76367333,2.967535000028517e-07,0.0034227112349197605
1963,-73.96725,40.76364,2.967535000028517e-07,0.0034227112349197605
1964,-73.96727,40.76362,2.967535000028517e-07,0.0034227112349197605
1965,-73.96740667,40.76349833,8.080869999989954e-07,0.004963234560011533
1966,-73.96752667,40.76339333,8.050654999896999e-07,0.005135826843016839
1967,-73.96754333,40.763375,8.050654999896999e-07,0.005135826843016839
1968,-73.96757,40.76335667,8.050654999896999e-07,0.005135826843016839
1969,-73.96759167,40.76333,8.050654999896999e-07,0.005135826843016839
1970,-73.96761333,40.76330333,8.050654999896999e-07,0.005135826843016839
1971,-73.967645,40.76326833,8.050654999896999e-07,0.005135826843016839
1972,-73.967675,40.76323667,8.050654999896999e-07,0.005135826843016839
1973,-73.96767667,40.76321333,8.050654999896999e-07,0.005135826843016839
1974,-73.96769333,40.7632,8.050654999896999e-07,0.005135826843016839
1975,-73.96772167,40.76302667,8.050654999896999e-07,0.005135826843016839
1976,-73.96774333,40.76299667,8.050654999896999e-07,0.005135826843016839
1977,-73.96776,40.76296833,8.050654999896999e-07,0.005135826843016839
1978,-73.96777333,40.76294333,8.050654999896999e-07,0.005135826843016839
1979,-73.96778667,40.762915,8.050654999896999e-07,0.005135826843016839
1980,-73.967805,40.76289,8.050654999896999e-07,0.005135826843016839
1981,-73.96782833,40.76286333,8.050654999896999e-07,0.005135826843016839
1982,-73.96788,40.76282,8.050654999896999e-07,0.005135826843016839
1983,-73.967915,40.76278833,8.050654999896999e-07,0.005135826843016839
1984,-73.96806,40.76271833,7.34262000003441e-07,0.004139582664171768
1985,-73.96810667,40.76270167,7.34262000003441e-07,0.004139582664171768
1986,-73.96814333,40.76267833,7.34262000003441e-07,0.004139582664171768
1987,-73.968195,40.76265667,7.34262000003441e-07,0.004139582664171768
1988,-73.96822333,40.76260667,7.34262000003441e-07,0.004139582664171768
1989,-73.96821667,40.762555,7.34262000003441e-07,0.004139582664171768
1990,-73.96815667,40.76252167,7.34262000003441e-07,0.004139582664171768
1991,-73.96811167,40.76249667,7.34262000003441e-07,0.004139582664171768
1992,-73.96797333,40.76244833,8.423730000009527e-07,0.004089834555983943
1993,-73.96789667,40.76242,8.423730000009527e-07,0.004089834555983943
1994,-73.96781667,40.76236667,8.423730000009527e-07,0.004089834555983943
1995,-73.96773,40.76232333,8.423730000009527e-07,0.004089834555983943
1996,-73.967645,40.76225833,8.423730000009527e-07,0.004089834555983943
1997,-73.96755667,40.76218667,8.423730000009527e-07,0.004089834555983943
1998,-73.96745167,40.76212333,8.423730000009527e-07,0.004089834555983943
1999,-73.96723833,40.76202833,8.423730000009527e-07,0.004089834555983943
2000,-73.96715167,40.76197167,8.423730000009527e-07,0.004089834555983943
2001,-73.96706833,40.76194,8.423730000009527e-07,0.004089834555983943
2002,-73.96696333,40.76189,8.423730000009527e-07,0.004089834555983943
2003,-73.966945,40.76187167,8.423730000009527e-07,0.004089834555983943
2004,-73.966935,40.76186667,8.423730000009527e-07,0.004089834555983943
2005,-73.96677167,40.761805,8.423730000009527e-07,0.004089834555983943
2006,-73.96667667,40.76176833,8.423730000009527e-07,0.004089834555983943
2007,-73.96646,40.76168667,8.423730000009527e-07,0.004089834555983943
2008,-73.96634667,40.76164833,8.423730000009527e-07,0.004089834555983943
2009,-73.96623,40.76160167,1.072607000007208e-06,0.004885265291299647
2010,-73.96611833,40.76155,1.072607000007208e-06,0.004885265291299647
2011,-73.966,40.76149333,1.072607000007208e-06,0.004885265291299647
2012,-73.965885,40.76144667,1.072607000007208e-06,0.004885265291299647
2013,-73.96577167,40.76138333,1.072607000007208e-06,0.004885265291299647
2014,-73.96567167,40.76134167,1.072607000007208e-06,0.004885265291299647
2015,-73.965575,40.7613,1.072607000007208e-06,0.004885265291299647
2016,-73.96548833,40.76126667,1.072607000007208e-06,0.004885265291299647
2017,-73.96540333,40.76123167,1.072607000007208e-06,0.004885265291299647
2018,-73.96532667,40.76120167,1.072607000007208e-06,0.004885265291299647
2019,-73.965255,40.76116667,1.072607000007208e-06,0.004885265291299647
2020,-73.96517833,40.761115,1.072607000007208e-06,0.004885265291299647
2021,-73.965115,40.76107167,1.072607000007208e-06,0.004885265291299647
2022,-73.96506833,40.76103833,1.072607000007208e-06,0.004885265291299647
2023,-73.96503,40.76101167,1.072607000007208e-06,0.004885265291299647
2024,-73.96501167,40.76098167,1.072607000007208e-06,0.004885265291299647
2025,-73.96493,40.760895,1.072607000007208e-06,0.004885265291299647
2026,-73.96490333,40.76088167,1.072607000007208e-06,0.004885265291299647
2027,-73.964875,40.76086333,4.492949999934333e-08,0.0008598266084433243
2028,-73.964855,40.760845,4.492949999934333e-08,0.0008598266084433243
2029,-73.96483667,40.76083333,4.492949999934333e-08,0.0008598266084433243
2030,-73.96467333,40.76069167,1.0568999999820777e-07,0.0016835166503469507
2031,-73.964625,40.76068333,1.0568999999820777e-07,0.0016835166503469507
2032,-73.964575,40.76067333,1.0568999999820777e-07,0.0016835166503469507
2033,-73.96452667,40.76066,1.0568999999820777e-07,0.0016835166503469507
2034,-73.964475,40.760645,1.0568999999820777e-07,0.0016835166503469507
2035,-73.964415,40.76063,1.0568999999820777e-07,0.0016835166503469507
2036,-73.96434333,40.760605,1.0568999999820777e-07,0.0016835166503469507
2037,-73.96420667,40.76057,1.0568999999820777e-07,0.0016835166503469507
2038,-73.96410167,40.76053833,1.0568999999820777e-07,0.0016835166503469507
2039,-73.96400833,40.76049333,1.0568999999820777e-07,0.0016835166503469507
2040,-73.96391333,40.76044833,1.0568999999820777e-07,0.0016835166503469507
2041,-73.96375833,40.76037833,1.0870149999929392e-07,0.0018275619103267176
2042,-73.96368,40.76034833,1.0870149999929392e-07,0.0018275619103267176
2043,-73.9636,40.76031833,1.0870149999929392e-07,0.0018275619103267176
2044,-73.96351667,40.760285,1.0870149999929392e-07,0.0018275619103267176
2045,-73.96343167,40.76025333,1.0870149999929392e-07,0.0018275619103267176
2046,-73.96334833,40.76022333,8.565545000019853e-07,0.0041891811475305105
2047,-73.963175,40.76015167,8.565545000019853e-07,0.0041891811475305105
2048,-73.96309,40.76011667,8.565545000019853e-07,0.0041891811475305105
2049,-73.963005,40.76007833,8.565545000019853e-07,0.0041891811475305105
2050,-73.96291667,40.76003833,8.565545000019853e-07,0.0041891811475305105
2051,-73.96282333,40.75999,8.565545000019853e-07,0.0041891811475305105
2052,-73.96272667,40.75995167,8.565545000019853e-07,0.0041891811475305105
2053,-73.96262667,40.759905,8.565545000019853e-07,0.0041891811475305105
2054,-73.96253167,40.75985833,8.565545000019853e-07,0.0041891811475305105
2055,-73.96244,40.75981333,8.565545000019853e-07,0.0041891811475305105
2056,-73.96201,40.75964667,2.2199150000016634e-07,0.002791100086001182
2057,-73.96193667,40.75962,2.2199150000016634e-07,0.002791100086001182
2058,-73.96186667,40.75959333,2.2199150000016634e-07,0.002791100086001182
2059,-73.96179333,40.759565,2.2199150000016634e-07,0.002791100086001182
2060,-73.96164,40.75950333,5.84885000015049e-08,0.0010805388060183842
2061,-73.96156167,40.75948167,5.84885000015049e-08,0.0010805388060183842
2062,-73.96140667,40.75943333,5.84885000015049e-08,0.0010805388060183842
2063,-73.96133167,40.75941667,5.84885000015049e-08,0.0010805388060183842
2064,-73.961245,40.75939167,5.84885000015049e-08,0.0010805388060183842
2065,-73.96116,40.759365,5.84885000015049e-08,0.0010805388060183842
2066,-73.96098333,40.7593,5.84885000015049e-08,0.0010805388060183842
2067,-73.960885,40.75925833,5.84885000015049e-08,0.0010805388060183842
2068,-73.960785,40.759215,6.1935850000322e-07,0.0047589193800637395
2069,-73.96059333,40.75910833,6.1935850000322e-07,0.0047589193800637395
2070,-73.9604,40.75901167,6.1935850000322e-07,0.0047589193800637395
2071,-73.96030833,40.75897167,6.1935850000322e-07,0.0047589193800637395
2072,-73.96022833,40.75893833,6.1935850000322e-07,0.0047589193800637395
2073,-73.96006,40.758855,6.1935850000322e-07,0.0047589193800637395
2074,-73.96001,40.75881833,6.1935850000322e-07,0.0047589193800637395
2075,-73.959925,40.75880833,3.105620000012168e-07,0.0022590084438966476
2076,-73.95988167,40.75879667,3.105620000012168e-07,0.0022590084438966476
2077,-73.95982667,40.75879167,3.105620000012168e-07,0.0022590084438966476
2078,-73.959775,40.758795,3.105620000012168e-07,0.0022590084438966476
2079,-73.95973333,40.75881,3.105620000012168e-07,0.0022590084438966476
2080,-73.959675,40.75884333,3.105620000012168e-07,0.0022590084438966476
2081,-73.959615,40.75888833,3.105620000012168e-07,0.0022590084438966476
2082,-73.95957833,40.75893667,3.207499999924831e-08,0.0007612770262608822
2083,-73.95954667,40.75898167,3.207499999924831e-08,0.0007612770262608822
2084,-73.959535,40.75901,3.207499999924831e-08,0.0007612770262608822
2085,-73.95945667,40.759105,3.207499999924831e-08,0.0007612770262608822
2086,-73.959415,40.75912833,3.207499999924831e-08,0.0007612770262608822
2087,-73.95937833,40.75913167,3.207499999924831e-08,0.0007612770262608822
2088,-73.95934333,40.75913167,3.207499999924831e-08,0.0007612770262608822
2089,-73.95927833,40.759145,3.207499999924831e-08,0.0007612770262608822
2090,-73.95923833,40.75919667,3.207499999924831e-08,0.0007612770262608822
2091,-73.95916833,40.75928833,3.207499999924831e-08,0.0007612770262608822
2092,-73.95914333,40.75932667,3.207499999924831e-08,0.0007612770262608822
2093,-73.959125,40.75936333,3.207499999924831e-08,0.0007612770262608822
2094,-73.95911,40.75939667,3.207499999924831e-08,0.0007612770262608822
2095,-73.95909333,40.75942333,3.207499999924831e-08,0.0007612770262608822
2096,-73.95906833,40.75945167,3.207499999924831e-08,0.0007612770262608822
2097,-73.95904833,40.75947833,3.207499999924831e-08,0.0007612770262608822
2098,-73.95903167,40.75949667,3.207499999924831e-08,0.0007612770262608822
2099,-73.95897167,40.75956,3.207499999924831e-08,0.0007612770262608822
2100,-73.95891333,40.75961833,3.207499999924831e-08,0.0007612770262608822
2101,-73.95888,40.75965667,3.207499999924831e-08,0.0007612770262608822
2102,-73.95883833,40.75970167,2.8284699999825267e-07,0.004169037467059515
2103,-73.9588,40.75974833,2.0437200000247844e-07,0.0019690976638443583
2104,-73.95876667,40.75979333,2.0437200000247844e-07,0.0019690976638443583
2105,-73.95873167,40.759835,2.0437200000247844e-07,0.0019690976638443583
2106,-73.95866667,40.75992333,2.0437200000247844e-07,0.0019690976638443583
2107,-73.95863333,40.75997,2.0437200000247844e-07,0.0019690976638443583
2108,-73.95856667,40.76006167,2.0437200000247844e-07,0.0019690976638443583
2109,-73.95851667,40.76011667,2.0437200000247844e-07,0.0019690976638443583
2110,-73.95846667,40.76017667,2.0437200000247844e-07,0.0019690976638443583
2111,-73.95842167,40.760235,2.0437200000247844e-07,0.0019690976638443583
2112,-73.95838167,40.76028333,2.0437200000247844e-07,0.0019690976638443583
2113,-73.95834167,40.76032833,2.0437200000247844e-07,0.0019690976638443583
2114,-73.95830167,40.76036667,2.0437200000247844e-07,0.0019690976638443583
2115,-73.958265,40.76040167,2.0437200000247844e-07,0.0019690976638443583
2116,-73.95823333,40.76044,2.0437200000247844e-07,0.0019690976638443583
2117,-73.95819833,40.76048833,2.0437200000247844e-07,0.0019690976638443583
2118,-73.95817333,40.76052833,2.0437200000247844e-07,0.0019690976638443583
2119,-73.95814833,40.76056833,2.0437200000247844e-07,0.0019690976638443583
2120,-73.95812167,40.76060833,2.0437200000247844e-07,0.0019690976638443583
2121,-73.95809667,40.76064833,2.0437200000247844e-07,0.0019690976638443583
2122,-73.95807667,40.76069167,5.349444999981916e-07,0.0033975654459924673
2123,-73.958055,40.76072833,5.349444999981916e-07,0.0033975654459924673
2124,-73.958015,40.76080833,5.349444999981916e-07,0.0033975654459924673
2125,-73.95800333,40.760835,5.349444999981916e-07,0.0033975654459924673
2126,-73.95799333,40.76087833,5.349444999981916e-07,0.0033975654459924673
2127,-73.95799333,40.76089,5.349444999981916e-07,0.0033975654459924673
2128,-73.95795833,40.76101333,5.349444999981916e-07,0.0033975654459924673
2129,-73.957685,40.761,5.349444999981916e-07,0.0033975654459924673
2130,-73.95767167,40.76103833,5.349444999981916e-07,0.0033975654459924673
2131,-73.95765,40.76107667,5.349444999981916e-07,0.0033975654459924673
2132,-73.95762833,40.76112167,5.349444999981916e-07,0.0033975654459924673
2133,-73.95760167,40.761165,5.349444999981916e-07,0.0033975654459924673
2134,-73.95754,40.76128833,5.349444999981916e-07,0.0033975654459924673
2135,-73.95753,40.76133167,5.349444999981916e-07,0.0033975654459924673
2136,-73.95751667,40.76136667,5.349444999981916e-07,0.0033975654459924673
2137,-73.95750833,40.76139667,5.349444999981916e-07,0.0033975654459924673
2138,-73.95749833,40.76142667,5.349444999981916e-07,0.0033975654459924673
2139,-73.95748667,40.76144833,1.7999799999345833e-07,0.0018163828647434427
2140,-73.95748167,40.76146333,1.7999799999345833e-07,0.0018163828647434427
2141,-73.95738833,40.76166833,1.7999799999345833e-07,0.0018163828647434427
2142,-73.95738167,40.761725,1.7999799999345833e-07,0.0018163828647434427
2143,-73.95735,40.76177833,1.7999799999345833e-07,0.0018163828647434427
2144,-73.95731833,40.76183,1.7999799999345833e-07,0.0018163828647434427
2145,-73.957275,40.76188667,1.7999799999345833e-07,0.0018163828647434427
2146,-73.95723167,40.761945,1.7999799999345833e-07,0.0018163828647434427
2147,-73.95718167,40.76200167,6.218199999756276e-08,0.0010976309949398636
2148,-73.957135,40.762055,6.218199999756276e-08,0.0010976309949398636
2149,-73.95709167,40.76210333,6.218199999756276e-08,0.0010976309949398636
2150,-73.95705,40.76214833,6.218199999756276e-08,0.0010976309949398636
2151,-73.95691667,40.762355,6.218199999756276e-08,0.0010976309949398636
2152,-73.95687,40.76241833,6.218199999756276e-08,0.0010976309949398636
2153,-73.95682,40.76248333,6.218199999756276e-08,0.0010976309949398636
2154,-73.95677333,40.76254667,6.218199999756276e-08,0.0010976309949398636
2155,-73.95667833,40.76265833,6.218199999756276e-08,0.0010976309949398636
2156,-73.95663833,40.76270333,1.396570000003227e-07,0.0017863545928931183
2157,-73.95661,40.76273667,1.396570000003227e-07,0.0017863545928931183
2158,-73.95656667,40.76278833,1.396570000003227e-07,0.0017863545928931183
2159,-73.95649333,40.76292,4.473249999987268e-08,0.0008502024435529743
2160,-73.95651833,40.76295333,4.473249999987268e-08,0.0008502024435529743
2161,-73.95656667,40.76298167,4.473249999987268e-08,0.0008502024435529743
2162,-73.95670333,40.76303333,4.473249999987268e-08,0.0008502024435529743
2163,-73.95678,40.76306833,4.473249999987268e-08,0.0008502024435529743
2164,-73.95685833,40.76311167,4.473249999987268e-08,0.0008502024435529743
2165,-73.956945,40.763155,1.059916500009297e-06,0.0062858889409091335
2166,-73.95712333,40.76325667,1.059916500009297e-06,0.0062858889409091335
2167,-73.95721,40.76330167,1.059916500009297e-06,0.0062858889409091335
2168,-73.95729833,40.76334333,1.059916500009297e-06,0.0062858889409091335
2169,-73.957485,40.76342333,1.059916500009297e-06,0.0062858889409091335
2170,-73.95756833,40.76347,1.059916500009297e-06,0.0062858889409091335
2171,-73.95764167,40.76351,1.059916500009297e-06,0.0062858889409091335
2172,-73.95768833,40.763555,1.059916500009297e-06,0.0062858889409091335
2173,-73.95774833,40.76361833,1.059916500009297e-06,0.0062858889409091335
2174,-73.957965,40.76368,1.0482520000093997e-06,0.008506126955795635
2175,-73.95801,40.76368333,1.0482520000093997e-06,0.008506126955795635
2176,-73.95805,40.76369833,1.0482520000093997e-06,0.008506126955795635
2177,-73.95810667,40.763705,1.0482520000093997e-06,0.008506126955795635
2178,-73.95817333,40.763715,1.0482520000093997e-06,0.008506126955795635
2179,-73.95822833,40.763735,1.0482520000093997e-06,0.008506126955795635
2180,-73.95827833,40.76375333,1.0482520000093997e-06,0.008506126955795635
2181,-73.95832333,40.76377333,1.0482520000093997e-06,0.008506126955795635
2182,-73.95836833,40.763795,1.0482520000093997e-06,0.008506126955795635
2183,-73.95840333,40.76382,1.0482520000093997e-06,0.008506126955795635
2184,-73.95843333,40.76383667,1.0482520000093997e-06,0.008506126955795635
2185,-73.95856,40.763825,1.0482520000093997e-06,0.008506126955795635
2186,-73.95860167,40.76383833,1.0482520000093997e-06,0.008506126955795635
2187,-73.95862833,40.76386167,1.0482520000093997e-06,0.008506126955795635
2188,-73.95865667,40.76388833,1.0482520000093997e-06,0.008506126955795635
2189,-73.95868,40.76390833,1.0482520000093997e-06,0.008506126955795635
2190,-73.95863833,40.763975,1.0482520000093997e-06,0.008506126955795635
2191,-73.95862,40.764025,1.0482520000093997e-06,0.008506126955795635
2192,-73.958615,40.76406167,1.0482520000093997e-06,0.008506126955795635
2193,-73.95858667,40.76410333,1.0482520000093997e-06,0.008506126955795635
2194,-73.958555,40.76414,1.0482520000093997e-06,0.008506126955795635
2195,-73.95852833,40.76417333,1.0482520000093997e-06,0.008506126955795635
2196,-73.95851167,40.76420167,1.0482520000093997e-06,0.008506126955795635
2197,-73.95848833,40.76423167,1.059916500009297e-06,0.0062858889409091335
2198,-73.95846167,40.76427,1.059916500009297e-06,0.0062858889409091335
2199,-73.958395,40.76442167,1.059916500009297e-06,0.0062858889409091335
2200,-73.95834333,40.76444,1.059916500009297e-06,0.0062858889409091335
2201,-73.95830833,40.764495,1.059916500009297e-06,0.0062858889409091335
2202,-73.95825,40.76460333,1.059916500009297e-06,0.0062858889409091335
2203,-73.958245,40.76462167,1.059916500009297e-06,0.0062858889409091335
2204,-73.95825,40.76464,1.059916500009297e-06,0.0062858889409091335
2205,-73.95823167,40.764685,1.059916500009297e-06,0.0062858889409091335
2206,-73.95820833,40.76473833,1.059916500009297e-06,0.0062858889409091335
2207,-73.958175,40.76480667,1.059916500009297e-06,0.0062858889409091335
2208,-73.95813,40.76488,1.059916500009297e-06,0.0062858889409091335
2209,-73.95808833,40.764955,1.1793085000005993e-06,0.0052956208493305105
2210,-73.95795,40.76501333,7.973570000032682e-07,0.004444194003572025
2211,-73.95787833,40.76510167,7.973570000032682e-07,0.004444194003572025
2212,-73.95780833,40.765195,7.973570000032682e-07,0.004444194003572025
2213,-73.95775167,40.765275,7.973570000032682e-07,0.004444194003572025
2214,-73.95762167,40.76542,7.973570000032682e-07,0.004444194003572025
2215,-73.95756833,40.765475,7.973570000032682e-07,0.004444194003572025
2216,-73.95752,40.76553167,7.973570000032682e-07,0.004444194003572025
2217,-73.95747167,40.76559833,7.973570000032682e-07,0.004444194003572025
2218,-73.95742833,40.76566333,7.973570000032682e-07,0.004444194003572025
2219,-73.957295,40.765725,7.973570000032682e-07,0.004444194003572025
2220,-73.95723667,40.76579667,7.973570000032682e-07,0.004444194003572025
2221,-73.95718167,40.76587167,7.973570000032682e-07,0.004444194003572025
2222,-73.95712833,40.76595333,7.973570000032682e-07,0.004444194003572025
2223,-73.95708,40.76602333,7.973570000032682e-07,0.004444194003572025
2224,-73.95699,40.76616333,7.973570000032682e-07,0.004444194003572025
2225,-73.956925,40.76623167,7.973570000032682e-07,0.004444194003572025
2226,-73.95687167,40.76630167,1.1690090000011706e-06,0.005456872333917652
2227,-73.95682,40.76636833,1.1690090000011706e-06,0.005456872333917652
2228,-73.95676833,40.76644667,1.1690090000011706e-06,0.005456872333917652
2229,-73.95672667,40.76652167,1.1690090000011706e-06,0.005456872333917652
2230,-73.95669833,40.76660167,9.861354999960558e-07,0.006265093501837097
2231,-73.95666167,40.766675,9.861354999960558e-07,0.006265093501837097
2232,-73.95659833,40.76676333,9.861354999960558e-07,0.006265093501837097
2233,-73.95654167,40.766845,9.861354999960558e-07,0.006265093501837097
2234,-73.95646833,40.76693333,9.861354999960558e-07,0.006265093501837097
2235,-73.95638333,40.76704667,9.861354999960558e-07,0.006265093501837097
2236,-73.95633667,40.767105,9.861354999960558e-07,0.006265093501837097
2237,-73.95629167,40.76716167,9.861354999960558e-07,0.006265093501837097
2238,-73.95625,40.767225,9.861354999960558e-07,0.006265093501837097
2239,-73.95620833,40.76728333,9.861354999960558e-07,0.006265093501837097
2240,-73.95616167,40.76736333,1.1894640000044605e-06,0.005967992241223266
2241,-73.95610667,40.767445,1.1894640000044605e-06,0.005967992241223266
2242,-73.95606833,40.76753167,1.1894640000044605e-06,0.005967992241223266
2243,-73.956,40.767585,1.1894640000044605e-06,0.005967992241223266
2244,-73.95594167,40.76765,7.912124999921563e-07,0.006498354257459455
2245,-73.95586167,40.767755,7.912124999921563e-07,0.006498354257459455
2246,-73.95582167,40.76782,7.912124999921563e-07,0.006498354257459455
2247,-73.95578667,40.767875,7.912124999921563e-07,0.006498354257459455
2248,-73.95573167,40.76794667,7.912124999921563e-07,0.006498354257459455
2249,-73.95567833,40.768025,7.912124999921563e-07,0.006498354257459455
2250,-73.95559333,40.7682,7.912124999921563e-07,0.006498354257459455
2251,-73.955555,40.76829,7.912124999921563e-07,0.006498354257459455
2252,-73.95552167,40.768355,7.912124999921563e-07,0.006498354257459455
2253,-73.95548833,40.76841333,7.912124999921563e-07,0.006498354257459455
2254,-73.95544167,40.76846333,7.912124999921563e-07,0.006498354257459455
2255,-73.9554,40.76851667,7.912124999921563e-07,0.006498354257459455
2256,-73.95536333,40.76856833,7.912124999921563e-07,0.006498354257459455
2257,-73.95529667,40.76862833,7.912124999921563e-07,0.006498354257459455
2258,-73.95507,40.76888833,1.0879899999995127e-06,0.00641319357334664
2259,-73.955065,40.76898167,1.0879899999995127e-06,0.00641319357334664
2260,-73.95499167,40.76900667,1.0879899999995127e-06,0.00641319357334664
2261,-73.95494833,40.76901,1.0879899999995127e-06,0.00641319357334664
2262,-73.95490833,40.76900167,1.0879899999995127e-06,0.00641319357334664
2263,-73.954865,40.76899333,1.0879899999995127e-06,0.00641319357334664
2264,-73.9548,40.76898,1.0879899999995127e-06,0.00641319357334664
2265,-73.95473667,40.76894667,1.0879899999995127e-06,0.00641319357334664
2266,-73.95467,40.76891,1.0879899999995127e-06,0.00641319357334664
2267,-73.95459,40.76886667,1.0879899999995127e-06,0.00641319357334664
2268,-73.95451667,40.76882333,1.0879899999995127e-06,0.00641319357334664
2269,-73.95444,40.76877667,1.0879899999995127e-06,0.00641319357334664
2270,-73.95436667,40.76873333,1.0879899999995127e-06,0.00641319357334664
2271,-73.95422,40.76864,1.0879899999995127e-06,0.00641319357334664
2272,-73.95413167,40.76860667,1.0879899999995127e-06,0.00641319357334664
2273,-73.95405167,40.76856833,1.0879899999995127e-06,0.00641319357334664
2274,-73.95397,40.76853333,1.0879899999995127e-06,0.00641319357334664
2275,-73.95388667,40.76851333,1.0879899999995127e-06,0.00641319357334664
2276,-73.95381833,40.76848833,1.0879899999995127e-06,0.00641319357334664
2277,-73.95374,40.76847,1.1681665000003408e-06,0.007332598825561564
2278,-73.95367333,40.76845,1.1681665000003408e-06,0.007332598825561564
2279,-73.95361333,40.768435,1.1681665000003408e-06,0.007332598825561564
2280,-73.953555,40.768415,1.1681665000003408e-06,0.007332598825561564
2281,-73.95344,40.76836667,1.1681665000003408e-06,0.007332598825561564
2282,-73.95338667,40.76834833,1.1681665000003408e-06,0.007332598825561564
2283,-73.95334667,40.76832833,1.1681665000003408e-06,0.007332598825561564
2284,-73.95330333,40.76831,1.1681665000003408e-06,0.007332598825561564
2285,-73.95326,40.76829167,1.1681665000003408e-06,0.007332598825561564
2286,-73.95322333,40.76827,1.1681665000003408e-06,0.007332598825561564
2287,-73.95321333,40.76822,1.1681665000003408e-06,0.007332598825561564
2288,-73.95320667,40.76817833,1.1681665000003408e-06,0.007332598825561564
2289,-73.95304167,40.76814833,7.114880000034623e-07,0.0036229967360889063
2290,-73.95293167,40.768115,7.114880000034623e-07,0.0036229967360889063
2291,-73.95288333,40.76811833,7.114880000034623e-07,0.0036229967360889063
2292,-73.95284333,40.76813,7.114880000034623e-07,0.0036229967360889063
2293,-73.95281167,40.76815833,7.114880000034623e-07,0.0036229967360889063
2294,-73.95278,40.76819333,7.114880000034623e-07,0.0036229967360889063
2295,-73.95274167,40.76823333,7.114880000034623e-07,0.0036229967360889063
2296,-73.95270667,40.76827333,7.114880000034623e-07,0.0036229967360889063
2297,-73.95266833,40.76831833,7.114880000034623e-07,0.0036229967360889063
2298,-73.95263667,40.76835333,7.114880000034623e-07,0.0036229967360889063
2299,-73.95260667,40.76839,7.114880000034623e-07,0.0036229967360889063
2300,-73.952585,40.76842667,7.114880000034623e-07,0.0036229967360889063
2301,-73.95256,40.76846167,7.114880000034623e-07,0.0036229967360889063
2302,-73.95252333,40.76852167,7.114880000034623e-07,0.0036229967360889063
2303,-73.952355,40.76869333,7.114880000034623e-07,0.0036229967360889063
2304,-73.95232,40.76874833,7.114880000034623e-07,0.0036229967360889063
2305,-73.95224,40.76886667,1.2560799999987153e-06,0.005458617897331378
2306,-73.95219667,40.76892667,1.2560799999987153e-06,0.005458617897331378
2307,-73.95215,40.76899,1.2560799999987153e-06,0.005458617897331378
2308,-73.95210333,40.76904667,1.2560799999987153e-06,0.005458617897331378
2309,-73.95206,40.76910333,6.280165000017713e-07,0.004384877210051097
2310,-73.95202333,40.76916167,6.280165000017713e-07,0.004384877210051097
2311,-73.95199167,40.769225,6.280165000017713e-07,0.004384877210051097
2312,-73.95191,40.76937333,6.280165000017713e-07,0.004384877210051097
2313,-73.95186333,40.76943833,6.280165000017713e-07,0.004384877210051097
2314,-73.95181833,40.76950667,6.280165000017713e-07,0.004384877210051097
2315,-73.95177667,40.76957833,6.280165000017713e-07,0.004384877210051097
2316,-73.95173333,40.76964833,6.280165000017713e-07,0.004384877210051097
2317,-73.951685,40.76972,6.280165000017713e-07,0.004384877210051097
2318,-73.95155,40.76987833,6.280165000017713e-07,0.004384877210051097
2319,-73.95143833,40.76995,6.280165000017713e-07,0.004384877210051097
2320,-73.95138,40.77003333,6.280165000017713e-07,0.004384877210051097
2321,-73.95131333,40.770115,6.280165000017713e-07,0.004384877210051097
2322,-73.95125667,40.77019333,4.4534650000047493e-07,0.004845175015054829
2323,-73.9512,40.770275,4.4534650000047493e-07,0.004845175015054829
2324,-73.951145,40.77035333,4.4534650000047493e-07,0.004845175015054829
2325,-73.95109667,40.77043667,4.4534650000047493e-07,0.004845175015054829
2326,-73.95104,40.77052167,4.4534650000047493e-07,0.004845175015054829
2327,-73.95098667,40.7706,1.9403299999809775e-07,0.002341966546865653
2328,-73.95088667,40.77076333,1.9403299999809775e-07,0.002341966546865653
2329,-73.95077,40.77092,1.9403299999809775e-07,0.002341966546865653
2330,-73.95065167,40.77107167,1.9403299999809775e-07,0.002341966546865653
2331,-73.95059667,40.77114833,1.9403299999809775e-07,0.002341966546865653
2332,-73.95055333,40.771225,1.9403299999809775e-07,0.002341966546865653
2333,-73.95050333,40.77130833,1.9403299999809775e-07,0.002341966546865653
2334,-73.95044833,40.77138667,1.9403299999809775e-07,0.002341966546865653
2335,-73.95039833,40.77146667,1.9403299999809775e-07,0.002341966546865653
2336,-73.95034333,40.77155,1.9403299999809775e-07,0.002341966546865653
2337,-73.95024,40.77172167,1.9403299999809775e-07,0.002341966546865653
2338,-73.95013333,40.77189,1.9403299999809775e-07,0.002341966546865653
2339,-73.95009,40.77198167,1.0160480000003652e-06,0.004845397056891928
2340,-73.95002833,40.77206333,1.0160480000003652e-06,0.004845397056891928
2341,-73.949845,40.77230833,1.0160480000003652e-06,0.004845397056891928
2342,-73.94971167,40.77244167,1.0160480000003652e-06,0.004845397056891928
2343,-73.94959,40.77249833,1.0160480000003652e-06,0.004845397056891928
2344,-73.94954167,40.772545,8.780055000021783e-07,0.00877809099404675
2345,-73.94951833,40.77257167,8.780055000021783e-07,0.00877809099404675
2346,-73.94951667,40.77256667,8.780055000021783e-07,0.00877809099404675
2347,-73.94949333,40.77263,8.780055000021783e-07,0.00877809099404675
2348,-73.94959167,40.77268333,1.0160480000003652e-06,0.004845397056891928
2349,-73.94966333,40.77271833,1.0160480000003652e-06,0.004845397056891928
2350,-73.94972833,40.772755,1.0160480000003652e-06,0.004845397056891928
2351,-73.94979833,40.77279,1.0160480000003652e-06,0.004845397056891928
2352,-73.94986833,40.77282167,1.0160480000003652e-06,0.004845397056891928
2353,-73.949935,40.77286,1.0160480000003652e-06,0.004845397056891928
2354,-73.94999833,40.77290333,1.0160480000003652e-06,0.004845397056891928
2355,-73.95006667,40.77295167,1.0837309999997233e-06,0.006491047813570206
2356,-73.950235,40.77303833,1.0837309999997233e-06,0.006491047813570206
2357,-73.95032667,40.77308167,1.0837309999997233e-06,0.006491047813570206
2358,-73.95041667,40.77312333,1.0837309999997233e-06,0.006491047813570206
2359,-73.950505,40.77316,1.0837309999997233e-06,0.006491047813570206
2360,-73.95058667,40.7732,1.0837309999997233e-06,0.006491047813570206
2361,-73.95066167,40.77323833,1.0837309999997233e-06,0.006491047813570206
2362,-73.95074167,40.77327333,1.0837309999997233e-06,0.006491047813570206
2363,-73.95090333,40.77335,1.0837309999997233e-06,0.006491047813570206
2364,-73.95099167,40.77338167,1.126010000005288e-07,0.001440346540355264
2365,-73.95109667,40.773425,1.126010000005288e-07,0.001440346540355264
2366,-73.95129,40.77350667,1.126010000005288e-07,0.001440346540355264
2367,-73.95136833,40.77354167,1.126010000005288e-07,0.001440346540355264
2368,-73.95144167,40.773575,1.126010000005288e-07,0.001440346540355264
2369,-73.951515,40.77360833,1.126010000005288e-07,0.001440346540355264
2370,-73.95159333,40.77363833,1.126010000005288e-07,0.001440346540355264
2371,-73.95167667,40.773665,1.126010000005288e-07,0.001440346540355264
2372,-73.95175167,40.773705,1.126010000005288e-07,0.001440346540355264
2373,-73.95183833,40.77373,1.126010000005288e-07,0.001440346540355264
2374,-73.95201667,40.77379,1.126010000005288e-07,0.001440346540355264
2375,-73.95209833,40.77382167,1.126010000005288e-07,0.001440346540355264
2376,-73.95217833,40.77384833,1.126010000005288e-07,0.001440346540355264
2377,-73.95225,40.77387833,1.343797000006598e-06,0.005727125264267437
2378,-73.95231833,40.77391,1.343797000006598e-06,0.005727125264267437
2379,-73.952385,40.77393667,1.343797000006598e-06,0.005727125264267437
2380,-73.95245833,40.773955,1.343797000006598e-06,0.005727125264267437
2381,-73.952515,40.77397833,1.343797000006598e-06,0.005727125264267437
2382,-73.95259667,40.77401167,1.343797000006598e-06,0.005727125264267437
2383,-73.95262833,40.77402333,1.343797000006598e-06,0.005727125264267437
2384,-73.952645,40.77404,1.343797000006598e-06,0.005727125264267437
2385,-73.95281167,40.77414,1.343797000006598e-06,0.005727125264267437
2386,-73.95285,40.77415667,1.343797000006598e-06,0.005727125264267437
2387,-73.95288833,40.77417333,1.343797000006598e-06,0.005727125264267437
2388,-73.95292,40.77419167,1.343797000006598e-06,0.005727125264267437
2389,-73.95295,40.77421,1.343797000006598e-06,0.005727125264267437
2390,-73.95298667,40.77423167,1.343797000006598e-06,0.005727125264267437
2391,-73.953025,40.77425167,1.2762770000015888e-06,0.006003731479792337
2392,-73.95306167,40.77427333,1.2762770000015888e-06,0.006003731479792337
2393,-73.9531,40.774295,1.2762770000015888e-06,0.006003731479792337
2394,-73.95313667,40.77431167,1.2762770000015888e-06,0.006003731479792337
2395,-73.953175,40.77432667,1.2762770000015888e-06,0.006003731479792337
2396,-73.95320833,40.774345,1.2762770000015888e-06,0.006003731479792337
2397,-73.95323833,40.77436167,1.2762770000015888e-06,0.006003731479792337
2398,-73.95326833,40.774375,1.2762770000015888e-06,0.006003731479792337
2399,-73.953295,40.77438833,1.2762770000015888e-06,0.006003731479792337
2400,-73.95332,40.77439833,1.2762770000015888e-06,0.006003731479792337
2401,-73.953475,40.77449333,1.2762770000015888e-06,0.006003731479792337
2402,-73.95350167,40.77451,1.2762770000015888e-06,0.006003731479792337
2403,-73.95353333,40.77452667,1.2762770000015888e-06,0.006003731479792337
2404,-73.95357,40.774545,1.2762770000015888e-06,0.006003731479792337
2405,-73.95361,40.77456333,1.2762770000015888e-06,0.006003731479792337
2406,-73.95364833,40.77458167,1.2762770000015888e-06,0.006003731479792337
2407,-73.95372833,40.77461667,1.2762770000015888e-06,0.006003731479792337
2408,-73.95376833,40.77464,1.2762770000015888e-06,0.006003731479792337
2409,-73.95381833,40.77465333,1.2762770000015888e-06,0.006003731479792337
2410,-73.95386,40.77466833,1.2762770000015888e-06,0.006003731479792337
2411,-73.95390167,40.77467667,1.2762770000015888e-06,0.006003731479792337
2412,-73.95393667,40.77468667,1.2762770000015888e-06,0.006003731479792337
2413,-73.95396667,40.77469667,1.2762770000015888e-06,0.006003731479792337
2414,-73.95399333,40.77470667,1.2762770000015888e-06,0.006003731479792337
2415,-73.95402167,40.77470167,1.2279389999943886e-06,0.00549998930301938
2416,-73.95408833,40.77466833,1.2279389999943886e-06,0.00549998930301938
2417,-73.95411833,40.77463667,3.035719999956354e-07,0.0030700770940470905
2418,-73.95414667,40.77459833,3.035719999956354e-07,0.0030700770940470905
2419,-73.954175,40.774555,3.035719999956354e-07,0.0030700770940470905
2420,-73.95424333,40.77447,3.035719999956354e-07,0.0030700770940470905
2421,-73.95427333,40.77443,3.035719999956354e-07,0.0030700770940470905
2422,-73.9543,40.77439333,3.035719999956354e-07,0.0030700770940470905
2423,-73.95431833,40.77435667,3.035719999956354e-07,0.0030700770940470905
2424,-73.95433833,40.77433167,3.035719999956354e-07,0.0030700770940470905
2425,-73.95442167,40.77423,3.035719999956354e-07,0.0030700770940470905
2426,-73.954445,40.77419833,3.035719999956354e-07,0.0030700770940470905
2427,-73.95447833,40.77416333,3.035719999956354e-07,0.0030700770940470905
2428,-73.95450667,40.774115,3.035719999956354e-07,0.0030700770940470905
2429,-73.95453833,40.77405333,3.035719999956354e-07,0.0030700770940470905
2430,-73.95459,40.77399667,3.035719999956354e-07,0.0030700770940470905
2431,-73.954635,40.77393,3.035719999956354e-07,0.0030700770940470905
2432,-73.95467833,40.77386667,3.035719999956354e-07,0.0030700770940470905
2433,-73.95475167,40.77375333,3.035719999956354e-07,0.0030700770940470905
2434,-73.95479,40.77369667,3.035719999956354e-07,0.0030700770940470905
2435,-73.954825,40.77364,3.035719999956354e-07,0.0030700770940470905
2436,-73.95486,40.77358667,3.035719999956354e-07,0.0030700770940470905
2437,-73.95492,40.77351,3.035719999956354e-07,0.0030700770940470905
2438,-73.95494333,40.77348333,3.035719999956354e-07,0.0030700770940470905
2439,-73.954995,40.773435,3.035719999956354e-07,0.0030700770940470905
2440,-73.955035,40.77342333,3.035719999956354e-07,0.0030700770940470905
2441,-73.95508,40.77342167,3.035719999956354e-07,0.0030700770940470905
2442,-73.95512833,40.77343,3.035719999956354e-07,0.0030700770940470905
2443,-73.95519167,40.77345,3.035719999956354e-07,0.0030700770940470905
2444,-73.955265,40.77347833,3.035719999956354e-07,0.0030700770940470905
2445,-73.95534667,40.77351667,1.201383499993812e-06,0.00553316551376717
2446,-73.955435,40.77355667,1.201383499993812e-06,0.00553316551376717
2447,-73.95552833,40.77359,1.201383499993812e-06,0.00553316551376717
2448,-73.95562,40.77362333,1.201383499993812e-06,0.00553316551376717
2449,-73.95570833,40.77365667,1.201383499993812e-06,0.00553316551376717
2450,-73.95581333,40.77369167,1.201383499993812e-06,0.00553316551376717
2451,-73.955925,40.77374,1.201383499993812e-06,0.00553316551376717
2452,-73.95614333,40.77383167,1.201383499993812e-06,0.00553316551376717
2453,-73.95624333,40.77387333,1.1522940000094493e-06,0.00811392557920991
2454,-73.95634333,40.77391833,1.1522940000094493e-06,0.00811392557920991
2455,-73.95644333,40.77396167,1.1522940000094493e-06,0.00811392557920991
2456,-73.95654333,40.77400667,1.1522940000094493e-06,0.00811392557920991
2457,-73.95664667,40.77405833,1.1522940000094493e-06,0.00811392557920991
2458,-73.95675333,40.77410667,1.1522940000094493e-06,0.00811392557920991
2459,-73.95686667,40.77415333,1.1522940000094493e-06,0.00811392557920991
2460,-73.95697667,40.77420833,1.1522940000094493e-06,0.00811392557920991
2461,-73.95708833,40.77425667,1.1522940000094493e-06,0.00811392557920991
2462,-73.9572,40.77429833,8.372894999940614e-07,0.004665277943159848
2463,-73.95731,40.77433667,8.372894999940614e-07,0.004665277943159848
2464,-73.95742667,40.77436833,8.372894999940614e-07,0.004665277943159848
2465,-73.95753167,40.774405,8.372894999940614e-07,0.004665277943159848
2466,-73.95763167,40.77444667,8.372894999940614e-07,0.004665277943159848
2467,-73.957725,40.77449,8.372894999940614e-07,0.004665277943159848
2468,-73.95799833,40.77459667,8.372894999940614e-07,0.004665277943159848
2469,-73.95807667,40.77462833,8.372894999940614e-07,0.004665277943159848
2470,-73.95821333,40.77468,8.673254999963402e-07,0.004138337667559941
2471,-73.95834,40.77473167,8.673254999963402e-07,0.004138337667559941
2472,-73.9584,40.77476,8.673254999963402e-07,0.004138337667559941
2473,-73.95845,40.77478333,8.673254999963402e-07,0.004138337667559941
2474,-73.9585,40.77479333,8.673254999963402e-07,0.004138337667559941
2475,-73.95854167,40.77481,8.673254999963402e-07,0.004138337667559941
2476,-73.95857,40.77482833,8.673254999963402e-07,0.004138337667559941
2477,-73.95868667,40.77486833,8.673254999963402e-07,0.004138337667559941
2478,-73.958725,40.77489,8.673254999963402e-07,0.004138337667559941
2479,-73.95888333,40.77489,8.673254999963402e-07,0.004138337667559941
2480,-73.95892667,40.77485833,8.673254999963402e-07,0.004138337667559941
2481,-73.95895833,40.77481667,8.673254999963402e-07,0.004138337667559941
2482,-73.95898833,40.77477167,8.673254999963402e-07,0.004138337667559941
2483,-73.95902167,40.77472833,8.673254999963402e-07,0.004138337667559941
2484,-73.95904667,40.77469,8.673254999963402e-07,0.004138337667559941
2485,-73.95908,40.77465333,8.673254999963402e-07,0.004138337667559941
2486,-73.959115,40.77462167,8.673254999963402e-07,0.004138337667559941
2487,-73.95915333,40.77459833,8.673254999963402e-07,0.004138337667559941
2488,-73.95933333,40.77449333,8.308334999990881e-07,0.00408311555441029
2489,-73.95939,40.77443167,8.308334999990881e-07,0.00408311555441029
2490,-73.959415,40.774385,8.308334999990881e-07,0.00408311555441029
2491,-73.95944,40.77434667,8.308334999990881e-07,0.00408311555441029
2492,-73.95944333,40.77429167,8.308334999990881e-07,0.00408311555441029
2493,-73.95944333,40.77425,5.711004999985399e-07,0.006205593985684874
2494,-73.95948,40.77417667,5.711004999985399e-07,0.006205593985684874
2495,-73.95948667,40.77415333,5.711004999985399e-07,0.006205593985684874
2496,-73.95950333,40.77410667,5.711004999985399e-07,0.006205593985684874
2497,-73.959525,40.77404167,5.711004999985399e-07,0.006205593985684874
2498,-73.95954,40.774005,5.711004999985399e-07,0.006205593985684874
2499,-73.95956667,40.773955,5.711004999985399e-07,0.006205593985684874
2500,-73.95961333,40.77390667,5.711004999985399e-07,0.006205593985684874
2501,-73.959665,40.77386667,5.711004999985399e-07,0.006205593985684874
2502,-73.95971,40.77381167,5.711004999985399e-07,0.006205593985684874
2503,-73.959765,40.77376167,5.711004999985399e-07,0.006205593985684874
2504,-73.95980667,40.77371333,5.711004999985399e-07,0.006205593985684874
2505,-73.959855,40.77366333,5.711004999985399e-07,0.006205593985684874
2506,-73.9599,40.77361333,5.711004999985399e-07,0.006205593985684874
2507,-73.95997667,40.77349833,8.496164999931393e-07,0.004102347966046822
2508,-73.96000667,40.773435,8.496164999931393e-07,0.004102347966046822
2509,-73.96008,40.77330333,8.496164999931393e-07,0.004102347966046822
2510,-73.96010833,40.77325,8.496164999931393e-07,0.004102347966046822
2511,-73.96012833,40.77321,8.496164999931393e-07,0.004102347966046822
2512,-73.96025333,40.77317,8.05063500005786e-07,0.00402349719367729
2513,-73.96027333,40.77305,8.05063500005786e-07,0.00402349719367729
2514,-73.96030667,40.77299833,8.454539999965329e-07,0.0040843491192202215
2515,-73.96034333,40.77293667,8.454539999965329e-07,0.0040843491192202215
2516,-73.9604,40.77285333,8.454539999965329e-07,0.0040843491192202215
2517,-73.96045167,40.77278833,8.454539999965329e-07,0.0040843491192202215
2518,-73.96053333,40.77271833,7.984265000000101e-07,0.0050785621311035855
2519,-73.96058833,40.77265167,7.984265000000101e-07,0.0050785621311035855
2520,-73.96069167,40.77252,7.984265000000101e-07,0.0050785621311035855
2521,-73.96074,40.77246,7.984265000000101e-07,0.0050785621311035855
2522,-73.96081833,40.77240667,7.984265000000101e-07,0.0050785621311035855
2523,-73.96086167,40.77235667,7.984265000000101e-07,0.0050785621311035855
2524,-73.96089167,40.77231333,7.984265000000101e-07,0.0050785621311035855
2525,-73.96092167,40.77227333,7.170969999961221e-07,0.006956361197179252
2526,-73.92816333,40.82427167,1.0368050000166146e-07,0.0017021277234895323
2527,-73.92810167,40.82436167,1.0368050000166146e-07,0.0017021277234895323
2528,-73.92797333,40.82451833,1.0368050000166146e-07,0.0017021277234895323
2529,-73.92792167,40.82459167,1.0368050000166146e-07,0.0017021277234895323
2530,-73.927865,40.82466167,1.0368050000166146e-07,0.0017021277234895323
2531,-73.92780833,40.82474167,1.0368050000166146e-07,0.0017021277234895323
2532,-73.92775167,40.824825,1.0368050000166146e-07,0.0017021277234895323
2533,-73.92770167,40.82490333,1.8736725000138974e-06,0.006053646573289981
2534,-73.92766167,40.82498167,1.8736725000138974e-06,0.006053646573289981
2535,-73.92756333,40.82519833,1.8736725000138974e-06,0.006053646573289981
2536,-73.92752833,40.82527333,1.8736725000138974e-06,0.006053646573289981
2537,-73.92750167,40.82533833,1.8736725000138974e-06,0.006053646573289981
2538,-73.92748167,40.82539667,1.8736725000138974e-06,0.006053646573289981
2539,-73.92747,40.82543333,1.8736725000138974e-06,0.006053646573289981
2540,-73.92745167,40.82545167,2.848639999992659e-07,0.004520997934970836
2541,-73.92719,40.82543833,2.848639999992659e-07,0.004520997934970836
2542,-73.927005,40.8254,2.848639999992659e-07,0.004520997934970836
2543,-73.92693667,40.82537667,2.848639999992659e-07,0.004520997934970836
2544,-73.92687667,40.82535667,2.848639999992659e-07,0.004520997934970836
2545,-73.92681333,40.82534,2.848639999992659e-07,0.004520997934970836
2546,-73.92674,40.825325,2.848639999992659e-07,0.004520997934970836
2547,-73.92667833,40.82531667,2.848639999992659e-07,0.004520997934970836
2548,-73.92662,40.82530833,2.848639999992659e-07,0.004520997934970836
2549,-73.92657167,40.825305,2.848639999992659e-07,0.004520997934970836
2550,-73.92636667,40.825355,2.848639999992659e-07,0.004520997934970836
2551,-73.92633,40.8254,2.0856550000273687e-07,0.003300683298984589
2552,-73.926295,40.82544833,2.94148999998364e-07,0.004676037439319669
2553,-73.926215,40.82557333,2.94148999998364e-07,0.004676037439319669
2554,-73.92618,40.82563167,2.94148999998364e-07,0.004676037439319669
2555,-73.926145,40.82567833,2.94148999998364e-07,0.004676037439319669
2556,-73.92610833,40.82572333,2.94148999998364e-07,0.004676037439319669
2557,-73.92607667,40.82576833,2.94148999998364e-07,0.004676037439319669
2558,-73.926045,40.82580333,2.94148999998364e-07,0.004676037439319669
2559,-73.92601667,40.82582833,2.94148999998364e-07,0.004676037439319669
2560,-73.925995,40.82585333,2.94148999998364e-07,0.004676037439319669
2561,-73.92597833,40.82587333,2.94148999998364e-07,0.004676037439319669
2562,-73.92577833,40.82604833,6.675850000015398e-08,0.0015146151667983288
2563,-73.9257,40.82614667,6.675850000015398e-08,0.0015146151667983288
2564,-73.92565667,40.82621833,6.675850000015398e-08,0.0015146151667983288
2565,-73.92560667,40.82629333,6.675850000015398e-08,0.0015146151667983288
2566,-73.92555667,40.82638,6.675850000015398e-08,0.0015146151667983288
2567,-73.92550667,40.82648,1.1093349999959458e-07,0.0022099273900316892
2568,-73.92545,40.82658833,1.1093349999959458e-07,0.0022099273900316892
2569,-73.92540333,40.82667333,1.1093349999959458e-07,0.0022099273900316892
2570,-73.92535833,40.82676,2.8998749999702385e-07,0.0030470233975664835
2571,-73.92531,40.826845,2.8998749999702385e-07,0.0030470233975664835
2572,-73.92527,40.82691167,2.8998749999702385e-07,0.0030470233975664835
2573,-73.92521667,40.82702,2.8998749999702385e-07,0.0030470233975664835
2574,-73.92513667,40.82714167,2.8998749999702385e-07,0.0030470233975664835
2575,-73.925105,40.82719333,2.8998749999702385e-07,0.0030470233975664835
2576,-73.92502333,40.82733667,2.8998749999702385e-07,0.0030470233975664835
2577,-73.92499667,40.827475,2.8998749999702385e-07,0.0030470233975664835
2578,-73.92505667,40.82753667,2.8998749999702385e-07,0.0030470233975664835
2579,-73.92509833,40.827555,2.8998749999702385e-07,0.0030470233975664835
2580,-73.92514,40.82757833,4.739299999948579e-07,0.0032800957153291716
2581,-73.925185,40.82760333,4.739299999948579e-07,0.0032800957153291716
2582,-73.92523667,40.82762167,4.739299999948579e-07,0.0032800957153291716
2583,-73.92528833,40.82764,4.739299999948579e-07,0.0032800957153291716
2584,-73.92533333,40.827655,4.739299999948579e-07,0.0032800957153291716
2585,-73.92537833,40.82766833,4.739299999948579e-07,0.0032800957153291716
2586,-73.925415,40.82767833,4.739299999948579e-07,0.0032800957153291716
2587,-73.92544833,40.82769333,4.739299999948579e-07,0.0032800957153291716
2588,-73.92572,40.82785833,4.739299999948579e-07,0.0032800957153291716
2589,-73.92579,40.82785,4.739299999948579e-07,0.0032800957153291716
2590,-73.92586333,40.82784,8.210139999971364e-07,0.003919489392115607
2591,-73.92594167,40.82784,8.210139999971364e-07,0.003919489392115607
2592,-73.92603167,40.82784167,8.210139999971364e-07,0.003919489392115607
2593,-73.92611167,40.827855,8.210139999971364e-07,0.003919489392115607
2594,-73.92619,40.82787667,8.210139999971364e-07,0.003919489392115607
2595,-73.92626,40.82790167,8.210139999971364e-07,0.003919489392115607
2596,-73.92633,40.82792833,8.210139999971364e-07,0.003919489392115607
2597,-73.92639667,40.82795167,8.210139999971364e-07,0.003919489392115607
2598,-73.92645333,40.82797,8.210139999971364e-07,0.003919489392115607
2599,-73.926505,40.82799833,8.210139999971364e-07,0.003919489392115607
2600,-73.92654667,40.82802333,4.009999999916649e-09,0.0002579704334645873
2601,-73.92664167,40.82812667,4.009999999916649e-09,0.0002579704334645873
2602,-73.92668667,40.828145,4.009999999916649e-09,0.0002579704334645873
2603,-73.92674833,40.82817333,4.009999999916649e-09,0.0002579704334645873
2604,-73.92682,40.828205,4.009999999916649e-09,0.0002579704334645873
2605,-73.92698167,40.828275,4.009999999916649e-09,0.0002579704334645873
2606,-73.92707,40.82831333,4.009999999916649e-09,0.0002579704334645873
2607,-73.92716667,40.82835833,4.009999999916649e-09,0.0002579704334645873
2608,-73.92725833,40.82840167,4.009999999916649e-09,0.0002579704334645873
2609,-73.92745333,40.82850833,4.009999999916649e-09,0.0002579704334645873
2610,-73.92755667,40.82857,4.009999999916649e-09,0.0002579704334645873
2611,-73.92766667,40.828635,4.009999999916649e-09,0.0002579704334645873
2612,-73.92810667,40.8289,5.317999999685453e-09,0.00031593143586305245
2613,-73.92821167,40.828965,5.317999999685453e-09,0.00031593143586305245
2614,-73.92831667,40.82903,5.317999999685453e-09,0.00031593143586305245
2615,-73.92841833,40.82909,5.317999999685453e-09,0.00031593143586305245
2616,-73.92851833,40.82915,5.317999999685453e-09,0.00031593143586305245
2617,-73.92863167,40.82921,5.317999999685453e-09,0.00031593143586305245
2618,-73.92874,40.82927167,5.317999999685453e-09,0.00031593143586305245
2619,-73.92905833,40.82943167,5.317999999685453e-09,0.00031593143586305245
2620,-73.92916,40.829495,5.317999999685453e-09,0.00031593143586305245
2621,-73.92926333,40.82955833,8.979365000011797e-07,0.004181535578665646
2622,-73.92945667,40.82969,8.979365000011797e-07,0.004181535578665646
2623,-73.929555,40.82974833,8.979365000011797e-07,0.004181535578665646
2624,-73.92965167,40.82980333,8.979365000011797e-07,0.004181535578665646
2625,-73.929745,40.829855,8.979365000011797e-07,0.004181535578665646
2626,-73.92984167,40.8299,8.979365000011797e-07,0.004181535578665646
2627,-73.93004667,40.82996,8.37599999917254e-09,0.00041943186508451547
2628,-73.93015167,40.82996,8.37599999917254e-09,0.00041943186508451547
2629,-73.93024167,40.82995167,8.37599999917254e-09,0.00041943186508451547
2630,-73.93031,40.82993833,8.37599999917254e-09,0.00041943186508451547
2631,-73.93036167,40.82993,8.37599999917254e-09,0.00041943186508451547
2632,-73.9304,40.82992167,8.37599999917254e-09,0.00041943186508451547
2633,-73.93065667,40.82987667,8.37599999917254e-09,0.00041943186508451547
2634,-73.93069667,40.82986,8.37599999917254e-09,0.00041943186508451547
2635,-73.930745,40.82983833,8.37599999917254e-09,0.00041943186508451547
2636,-73.93079,40.82982167,8.37599999917254e-09,0.00041943186508451547
2637,-73.93083667,40.82980667,8.37599999917254e-09,0.00041943186508451547
2638,-73.93093667,40.82976333,8.979365000011797e-07,0.004181535578665646
2639,-73.93098,40.82974167,8.979365000011797e-07,0.004181535578665646
2640,-73.93101667,40.82972167,8.979365000011797e-07,0.004181535578665646
2641,-73.93112833,40.829675,8.7793500000192e-08,0.0016018087908497747
2642,-73.93129,40.82966833,8.7793500000192e-08,0.0016018087908497747
2643,-73.93140667,40.82977167,8.7793500000192e-08,0.0016018087908497747
2644,-73.93144,40.829825,8.7793500000192e-08,0.0016018087908497747
2645,-73.93145,40.829845,8.7793500000192e-08,0.0016018087908497747
2646,-73.93149,40.82991833,8.7793500000192e-08,0.0016018087908497747
2647,-73.93154333,40.83001333,8.7793500000192e-08,0.0016018087908497747
2648,-73.931575,40.83007667,8.7793500000192e-08,0.0016018087908497747
2649,-73.93160167,40.83014,8.7793500000192e-08,0.0016018087908497747
2650,-73.93163167,40.83020333,8.7793500000192e-08,0.0016018087908497747
2651,-73.93166167,40.83027167,8.7793500000192e-08,0.0016018087908497747
2652,-73.93168667,40.830345,8.23930000017083e-08,0.0016960305165104068
2653,-73.93171167,40.830425,8.23930000017083e-08,0.0016960305165104068
2654,-73.93173833,40.83050333,8.23930000017083e-08,0.0016960305165104068
2655,-73.931765,40.83057833,8.23930000017083e-08,0.0016960305165104068
2656,-73.93179,40.830645,8.23930000017083e-08,0.0016960305165104068
2657,-73.931805,40.83072167,8.23930000017083e-08,0.0016960305165104068
2658,-73.931815,40.83080167,8.23930000017083e-08,0.0016960305165104068
2659,-73.93182167,40.83088667,8.23930000017083e-08,0.0016960305165104068
2660,-73.93182333,40.830975,8.23930000017083e-08,0.0016960305165104068
2661,-73.93181833,40.831065,8.23930000017083e-08,0.0016960305165104068
2662,-73.93181667,40.831145,8.23930000017083e-08,0.0016960305165104068
2663,-73.9318,40.831235,8.23930000017083e-08,0.0016960305165104068
2664,-73.93178667,40.83132833,1.0955000000694651e-08,0.000489286452793494
2665,-73.93177167,40.83142333,1.0955000000694651e-08,0.000489286452793494
2666,-73.93175667,40.83151333,1.9874000000816573e-08,0.0005817968042433917
2667,-73.93174,40.8316,1.9874000000816573e-08,0.0005817968042433917
2668,-73.93171333,40.831675,1.3843499999847472e-08,0.0005579946567967505
2669,-73.931685,40.83174333,1.3843499999847472e-08,0.0005579946567967505
2670,-73.931665,40.83181,1.3843499999847472e-08,0.0005579946567967505
2671,-73.931645,40.83187833,1.3843499999847472e-08,0.0005579946567967505
2672,-73.93162667,40.83193833,7.745150000100987e-08,0.0012894163190877138
2673,-73.93161,40.83199167,7.745150000100987e-08,0.0012894163190877138
2674,-73.93158,40.83207667,7.745150000100987e-08,0.0012894163190877138
2675,-73.93156833,40.83211833,7.745150000100987e-08,0.0012894163190877138
2676,-73.93155,40.83215333,1.1755500000315363e-08,0.00073507766096633
2677,-73.93154,40.83217833,1.1755500000315363e-08,0.00073507766096633
2678,-73.931535,40.832215,1.1755500000315363e-08,0.00073507766096633
2679,-73.93148333,40.83236833,2.337754999922589e-07,0.002543875967558197
2680,-73.931465,40.83239667,2.337754999922589e-07,0.002543875967558197
2681,-73.93144833,40.832425,2.337754999922589e-07,0.002543875967558197
2682,-73.93143167,40.83246,2.337754999922589e-07,0.002543875967558197
2683,-73.93141167,40.8325,2.337754999922589e-07,0.002543875967558197
2684,-73.931315,40.83269333,2.337754999922589e-07,0.002543875967558197
2685,-73.93129167,40.83273667,2.337754999922589e-07,0.002543875967558197
2686,-73.93127333,40.83276,2.337754999922589e-07,0.002543875967558197
2687,-73.93101167,40.83321167,9.675799999904322e-08,0.001262006425760144
2688,-73.930995,40.83324333,9.675799999904322e-08,0.001262006425760144
2689,-73.93098,40.83327167,9.675799999904322e-08,0.001262006425760144
2690,-73.93097167,40.83329833,9.675799999904322e-08,0.001262006425760144
2691,-73.93095667,40.83333167,2.646600000007303e-08,0.0006764109984572796
2692,-73.93093833,40.833365,2.646600000007303e-08,0.0006764109984572796
2693,-73.93092,40.83340167,2.646600000007303e-08,0.0006764109984572796
2694,-73.93090333,40.833445,2.646600000007303e-08,0.0006764109984572796
2695,-73.93088833,40.83348833,2.646600000007303e-08,0.0006764109984572796
2696,-73.930875,40.833535,2.646600000007303e-08,0.0006764109984572796
2697,-73.930855,40.83358,2.646600000007303e-08,0.0006764109984572796
2698,-73.93083,40.83362667,2.646600000007303e-08,0.0006764109984572796
2699,-73.9308,40.83367667,2.646600000007303e-08,0.0006764109984572796
2700,-73.93077333,40.83372333,2.646600000007303e-08,0.0006764109984572796
2701,-73.93075,40.83376667,2.646600000007303e-08,0.0006764109984572796
2702,-73.93073167,40.83380833,2.646600000007303e-08,0.0006764109984572796
2703,-73.93070833,40.83385167,2.646600000007303e-08,0.0006764109984572796
2704,-73.93068667,40.83389,1.0363500000430707e-08,0.00044118003269022195
2705,-73.93066,40.83392167,1.0363500000430707e-08,0.00044118003269022195
2706,-73.930635,40.83395167,1.0363500000430707e-08,0.00044118003269022195
2707,-73.93062167,40.83398667,1.0363500000430707e-08,0.00044118003269022195
2708,-73.93061333,40.83403,1.0363500000430707e-08,0.00044118003269022195
2709,-73.9306,40.83406833,1.0363500000430707e-08,0.00044118003269022195
2710,-73.93058,40.83411167,1.0363500000430707e-08,0.00044118003269022195
2711,-73.93050667,40.83420333,1.0363500000430707e-08,0.00044118003269022195
2712,-73.930475,40.83425167,9.134949999924632e-08,0.0013806653583266844
2713,-73.93044333,40.83429833,9.134949999924632e-08,0.0013806653583266844
2714,-73.93041667,40.83434833,9.134949999924632e-08,0.0013806653583266844
2715,-73.93039333,40.83439833,9.134949999924632e-08,0.0013806653583266844
2716,-73.930375,40.83444167,9.134949999924632e-08,0.0013806653583266844
2717,-73.93032833,40.83451333,9.134949999924632e-08,0.0013806653583266844
2718,-73.93028167,40.83455,9.134949999924632e-08,0.0013806653583266844
2719,-73.93025833,40.83456333,9.134949999924632e-08,0.0013806653583266844
2720,-73.93000667,40.83459333,4.8601000001175284e-08,0.0009740422455400857
2721,-73.92992167,40.834605,4.8601000001175284e-08,0.0009740422455400857
2722,-73.92983667,40.83462,4.8601000001175284e-08,0.0009740422455400857
2723,-73.92974667,40.83463333,4.8601000001175284e-08,0.0009740422455400857
2724,-73.92961833,40.83464167,8.740549999990944e-08,0.0012668503067823317
2725,-73.92956167,40.83465,8.740549999990944e-08,0.0012668503067823317
2726,-73.92951667,40.83465667,8.740549999990944e-08,0.0012668503067823317
2727,-73.92946333,40.83467,8.740549999990944e-08,0.0012668503067823317
2728,-73.929395,40.834675,8.740549999990944e-08,0.0012668503067823317
2729,-73.92931833,40.83465833,8.349050000142091e-08,0.0014597170959497587
2730,-73.92923,40.83462333,1.0833999999799293e-08,0.0004253109399654783
2731,-73.92913833,40.83460833,1.0833999999799293e-08,0.0004253109399654783
2732,-73.92903833,40.83459667,1.0833999999799293e-08,0.0004253109399654783
2733,-73.928945,40.83457333,1.0833999999799293e-08,0.0004253109399654783
2734,-73.928865,40.83454667,7.077999999929847e-08,0.0011768345628170227
2735,-73.928805,40.83452,7.077999999929847e-08,0.0011768345628170227
2736,-73.92875833,40.83449833,7.077999999929847e-08,0.0011768345628170227
2737,-73.92872833,40.834485,7.077999999929847e-08,0.0011768345628170227
2738,-73.92851,40.83436333,1.4208000000163422e-08,0.0005166554032881707
2739,-73.92847833,40.83435333,1.4208000000163422e-08,0.0005166554032881707
2740,-73.92844833,40.83434333,1.4208000000163422e-08,0.0005166554032881707
2741,-73.92841333,40.83433,1.4208000000163422e-08,0.0005166554032881707
2742,-73.92830667,40.83428333,1.8038499999753665e-08,0.0005466276025234027
2743,-73.928225,40.834255,1.8038499999753665e-08,0.0005466276025234027
2744,-73.92817833,40.83424167,1.8038499999753665e-08,0.0005466276025234027
2745,-73.92812833,40.83423167,1.8038499999753665e-08,0.0005466276025234027
2746,-73.92808333,40.83423,1.8038499999753665e-08,0.0005466276025234027
2747,-73.92799167,40.834215,6.032650000011448e-08,0.0013331810491631864
2748,-73.92795833,40.834205,6.032650000011448e-08,0.0013331810491631864
2749,-73.92786,40.83417167,6.032650000011448e-08,0.0013331810491631864
2750,-73.927805,40.834155,6.032650000011448e-08,0.0013331810491631864
2751,-73.92773667,40.83413667,6.032650000011448e-08,0.0013331810491631864
2752,-73.92765333,40.834125,1.168064999979626e-07,0.002181590808023309
2753,-73.92757667,40.83410833,1.6938850000029516e-07,0.003070566145133829
2754,-73.92750333,40.83409333,1.6938850000029516e-07,0.003070566145133829
2755,-73.92735167,40.83406333,1.6938850000029516e-07,0.003070566145133829
2756,-73.92727333,40.83405,1.6938850000029516e-07,0.003070566145133829
2757,-73.927165,40.834025,1.6938850000029516e-07,0.003070566145133829
2758,-73.927135,40.83401333,1.6938850000029516e-07,0.003070566145133829
2759,-73.92710333,40.83401,1.6938850000029516e-07,0.003070566145133829
2760,-73.92705333,40.83401833,1.6938850000029516e-07,0.003070566145133829
2761,-73.927005,40.83404333,1.6938850000029516e-07,0.003070566145133829
2762,-73.92696667,40.83407333,1.6938850000029516e-07,0.003070566145133829
2763,-73.92693333,40.83411,1.6938850000029516e-07,0.003070566145133829
2764,-73.92686833,40.83419,1.441309999990368e-07,0.0024890997591747468
2765,-73.92683667,40.83423167,1.441309999990368e-07,0.0024890997591747468
2766,-73.9268,40.83428167,1.441309999990368e-07,0.0024890997591747468
2767,-73.92676,40.834335,1.441309999990368e-07,0.0024890997591747468
2768,-73.92671167,40.834395,1.441309999990368e-07,0.0024890997591747468
2769,-73.92666833,40.83445667,1.441309999990368e-07,0.0024890997591747468
2770,-73.92662667,40.83451667,1.441309999990368e-07,0.0024890997591747468
2771,-73.92658667,40.83457833,1.441309999990368e-07,0.0024890997591747468
2772,-73.92654667,40.83463167,1.441309999990368e-07,0.0024890997591747468
2773,-73.926415,40.83474333,7.33970000003587e-08,0.0012763905083132347
2774,-73.926345,40.834825,7.33970000003587e-08,0.0012763905083132347
2775,-73.92626667,40.83489667,7.33970000003587e-08,0.0012763905083132347
2776,-73.92624833,40.834915,7.33970000003587e-08,0.0012763905083132347
2777,-73.92622833,40.83493,7.33970000003587e-08,0.0012763905083132347
2778,-73.92619667,40.83499,7.33970000003587e-08,0.0012763905083132347
2779,-73.92620667,40.83501167,7.33970000003587e-08,0.0012763905083132347
2780,-73.92624167,40.83503333,7.33970000003587e-08,0.0012763905083132347
2781,-73.926285,40.83505333,7.33970000003587e-08,0.0012763905083132347
2782,-73.92632667,40.835075,2.782800000038984e-08,0.0006871195544907328
2783,-73.92635833,40.83509167,2.782800000038984e-08,0.0006871195544907328
2784,-73.92638167,40.835105,2.782800000038984e-08,0.0006871195544907328
2785,-73.92647167,40.83514667,2.782800000038984e-08,0.0006871195544907328
2786,-73.92651333,40.83515833,2.782800000038984e-08,0.0006871195544907328
2787,-73.92656333,40.835175,2.782800000038984e-08,0.0006871195544907328
2788,-73.92661667,40.83519333,2.782800000038984e-08,0.0006871195544907328
2789,-73.92667,40.83521333,2.782800000038984e-08,0.0006871195544907328
2790,-73.92672333,40.83523667,2.782800000038984e-08,0.0006871195544907328
2791,-73.92681,40.83527167,2.782800000038984e-08,0.0006871195544907328
2792,-73.92684167,40.835285,2.782800000038984e-08,0.0006871195544907328
2793,-73.92688,40.83529833,2.782800000038984e-08,0.0006871195544907328
2794,-73.92700833,40.83533,8.823899999920364e-08,0.0015629947762821573
2795,-73.92707333,40.83535,8.823899999920364e-08,0.0015629947762821573
2796,-73.92713167,40.835375,8.823899999920364e-08,0.0015629947762821573
2797,-73.92718667,40.835395,8.823899999920364e-08,0.0015629947762821573
2798,-73.92730333,40.83543333,1.1786600000132388e-07,0.002186481838357344
2799,-73.92736167,40.83545333,1.1786600000132388e-07,0.002186481838357344
2800,-73.92744833,40.83548667,1.1786600000132388e-07,0.002186481838357344
2801,-73.92762667,40.83578667,1.1719599999904403e-07,0.001381295398005028
2802,-73.927605,40.83582833,1.1719599999904403e-07,0.001381295398005028
2803,-73.92755667,40.83593,1.1719599999904403e-07,0.001381295398005028
2804,-73.92754833,40.83595,1.1719599999904403e-07,0.001381295398005028
2805,-73.92754167,40.83596833,1.1719599999904403e-07,0.001381295398005028
2806,-73.92753833,40.83599,1.1719599999904403e-07,0.001381295398005028
2807,-73.92753167,40.836015,1.1719599999904403e-07,0.001381295398005028
2808,-73.927525,40.83604667,1.1719599999904403e-07,0.001381295398005028
2809,-73.92748833,40.83615,1.1719599999904403e-07,0.001381295398005028
2810,-73.92745333,40.83620833,1.1719599999904403e-07,0.001381295398005028
2811,-73.92741667,40.83626833,1.7079799999882672e-07,0.0030053372398112874
2812,-73.92738333,40.83632333,1.7079799999882672e-07,0.0030053372398112874
2813,-73.927355,40.83637333,1.7079799999882672e-07,0.0030053372398112874
2814,-73.92734333,40.83641833,1.7079799999882672e-07,0.0030053372398112874
2815,-73.92733167,40.836455,1.7079799999882672e-07,0.0030053372398112874
2816,-73.92730833,40.83651,1.7079799999882672e-07,0.0030053372398112874
2817,-73.927295,40.83653833,1.7079799999882672e-07,0.0030053372398112874
2818,-73.92726833,40.83656333,1.7079799999882672e-07,0.0030053372398112874
2819,-73.92724833,40.83659,1.7079799999882672e-07,0.0030053372398112874
2820,-73.92723333,40.83661167,1.7079799999882672e-07,0.0030053372398112874
2821,-73.927195,40.83666,1.7079799999882672e-07,0.0030053372398112874
2822,-73.927175,40.83668833,1.7079799999882672e-07,0.0030053372398112874
2823,-73.92715167,40.83673333,1.7079799999882672e-07,0.0030053372398112874
2824,-73.92713167,40.83692167,1.0274500000471551e-08,0.0004248653335442332
2825,-73.92717,40.83696833,1.0274500000471551e-08,0.0004248653335442332
2826,-73.92717833,40.83698667,1.0274500000471551e-08,0.0004248653335442332
2827,-73.92727,40.83709167,1.0274500000471551e-08,0.0004248653335442332
2828,-73.92729833,40.83712833,1.0274500000471551e-08,0.0004248653335442332
2829,-73.927325,40.837155,1.0274500000471551e-08,0.0004248653335442332
2830,-73.92745667,40.83732333,4.0770500001937635e-08,0.001001697293458734
2831,-73.92749833,40.837435,4.0770500001937635e-08,0.001001697293458734
2832,-73.927515,40.837495,4.0770500001937635e-08,0.001001697293458734
2833,-73.92753167,40.83754833,1.67880000001315e-08,0.0006078539923780948
2834,-73.92755,40.8376,1.67880000001315e-08,0.0006078539923780948
2835,-73.92757333,40.837655,1.67880000001315e-08,0.0006078539923780948
2836,-73.92760333,40.83771833,1.67880000001315e-08,0.0006078539923780948
2837,-73.92762333,40.837785,1.67880000001315e-08,0.0006078539923780948
2838,-73.92763667,40.83785667,4.6992500000092355e-08,0.0009899784819336027
2839,-73.92766167,40.83792833,4.6992500000092355e-08,0.0009899784819336027
2840,-73.927735,40.83807,4.6992500000092355e-08,0.0009899784819336027
2841,-73.927775,40.83814167,4.6992500000092355e-08,0.0009899784819336027
2842,-73.92781667,40.83820833,4.6992500000092355e-08,0.0009899784819336027
2843,-73.92785167,40.83826667,4.6992500000092355e-08,0.0009899784819336027
2844,-73.92788333,40.83832167,4.6992500000092355e-08,0.0009899784819336027
2845,-73.92791167,40.83837167,4.6992500000092355e-08,0.0009899784819336027
2846,-73.92795,40.83841333,4.6992500000092355e-08,0.0009899784819336027
2847,-73.92798833,40.83844667,4.6992500000092355e-08,0.0009899784819336027
2848,-73.928025,40.83847167,4.6992500000092355e-08,0.0009899784819336027
2849,-73.92805167,40.83853667,4.6992500000092355e-08,0.0009899784819336027
2850,-73.92806167,40.83856333,4.6992500000092355e-08,0.0009899784819336027
2851,-73.92806833,40.83858333,4.6992500000092355e-08,0.0009899784819336027
2852,-73.92803167,40.838645,4.6992500000092355e-08,0.0009899784819336027
2853,-73.92787667,40.83864333,4.6992500000092355e-08,0.0009899784819336027
2854,-73.9278,40.83862833,4.6992500000092355e-08,0.0009899784819336027
2855,-73.92772333,40.83861667,4.6992500000092355e-08,0.0009899784819336027
2856,-73.92765167,40.83860833,4.6992500000092355e-08,0.0009899784819336027
2857,-73.92746,40.83858333,1.520499999981153e-08,0.000590671640606159
2858,-73.92741333,40.838575,1.520499999981153e-08,0.000590671640606159
2859,-73.92737333,40.83856833,1.520499999981153e-08,0.000590671640606159
2860,-73.92727167,40.83858667,1.520499999981153e-08,0.000590671640606159
2861,-73.92715,40.83858,1.520499999981153e-08,0.000590671640606159
2862,-73.92711,40.83858167,1.520499999981153e-08,0.000590671640606159
2863,-73.92686167,40.838615,9.181599999711811e-08,0.001363431573052428
2864,-73.92682667,40.83861667,9.181599999711811e-08,0.001363431573052428
2865,-73.92660167,40.83859167,9.181599999711811e-08,0.001363431573052428
2866,-73.92656833,40.83859167,9.181599999711811e-08,0.001363431573052428
2867,-73.9264,40.83857167,9.181599999711811e-08,0.001363431573052428
2868,-73.92622167,40.83854333,9.181599999711811e-08,0.001363431573052428
2869,-73.92611167,40.8387,9.181599999711811e-08,0.001363431573052428
2870,-73.92607333,40.83875333,9.181599999711811e-08,0.001363431573052428
2871,-73.926045,40.83879667,9.181599999711811e-08,0.001363431573052428
2872,-73.926025,40.83883167,9.181599999711811e-08,0.001363431573052428
2873,-73.92601333,40.83885333,9.181599999711811e-08,0.001363431573052428
2874,-73.925925,40.838995,7.921499999664542e-08,0.0012129993027415213
2875,-73.92589833,40.839055,7.921499999664542e-08,0.0012129993027415213
2876,-73.92584333,40.83917833,7.921499999664542e-08,0.0012129993027415213
2877,-73.925805,40.839235,1.560200000075918e-08,0.0005152245066313589
2878,-73.925765,40.83928833,1.560200000075918e-08,0.0005152245066313589
2879,-73.925725,40.83934667,1.560200000075918e-08,0.0005152245066313589
2880,-73.92569833,40.83940333,1.560200000075918e-08,0.0005152245066313589
2881,-73.92566167,40.83946333,1.560200000075918e-08,0.0005152245066313589
2882,-73.92562333,40.83952667,1.560200000075918e-08,0.0005152245066313589
2883,-73.92554667,40.83966,1.0113250000042693e-07,0.0015112996921133222
2884,-73.92551,40.83973,1.0113250000042693e-07,0.0015112996921133222
2885,-73.92546667,40.83980333,1.0113250000042693e-07,0.0015112996921133222
2886,-73.92542667,40.83987667,1.0113250000042693e-07,0.0015112996921133222
2887,-73.92538167,40.83993667,1.0113250000042693e-07,0.0015112996921133222
2888,-73.92535,40.83998833,1.0113250000042693e-07,0.0015112996921133222
2889,-73.92532667,40.84002833,1.0113250000042693e-07,0.0015112996921133222
2890,-73.92531,40.840055,1.0113250000042693e-07,0.0015112996921133222
2891,-73.92547167,40.84012167,1.0113250000042693e-07,0.0015112996921133222
2892,-73.92551833,40.84010833,1.0113250000042693e-07,0.0015112996921133222
2893,-73.92561333,40.84011333,1.0113250000042693e-07,0.0015112996921133222
2894,-73.92569167,40.84011833,1.0113250000042693e-07,0.0015112996921133222
2895,-73.92579167,40.84012,1.0925000000291914e-08,0.0004636500184642087
2896,-73.925885,40.84012,1.0925000000291914e-08,0.0004636500184642087
2897,-73.92612333,40.84015667,1.0925000000291914e-08,0.0004636500184642087
2898,-73.92618,40.84016667,1.0925000000291914e-08,0.0004636500184642087
2899,-73.92621667,40.840175,1.0925000000291914e-08,0.0004636500184642087
2900,-73.926245,40.84018333,1.0925000000291914e-08,0.0004636500184642087
2901,-73.92632833,40.84023167,1.0925000000291914e-08,0.0004636500184642087
2902,-73.92633667,40.84026333,1.0925000000291914e-08,0.0004636500184642087
2903,-73.92631667,40.84029,1.0925000000291914e-08,0.0004636500184642087
2904,-73.92628667,40.84033,1.0925000000291914e-08,0.0004636500184642087
2905,-73.92626167,40.84037833,1.0925000000291914e-08,0.0004636500184642087
2906,-73.92623167,40.84042833,1.0925000000291914e-08,0.0004636500184642087
2907,-73.92620667,40.84048167,1.0925000000291914e-08,0.0004636500184642087
2908,-73.92617667,40.84053167,1.0925000000291914e-08,0.0004636500184642087
2909,-73.92614833,40.84058,1.0925000000291914e-08,0.0004636500184642087
2910,-73.92611667,40.84063,1.0925000000291914e-08,0.0004636500184642087
2911,-73.92609167,40.84068,1.0925000000291914e-08,0.0004636500184642087
2912,-73.92606167,40.840725,1.0925000000291914e-08,0.0004636500184642087
2913,-73.92603167,40.84077333,1.647820000000155e-07,0.002741651859902837
2914,-73.925995,40.84082333,1.647820000000155e-07,0.002741651859902837
2915,-73.92596,40.84087333,1.647820000000155e-07,0.002741651859902837
2916,-73.925925,40.84092,1.647820000000155e-07,0.002741651859902837
2917,-73.925895,40.84096833,1.647820000000155e-07,0.002741651859902837
2918,-73.92586,40.84102,1.647820000000155e-07,0.002741651859902837
2919,-73.92585333,40.84107,1.647820000000155e-07,0.002741651859902837
2920,-73.92581833,40.84111833,1.7116549999930517e-07,0.0019205077306409415
2921,-73.925755,40.84122167,1.7116549999930517e-07,0.0019205077306409415
2922,-73.92569,40.841355,1.7116549999930517e-07,0.0019205077306409415
2923,-73.925665,40.84139,1.7116549999930517e-07,0.0019205077306409415
2924,-73.92562167,40.84146333,1.7116549999930517e-07,0.0019205077306409415
2925,-73.92559667,40.84149667,1.7116549999930517e-07,0.0019205077306409415
2926,-73.92557833,40.84152667,1.7116549999930517e-07,0.0019205077306409415
2927,-73.92556333,40.84154667,1.7116549999930517e-07,0.0019205077306409415
2928,-73.92549333,40.84177667,1.7116549999930517e-07,0.0019205077306409415
2929,-73.92543167,40.84189667,1.3396000000083858e-07,0.0024094161467693395
2930,-73.92538833,40.84195333,1.3396000000083858e-07,0.0024094161467693395
2931,-73.9253,40.84206833,1.3396000000083858e-07,0.0024094161467693395
2932,-73.92524,40.842145,1.3396000000083858e-07,0.0024094161467693395
2933,-73.925225,40.84217333,1.3396000000083858e-07,0.0024094161467693395
2934,-73.92520667,40.84220167,1.3396000000083858e-07,0.0024094161467693395
2935,-73.92518667,40.84222833,1.3396000000083858e-07,0.0024094161467693395
2936,-73.92516167,40.84226,1.3396000000083858e-07,0.0024094161467693395
2937,-73.92509833,40.84232667,1.3396000000083858e-07,0.0024094161467693395
2938,-73.92507833,40.84236667,1.3396000000083858e-07,0.0024094161467693395
2939,-73.92504833,40.84242,1.3396000000083858e-07,0.0024094161467693395
2940,-73.92501667,40.842465,1.3396000000083858e-07,0.0024094161467693395
2941,-73.92498333,40.84250333,2.474174999994264e-07,0.00326828333711408
2942,-73.924945,40.84253333,2.474174999994264e-07,0.00326828333711408
2943,-73.92490667,40.842565,2.474174999994264e-07,0.00326828333711408
2944,-73.92487333,40.84259833,2.474174999994264e-07,0.00326828333711408
2945,-73.92485333,40.84263667,2.474174999994264e-07,0.00326828333711408
2946,-73.92481333,40.84267667,2.474174999994264e-07,0.00326828333711408
2947,-73.92479167,40.84271333,4.245899999845995e-08,0.000903615377944872
2948,-73.92477,40.84276667,4.245899999845995e-08,0.000903615377944872
2949,-73.92473833,40.84281833,4.245899999845995e-08,0.000903615377944872
2950,-73.92471833,40.84288667,4.245899999845995e-08,0.000903615377944872
2951,-73.92469333,40.84296,4.245899999845995e-08,0.000903615377944872
2952,-73.92467833,40.84302833,4.245899999845995e-08,0.000903615377944872
2953,-73.92464667,40.843155,4.245899999845995e-08,0.000903615377944872
2954,-73.92464167,40.84321333,4.245899999845995e-08,0.000903615377944872
2955,-73.92463667,40.84326333,4.245899999845995e-08,0.000903615377944872
2956,-73.924625,40.84333667,4.245899999845995e-08,0.000903615377944872
2957,-73.92462167,40.84336,4.245899999845995e-08,0.000903615377944872
2958,-73.92462333,40.84337667,4.245899999845995e-08,0.000903615377944872
2959,-73.92458833,40.843475,4.245899999845995e-08,0.000903615377944872
2960,-73.924555,40.84352167,4.245899999845995e-08,0.000903615377944872
2961,-73.92452167,40.84357333,1.0496249999993442e-07,0.001355110136169088
2962,-73.92443,40.84363167,1.0496249999993442e-07,0.001355110136169088
2963,-73.92432,40.84373,1.0496249999993442e-07,0.001355110136169088
2964,-73.92429833,40.84374833,1.0496249999993442e-07,0.001355110136169088
2965,-73.92427833,40.84376833,1.0496249999993442e-07,0.001355110136169088
2966,-73.92425667,40.84378833,1.0496249999993442e-07,0.001355110136169088
2967,-73.92424,40.84380667,1.0496249999993442e-07,0.001355110136169088
2968,-73.92423,40.843825,1.0496249999993442e-07,0.001355110136169088
2969,-73.92417667,40.84387333,1.0496249999993442e-07,0.001355110136169088
2970,-73.92416167,40.843905,1.0496249999993442e-07,0.001355110136169088
2971,-73.92415,40.84393833,1.0496249999993442e-07,0.001355110136169088
2972,-73.92412667,40.84396833,1.0496249999993442e-07,0.001355110136169088
2973,-73.92408833,40.84398833,1.0496249999993442e-07,0.001355110136169088
2974,-73.92405,40.844,1.0496249999993442e-07,0.001355110136169088
2975,-73.92400833,40.84401833,1.0496249999993442e-07,0.001355110136169088
2976,-73.92392833,40.844065,1.0496249999993442e-07,0.001355110136169088
2977,-73.92389,40.84408833,1.0496249999993442e-07,0.001355110136169088
2978,-73.92384833,40.84411,1.0496249999993442e-07,0.001355110136169088
2979,-73.92378833,40.84412333,1.0496249999993442e-07,0.001355110136169088
2980,-73.923655,40.84414333,1.0496249999993442e-07,0.001355110136169088
2981,-73.92360833,40.844145,5.041954999907235e-07,0.006117026046955282
2982,-73.92344833,40.84410333,5.041954999907235e-07,0.006117026046955282
2983,-73.92342333,40.84410167,5.041954999907235e-07,0.006117026046955282
2984,-73.92328333,40.844055,5.041954999907235e-07,0.006117026046955282
2985,-73.92326333,40.84403833,5.041954999907235e-07,0.006117026046955282
2986,-73.92326,40.843985,5.041954999907235e-07,0.006117026046955282
2987,-73.92325833,40.84391333,5.041954999907235e-07,0.006117026046955282
2988,-73.92325,40.84383833,5.041954999907235e-07,0.006117026046955282
2989,-73.92323333,40.843755,5.041954999907235e-07,0.006117026046955282
2990,-73.92323167,40.84368167,5.041954999907235e-07,0.006117026046955282
2991,-73.92323667,40.84361833,5.041954999907235e-07,0.006117026046955282
2992,-73.92323833,40.84356667,5.041954999907235e-07,0.006117026046955282
2993,-73.92323667,40.843525,5.041954999907235e-07,0.006117026046955282
2994,-73.92323667,40.84348833,5.041954999907235e-07,0.006117026046955282
2995,-73.923235,40.84345,5.041954999907235e-07,0.006117026046955282
2996,-73.92323333,40.843415,5.041954999907235e-07,0.006117026046955282
2997,-73.92323333,40.84338667,5.041954999907235e-07,0.006117026046955282
2998,-73.92323167,40.84336167,5.041954999907235e-07,0.006117026046955282
2999,-73.92323,40.84333833,5.041954999907235e-07,0.006117026046955282
3000,-73.923205,40.84323,5.041954999907235e-07,0.006117026046955282
3001,-73.92319667,40.84317167,5.041954999907235e-07,0.006117026046955282
3002,-73.92316833,40.84308,5.041954999907235e-07,0.006117026046955282
3003,-73.92315833,40.84304167,5.041954999907235e-07,0.006117026046955282
3004,-73.923145,40.843,5.041954999907235e-07,0.006117026046955282
3005,-73.9231,40.84289667,5.041954999907235e-07,0.006117026046955282
3006,-73.923075,40.84283833,5.041954999907235e-07,0.006117026046955282
3007,-73.92304333,40.84277167,5.041954999907235e-07,0.006117026046955282
3008,-73.923015,40.842695,5.163550000078816e-08,0.0010040511017145046
3009,-73.92298833,40.842615,8.682000000071657e-09,0.00037563559944601857
3010,-73.922955,40.84252833,8.682000000071657e-09,0.00037563559944601857
3011,-73.92292333,40.84244667,8.682000000071657e-09,0.00037563559944601857
3012,-73.92289667,40.84236167,8.682000000071657e-09,0.00037563559944601857
3013,-73.92287,40.84227667,8.682000000071657e-09,0.00037563559944601857
3014,-73.92283833,40.84219,8.682000000071657e-09,0.00037563559944601857
3015,-73.9228,40.84210333,8.682000000071657e-09,0.00037563559944601857
3016,-73.92275667,40.84201667,8.682000000071657e-09,0.00037563559944601857
3017,-73.92271,40.841935,8.682000000071657e-09,0.00037563559944601857
3018,-73.92267167,40.841855,8.682000000071657e-09,0.00037563559944601857
3019,-73.92264,40.84177833,8.682000000071657e-09,0.00037563559944601857
3020,-73.92261167,40.84170333,2.0551749999789866e-07,0.0033454706777110623
3021,-73.92258333,40.84163,2.0551749999789866e-07,0.0033454706777110623
3022,-73.92255,40.841555,2.0551749999789866e-07,0.0033454706777110623
3023,-73.9225,40.84148333,2.0551749999789866e-07,0.0033454706777110623
3024,-73.92245333,40.84141333,2.0551749999789866e-07,0.0033454706777110623
3025,-73.92240667,40.84134833,5.352449999965178e-08,0.0010526148445839229
3026,-73.92235667,40.84129,8.579199999914309e-08,0.0013045553899654273
3027,-73.922305,40.84124167,8.579199999914309e-08,0.0013045553899654273
3028,-73.92225667,40.84119833,8.579199999914309e-08,0.0013045553899654273
3029,-73.92221667,40.841155,8.579199999914309e-08,0.0013045553899654273
3030,-73.92219,40.84111833,8.579199999914309e-08,0.0013045553899654273
3031,-73.92217,40.84109,8.579199999914309e-08,0.0013045553899654273
3032,-73.92215667,40.84107167,8.579199999914309e-08,0.0013045553899654273
3033,-73.92201833,40.84106167,6.794799999995983e-08,0.0013648106051894504
3034,-73.922,40.84107667,6.794799999995983e-08,0.0013648106051894504
3035,-73.92178167,40.84126667,5.352449999965178e-08,0.0010526148445839229
3036,-73.92173833,40.84130667,5.352449999965178e-08,0.0010526148445839229
3037,-73.921715,40.841325,5.352449999965178e-08,0.0010526148445839229
3038,-73.92150667,40.841505,5.352449999965178e-08,0.0010526148445839229
3039,-73.921485,40.84154167,5.352449999965178e-08,0.0010526148445839229
3040,-73.92145833,40.841585,1.0183899999884184e-07,0.0015709536723684239
3041,-73.92143,40.841635,4.476034999989867e-07,0.005111749614114952
3042,-73.92138667,40.84168833,4.476034999989867e-07,0.005111749614114952
3043,-73.921335,40.84174833,4.476034999989867e-07,0.005111749614114952
3044,-73.92128667,40.84181,4.476034999989867e-07,0.005111749614114952
3045,-73.92124667,40.841865,4.476034999989867e-07,0.005111749614114952
3046,-73.92120667,40.84191333,4.476034999989867e-07,0.005111749614114952
3047,-73.92118,40.84195833,4.476034999989867e-07,0.005111749614114952
3048,-73.92115,40.841995,4.476034999989867e-07,0.005111749614114952
3049,-73.92107,40.84212667,4.476034999989867e-07,0.005111749614114952
3050,-73.921045,40.842175,4.476034999989867e-07,0.005111749614114952
3051,-73.92103833,40.84221667,2.07041000002157e-07,0.003562816687340145
3052,-73.92101833,40.84230167,2.07041000002157e-07,0.003562816687340145
3053,-73.92098333,40.84235,2.07041000002157e-07,0.003562816687340145
3054,-73.92094167,40.842405,2.07041000002157e-07,0.003562816687340145
3055,-73.92090333,40.84246,2.07041000002157e-07,0.003562816687340145
3056,-73.92086333,40.84251833,2.07041000002157e-07,0.003562816687340145
3057,-73.92082167,40.84257667,2.07041000002157e-07,0.003562816687340145
3058,-73.92077833,40.84263333,6.174600000217308e-08,0.0010905784169736301
3059,-73.92073833,40.842685,6.174600000217308e-08,0.0010905784169736301
3060,-73.920695,40.84272833,6.174600000217308e-08,0.0010905784169736301
3061,-73.920655,40.84276667,1.6979999999062517e-08,0.0006186553854285601
3062,-73.92061833,40.842805,1.6979999999062517e-08,0.0006186553854285601
3063,-73.92058333,40.84284667,1.6979999999062517e-08,0.0006186553854285601
3064,-73.92055167,40.84288833,1.1398099999847036e-07,0.0016176754952777598
3065,-73.92051167,40.84293333,1.1398099999847036e-07,0.0016176754952777598
3066,-73.92047167,40.84299,1.1398099999847036e-07,0.0016176754952777598
3067,-73.92038333,40.84311167,1.1398099999847036e-07,0.0016176754952777598
3068,-73.92034,40.843175,1.1398099999847036e-07,0.0016176754952777598
3069,-73.9203,40.843235,1.0775150000209433e-07,0.0015769092150987858
3070,-73.92026167,40.84329667,1.0775150000209433e-07,0.0015769092150987858
3071,-73.92022667,40.84335667,1.0775150000209433e-07,0.0015769092150987858
3072,-73.92019167,40.84341167,1.0775150000209433e-07,0.0015769092150987858
3073,-73.92016167,40.84345833,1.0775150000209433e-07,0.0015769092150987858
3074,-73.92014333,40.84349167,1.0775150000209433e-07,0.0015769092150987858
3075,-73.92013667,40.843505,1.0775150000209433e-07,0.0015769092150987858
3076,-73.92012167,40.84351167,1.0775150000209433e-07,0.0015769092150987858
3077,-73.92009333,40.84353,1.0775150000209433e-07,0.0015769092150987858
3078,-73.91981167,40.84349167,1.0775150000209433e-07,0.0015769092150987858
3079,-73.91974667,40.84346167,1.0775150000209433e-07,0.0015769092150987858
3080,-73.91968167,40.84342833,1.0775150000209433e-07,0.0015769092150987858
3081,-73.919615,40.84340167,1.0775150000209433e-07,0.0015769092150987858
3082,-73.91954833,40.843375,3.268199999998821e-08,0.000745992532207192
3083,-73.91948333,40.84335333,3.268199999998821e-08,0.000745992532207192
3084,-73.91942667,40.84333667,3.268199999998821e-08,0.000745992532207192
3085,-73.91938333,40.84332167,3.268199999998821e-08,0.000745992532207192
3086,-73.91935667,40.843315,3.268199999998821e-08,0.000745992532207192
3087,-73.91925,40.84334833,3.268199999998821e-08,0.000745992532207192
3088,-73.91921167,40.84337667,3.268199999998821e-08,0.000745992532207192
3089,-73.91917667,40.84341333,3.268199999998821e-08,0.000745992532207192
3090,-73.91914333,40.84345167,3.268199999998821e-08,0.000745992532207192
3091,-73.91910833,40.84349667,3.268199999998821e-08,0.000745992532207192
3092,-73.91901833,40.843595,3.268199999998821e-08,0.000745992532207192
3093,-73.91897,40.84365333,3.268199999998821e-08,0.000745992532207192
3094,-73.91892667,40.84371167,1.6311900000461497e-07,0.001957216728253497
3095,-73.91887833,40.84376833,1.6311900000461497e-07,0.001957216728253497
3096,-73.91883333,40.843825,1.6311900000461497e-07,0.001957216728253497
3097,-73.918785,40.84388167,1.6311900000461497e-07,0.001957216728253497
3098,-73.91873333,40.84393833,1.6311900000461497e-07,0.001957216728253497
3099,-73.91863167,40.84404667,1.6311900000461497e-07,0.001957216728253497
3100,-73.91855667,40.84410167,1.4776999999627933e-08,0.0006013224241971367
3101,-73.91848833,40.844155,1.4776999999627933e-08,0.0006013224241971367
3102,-73.91845167,40.84421167,1.4776999999627933e-08,0.0006013224241971367
3103,-73.91842667,40.84428,1.4776999999627933e-08,0.0006013224241971367
3104,-73.918405,40.84435333,1.4569499999048564e-08,0.0006023366889591605
3105,-73.91838333,40.84442833,1.8324000000827352e-08,0.0006831297775646953
3106,-73.91835333,40.84458167,2.003449999982494e-08,0.0005679258981484412
3107,-73.91832667,40.84473833,2.003449999982494e-08,0.0005679258981484412
3108,-73.9183,40.84491333,2.003449999982494e-08,0.0005679258981484412
3109,-73.91828667,40.84500667,2.003449999982494e-08,0.0005679258981484412
3110,-73.91827333,40.8451,4.6641500000699445e-08,0.0009288208018813338
3111,-73.91826333,40.84518333,4.6641500000699445e-08,0.0009288208018813338
3112,-73.91825667,40.84526667,4.6641500000699445e-08,0.0009288208018813338
3113,-73.91824667,40.84534333,4.6641500000699445e-08,0.0009288208018813338
3114,-73.91824333,40.84541833,4.6641500000699445e-08,0.0009288208018813338
3115,-73.91822667,40.84549333,4.6641500000699445e-08,0.0009288208018813338
3116,-73.918195,40.84557,4.6641500000699445e-08,0.0009288208018813338
3117,-73.91817667,40.84565333,4.6641500000699445e-08,0.0009288208018813338
3118,-73.91817667,40.84573167,4.815999999044183e-09,0.0003099999999847114
3119,-73.91817333,40.84580167,6.469449999971909e-08,0.0011409340682780066
3120,-73.91815667,40.84584667,6.469449999971909e-08,0.0011409340682780066
3121,-73.918145,40.845895,6.469449999971909e-08,0.0011409340682780066
3122,-73.91814167,40.84595,6.469449999971909e-08,0.0011409340682780066
3123,-73.91813833,40.846,6.469449999971909e-08,0.0011409340682780066
3124,-73.91813667,40.84604667,6.469449999971909e-08,0.0011409340682780066
3125,-73.91813333,40.846085,6.469449999971909e-08,0.0011409340682780066
3126,-73.91813667,40.84611333,6.469449999971909e-08,0.0011409340682780066
3127,-73.91809,40.84617,1.6480650000068053e-07,0.0024706002061028157
3128,-73.91806833,40.84618833,1.6480650000068053e-07,0.0024706002061028157
3129,-73.91803333,40.846195,1.6480650000068053e-07,0.0024706002061028157
3130,-73.91797833,40.84620833,1.6480650000068053e-07,0.0024706002061028157
3131,-73.91790833,40.84622333,1.6480650000068053e-07,0.0024706002061028157
3132,-73.91777667,40.84623333,1.6480650000068053e-07,0.0024706002061028157
3133,-73.91772667,40.846245,1.6480650000068053e-07,0.0024706002061028157
3134,-73.91766833,40.84625,1.6480650000068053e-07,0.0024706002061028157
3135,-73.917605,40.84625833,1.6480650000068053e-07,0.0024706002061028157
3136,-73.917505,40.84626333,1.6480650000068053e-07,0.0024706002061028157
3137,-73.91747,40.84624667,1.6480650000068053e-07,0.0024706002061028157
3138,-73.91744333,40.84623167,1.6480650000068053e-07,0.0024706002061028157
3139,-73.917425,40.846215,1.6480650000068053e-07,0.0024706002061028157
3140,-73.91739167,40.84618833,1.6480650000068053e-07,0.0024706002061028157
3141,-73.917345,40.846165,1.6480650000068053e-07,0.0024706002061028157
3142,-73.91733333,40.846135,1.6480650000068053e-07,0.0024706002061028157
3143,-73.917325,40.84609,1.6480650000068053e-07,0.0024706002061028157
3144,-73.917315,40.84602833,1.6480650000068053e-07,0.0024706002061028157
3145,-73.91730833,40.84596333,1.6480650000068053e-07,0.0024706002061028157
3146,-73.91730667,40.84590167,1.6480650000068053e-07,0.0024706002061028157
3147,-73.91730333,40.84583667,1.6480650000068053e-07,0.0024706002061028157
3148,-73.91729667,40.84576333,1.6480650000068053e-07,0.0024706002061028157
3149,-73.91728667,40.84568167,1.6480650000068053e-07,0.0024706002061028157
3150,-73.91730333,40.84552333,1.6480650000068053e-07,0.0024706002061028157
3151,-73.917315,40.84544167,1.6480650000068053e-07,0.0024706002061028157
3152,-73.91735667,40.845275,4.6641500000699445e-08,0.0009288208018813338
3153,-73.91740167,40.845195,4.6641500000699445e-08,0.0009288208018813338
3154,-73.917495,40.84503833,4.6641500000699445e-08,0.0009288208018813338
3155,-73.91753667,40.84496,4.6641500000699445e-08,0.0009288208018813338
3156,-73.91757167,40.84487667,2.003449999982494e-08,0.0005679258981484412
3157,-73.91759833,40.84479167,2.003449999982494e-08,0.0005679258981484412
3158,-73.91761667,40.84470167,2.003449999982494e-08,0.0005679258981484412
3159,-73.91762167,40.84461833,2.3099000000355675e-08,0.0007139807899938245
3160,-73.91761167,40.844535,2.3099000000355675e-08,0.0007139807899938245
3161,-73.91761,40.844455,2.3099000000355675e-08,0.0007139807899938245
3162,-73.91760833,40.84438333,2.3099000000355675e-08,0.0007139807899938245
3163,-73.91760333,40.84432,2.3099000000355675e-08,0.0007139807899938245
3164,-73.91759,40.844225,1.8324000000827352e-08,0.0006831297775646953
3165,-73.91747,40.84414,3.179940000017349e-07,0.0037167966806546464
3166,-73.91731,40.84407667,3.179940000017349e-07,0.0037167966806546464
3167,-73.91723167,40.84404,3.179940000017349e-07,0.0037167966806546464
3168,-73.917075,40.84397167,3.179940000017349e-07,0.0037167966806546464
3169,-73.91688167,40.84390667,3.179940000017349e-07,0.0037167966806546464
3170,-73.91673667,40.84380333,1.9369000000570595e-08,0.0007413768640799947
3171,-73.91669167,40.84378333,1.9369000000570595e-08,0.0007413768640799947
3172,-73.91664333,40.84376,1.9369000000570595e-08,0.0007413768640799947
3173,-73.91659167,40.84373833,1.9369000000570595e-08,0.0007413768640799947
3174,-73.91650667,40.84371,1.9369000000570595e-08,0.0007413768640799947
3175,-73.91625667,40.84364667,1.9369000000570595e-08,0.0007413768640799947
3176,-73.91619833,40.84361667,5.161005000046546e-07,0.0038637484823705885
3177,-73.91613,40.84358833,5.161005000046546e-07,0.0038637484823705885
3178,-73.91606667,40.84356667,5.161005000046546e-07,0.0038637484823705885
3179,-73.91601333,40.84354167,5.161005000046546e-07,0.0038637484823705885
3180,-73.91598,40.84351333,5.161005000046546e-07,0.0038637484823705885
3181,-73.91596,40.84349333,5.161005000046546e-07,0.0038637484823705885
3182,-73.91581833,40.84337833,5.161005000046546e-07,0.0038637484823705885
3183,-73.91579667,40.84339167,5.161005000046546e-07,0.0038637484823705885
3184,-73.91570333,40.84338,5.161005000046546e-07,0.0038637484823705885
3185,-73.91567167,40.84337167,5.161005000046546e-07,0.0038637484823705885
3186,-73.915565,40.84341333,9.105499999766386e-09,0.000386472852201817
3187,-73.91553167,40.84344,9.105499999766386e-09,0.000386472852201817
3188,-73.91551167,40.84346,9.105499999766386e-09,0.000386472852201817
3189,-73.91549,40.84347333,9.105499999766386e-09,0.000386472852201817
3190,-73.91542,40.84352667,9.105499999766386e-09,0.000386472852201817
3191,-73.91458,40.84432167,1.9205449999838576e-07,0.0021936917839313276
3192,-73.91453667,40.84437167,1.9205449999838576e-07,0.0021936917839313276
3193,-73.91449833,40.844415,1.9205449999838576e-07,0.0021936917839313276
3194,-73.91444333,40.84447,1.9205449999838576e-07,0.0021936917839313276
3195,-73.914395,40.84452833,1.9205449999838576e-07,0.0021936917839313276
3196,-73.91435,40.84459167,1.9205449999838576e-07,0.0021936917839313276
3197,-73.91430833,40.84464667,1.6924500000468975e-08,0.000527363942954466
3198,-73.914255,40.844705,1.6924500000468975e-08,0.000527363942954466
3199,-73.91422167,40.84474667,1.6924500000468975e-08,0.000527363942954466
3200,-73.914185,40.84478667,1.6924500000468975e-08,0.000527363942954466
3201,-73.91406333,40.844905,1.6924500000468975e-08,0.000527363942954466
3202,-73.91398167,40.84504333,1.6924500000468975e-08,0.000527363942954466
3203,-73.913945,40.84508167,1.6924500000468975e-08,0.000527363942954466
3204,-73.913915,40.84509667,1.6924500000468975e-08,0.000527363942954466
3205,-73.91383,40.84509167,1.2421999999806952e-07,0.002500588684512104
3206,-73.913775,40.84507667,1.2421999999806952e-07,0.002500588684512104
3207,-73.91371333,40.84505333,1.2421999999806952e-07,0.002500588684512104
3208,-73.91364833,40.84504333,1.2421999999806952e-07,0.002500588684512104
3209,-73.91358333,40.845035,1.2421999999806952e-07,0.002500588684512104
3210,-73.91333667,40.84496,1.2421999999806952e-07,0.002500588684512104
3211,-73.91327333,40.84493833,1.2421999999806952e-07,0.002500588684512104
3212,-73.91320833,40.84491333,1.2421999999806952e-07,0.002500588684512104
3213,-73.91313833,40.84489,2.4032150000005745e-07,0.0034458983782143225
3214,-73.91306333,40.84487333,2.4032150000005745e-07,0.0034458983782143225
3215,-73.91299667,40.844855,2.4032150000005745e-07,0.0034458983782143225
3216,-73.91293833,40.84483667,2.4032150000005745e-07,0.0034458983782143225
3217,-73.91288167,40.84481833,2.4032150000005745e-07,0.0034458983782143225
3218,-73.91282833,40.84479,2.4032150000005745e-07,0.0034458983782143225
3219,-73.912765,40.844765,2.4032150000005745e-07,0.0034458983782143225
3220,-73.91269667,40.84474,2.4032150000005745e-07,0.0034458983782143225
3221,-73.91262667,40.84471667,2.4032150000005745e-07,0.0034458983782143225
3222,-73.91255667,40.84470167,2.4032150000005745e-07,0.0034458983782143225
3223,-73.91248833,40.8447,2.4032150000005745e-07,0.0034458983782143225
3224,-73.91243,40.844685,2.4032150000005745e-07,0.0034458983782143225
3225,-73.912375,40.84467167,1.1404350000119586e-07,0.001984726714502816
3226,-73.91233167,40.84466667,1.1404350000119586e-07,0.001984726714502816
3227,-73.91223333,40.84472333,1.1404350000119586e-07,0.001984726714502816
3228,-73.91215167,40.84477167,1.1404350000119586e-07,0.001984726714502816
3229,-73.912105,40.84478667,1.1404350000119586e-07,0.001984726714502816
3230,-73.91202,40.84485167,1.1404350000119586e-07,0.001984726714502816
3231,-73.91198167,40.84487833,1.1404350000119586e-07,0.001984726714502816
3232,-73.91191,40.84490167,1.1404350000119586e-07,0.001984726714502816
3233,-73.91184333,40.84491333,1.1404350000119586e-07,0.001984726714502816
3234,-73.91178833,40.844915,1.1404350000119586e-07,0.001984726714502816
3235,-73.91174,40.84490833,1.1404350000119586e-07,0.001984726714502816
3236,-73.91168833,40.84490333,1.1404350000119586e-07,0.001984726714502816
3237,-73.91163,40.84489333,1.1404350000119586e-07,0.001984726714502816
3238,-73.91157167,40.844875,1.1404350000119586e-07,0.001984726714502816
3239,-73.91147833,40.84487167,1.1404350000119586e-07,0.001984726714502816
3240,-73.91136167,40.84488167,1.0236400000099766e-07,0.0016082403719341607
3241,-73.91123667,40.84486333,3.357354999962664e-07,0.004430231857224747
3242,-73.91110167,40.84484833,3.357354999962664e-07,0.004430231857224747
3243,-73.91097667,40.84484167,3.357354999962664e-07,0.004430231857224747
3244,-73.91079667,40.84481333,3.357354999962664e-07,0.004430231857224747
3245,-73.91075667,40.84480833,3.357354999962664e-07,0.004430231857224747
3246,-73.910715,40.84484667,3.357354999962664e-07,0.004430231857224747
3247,-73.91067,40.84486833,3.357354999962664e-07,0.004430231857224747
3248,-73.91060667,40.84487667,3.357354999962664e-07,0.004430231857224747
3249,-73.910545,40.844885,1.5408999999044334e-08,0.0006296990439388349
3250,-73.91047333,40.8449,1.571069999991116e-07,0.002692961225054755
3251,-73.91040333,40.84490333,1.571069999991116e-07,0.002692961225054755
3252,-73.91034167,40.84489667,1.571069999991116e-07,0.002692961225054755
3253,-73.910275,40.84489333,1.571069999991116e-07,0.002692961225054755
3254,-73.91021,40.84489333,1.571069999991116e-07,0.002692961225054755
3255,-73.91014667,40.84489667,1.571069999991116e-07,0.002692961225054755
3256,-73.91007833,40.84489667,1.571069999991116e-07,0.002692961225054755
3257,-73.91001167,40.84488167,1.571069999991116e-07,0.002692961225054755
3258,-73.90993167,40.844875,1.5008200000120668e-07,0.002643638446741778
3259,-73.90984167,40.84486833,1.5008200000120668e-07,0.002643638446741778
3260,-73.90966167,40.84485667,1.5008200000120668e-07,0.002643638446741778
3261,-73.90956167,40.84484333,1.5008200000120668e-07,0.002643638446741778
3262,-73.90935333,40.84482167,1.0954249999971199e-07,0.0022122572367583573
3263,-73.90925333,40.84482333,1.0954249999971199e-07,0.0022122572367583573
3264,-73.90915833,40.84483167,1.0954249999971199e-07,0.0022122572367583573
3265,-73.909065,40.84483833,1.0954249999971199e-07,0.0022122572367583573
3266,-73.90897167,40.844845,1.0954249999971199e-07,0.0022122572367583573
3267,-73.90879333,40.84485,1.3807750000181828e-07,0.0019878699929744372
3268,-73.90870333,40.844845,1.3807750000181828e-07,0.0019878699929744372
3269,-73.90862667,40.84481167,1.3807750000181828e-07,0.0019878699929744372
3270,-73.90846333,40.84479833,1.3807750000181828e-07,0.0019878699929744372
3271,-73.90839833,40.84479833,1.3807750000181828e-07,0.0019878699929744372
3272,-73.90834833,40.84479667,3.272565000000654e-07,0.002330157001870609
3273,-73.90831333,40.8448,3.272565000000654e-07,0.002330157001870609
3274,-73.90829333,40.8448,3.272565000000654e-07,0.002330157001870609
3275,-73.90815167,40.84478167,3.272565000000654e-07,0.002330157001870609
3276,-73.90805167,40.844765,3.272565000000654e-07,0.002330157001870609
3277,-73.90801167,40.84476333,3.272565000000654e-07,0.002330157001870609
3278,-73.907975,40.84476333,3.272565000000654e-07,0.002330157001870609
3279,-73.90792833,40.84477,3.272565000000654e-07,0.002330157001870609
3280,-73.90789167,40.84473167,3.272565000000654e-07,0.002330157001870609
3281,-73.90784833,40.84471333,3.272565000000654e-07,0.002330157001870609
3282,-73.90778667,40.844715,3.272565000000654e-07,0.002330157001870609
3283,-73.90770833,40.84471667,3.272565000000654e-07,0.002330157001870609
3284,-73.90762,40.84471833,1.5518999999931286e-08,0.0006435201416324567
3285,-73.90751167,40.84471833,1.5518999999931286e-08,0.0006435201416324567
3286,-73.90740333,40.84472167,1.519220000004776e-07,0.0018877134054962864
3287,-73.90730667,40.844725,1.519220000004776e-07,0.0018877134054962864
3288,-73.90722833,40.84472333,1.519220000004776e-07,0.0018877134054962864
3289,-73.90717,40.844715,1.519220000004776e-07,0.0018877134054962864
3290,-73.90707167,40.84471167,1.519220000004776e-07,0.0018877134054962864
3291,-73.90702667,40.84471167,1.519220000004776e-07,0.0018877134054962864
3292,-73.90699,40.84471333,1.519220000004776e-07,0.0018877134054962864
3293,-73.90684333,40.844695,1.519220000004776e-07,0.0018877134054962864
3294,-73.90679667,40.844695,1.519220000004776e-07,0.0018877134054962864
3295,-73.90673167,40.84469167,7.545450000306817e-08,0.001386203389325097
3296,-73.90666333,40.84468833,7.545450000306817e-08,0.001386203389325097
3297,-73.90659833,40.84468833,7.545450000306817e-08,0.001386203389325097
3298,-73.90644,40.84469333,7.545450000306817e-08,0.001386203389325097
3299,-73.90635167,40.84469167,7.545450000306817e-08,0.001386203389325097
3300,-73.90628667,40.84466833,7.545450000306817e-08,0.001386203389325097
3301,-73.90619167,40.84465667,1.1203599999990723e-07,0.0014617787448361539
3302,-73.90599333,40.844645,1.1203599999990723e-07,0.0014617787448361539
3303,-73.90589167,40.84463667,1.1203599999990723e-07,0.0014617787448361539
3304,-73.90578167,40.844635,1.1203599999990723e-07,0.0014617787448361539
3305,-73.90567,40.84463833,1.0055500000007096e-07,0.0018031433506951677
3306,-73.90556833,40.84463667,1.0055500000007096e-07,0.0018031433506951677
3307,-73.90547833,40.84463667,1.0055500000007096e-07,0.0018031433506951677
3308,-73.90541,40.84463333,1.0055500000007096e-07,0.0018031433506951677
3309,-73.90535333,40.84463333,1.0055500000007096e-07,0.0018031433506951677
3310,-73.90531,40.84463167,1.0055500000007096e-07,0.0018031433506951677
3311,-73.90527,40.84463167,1.0055500000007096e-07,0.0018031433506951677
3312,-73.90523,40.84462833,1.0055500000007096e-07,0.0018031433506951677
3313,-73.905105,40.84457167,6.32360000005184e-08,0.001330210387002151
3314,-73.90507167,40.84453833,6.32360000005184e-08,0.001330210387002151
3315,-73.90502333,40.84443667,6.32360000005184e-08,0.001330210387002151
3316,-73.90501833,40.84437167,6.32360000005184e-08,0.001330210387002151
3317,-73.90502,40.844305,6.32360000005184e-08,0.001330210387002151
3318,-73.90502167,40.84417667,6.32360000005184e-08,0.001330210387002151
3319,-73.905025,40.844115,1.2025000001309968e-08,0.0005000000000165983
3320,-73.90502167,40.84404667,1.2025000001309968e-08,0.0005000000000165983
3321,-73.90502667,40.84398,1.2025000001309968e-08,0.0005000000000165983
3322,-73.905035,40.843915,4.051699999950512e-08,0.000837245200411218
3323,-73.90504167,40.84385333,4.051699999950512e-08,0.000837245200411218
3324,-73.905055,40.8438,4.051699999950512e-08,0.000837245200411218
3325,-73.90506,40.84374,4.051699999950512e-08,0.000837245200411218
3326,-73.90506167,40.843715,7.50130000027751e-08,0.001121017789632067
3327,-73.905065,40.84369167,7.50130000027751e-08,0.001121017789632067
3328,-73.90507167,40.84366833,7.50130000027751e-08,0.001121017789632067
3329,-73.90507833,40.84364333,7.50130000027751e-08,0.001121017789632067
3330,-73.90519333,40.84355333,7.50130000027751e-08,0.001121017789632067
3331,-73.90524667,40.84356,7.50130000027751e-08,0.001121017789632067
3332,-73.90529167,40.843565,7.50130000027751e-08,0.001121017789632067
3333,-73.90533167,40.84356667,7.50130000027751e-08,0.001121017789632067
3334,-73.90536333,40.84357167,7.50130000027751e-08,0.001121017789632067
3335,-73.90538833,40.84357333,7.50130000027751e-08,0.001121017789632067
3336,-73.90542167,40.84356833,7.50130000027751e-08,0.001121017789632067
3337,-73.90546667,40.84357167,7.50130000027751e-08,0.001121017789632067
3338,-73.90552,40.84358167,7.50130000027751e-08,0.001121017789632067
3339,-73.90557833,40.84360667,1.130280000014813e-07,0.00142580556080266
3340,-73.905725,40.84361333,1.130280000014813e-07,0.00142580556080266
3341,-73.90578667,40.84361333,1.130280000014813e-07,0.00142580556080266
3342,-73.90583833,40.84362667,1.130280000014813e-07,0.00142580556080266
3343,-73.90590167,40.84363667,1.098789999982757e-07,0.0017295003452952784
3344,-73.905975,40.84364833,1.098789999982757e-07,0.0017295003452952784
3345,-73.90605333,40.84365667,1.098789999982757e-07,0.0017295003452952784
3346,-73.90613333,40.84366167,1.098789999982757e-07,0.0017295003452952784
3347,-73.90620333,40.84366333,1.098789999982757e-07,0.0017295003452952784
3348,-73.90634,40.84367,5.777700000144189e-08,0.0010140106104938103
3349,-73.90637833,40.84368833,5.777700000144189e-08,0.0010140106104938103
3350,-73.906415,40.84369333,5.777700000144189e-08,0.0010140106104938103
3351,-73.90647667,40.84370167,5.777700000144189e-08,0.0010140106104938103
3352,-73.90649833,40.84371,5.777700000144189e-08,0.0010140106104938103
3353,-73.90669,40.84371333,5.777700000144189e-08,0.0010140106104938103
3354,-73.90674833,40.84371,5.777700000144189e-08,0.0010140106104938103
3355,-73.9068,40.84370333,5.777700000144189e-08,0.0010140106104938103
3356,-73.906855,40.843705,7.486800000015353e-08,0.0016114256006529168
3357,-73.90697,40.84371333,7.486800000015353e-08,0.0016114256006529168
3358,-73.90702667,40.843715,7.486800000015353e-08,0.0016114256006529168
3359,-73.90708167,40.843715,7.486800000015353e-08,0.0016114256006529168
3360,-73.90714,40.84371,7.486800000015353e-08,0.0016114256006529168
3361,-73.907235,40.84371167,7.486800000015353e-08,0.0016114256006529168
3362,-73.907275,40.84371333,7.486800000015353e-08,0.0016114256006529168
3363,-73.90730833,40.84371,7.486800000015353e-08,0.0016114256006529168
3364,-73.90733333,40.843705,7.486800000015353e-08,0.0016114256006529168
3365,-73.907415,40.84372333,1.0745999999753377e-08,0.0004821556786103492
3366,-73.90746,40.84372667,1.0745999999753377e-08,0.0004821556786103492
3367,-73.90751667,40.84373167,1.0745999999753377e-08,0.0004821556786103492
3368,-73.90758,40.84373667,1.0745999999753377e-08,0.0004821556786103492
3369,-73.90764667,40.84374167,1.0745999999753377e-08,0.0004821556786103492
3370,-73.90778333,40.84374667,1.0109749999791424e-07,0.0015000176384022308
3371,-73.90785667,40.84375167,1.0109749999791424e-07,0.0015000176384022308
3372,-73.907935,40.84374833,1.0109749999791424e-07,0.0015000176384022308
3373,-73.90801167,40.84374667,1.0109749999791424e-07,0.0015000176384022308
3374,-73.908075,40.84374167,1.0109749999791424e-07,0.0015000176384022308
3375,-73.90813667,40.843735,1.0109749999791424e-07,0.0015000176384022308
3376,-73.90819167,40.843735,1.0109749999791424e-07,0.0015000176384022308
3377,-73.90823667,40.843735,5.4041999999358586e-08,0.0009918322267042238
3378,-73.90836333,40.84376167,5.4041999999358586e-08,0.0009918322267042238
3379,-73.90840667,40.84376167,5.4041999999358586e-08,0.0009918322267042238
3380,-73.90847833,40.84376833,5.4041999999358586e-08,0.0009918322267042238
3381,-73.90856333,40.84377333,5.4041999999358586e-08,0.0009918322267042238
3382,-73.90865167,40.84377333,1.0060199999677474e-07,0.0013561322603693915
3383,-73.90873833,40.84377,1.0060199999677474e-07,0.0013561322603693915
3384,-73.90891333,40.84376333,7.204949999710518e-08,0.0014486509840431446
3385,-73.90906167,40.843775,2.3479999999231174e-08,0.0006780784213794171
3386,-73.90912,40.84377667,2.3479999999231174e-08,0.0006780784213794171
3387,-73.90917667,40.84378167,2.3479999999231174e-08,0.0006780784213794171
3388,-73.90922667,40.84378167,2.3479999999231174e-08,0.0006780784213794171
3389,-73.90926333,40.84379,2.3479999999231174e-08,0.0006780784213794171
3390,-73.90937167,40.84380167,2.3479999999231174e-08,0.0006780784213794171
3391,-73.90940167,40.84378167,2.3479999999231174e-08,0.0006780784213794171
3392,-73.909445,40.84367333,6.449100000052994e-08,0.001162606586901753
3393,-73.90945667,40.84363667,6.449100000052994e-08,0.001162606586901753
3394,-73.90947,40.84360333,6.449100000052994e-08,0.001162606586901753
3395,-73.909525,40.843445,6.449100000052994e-08,0.001162606586901753
3396,-73.90954167,40.84337667,2.2745749999971909e-07,0.0025056707522210465
3397,-73.90955333,40.84334333,2.2745749999971909e-07,0.0025056707522210465
3398,-73.90956667,40.84331833,2.2745749999971909e-07,0.0025056707522210465
3399,-73.90961833,40.843215,2.2745749999971909e-07,0.0025056707522210465
3400,-73.90962167,40.84312167,2.2745749999971909e-07,0.0025056707522210465
3401,-73.90963333,40.84307167,2.2745749999971909e-07,0.0025056707522210465
3402,-73.90964333,40.843015,2.2745749999971909e-07,0.0025056707522210465
3403,-73.90965333,40.842955,2.2745749999971909e-07,0.0025056707522210465
3404,-73.90966833,40.84289333,7.426299999906956e-08,0.0012096391183983315
3405,-73.90968,40.84282,7.426299999906956e-08,0.0012096391183983315
3406,-73.90969333,40.84266167,7.426299999906956e-08,0.0012096391183983315
3407,-73.90971,40.84257833,7.426299999906956e-08,0.0012096391183983315
3408,-73.909745,40.84241167,7.426299999906956e-08,0.0012096391183983315
3409,-73.90975667,40.84233,7.426299999906956e-08,0.0012096391183983315
3410,-73.90976333,40.842245,3.355999999953378e-08,0.0008104578064934687
3411,-73.90977333,40.84216,3.355999999953378e-08,0.0008104578064934687
3412,-73.90975833,40.84208333,3.355999999953378e-08,0.0008104578064934687
3413,-73.90973833,40.84200167,3.355999999953378e-08,0.0008104578064934687
3414,-73.90972167,40.841925,1.4943999999846927e-08,0.0005907389794632791
3415,-73.90970667,40.84185333,1.4943999999846927e-08,0.0005907389794632791
3416,-73.90969333,40.84179167,1.4526499999841235e-08,0.0005918273257810532
3417,-73.90968,40.84173833,1.4526499999841235e-08,0.0005918273257810532
3418,-73.90966833,40.84168333,1.4368499999797063e-08,0.0005960379679599996
3419,-73.909655,40.841625,1.4368499999797063e-08,0.0005960379679599996
3420,-73.90964,40.841565,1.523849999984843e-08,0.000597820699575446
3421,-73.90962333,40.84150833,1.5220000000094616e-08,0.0006110704151518306
3422,-73.9096,40.84145167,1.5220000000094616e-08,0.0006110704151518306
3423,-73.90958667,40.84139833,1.5141999999525692e-08,0.0006019922308327552
3424,-73.90957167,40.841345,1.540000000096561e-08,0.0006085942163321398
3425,-73.90955667,40.84129333,1.540000000096561e-08,0.0006085942163321398
3426,-73.909545,40.84124,1.540000000096561e-08,0.0006085942163321398
3427,-73.909545,40.84119333,1.540000000096561e-08,0.0006085942163321398
3428,-73.90955167,40.841155,1.540000000096561e-08,0.0006085942163321398
3429,-73.90968,40.84089833,1.5978499999856348e-08,0.0006151311661373321
3430,-73.90974167,40.84076667,1.5978499999856348e-08,0.0006151311661373321
3431,-73.909785,40.84067667,9.251099999971225e-08,0.0018279351382390265
3432,-73.90983,40.84057167,9.251099999971225e-08,0.0018279351382390265
3433,-73.909865,40.84051333,1.036400000016528e-08,0.0004089368363669975
3434,-73.90990333,40.84045833,1.036400000016528e-08,0.0004089368363669975
3435,-73.909945,40.8404,1.036400000016528e-08,0.0004089368363669975
3436,-73.90998833,40.840345,1.036400000016528e-08,0.0004089368363669975
3437,-73.91006667,40.84022,1.036400000016528e-08,0.0004089368363669975
3438,-73.910115,40.84014833,1.036400000016528e-08,0.0004089368363669975
3439,-73.91016,40.84008,1.036400000016528e-08,0.0004089368363669975
3440,-73.91026167,40.83990333,8.970000000386648e-09,0.0003844296139696584
3441,-73.91029167,40.83985333,8.970000000386648e-09,0.0003844296139696584
3442,-73.91033667,40.839775,8.970000000386648e-09,0.0003844296139696584
3443,-73.91051333,40.83951,4.009625000062961e-07,0.005671396439982242
3444,-73.91054167,40.839455,4.009625000062961e-07,0.005671396439982242
3445,-73.91056333,40.839405,4.009625000062961e-07,0.005671396439982242
3446,-73.91060667,40.83933333,4.009625000062961e-07,0.005671396439982242
3447,-73.91062,40.839315,4.009625000062961e-07,0.005671396439982242
3448,-73.91069167,40.83915667,4.009625000062961e-07,0.005671396439982242
3449,-73.91072667,40.83910667,8.028819999997555e-07,0.004298052072068522
3450,-73.91076,40.83906,8.028819999997555e-07,0.004298052072068522
3451,-73.910795,40.83900333,5.771844999907548e-07,0.005898611498726294
3452,-73.91086833,40.838865,5.771844999907548e-07,0.005898611498726294
3453,-73.91090833,40.83879167,5.771844999907548e-07,0.005898611498726294
3454,-73.91094833,40.838715,5.771844999907548e-07,0.005898611498726294
3455,-73.91098833,40.83864333,5.771844999907548e-07,0.005898611498726294
3456,-73.91103,40.83856833,5.771844999907548e-07,0.005898611498726294
3457,-73.91107667,40.83848667,5.771844999907548e-07,0.005898611498726294
3458,-73.911125,40.83841,5.771844999907548e-07,0.005898611498726294
3459,-73.91117333,40.83833667,5.771844999907548e-07,0.005898611498726294
3460,-73.91121833,40.83827167,5.771844999907548e-07,0.005898611498726294
3461,-73.91125667,40.83821333,5.771844999907548e-07,0.005898611498726294
3462,-73.91129,40.83817333,5.771844999907548e-07,0.005898611498726294
3463,-73.911355,40.83813167,1.0665599999999486e-07,0.0016298547434035206
3464,-73.91140333,40.83812,1.0665599999999486e-07,0.0016298547434035206
3465,-73.911465,40.83812,1.0665599999999486e-07,0.0016298547434035206
3466,-73.911535,40.83813333,1.0665599999999486e-07,0.0016298547434035206
3467,-73.911605,40.83814833,1.0665599999999486e-07,0.0016298547434035206
3468,-73.91167167,40.838165,1.0665599999999486e-07,0.0016298547434035206
3469,-73.91173833,40.83818667,1.0665599999999486e-07,0.0016298547434035206
3470,-73.9118,40.83821167,1.0665599999999486e-07,0.0016298547434035206
3471,-73.91186,40.83823167,8.034550000079928e-08,0.0015775759087823455
3472,-73.91191167,40.83825,3.357299999966708e-08,0.0007485522395146574
3473,-73.91195667,40.83826333,3.357299999966708e-08,0.0007485522395146574
3474,-73.91199,40.83827,3.357299999966708e-08,0.0007485522395146574
3475,-73.91219,40.83830667,3.357299999966708e-08,0.0007485522395146574
3476,-73.91224667,40.83832333,3.357299999966708e-08,0.0007485522395146574
3477,-73.91231167,40.83833167,3.357299999966708e-08,0.0007485522395146574
3478,-73.91237,40.83834,3.357299999966708e-08,0.0007485522395146574
3479,-73.91241833,40.83834667,3.357299999966708e-08,0.0007485522395146574
3480,-73.91245667,40.838355,3.357299999966708e-08,0.0007485522395146574
3481,-73.91255833,40.83839167,3.357299999966708e-08,0.0007485522395146574
3482,-73.91261167,40.83841,3.357299999966708e-08,0.0007485522395146574
3483,-73.912675,40.83843333,3.357299999966708e-08,0.0007485522395146574
3484,-73.91274833,40.83846,2.3156199999803943e-07,0.0026475543370571234
3485,-73.91282333,40.83848833,2.3156199999803943e-07,0.0026475543370571234
3486,-73.91289333,40.83852,2.3156199999803943e-07,0.0026475543370571234
3487,-73.91296,40.83854833,2.3156199999803943e-07,0.0026475543370571234
3488,-73.91307667,40.838595,2.3156199999803943e-07,0.0026475543370571234
3489,-73.91316,40.83862833,2.3156199999803943e-07,0.0026475543370571234
3490,-73.91335,40.83872,2.3156199999803943e-07,0.0026475543370571234
3491,-73.91339,40.83873833,2.3156199999803943e-07,0.0026475543370571234
3492,-73.91343,40.838755,2.3156199999803943e-07,0.0026475543370571234
3493,-73.913465,40.83876667,2.3156199999803943e-07,0.0026475543370571234
3494,-73.91349667,40.83877667,2.3156199999803943e-07,0.0026475543370571234
3495,-73.91353667,40.83879167,2.3156199999803943e-07,0.0026475543370571234
3496,-73.91364667,40.838835,2.3156199999803943e-07,0.0026475543370571234
3497,-73.91371167,40.83885833,2.3156199999803943e-07,0.0026475543370571234
3498,-73.913785,40.83888333,5.487054999953896e-07,0.007569000672652667
3499,-73.91385333,40.838905,5.487054999953896e-07,0.007569000672652667
3500,-73.91392,40.83892833,5.487054999953896e-07,0.007569000672652667
3501,-73.91398833,40.83895167,5.487054999953896e-07,0.007569000672652667
3502,-73.914075,40.83897167,5.487054999953896e-07,0.007569000672652667
3503,-73.91416333,40.83897833,5.487054999953896e-07,0.007569000672652667
3504,-73.91424,40.839015,5.487054999953896e-07,0.007569000672652667
3505,-73.91432167,40.839045,5.487054999953896e-07,0.007569000672652667
3506,-73.91454,40.83912333,5.487054999953896e-07,0.007569000672652667
3507,-73.91460333,40.83914833,5.487054999953896e-07,0.007569000672652667
3508,-73.914675,40.83916667,5.487054999953896e-07,0.007569000672652667
3509,-73.91475333,40.83917667,9.603640000027611e-07,0.005750998544133313
3510,-73.914825,40.83918667,9.603640000027611e-07,0.005750998544133313
3511,-73.91487833,40.83921333,9.603640000027611e-07,0.005750998544133313
3512,-73.91492667,40.83923833,9.603640000027611e-07,0.005750998544133313
3513,-73.914975,40.83925833,9.603640000027611e-07,0.005750998544133313
3514,-73.91505667,40.83928167,9.603640000027611e-07,0.005750998544133313
3515,-73.91508833,40.83928833,9.603640000027611e-07,0.005750998544133313
3516,-73.91511167,40.839295,9.603640000027611e-07,0.005750998544133313
3517,-73.915245,40.83936,3.6184199999613686e-07,0.00419089688191342
3518,-73.91532333,40.83937833,3.6184199999613686e-07,0.00419089688191342
3519,-73.91540667,40.83939167,3.6184199999613686e-07,0.00419089688191342
3520,-73.91545333,40.83940833,3.6184199999613686e-07,0.00419089688191342
3521,-73.91553333,40.83943667,3.6184199999613686e-07,0.00419089688191342
3522,-73.91555833,40.83944667,3.6184199999613686e-07,0.00419089688191342
3523,-73.91558333,40.83946,3.6184199999613686e-07,0.00419089688191342
3524,-73.915605,40.83947,3.6184199999613686e-07,0.00419089688191342
3525,-73.915715,40.83952167,3.6184199999613686e-07,0.00419089688191342
3526,-73.9165,40.83893833,8.425114999977274e-07,0.004683624520561478
3527,-73.91653833,40.83888833,8.425114999977274e-07,0.004683624520561478
3528,-73.91657333,40.83883,8.425114999977274e-07,0.004683624520561478
3529,-73.916615,40.83876833,2.610150000026938e-07,0.003382954853616902
3530,-73.91665167,40.838705,2.610150000026938e-07,0.003382954853616902
3531,-73.916935,40.83837333,1.882524999979624e-07,0.0026804357357961637
3532,-73.916975,40.83831833,1.882524999979624e-07,0.0026804357357961637
3533,-73.91701833,40.83826,1.882524999979624e-07,0.0026804357357961637
3534,-73.91710333,40.83816333,1.882524999979624e-07,0.0026804357357961637
3535,-73.917135,40.83812833,1.882524999979624e-07,0.0026804357357961637
3536,-73.91715833,40.8381,1.882524999979624e-07,0.0026804357357961637
3537,-73.91717333,40.83807833,1.882524999979624e-07,0.0026804357357961637
3538,-73.917245,40.83796667,1.882524999979624e-07,0.0026804357357961637
3539,-73.91727833,40.83793,1.882524999979624e-07,0.0026804357357961637
3540,-73.91731833,40.83788833,1.882524999979624e-07,0.0026804357357961637
3541,-73.91735,40.83783,1.882524999979624e-07,0.0026804357357961637
3542,-73.91739833,40.83777833,1.882524999979624e-07,0.0026804357357961637
3543,-73.91744,40.83772833,1.2843099999959313e-07,0.0016832236772264485
3544,-73.91747333,40.83768667,1.2843099999959313e-07,0.0016832236772264485
3545,-73.91748833,40.837655,1.2843099999959313e-07,0.0016832236772264485
3546,-73.91757667,40.83753667,1.2843099999959313e-07,0.0016832236772264485
3547,-73.91759833,40.83750833,1.2843099999959313e-07,0.0016832236772264485
3548,-73.91762167,40.837475,1.2843099999959313e-07,0.0016832236772264485
3549,-73.91767833,40.8374,1.2843099999959313e-07,0.0016832236772264485
3550,-73.91783,40.83718333,1.2843099999959313e-07,0.0016832236772264485
3551,-73.91787667,40.83712167,1.2843099999959313e-07,0.0016832236772264485
3552,-73.91792167,40.83706167,1.2843099999959313e-07,0.0016832236772264485
3553,-73.917955,40.83699667,1.2843099999959313e-07,0.0016832236772264485
3554,-73.918015,40.836875,1.2843099999959313e-07,0.0016832236772264485
3555,-73.91804167,40.836825,1.2843099999959313e-07,0.0016832236772264485
3556,-73.91809167,40.83675167,1.2843099999959313e-07,0.0016832236772264485
3557,-73.91812,40.836725,1.2843099999959313e-07,0.0016832236772264485
3558,-73.91831333,40.83656667,4.273104999981898e-07,0.0043879831558377835
3559,-73.91835,40.83654,4.273104999981898e-07,0.0043879831558377835
3560,-73.91839167,40.83649667,4.273104999981898e-07,0.0043879831558377835
3561,-73.91842833,40.83644833,4.273104999981898e-07,0.0043879831558377835
3562,-73.91847,40.8364,4.273104999981898e-07,0.0043879831558377835
3563,-73.91854667,40.83631167,4.273104999981898e-07,0.0043879831558377835
3564,-73.918575,40.83627333,4.273104999981898e-07,0.0043879831558377835
3565,-73.91860167,40.83623833,4.273104999981898e-07,0.0043879831558377835
3566,-73.91862667,40.83620667,4.273104999981898e-07,0.0043879831558377835
3567,-73.91865,40.83617667,4.273104999981898e-07,0.0043879831558377835
3568,-73.91867333,40.83614333,4.273104999981898e-07,0.0043879831558377835
3569,-73.91870333,40.83610833,4.273104999981898e-07,0.0043879831558377835
3570,-73.918735,40.83606833,4.273104999981898e-07,0.0043879831558377835
3571,-73.91877,40.83603333,4.273104999981898e-07,0.0043879831558377835
3572,-73.91880167,40.836005,4.273104999981898e-07,0.0043879831558377835
3573,-73.91887,40.83593167,4.273104999981898e-07,0.0043879831558377835
3574,-73.91892167,40.835885,4.273104999981898e-07,0.0043879831558377835
3575,-73.91897333,40.83582333,3.309809999967803e-07,0.0031551639072402334
3576,-73.91908333,40.83571333,3.309809999967803e-07,0.0031551639072402334
3577,-73.919125,40.835675,3.309809999967803e-07,0.0031551639072402334
3578,-73.91916,40.83564,3.309809999967803e-07,0.0031551639072402334
3579,-73.91919167,40.83559,3.309809999967803e-07,0.0031551639072402334
3580,-73.91924167,40.83548167,3.309809999967803e-07,0.0031551639072402334
3581,-73.91926667,40.83545333,3.309809999967803e-07,0.0031551639072402334
3582,-73.91928333,40.83542833,3.309809999967803e-07,0.0031551639072402334
3583,-73.91929667,40.83540333,3.309809999967803e-07,0.0031551639072402334
3584,-73.91930667,40.83537833,3.309809999967803e-07,0.0031551639072402334
3585,-73.91932167,40.835345,3.309809999967803e-07,0.0031551639072402334
3586,-73.91934,40.8353,3.309809999967803e-07,0.0031551639072402334
3587,-73.91937333,40.83525167,3.309809999967803e-07,0.0031551639072402334
3588,-73.91941167,40.8352,1.6254000000012062e-07,0.0023101024614912606
3589,-73.91945167,40.83515,1.6254000000012062e-07,0.0023101024614912606
3590,-73.91956833,40.83498,1.6254000000012062e-07,0.0023101024614912606
3591,-73.919605,40.83492333,1.6254000000012062e-07,0.0023101024614912606
3592,-73.91966167,40.83482,1.6254000000012062e-07,0.0023101024614912606
3593,-73.91969,40.83477,1.6254000000012062e-07,0.0023101024614912606
3594,-73.91971833,40.834715,1.6254000000012062e-07,0.0023101024614912606
3595,-73.91974667,40.83466,5.489825000009755e-07,0.0059605054748735585
3596,-73.91976167,40.83461333,5.489825000009755e-07,0.0059605054748735585
3597,-73.91977333,40.83457667,5.489825000009755e-07,0.0059605054748735585
3598,-73.91981333,40.83451333,5.489825000009755e-07,0.0059605054748735585
3599,-73.91982833,40.83448,5.489825000009755e-07,0.0059605054748735585
3600,-73.91986,40.834415,5.489825000009755e-07,0.0059605054748735585
3601,-73.919885,40.83438,1.9507499999920264e-07,0.002969850502420566
3602,-73.91993167,40.834305,1.9507499999920264e-07,0.002969850502420566
3603,-73.91997667,40.83422833,1.9507499999920264e-07,0.002969850502420566
3604,-73.92000333,40.83418333,1.9507499999920264e-07,0.002969850502420566
3605,-73.92004167,40.83414167,1.9507499999920264e-07,0.002969850502420566
3606,-73.92007667,40.83409667,2.733450000019237e-07,0.0038737189553931114
3607,-73.92013833,40.83400667,2.733450000019237e-07,0.0038737189553931114
3608,-73.92016,40.83396167,2.733450000019237e-07,0.0038737189553931114
3609,-73.92018667,40.83391333,2.733450000019237e-07,0.0038737189553931114
3610,-73.920215,40.83385667,2.733450000019237e-07,0.0038737189553931114
3611,-73.92024833,40.83380333,2.733450000019237e-07,0.0038737189553931114
3612,-73.92027333,40.83376,2.733450000019237e-07,0.0038737189553931114
3613,-73.9203,40.83371667,2.733450000019237e-07,0.0038737189553931114
3614,-73.920355,40.83361833,2.733450000019237e-07,0.0038737189553931114
3615,-73.92038667,40.83357,2.733450000019237e-07,0.0038737189553931114
3616,-73.92041667,40.83351833,2.733450000019237e-07,0.0038737189553931114
3617,-73.92044333,40.83346167,1.3970349999976106e-07,0.002187001632713658
3618,-73.92047333,40.8334,1.3970349999976106e-07,0.002187001632713658
3619,-73.92050333,40.833345,1.3970349999976106e-07,0.002187001632713658
3620,-73.92053167,40.83328667,1.3970349999976106e-07,0.002187001632713658
3621,-73.92056333,40.83323333,1.3970349999976106e-07,0.002187001632713658
3622,-73.92059167,40.83317833,1.3970349999976106e-07,0.002187001632713658
3623,-73.92062833,40.83311833,2.2628649999826372e-07,0.0027177463940295716
3624,-73.92067333,40.83306,2.2628649999826372e-07,0.0027177463940295716
3625,-73.92075833,40.832925,2.2628649999826372e-07,0.0027177463940295716
3626,-73.9208,40.83285833,3.535999999984584e-07,0.004862984941308486
3627,-73.92084167,40.83279,3.535999999984584e-07,0.004862984941308486
3628,-73.92088167,40.83272667,3.535999999984584e-07,0.004862984941308486
3629,-73.92092333,40.83266667,3.535999999984584e-07,0.004862984941308486
3630,-73.92096,40.832605,3.535999999984584e-07,0.004862984941308486
3631,-73.92098,40.83255333,3.535999999984584e-07,0.004862984941308486
3632,-73.921005,40.83249833,3.535999999984584e-07,0.004862984941308486
3633,-73.92103167,40.83244667,3.535999999984584e-07,0.004862984941308486
3634,-73.92110167,40.83233167,3.535999999984584e-07,0.004862984941308486
3635,-73.92113833,40.83226833,3.535999999984584e-07,0.004862984941308486
3636,-73.921175,40.83220167,3.535999999984584e-07,0.004862984941308486
3637,-73.92120667,40.83214167,1.362039999986664e-07,0.0018923752469479193
3638,-73.92122167,40.83207833,1.362039999986664e-07,0.0018923752469479193
3639,-73.92125,40.83202667,1.362039999986664e-07,0.0018923752469479193
3640,-73.92128333,40.83197667,1.362039999986664e-07,0.0018923752469479193
3641,-73.92134,40.83189667,1.362039999986664e-07,0.0018923752469479193
3642,-73.92137167,40.831855,1.362039999986664e-07,0.0018923752469479193
3643,-73.921465,40.831715,1.362039999986664e-07,0.0018923752469479193
3644,-73.92148,40.83169,1.362039999986664e-07,0.0018923752469479193
3645,-73.92149167,40.83166667,1.362039999986664e-07,0.0018923752469479193
3646,-73.921505,40.83164167,7.972999999854267e-08,0.0013504491835295833
3647,-73.92152333,40.83161,7.972999999854267e-08,0.0013504491835295833
3648,-73.921545,40.83157,7.972999999854267e-08,0.0013504491835295833
3649,-73.921565,40.83153333,7.972999999854267e-08,0.0013504491835295833
3650,-73.92158667,40.831485,7.972999999854267e-08,0.0013504491835295833
3651,-73.92160333,40.83142167,7.972999999854267e-08,0.0013504491835295833
3652,-73.92159,40.83135833,7.972999999854267e-08,0.0013504491835295833
3653,-73.92153833,40.831295,1.3808049999864828e-07,0.002024092808170747
3654,-73.92144167,40.83126,1.3808049999864828e-07,0.002024092808170747
3655,-73.92134833,40.83121667,5.136350000053092e-08,0.0013660753245631513
3656,-73.92126333,40.83117667,5.136350000053092e-08,0.0013660753245631513
3657,-73.92118167,40.831145,5.136350000053092e-08,0.0013660753245631513
3658,-73.92110833,40.83111667,5.136350000053092e-08,0.0013660753245631513
3659,-73.921035,40.83108833,5.136350000053092e-08,0.0013660753245631513
3660,-73.92095833,40.83106167,5.136350000053092e-08,0.0013660753245631513
3661,-73.92088167,40.83102833,5.136350000053092e-08,0.0013660753245631513
3662,-73.920805,40.831,5.136350000053092e-08,0.0013660753245631513
3663,-73.92072167,40.83097,5.136350000053092e-08,0.0013660753245631513
3664,-73.92063667,40.830935,5.136350000053092e-08,0.0013660753245631513
3665,-73.92055333,40.83090167,1.5842500000027586e-07,0.003070520404892072
3666,-73.92046167,40.83086833,1.5842500000027586e-07,0.003070520404892072
3667,-73.92036667,40.83084333,2.204584999989153e-07,0.002682193895856615
3668,-73.92018,40.83077833,2.204584999989153e-07,0.002682193895856615
3669,-73.92009333,40.83074833,2.204584999989153e-07,0.002682193895856615
3670,-73.91991833,40.83067,2.204584999989153e-07,0.002682193895856615
3671,-73.919835,40.83062833,2.204584999989153e-07,0.002682193895856615
3672,-73.91975333,40.830585,2.204584999989153e-07,0.002682193895856615
3673,-73.919675,40.830545,2.204584999989153e-07,0.002682193895856615
3674,-73.91959,40.83051333,1.945854999999406e-07,0.002197664865815333
3675,-73.91950167,40.83048667,1.945854999999406e-07,0.002197664865815333
3676,-73.91932167,40.830425,1.945854999999406e-07,0.002197664865815333
3677,-73.91917333,40.83037167,1.945854999999406e-07,0.002197664865815333
3678,-73.91912,40.83035333,1.945854999999406e-07,0.002197664865815333
3679,-73.91906833,40.830345,1.945854999999406e-07,0.002197664865815333
3680,-73.91902833,40.83034,1.945854999999406e-07,0.002197664865815333
3681,-73.91896167,40.83036333,1.945854999999406e-07,0.002197664865815333
3682,-73.918925,40.83039667,1.945854999999406e-07,0.002197664865815333
3683,-73.91888833,40.830475,1.945854999999406e-07,0.002197664865815333
3684,-73.91887667,40.83051333,1.945854999999406e-07,0.002197664865815333
3685,-73.91886167,40.83055,1.945854999999406e-07,0.002197664865815333
3686,-73.918845,40.83058167,1.945854999999406e-07,0.002197664865815333
3687,-73.91883333,40.83061833,1.945854999999406e-07,0.002197664865815333
3688,-73.918825,40.83065,1.945854999999406e-07,0.002197664865815333
3689,-73.91881,40.83067833,1.945854999999406e-07,0.002197664865815333
3690,-73.91879333,40.83070667,1.945854999999406e-07,0.002197664865815333
3691,-73.91878167,40.830735,1.945854999999406e-07,0.002197664865815333
3692,-73.91875333,40.83078667,1.945854999999406e-07,0.002197664865815333
3693,-73.91873333,40.83080833,1.945854999999406e-07,0.002197664865815333
3694,-73.91871833,40.83082667,1.945854999999406e-07,0.002197664865815333
3695,-73.91870333,40.830845,1.945854999999406e-07,0.002197664865815333
3696,-73.91862167,40.830965,1.9776049999917087e-07,0.002351263656390732
3697,-73.91860833,40.830995,1.9776049999917087e-07,0.002351263656390732
3698,-73.91860333,40.83102667,1.9776049999917087e-07,0.002351263656390732
3699,-73.91859333,40.83104833,1.9776049999917087e-07,0.002351263656390732
3700,-73.918515,40.831215,1.9776049999917087e-07,0.002351263656390732
3701,-73.9185,40.83123833,1.9776049999917087e-07,0.002351263656390732
3702,-73.91831333,40.83138833,1.9776049999917087e-07,0.002351263656390732
3703,-73.91827667,40.831435,1.9776049999917087e-07,0.002351263656390732
3704,-73.918235,40.83149,1.9776049999917087e-07,0.002351263656390732
3705,-73.91819167,40.83154667,2.1516899999874844e-07,0.0034834154591592867
3706,-73.91815,40.831605,2.1516899999874844e-07,0.0034834154591592867
3707,-73.91811667,40.831665,2.1516899999874844e-07,0.0034834154591592867
3708,-73.918085,40.831725,2.1516899999874844e-07,0.0034834154591592867
3709,-73.918055,40.83177833,2.1516899999874844e-07,0.0034834154591592867
3710,-73.918025,40.83182833,2.1516899999874844e-07,0.0034834154591592867
3711,-73.91799167,40.83189333,2.1516899999874844e-07,0.0034834154591592867
3712,-73.917985,40.83191833,2.1516899999874844e-07,0.0034834154591592867
3713,-73.91798,40.83193667,2.1516899999874844e-07,0.0034834154591592867
3714,-73.91786833,40.83212833,2.1516899999874844e-07,0.0034834154591592867
3715,-73.91784167,40.83216667,2.3009500000261553e-07,0.0027589829003282496
3716,-73.91781833,40.832205,2.3009500000261553e-07,0.0027589829003282496
3717,-73.917795,40.83223833,2.3009500000261553e-07,0.0027589829003282496
3718,-73.91778167,40.83226833,2.3009500000261553e-07,0.0027589829003282496
3719,-73.91776,40.832295,2.3009500000261553e-07,0.0027589829003282496
3720,-73.917745,40.83231667,2.3009500000261553e-07,0.0027589829003282496
3721,-73.91760333,40.83246167,2.3009500000261553e-07,0.0027589829003282496
3722,-73.91757833,40.83248833,2.3009500000261553e-07,0.0027589829003282496
3723,-73.91755167,40.832515,2.3009500000261553e-07,0.0027589829003282496
3724,-73.91752833,40.832545,2.3009500000261553e-07,0.0027589829003282496
3725,-73.917515,40.83257833,2.3009500000261553e-07,0.0027589829003282496
3726,-73.91749667,40.83261,2.3009500000261553e-07,0.0027589829003282496
3727,-73.91747333,40.832645,2.3009500000261553e-07,0.0027589829003282496
3728,-73.91745167,40.83268,2.3009500000261553e-07,0.0027589829003282496
3729,-73.91743,40.832715,2.3009500000261553e-07,0.0027589829003282496
3730,-73.91741833,40.83275,1.9293600000130644e-07,0.003682075550659295
3731,-73.91739333,40.83281667,1.9293600000130644e-07,0.003682075550659295
3732,-73.91737667,40.83285667,1.9293600000130644e-07,0.003682075550659295
3733,-73.917335,40.83295167,1.9293600000130644e-07,0.003682075550659295
3734,-73.91731,40.833,1.9293600000130644e-07,0.003682075550659295
3735,-73.91728167,40.833045,1.9293600000130644e-07,0.003682075550659295
3736,-73.917255,40.83309,1.9293600000130644e-07,0.003682075550659295
3737,-73.917235,40.83313667,1.9293600000130644e-07,0.003682075550659295
3738,-73.91721667,40.83317833,1.9293600000130644e-07,0.003682075550659295
3739,-73.9172,40.83321667,1.9293600000130644e-07,0.003682075550659295
3740,-73.91715833,40.833385,1.9293600000130644e-07,0.003682075550659295
3741,-73.91714167,40.83342833,1.9293600000130644e-07,0.003682075550659295
3742,-73.917125,40.83347,1.9293600000130644e-07,0.003682075550659295
3743,-73.91710833,40.83350833,1.9293600000130644e-07,0.003682075550659295
3744,-73.91708667,40.83354667,1.9293600000130644e-07,0.003682075550659295
3745,-73.91707167,40.83358,1.9293600000130644e-07,0.003682075550659295
3746,-73.91705333,40.83361167,1.9293600000130644e-07,0.003682075550659295
3747,-73.917025,40.83364,1.9293600000130644e-07,0.003682075550659295
3748,-73.91699,40.83366167,1.9293600000130644e-07,0.003682075550659295
3749,-73.91696333,40.83369167,1.9293600000130644e-07,0.003682075550659295
3750,-73.91694,40.83371833,1.9293600000130644e-07,0.003682075550659295
3751,-73.91692,40.83374167,1.9293600000130644e-07,0.003682075550659295
3752,-73.91690167,40.83375833,1.9293600000130644e-07,0.003682075550659295
3753,-73.91661667,40.83402667,5.3805999999857486e-08,0.0013753183253151558
3754,-73.91660167,40.834055,5.3805999999857486e-08,0.0013753183253151558
3755,-73.91658,40.83407667,5.3805999999857486e-08,0.0013753183253151558
3756,-73.916515,40.83415667,5.3805999999857486e-08,0.0013753183253151558
3757,-73.91646167,40.83421833,5.3805999999857486e-08,0.0013753183253151558
3758,-73.91642667,40.83425833,5.3805999999857486e-08,0.0013753183253151558
3759,-73.91639833,40.83430167,5.3805999999857486e-08,0.0013753183253151558
3760,-73.91635833,40.83434667,5.3805999999857486e-08,0.0013753183253151558
3761,-73.91631167,40.83439333,5.3805999999857486e-08,0.0013753183253151558
3762,-73.91626667,40.83444333,5.3805999999857486e-08,0.0013753183253151558
3763,-73.916225,40.83449333,5.3805999999857486e-08,0.0013753183253151558
3764,-73.91618167,40.83454167,5.3805999999857486e-08,0.0013753183253151558
3765,-73.91614167,40.834595,5.3805999999857486e-08,0.0013753183253151558
3766,-73.91610333,40.83464,5.3805999999857486e-08,0.0013753183253151558
3767,-73.916065,40.83468667,5.3805999999857486e-08,0.0013753183253151558
3768,-73.916035,40.83473667,5.3805999999857486e-08,0.0013753183253151558
3769,-73.915995,40.83478167,5.3805999999857486e-08,0.0013753183253151558
3770,-73.91595833,40.83482333,5.3805999999857486e-08,0.0013753183253151558
3771,-73.91591833,40.83486167,9.329199999934261e-08,0.0013961855041557398
3772,-73.91588333,40.83489833,9.329199999934261e-08,0.0013961855041557398
3773,-73.91578333,40.83499167,9.329199999934261e-08,0.0013961855041557398
3774,-73.91574667,40.83502667,9.329199999934261e-08,0.0013961855041557398
3775,-73.91571,40.83506,9.329199999934261e-08,0.0013961855041557398
3776,-73.91567667,40.83509667,9.329199999934261e-08,0.0013961855041557398
3777,-73.91564333,40.83513667,9.329199999934261e-08,0.0013961855041557398
3778,-73.915605,40.83517833,9.329199999934261e-08,0.0013961855041557398
3779,-73.91553667,40.83525667,9.329199999934261e-08,0.0013961855041557398
3780,-73.91551333,40.83528333,9.329199999934261e-08,0.0013961855041557398
3781,-73.91548667,40.83530167,9.329199999934261e-08,0.0013961855041557398
3782,-73.915465,40.83531667,9.329199999934261e-08,0.0013961855041557398
3783,-73.91542667,40.83533667,9.329199999934261e-08,0.0013961855041557398
3784,-73.91534167,40.83540333,9.329199999934261e-08,0.0013961855041557398
3785,-73.91530167,40.83544333,9.329199999934261e-08,0.0013961855041557398
3786,-73.91525,40.83549,9.329199999934261e-08,0.0013961855041557398
3787,-73.91519667,40.83554,1.2472649999900427e-07,0.0016074618018912421
3788,-73.91514833,40.83559167,1.2472649999900427e-07,0.0016074618018912421
3789,-73.91510167,40.83564,1.2472649999900427e-07,0.0016074618018912421
3790,-73.91505667,40.83568333,1.2472649999900427e-07,0.0016074618018912421
3791,-73.91501833,40.835725,1.2472649999900427e-07,0.0016074618018912421
3792,-73.91498667,40.83575667,1.2472649999900427e-07,0.0016074618018912421
3793,-73.914965,40.835785,1.2472649999900427e-07,0.0016074618018912421
3794,-73.91494833,40.83580833,1.2472649999900427e-07,0.0016074618018912421
3795,-73.914945,40.83582833,1.2472649999900427e-07,0.0016074618018912421
3796,-73.91487,40.83582833,1.2472649999900427e-07,0.0016074618018912421
3797,-73.91481667,40.83581833,1.2472649999900427e-07,0.0016074618018912421
3798,-73.914655,40.83578,1.2472649999900427e-07,0.0016074618018912421
3799,-73.91456333,40.83575833,1.2472649999900427e-07,0.0016074618018912421
3800,-73.91447,40.835735,1.2472649999900427e-07,0.0016074618018912421
3801,-73.91438333,40.83571,1.2472649999900427e-07,0.0016074618018912421
3802,-73.91430667,40.83569,1.2472649999900427e-07,0.0016074618018912421
3803,-73.91424167,40.83567667,1.2472649999900427e-07,0.0016074618018912421
3804,-73.91419,40.835665,1.2472649999900427e-07,0.0016074618018912421
3805,-73.91414833,40.835655,1.2472649999900427e-07,0.0016074618018912421
3806,-73.914115,40.83564667,1.2472649999900427e-07,0.0016074618018912421
3807,-73.91409,40.83563833,1.2472649999900427e-07,0.0016074618018912421
3808,-73.91395667,40.83560333,1.2472649999900427e-07,0.0016074618018912421
3809,-73.91388833,40.83557667,4.1537000000170396e-08,0.0009003648265902441
3810,-73.91380167,40.83554667,4.1537000000170396e-08,0.0009003648265902441
3811,-73.91371167,40.83551833,4.1537000000170396e-08,0.0009003648265902441
3812,-73.913625,40.835485,4.1537000000170396e-08,0.0009003648265902441
3813,-73.91354,40.835455,4.1537000000170396e-08,0.0009003648265902441
3814,-73.91345667,40.83542167,4.1537000000170396e-08,0.0009003648265902441
3815,-73.913375,40.835395,6.133700000046535e-08,0.001086441816901314
3816,-73.91329,40.835365,6.133700000046535e-08,0.001086441816901314
3817,-73.91321,40.83533333,6.133700000046535e-08,0.001086441816901314
3818,-73.913125,40.83531333,6.133700000046535e-08,0.001086441816901314
3819,-73.913045,40.83529167,6.133700000046535e-08,0.001086441816901314
3820,-73.912975,40.83526667,6.133700000046535e-08,0.001086441816901314
3821,-73.91285833,40.835225,6.133700000046535e-08,0.001086441816901314
3822,-73.91281333,40.83520833,1.0218649999971614e-07,0.0014783315783407514
3823,-73.91275167,40.83518833,1.0218649999971614e-07,0.0014783315783407514
3824,-73.91273333,40.83518167,1.0218649999971614e-07,0.0014783315783407514
3825,-73.91258333,40.83513333,1.0218649999971614e-07,0.0014783315783407514
3826,-73.91253333,40.83511667,1.3724999999795693e-08,0.0004855842197814586
3827,-73.91245833,40.83509,1.3724999999795693e-08,0.0004855842197814586
3828,-73.91218333,40.835005,1.3724999999795693e-08,0.0004855842197814586
3829,-73.912075,40.83497333,1.3724999999795693e-08,0.0004855842197814586
3830,-73.91197333,40.83493833,1.3502000000125929e-08,0.0005692521785261075
3831,-73.91187167,40.83490167,1.4938750000004886e-07,0.0022698820594722023
3832,-73.91177833,40.83487,1.4938750000004886e-07,0.0022698820594722023
3833,-73.911695,40.83484,1.4938750000004886e-07,0.0022698820594722023
3834,-73.91162333,40.83481167,1.4938750000004886e-07,0.0022698820594722023
3835,-73.91156167,40.83478167,1.4938750000004886e-07,0.0022698820594722023
3836,-73.91153,40.83477,1.4938750000004886e-07,0.0022698820594722023
3837,-73.91128833,40.83468333,1.4938750000004886e-07,0.0022698820594722023
3838,-73.91121833,40.83465667,1.0140099999968573e-07,0.0018745739075799856
3839,-73.91114833,40.83463333,1.0140099999968573e-07,0.0018745739075799856
3840,-73.91108333,40.83461,1.0140099999968573e-07,0.0018745739075799856
3841,-73.91102833,40.83458667,1.0140099999968573e-07,0.0018745739075799856
3842,-73.91098,40.834565,1.0140099999968573e-07,0.0018745739075799856
3843,-73.910885,40.83453,1.0140099999968573e-07,0.0018745739075799856
3844,-73.91083,40.83451333,1.0140099999968573e-07,0.0018745739075799856
3845,-73.91077,40.83449333,1.0140099999968573e-07,0.0018745739075799856
3846,-73.91071167,40.83447833,1.0140099999968573e-07,0.0018745739075799856
3847,-73.910645,40.83445667,1.0140099999968573e-07,0.0018745739075799856
3848,-73.910575,40.834435,1.0140099999968573e-07,0.0018745739075799856
3849,-73.91050833,40.83441167,1.0140099999968573e-07,0.0018745739075799856
3850,-73.91043333,40.83439,1.3495999999346207e-08,0.0005749811263932851
3851,-73.91035167,40.83436333,1.3495999999346207e-08,0.0005749811263932851
3852,-73.91027667,40.83433667,1.3495999999346207e-08,0.0005749811263932851
3853,-73.910205,40.83431,1.3495999999346207e-08,0.0005749811263932851
3854,-73.910145,40.83429167,1.3495999999346207e-08,0.0005749811263932851
3855,-73.91009833,40.834275,1.3495999999346207e-08,0.0005749811263932851
3856,-73.91006333,40.83426,1.3495999999346207e-08,0.0005749811263932851
3857,-73.90989667,40.83419167,1.3495999999346207e-08,0.0005749811263932851
3858,-73.909865,40.83418333,1.3495999999346207e-08,0.0005749811263932851
3859,-73.90980333,40.83413833,1.3495999999346207e-08,0.0005749811263932851
3860,-73.90979333,40.83411333,1.3495999999346207e-08,0.0005749811263932851
3861,-73.90979833,40.83407833,1.3495999999346207e-08,0.0005749811263932851
3862,-73.90984167,40.83400667,1.3495999999346207e-08,0.0005749811263932851
3863,-73.909865,40.833975,1.3495999999346207e-08,0.0005749811263932851
3864,-73.90987833,40.83396167,1.3495999999346207e-08,0.0005749811263932851
3865,-73.90998667,40.83375333,2.703850000092319e-08,0.0007026212743719951
3866,-73.91002167,40.83368333,2.703850000092319e-08,0.0007026212743719951
3867,-73.91006,40.83360833,2.7367999999692806e-08,0.0007088342489327633
3868,-73.910105,40.83353333,2.7367999999692806e-08,0.0007088342489327633
3869,-73.91017833,40.83338667,2.8544000000703687e-08,0.0007165568963305085
3870,-73.91022,40.833315,2.8544000000703687e-08,0.0007165568963305085
3871,-73.91025833,40.83324333,2.8919999999913514e-08,0.0007273972702898959
3872,-73.91031167,40.83317833,2.8919999999913514e-08,0.0007273972702898959
3873,-73.91034833,40.83311,2.884449999823418e-08,0.0007294214045097369
3874,-73.91038833,40.83305,2.884449999823418e-08,0.0007294214045097369
3875,-73.91041333,40.83299167,2.884449999823418e-08,0.0007294214045097369
3876,-73.91044,40.83294,2.884449999823418e-08,0.0007294214045097369
3877,-73.910465,40.832895,2.884449999823418e-08,0.0007294214045097369
3878,-73.91048333,40.83285667,2.884449999823418e-08,0.0007294214045097369
3879,-73.910495,40.83282667,2.884449999823418e-08,0.0007294214045097369
3880,-73.91057167,40.832695,2.884449999823418e-08,0.0007294214045097369
3881,-73.91334333,40.83107333,1.2695699999904607e-07,0.0015808115481077889
3882,-73.91336333,40.831035,1.2695699999904607e-07,0.0015808115481077889
3883,-73.913385,40.83101333,1.2695699999904607e-07,0.0015808115481077889
3884,-73.913445,40.830895,1.2695699999904607e-07,0.0015808115481077889
3885,-73.91346333,40.83085833,1.2695699999904607e-07,0.0015808115481077889
3886,-73.91348833,40.83082,1.2695699999904607e-07,0.0015808115481077889
3887,-73.91351667,40.83077833,1.2695699999904607e-07,0.0015808115481077889
3888,-73.91355,40.83073,1.2695699999904607e-07,0.0015808115481077889
3889,-73.91364167,40.83062833,1.2695699999904607e-07,0.0015808115481077889
3890,-73.91367833,40.83056667,1.2695699999904607e-07,0.0015808115481077889
3891,-73.91372333,40.83049833,1.2695699999904607e-07,0.0015808115481077889
3892,-73.91380333,40.83036333,1.2695699999904607e-07,0.0015808115481077889
3893,-73.91383,40.83031,1.2695699999904607e-07,0.0015808115481077889
3894,-73.91386,40.83026833,1.2695699999904607e-07,0.0015808115481077889
3895,-73.913885,40.83023167,3.237500000088471e-08,0.0008495851056859365
3896,-73.91390833,40.83017333,3.237500000088471e-08,0.0008495851056859365
3897,-73.91393833,40.83001833,3.237500000088471e-08,0.0008495851056859365
3898,-73.91390833,40.83,3.237500000088471e-08,0.0008495851056859365
3899,-73.91387833,40.82998833,3.237500000088471e-08,0.0008495851056859365
3900,-73.91385833,40.82997667,3.237500000088471e-08,0.0008495851056859365
3901,-73.913815,40.82995,3.237500000088471e-08,0.0008495851056859365
3902,-73.91377167,40.82993,3.237500000088471e-08,0.0008495851056859365
3903,-73.91345833,40.829815,1.1297399999898285e-07,0.0015615430551611915
3904,-73.91341333,40.82979667,1.1297399999898285e-07,0.0015615430551611915
3905,-73.91338167,40.82978333,1.1297399999898285e-07,0.0015615430551611915
3906,-73.913255,40.82976333,1.1297399999898285e-07,0.0015615430551611915
3907,-73.91317833,40.82973667,1.1297399999898285e-07,0.0015615430551611915
3908,-73.9131,40.82970333,1.1297399999898285e-07,0.0015615430551611915
3909,-73.91301333,40.82967167,1.1297399999898285e-07,0.0015615430551611915
3910,-73.912825,40.82960333,4.61425000005333e-08,0.000989502471327621
3911,-73.91274,40.82957167,4.61425000005333e-08,0.000989502471327621
3912,-73.91265833,40.82953833,4.61425000005333e-08,0.000989502471327621
3913,-73.91259,40.82951,4.61425000005333e-08,0.000989502471327621
3914,-73.912525,40.82948667,4.61425000005333e-08,0.000989502471327621
3915,-73.91246333,40.82946333,4.61425000005333e-08,0.000989502471327621
3916,-73.91240167,40.82944333,4.61425000005333e-08,0.000989502471327621
3917,-73.91220167,40.82938333,3.279849999951363e-08,0.0008082845807718813
3918,-73.91210333,40.82934833,3.279849999951363e-08,0.0008082845807718813
3919,-73.91207,40.829335,3.279849999951363e-08,0.0008082845807718813
3920,-73.91204167,40.82932333,3.279849999951363e-08,0.0008082845807718813
3921,-73.91185833,40.82926833,3.279849999951363e-08,0.0008082845807718813
3922,-73.91182,40.82924833,3.279849999951363e-08,0.0008082845807718813
3923,-73.91171,40.829205,8.721100000067842e-08,0.0015140344662516317
3924,-73.91165667,40.82917667,8.721100000067842e-08,0.0015140344662516317
3925,-73.91161833,40.82915167,8.721100000067842e-08,0.0015140344662516317
3926,-73.91159667,40.82912833,8.721100000067842e-08,0.0015140344662516317
3927,-73.91158667,40.82911167,8.721100000067842e-08,0.0015140344662516317
3928,-73.91167333,40.828985,8.721100000067842e-08,0.0015140344662516317
3929,-73.9117,40.82894833,8.721100000067842e-08,0.0015140344662516317
3930,-73.91172833,40.82891167,8.721100000067842e-08,0.0015140344662516317
3931,-73.911755,40.82887167,8.721100000067842e-08,0.0015140344662516317
3932,-73.911785,40.82882333,8.721100000067842e-08,0.0015140344662516317
3933,-73.91182667,40.828755,8.721100000067842e-08,0.0015140344662516317
3934,-73.91185833,40.82869667,8.721100000067842e-08,0.0015140344662516317
3935,-73.91189,40.82863667,8.721100000067842e-08,0.0015140344662516317
3936,-73.91193167,40.82856333,2.3242899999498667e-07,0.002058695610284558
3937,-73.91197167,40.82849167,2.3242899999498667e-07,0.002058695610284558
3938,-73.91200833,40.82842333,2.3242899999498667e-07,0.002058695610284558
3939,-73.91204667,40.82835667,2.3242899999498667e-07,0.002058695610284558
3940,-73.912075,40.82831,2.3242899999498667e-07,0.002058695610284558
3941,-73.91210167,40.82826667,2.3242899999498667e-07,0.002058695610284558
3942,-73.91212667,40.82821833,2.3242899999498667e-07,0.002058695610284558
3943,-73.91215333,40.82817667,2.3242899999498667e-07,0.002058695610284558
3944,-73.91217667,40.82812,2.3242899999498667e-07,0.002058695610284558
3945,-73.91221,40.828055,2.3242899999498667e-07,0.002058695610284558
3946,-73.91225,40.82799333,2.3242899999498667e-07,0.002058695610284558
3947,-73.91230167,40.82793167,2.3242899999498667e-07,0.002058695610284558
3948,-73.91237,40.827865,2.5574599999885295e-07,0.002191800182886426
3949,-73.91244333,40.82779167,2.5574599999885295e-07,0.002191800182886426
3950,-73.91253167,40.82772833,2.5574599999885295e-07,0.002191800182886426
3951,-73.912625,40.82766667,2.5574599999885295e-07,0.002191800182886426
3952,-73.91271333,40.82760167,2.5574599999885295e-07,0.002191800182886426
3953,-73.91279833,40.82754,2.5574599999885295e-07,0.002191800182886426
3954,-73.91297167,40.82742167,2.5574599999885295e-07,0.002191800182886426
3955,-73.91305333,40.82737333,2.5574599999885295e-07,0.002191800182886426
3956,-73.91311,40.82732667,2.5574599999885295e-07,0.002191800182886426
3957,-73.913205,40.827255,2.5574599999885295e-07,0.002191800182886426
3958,-73.91324833,40.827215,2.5574599999885295e-07,0.002191800182886426
3959,-73.91329667,40.82717333,3.062249999950217e-08,0.0011533497533144509
3960,-73.91335167,40.82713167,3.062249999950217e-08,0.0011533497533144509
3961,-73.91341833,40.827085,3.062249999950217e-08,0.0011533497533144509
3962,-73.91361667,40.82695,3.062249999950217e-08,0.0011533497533144509
3963,-73.913845,40.8268,3.062249999950217e-08,0.0011533497533144509
3964,-73.91393333,40.82675,3.062249999950217e-08,0.0011533497533144509
3965,-73.9141,40.82664667,1.0059400000213355e-07,0.0023652645028903936
3966,-73.91417667,40.82659833,1.0059400000213355e-07,0.0023652645028903936
3967,-73.91424833,40.82654833,1.0059400000213355e-07,0.0023652645028903936
3968,-73.91431833,40.82650167,1.0059400000213355e-07,0.0023652645028903936
3969,-73.91439,40.82646,1.0059400000213355e-07,0.0023652645028903936
3970,-73.91446167,40.82642333,1.0059400000213355e-07,0.0023652645028903936
3971,-73.914535,40.82639333,1.0059400000213355e-07,0.0023652645028903936
3972,-73.91460667,40.82637833,1.0059400000213355e-07,0.0023652645028903936
3973,-73.914675,40.82637333,1.0059400000213355e-07,0.0023652645028903936
3974,-73.91474,40.82637833,1.0059400000213355e-07,0.0023652645028903936
3975,-73.914805,40.82639167,1.376919999999457e-07,0.0015700709272562334
3976,-73.91486333,40.82641,1.376919999999457e-07,0.0015700709272562334
3977,-73.91491667,40.826425,1.376919999999457e-07,0.0015700709272562334
3978,-73.91496333,40.82643833,1.376919999999457e-07,0.0015700709272562334
3979,-73.91500333,40.82645,1.376919999999457e-07,0.0015700709272562334
3980,-73.91503667,40.82646667,1.376919999999457e-07,0.0015700709272562334
3981,-73.91506667,40.82647667,1.376919999999457e-07,0.0015700709272562334
3982,-73.91509167,40.82648833,1.376919999999457e-07,0.0015700709272562334
3983,-73.91512,40.8265,1.376919999999457e-07,0.0015700709272562334
3984,-73.92848667,40.80900167,1.728949999975247e-07,0.001751234204253246
3985,-73.92836333,40.80914833,1.728949999975247e-07,0.001751234204253246
3986,-73.92830167,40.80923,1.728949999975247e-07,0.001751234204253246
3987,-73.92824,40.80931167,1.728949999975247e-07,0.001751234204253246
3988,-73.928175,40.809395,1.728949999975247e-07,0.001751234204253246
3989,-73.92805167,40.80956167,4.234000000078745e-08,0.0008747381508721278
3990,-73.92799,40.80965,4.234000000078745e-08,0.0008747381508721278
3991,-73.92779,40.80993167,6.709450000063516e-08,0.0011668482845511156
3992,-73.92760833,40.81016667,6.709450000063516e-08,0.0011668482845511156
3993,-73.92755833,40.81023667,6.709450000063516e-08,0.0011668482845511156
3994,-73.92751667,40.8103,6.709450000063516e-08,0.0011668482845511156
3995,-73.92747833,40.81036167,6.709450000063516e-08,0.0011668482845511156
3996,-73.92743833,40.81042167,6.709450000063516e-08,0.0011668482845511156
3997,-73.92740167,40.81047667,6.709450000063516e-08,0.0011668482845511156
3998,-73.92736667,40.81052,6.709450000063516e-08,0.0011668482845511156
3999,-73.92733833,40.81055667,6.709450000063516e-08,0.0011668482845511156
4000,-73.927295,40.81062333,6.709450000063516e-08,0.0011668482845511156
4001,-73.92727833,40.81065,8.121799999748781e-08,0.0014350024530090802
4002,-73.92724333,40.81074333,8.121799999748781e-08,0.0014350024530090802
4003,-73.92722667,40.81076667,8.121799999748781e-08,0.0014350024530090802
4004,-73.92719,40.81080833,8.121799999748781e-08,0.0014350024530090802
4005,-73.92708833,40.81091667,8.121799999748781e-08,0.0014350024530090802
4006,-73.92701833,40.810985,2.3332049999954084e-07,0.0029937937325263705
4007,-73.92694333,40.81104667,2.2871699999822287e-07,0.0033056564605700917
4008,-73.92687333,40.811095,2.2871699999822287e-07,0.0033056564605700917
4009,-73.926805,40.81114,2.2871699999822287e-07,0.0033056564605700917
4010,-73.92673333,40.81117833,2.2871699999822287e-07,0.0033056564605700917
4011,-73.926665,40.81122167,2.2871699999822287e-07,0.0033056564605700917
4012,-73.92659,40.81126833,2.2871699999822287e-07,0.0033056564605700917
4013,-73.92651667,40.81131667,2.2871699999822287e-07,0.0033056564605700917
4014,-73.92643667,40.81137,2.2871699999822287e-07,0.0033056564605700917
4015,-73.92635333,40.811425,2.2871699999822287e-07,0.0033056564605700917
4016,-73.926265,40.811475,2.2871699999822287e-07,0.0033056564605700917
4017,-73.92616833,40.811535,2.2871699999822287e-07,0.0033056564605700917
4018,-73.92596833,40.81164667,7.367799999978887e-08,0.0015325575364135472
4019,-73.92586667,40.81169833,7.367799999978887e-08,0.0015325575364135472
4020,-73.92576667,40.81175,7.367799999978887e-08,0.0015325575364135472
4021,-73.92566667,40.8118,7.367799999978887e-08,0.0015325575364135472
4022,-73.92546667,40.811905,6.169854999992972e-07,0.003941327724928671
4023,-73.92536333,40.81196333,6.169854999992972e-07,0.003941327724928671
4024,-73.925255,40.81202,1.3621899999827802e-07,0.0028033863563190725
4025,-73.92504167,40.81211833,3.6297499999887467e-07,0.003913773176598477
4026,-73.92494,40.81217,3.6297499999887467e-07,0.003913773176598477
4027,-73.92483333,40.81222333,3.6297499999887467e-07,0.003913773176598477
4028,-73.92472167,40.81227833,3.6297499999887467e-07,0.003913773176598477
4029,-73.92449667,40.81239667,6.824099999947863e-08,0.0014890533068298017
4030,-73.92438333,40.81245833,2.8939949999930726e-07,0.0023312024938345116
4031,-73.924275,40.81252,2.8939949999930726e-07,0.0023312024938345116
4032,-73.92417,40.81257667,2.8939949999930726e-07,0.0023312024938345116
4033,-73.92406167,40.81263167,2.8939949999930726e-07,0.0023312024938345116
4034,-73.923955,40.81268667,2.8939949999930726e-07,0.0023312024938345116
4035,-73.92385167,40.81274,2.8939949999930726e-07,0.0023312024938345116
4036,-73.92376333,40.81277,1.682549999951582e-08,0.000526250144308884
4037,-73.923685,40.81280833,1.682549999951582e-08,0.000526250144308884
4038,-73.92362333,40.81284667,1.682549999951582e-08,0.000526250144308884
4039,-73.923575,40.81288,1.682549999951582e-08,0.000526250144308884
4040,-73.923535,40.81290333,1.682549999951582e-08,0.000526250144308884
4041,-73.92350167,40.81291833,1.682549999951582e-08,0.000526250144308884
4042,-73.923475,40.81292833,1.682549999951582e-08,0.000526250144308884
4043,-73.92343167,40.812935,1.682549999951582e-08,0.000526250144308884
4044,-73.92333333,40.81298333,1.682549999951582e-08,0.000526250144308884
4045,-73.92327167,40.81301667,1.682549999951582e-08,0.000526250144308884
4046,-73.92321,40.81305167,1.682549999951582e-08,0.000526250144308884
4047,-73.92300667,40.81315833,1.682549999951582e-08,0.000526250144308884
4048,-73.92293167,40.81320667,1.682549999951582e-08,0.000526250144308884
4049,-73.9229,40.81322333,1.682549999951582e-08,0.000526250144308884
4050,-73.92277667,40.813305,2.308465000015778e-07,0.0020722727172698845
4051,-73.922605,40.81339833,2.308465000015778e-07,0.0020722727172698845
4052,-73.92254333,40.81342833,2.308465000015778e-07,0.0020722727172698845
4053,-73.92247,40.813465,2.308465000015778e-07,0.0020722727172698845
4054,-73.92239,40.8135,2.308465000015778e-07,0.0020722727172698845
4055,-73.921955,40.81371667,2.308465000015778e-07,0.0020722727172698845
4056,-73.92186333,40.813765,1.3723850000115918e-07,0.0027499097259409944
4057,-73.921775,40.81381167,1.3723850000115918e-07,0.0027499097259409944
4058,-73.92168667,40.81385667,1.3723850000115918e-07,0.0027499097259409944
4059,-73.92159833,40.81390167,1.3723850000115918e-07,0.0027499097259409944
4060,-73.92151167,40.813945,1.3723850000115918e-07,0.0027499097259409944
4061,-73.921425,40.813985,7.082899999950224e-08,0.0012038374162328374
4062,-73.92133333,40.814025,7.082899999950224e-08,0.0012038374162328374
4063,-73.92124333,40.81406833,7.082899999950224e-08,0.0012038374162328374
4064,-73.92115167,40.81411,7.082899999950224e-08,0.0012038374162328374
4065,-73.92106,40.81415833,7.082899999950224e-08,0.0012038374162328374
4066,-73.92097,40.81421333,7.082899999950224e-08,0.0012038374162328374
4067,-73.92088,40.814265,7.082899999950224e-08,0.0012038374162328374
4068,-73.92070833,40.81436,7.082899999950224e-08,0.0012038374162328374
4069,-73.92062833,40.814405,9.743149999867995e-08,0.0017650472264367492
4070,-73.92055167,40.81444333,9.743149999867995e-08,0.0017650472264367492
4071,-73.920485,40.81447667,9.743149999867995e-08,0.0017650472264367492
4072,-73.92042,40.81451,9.743149999867995e-08,0.0017650472264367492
4073,-73.92035,40.81454,9.743149999867995e-08,0.0017650472264367492
4074,-73.92026167,40.81458,9.743149999867995e-08,0.0017650472264367492
4075,-73.92016167,40.814625,4.012954999971823e-07,0.005201826971746651
4076,-73.92006,40.814675,4.012954999971823e-07,0.005201826971746651
4077,-73.91996,40.81472667,3.9355399999973703e-07,0.002693421939975208
4078,-73.91986667,40.81477667,3.9355399999973703e-07,0.002693421939975208
4079,-73.91969167,40.81486667,3.9355399999973703e-07,0.002693421939975208
4080,-73.919615,40.81490667,3.9355399999973703e-07,0.002693421939975208
4081,-73.91955167,40.81494167,3.9355399999973703e-07,0.002693421939975208
4082,-73.91949833,40.81497,3.9355399999973703e-07,0.002693421939975208
4083,-73.91945833,40.81499,3.2208049999764143e-07,0.0047075313144111525
4084,-73.91939333,40.81502333,3.2208049999764143e-07,0.0047075313144111525
4085,-73.919365,40.815035,3.2208049999764143e-07,0.0047075313144111525
4086,-73.91930667,40.81507,3.2208049999764143e-07,0.0047075313144111525
4087,-73.91927167,40.81509,3.2208049999764143e-07,0.0047075313144111525
4088,-73.91919667,40.81512667,1.514620000016742e-07,0.0018394020137387124
4089,-73.91915667,40.81514,1.514620000016742e-07,0.0018394020137387124
4090,-73.91911333,40.81515167,1.514620000016742e-07,0.0018394020137387124
4091,-73.91900833,40.81520167,1.514620000016742e-07,0.0018394020137387124
4092,-73.91888667,40.81525333,1.514620000016742e-07,0.0018394020137387124
4093,-73.918825,40.81528333,1.514620000016742e-07,0.0018394020137387124
4094,-73.91875667,40.815315,1.514620000016742e-07,0.0018394020137387124
4095,-73.91869333,40.81535,1.514620000016742e-07,0.0018394020137387124
4096,-73.91863167,40.81538167,1.514620000016742e-07,0.0018394020137387124
4097,-73.91856833,40.81542833,1.514620000016742e-07,0.0018394020137387124
4098,-73.9185,40.81547167,1.514620000016742e-07,0.0018394020137387124
4099,-73.91843667,40.81550333,8.196250000219457e-08,0.0014797418708620814
4100,-73.91837333,40.81554167,8.196250000219457e-08,0.0014797418708620814
4101,-73.91832333,40.81557833,8.196250000219457e-08,0.0014797418708620814
4102,-73.91801167,40.815775,3.615454999971189e-07,0.0026354596517212357
4103,-73.91796,40.81580833,3.615454999971189e-07,0.0026354596517212357
4104,-73.91790167,40.81584167,3.615454999971189e-07,0.0026354596517212357
4105,-73.917775,40.81591333,3.615454999971189e-07,0.0026354596517212357
4106,-73.91772,40.81594167,3.615454999971189e-07,0.0026354596517212357
4107,-73.91768,40.815965,3.615454999971189e-07,0.0026354596517212357
4108,-73.917645,40.815985,3.615454999971189e-07,0.0026354596517212357
4109,-73.91760667,40.81600833,3.615454999971189e-07,0.0026354596517212357
4110,-73.91752167,40.81605833,3.615454999971189e-07,0.0026354596517212357
4111,-73.917475,40.816085,8.699099999937702e-08,0.001415337926804203
4112,-73.91740333,40.816125,8.699099999937702e-08,0.001415337926804203
4113,-73.91737833,40.81614,8.699099999937702e-08,0.001415337926804203
4114,-73.91735333,40.81615667,8.699099999937702e-08,0.001415337926804203
4115,-73.91732167,40.81617333,8.699099999937702e-08,0.001415337926804203
4116,-73.91722833,40.81622667,8.699099999937702e-08,0.001415337926804203
4117,-73.91716833,40.81626167,8.699099999937702e-08,0.001415337926804203
4118,-73.9171,40.81629667,8.699099999937702e-08,0.001415337926804203
4119,-73.91703167,40.81633667,8.699099999937702e-08,0.001415337926804203
4120,-73.91696333,40.81637667,4.0858799999679184e-07,0.002917835689542566
4121,-73.916895,40.81640667,4.0858799999679184e-07,0.002917835689542566
4122,-73.916765,40.81649833,4.0858799999679184e-07,0.002917835689542566
4123,-73.91670667,40.81654333,4.0858799999679184e-07,0.002917835689542566
4124,-73.91665,40.816585,4.0858799999679184e-07,0.002917835689542566
4125,-73.9166,40.816625,4.489995000030895e-07,0.0028013201100499036
4126,-73.91649167,40.81672,4.489995000030895e-07,0.0028013201100499036
4127,-73.91646333,40.81674167,4.489995000030895e-07,0.0028013201100499036
4128,-73.91644,40.81676167,4.489995000030895e-07,0.0028013201100499036
4129,-73.91641667,40.81678333,4.489995000030895e-07,0.0028013201100499036
4130,-73.91639167,40.81680667,4.489995000030895e-07,0.0028013201100499036
4131,-73.916365,40.81682833,4.489995000030895e-07,0.0028013201100499036
4132,-73.91634333,40.81685,4.489995000030895e-07,0.0028013201100499036
4133,-73.91631667,40.816875,4.489995000030895e-07,0.0028013201100499036
4134,-73.91628333,40.81690833,4.489995000030895e-07,0.0028013201100499036
4135,-73.916235,40.81694833,4.626864999989666e-07,0.0037331794594505385
4136,-73.91617667,40.81699333,4.626864999989666e-07,0.0037331794594505385
4137,-73.916115,40.81704167,4.626864999989666e-07,0.0037331794594505385
4138,-73.91605833,40.817085,4.626864999989666e-07,0.0037331794594505385
4139,-73.916005,40.81712167,4.626864999989666e-07,0.0037331794594505385
4140,-73.91588,40.81723,4.626864999989666e-07,0.0037331794594505385
4141,-73.91585167,40.81726667,4.626864999989666e-07,0.0037331794594505385
4142,-73.91579833,40.81732667,4.626864999989666e-07,0.0037331794594505385
4143,-73.91573,40.81742833,4.626864999989666e-07,0.0037331794594505385
4144,-73.91569,40.81748667,4.626864999989666e-07,0.0037331794594505385
4145,-73.915645,40.81753167,4.626864999989666e-07,0.0037331794594505385
4146,-73.9156,40.81756833,4.626864999989666e-07,0.0037331794594505385
4147,-73.915465,40.81765667,3.472134999995675e-07,0.0033504683601604177
4148,-73.91539833,40.817695,3.472134999995675e-07,0.0033504683601604177
4149,-73.91529,40.81778,3.472134999995675e-07,0.0033504683601604177
4150,-73.91523833,40.81782,3.472134999995675e-07,0.0033504683601604177
4151,-73.915195,40.81785667,3.472134999995675e-07,0.0033504683601604177
4152,-73.91515167,40.81788833,3.472134999995675e-07,0.0033504683601604177
4153,-73.91511,40.81792167,3.472134999995675e-07,0.0033504683601604177
4154,-73.915055,40.817965,3.472134999995675e-07,0.0033504683601604177
4155,-73.91500167,40.81801667,7.31722000003637e-07,0.003886137222587118
4156,-73.91495333,40.818065,7.31722000003637e-07,0.003886137222587118
4157,-73.91486667,40.818125,7.31722000003637e-07,0.003886137222587118
4158,-73.91464667,40.81832,7.31722000003637e-07,0.003886137222587118
4159,-73.91459667,40.81836333,9.990449999952228e-08,0.001554395133675915
4160,-73.91447167,40.81844833,9.990449999952228e-08,0.001554395133675915
4161,-73.91443167,40.81848333,9.990449999952228e-08,0.001554395133675915
4162,-73.91439167,40.81852333,9.990449999952228e-08,0.001554395133675915
4163,-73.91435,40.81856167,9.990449999952228e-08,0.001554395133675915
4164,-73.91431167,40.81859667,9.990449999952228e-08,0.001554395133675915
4165,-73.91427833,40.81862667,9.990449999952228e-08,0.001554395133675915
4166,-73.91425167,40.81865833,9.990449999952228e-08,0.001554395133675915
4167,-73.914215,40.818695,9.990449999952228e-08,0.001554395133675915
4168,-73.91416667,40.818745,9.990449999952228e-08,0.001554395133675915
4169,-73.914115,40.81880333,9.990449999952228e-08,0.001554395133675915
4170,-73.91399667,40.81892667,1.7832549999981108e-07,0.0021584034512723647
4171,-73.913935,40.81899167,1.7832549999981108e-07,0.0021584034512723647
4172,-73.91387667,40.819055,1.7832549999981108e-07,0.0021584034512723647
4173,-73.91382,40.81912,1.7832549999981108e-07,0.0021584034512723647
4174,-73.91376667,40.81918333,1.7832549999981108e-07,0.0021584034512723647
4175,-73.91366167,40.81930667,1.347233000002386e-06,0.00525094146724123
4176,-73.91359833,40.819375,1.347233000002386e-06,0.00525094146724123
4177,-73.91346167,40.81952833,1.4607899999930424e-07,0.001643954869358441
4178,-73.91333167,40.81968667,1.4607899999930424e-07,0.001643954869358441
4179,-73.91327,40.81976667,1.4607899999930424e-07,0.001643954869358441
4180,-73.91320833,40.81984667,1.4607899999930424e-07,0.001643954869358441
4181,-73.91314833,40.81992833,1.4607899999930424e-07,0.001643954869358441
4182,-73.91308667,40.82001,8.805149999941859e-08,0.0012684786205782903
4183,-73.91303333,40.82009,8.805149999941859e-08,0.0012684786205782903
4184,-73.91298167,40.82017167,8.805149999941859e-08,0.0012684786205782903
4185,-73.912935,40.82025333,8.805149999941859e-08,0.0012684786205782903
4186,-73.91283333,40.82041667,8.805149999941859e-08,0.0012684786205782903
4187,-73.91277833,40.8205,2.5727500000363065e-07,0.003212601518459381
4188,-73.91272667,40.820585,3.405000000161409e-08,0.0007741051519340817
4189,-73.912615,40.82074833,3.405000000161409e-08,0.0007741051519340817
4190,-73.91255833,40.82083,3.405000000161409e-08,0.0007741051519340817
4191,-73.91249833,40.82091333,1.4203100000264548e-07,0.002109801555626112
4192,-73.91244333,40.820995,1.4203100000264548e-07,0.002109801555626112
4193,-73.91239,40.821075,1.4203100000264548e-07,0.002109801555626112
4194,-73.91234167,40.82115167,1.4203100000264548e-07,0.002109801555626112
4195,-73.91229333,40.82122833,1.4203100000264548e-07,0.002109801555626112
4196,-73.91224167,40.82131,1.4203100000264548e-07,0.002109801555626112
4197,-73.91218833,40.82139,1.135199999988264e-07,0.0018738583751748276
4198,-73.91213167,40.82146833,1.135199999988264e-07,0.0018738583751748276
4199,-73.91207833,40.82154667,1.135199999988264e-07,0.0018738583751748276
4200,-73.91203,40.82161833,1.135199999988264e-07,0.0018738583751748276
4201,-73.91199167,40.821675,1.135199999988264e-07,0.0018738583751748276
4202,-73.91196,40.82172,1.135199999988264e-07,0.0018738583751748276
4203,-73.91193333,40.82175667,2.180899999969698e-07,0.0028993288085306574
4204,-73.911925,40.82177833,2.180899999969698e-07,0.0028993288085306574
4205,-73.911795,40.82189333,2.180899999969698e-07,0.0028993288085306574
4206,-73.91178833,40.82189667,2.180899999969698e-07,0.0028993288085306574
4207,-73.91158833,40.82201667,2.180899999969698e-07,0.0028993288085306574
4208,-73.91151333,40.822045,2.180899999969698e-07,0.0028993288085306574
4209,-73.91143667,40.82207,2.180899999969698e-07,0.0028993288085306574
4210,-73.91136833,40.82209,2.180899999969698e-07,0.0028993288085306574
4211,-73.91131,40.82210167,2.180899999969698e-07,0.0028993288085306574
4212,-73.911225,40.82212,1.501509999980658e-07,0.0018164644641609283
4213,-73.91118833,40.82212667,1.501509999980658e-07,0.0018164644641609283
4214,-73.91115167,40.82213833,1.501509999980658e-07,0.0018164644641609283
4215,-73.91111167,40.82214833,1.501509999980658e-07,0.0018164644641609283
4216,-73.91106167,40.82216,1.501509999980658e-07,0.0018164644641609283
4217,-73.91100167,40.82217167,1.501509999980658e-07,0.0018164644641609283
4218,-73.91092667,40.82219,1.2026350000291338e-07,0.0015190709231297694
4219,-73.90863167,40.82411167,1.4693099999747476e-07,0.0021859658256233845
4220,-73.90859667,40.82419333,1.0202099999753914e-07,0.0016298109775127368
4221,-73.90856333,40.82427667,1.0202099999753914e-07,0.0016298109775127368
4222,-73.90852833,40.82436167,1.0202099999753914e-07,0.0016298109775127368
4223,-73.90849,40.82444333,1.0202099999753914e-07,0.0016298109775127368
4224,-73.90844833,40.82452167,1.0202099999753914e-07,0.0016298109775127368
4225,-73.90840167,40.82459333,1.0202099999753914e-07,0.0016298109775127368
4226,-73.90835,40.82466,1.0202099999753914e-07,0.0016298109775127368
4227,-73.90822833,40.82477,1.0202099999753914e-07,0.0016298109775127368
4228,-73.90815667,40.82483,1.1983000000068632e-07,0.0018738478130729997
4229,-73.90801167,40.82497,1.1983000000068632e-07,0.0018738478130729997
4230,-73.90785833,40.82511167,1.1983000000068632e-07,0.0018738478130729997
4231,-73.90778167,40.82518167,1.1983000000068632e-07,0.0018738478130729997
4232,-73.90771167,40.82524833,2.1547099999996266e-07,0.003270812764357024
4233,-73.90765167,40.82531,2.1547099999996266e-07,0.003270812764357024
4234,-73.90754,40.82542833,2.1547099999996266e-07,0.003270812764357024
4235,-73.90746833,40.82549,2.1547099999996266e-07,0.003270812764357024
4236,-73.907385,40.82555167,2.1547099999996266e-07,0.003270812764357024
4237,-73.90729,40.82561667,2.7515249999573835e-07,0.0032558511676821678
4238,-73.90718333,40.82568667,2.7515249999573835e-07,0.0032558511676821678
4239,-73.90708167,40.82577,2.7515249999573835e-07,0.0032558511676821678
4240,-73.906975,40.82584,1.3284999999851746e-07,0.001521916648380676
4241,-73.90686167,40.82591333,1.3284999999851746e-07,0.001521916648380676
4242,-73.90675167,40.82598667,1.3284999999851746e-07,0.001521916648380676
4243,-73.90653167,40.82613333,4.901249999704395e-08,0.0009373350502350474
4244,-73.90641833,40.82620333,4.901249999704395e-08,0.0009373350502350474
4245,-73.906305,40.82627333,4.901249999704395e-08,0.0009373350502350474
4246,-73.906195,40.82634333,2.389324999975464e-07,0.004019582805579096
4247,-73.90600167,40.82647333,7.263999999899067e-08,0.0014665387359063765
4248,-73.90592667,40.82652667,7.263999999899067e-08,0.0014665387359063765
4249,-73.905865,40.82657333,6.9591999999851e-08,0.0014886207556366214
4250,-73.90580333,40.82661667,6.9591999999851e-08,0.0014886207556366214
4251,-73.90565333,40.82669,6.9591999999851e-08,0.0014886207556366214
4252,-73.90557833,40.826725,6.9591999999851e-08,0.0014886207556366214
4253,-73.90550333,40.82676667,6.9591999999851e-08,0.0014886207556366214
4254,-73.90543,40.82681667,1.6016000000256743e-08,0.0005635969986223369
4255,-73.90536167,40.82686833,1.6016000000256743e-08,0.0005635969986223369
4256,-73.905295,40.82692167,1.6016000000256743e-08,0.0005635969986223369
4257,-73.90522333,40.82698,1.6016000000256743e-08,0.0005635969986223369
4258,-73.90515333,40.82703667,1.6016000000256743e-08,0.0005635969986223369
4259,-73.90509667,40.827085,1.6016000000256743e-08,0.0005635969986223369
4260,-73.90497833,40.82717,1.801500000040524e-08,0.0005486751212497595
4261,-73.904905,40.82722333,1.801500000040524e-08,0.0005486751212497595
4262,-73.90482333,40.82729167,1.801500000040524e-08,0.0005486751212497595
4263,-73.90473,40.82737,1.801500000040524e-08,0.0005486751212497595
4264,-73.90463,40.82745,1.801500000040524e-08,0.0005486751212497595
4265,-73.90453833,40.82753,5.585800000138681e-08,0.001267218444085469
4266,-73.90444833,40.82760833,5.585800000138681e-08,0.001267218444085469
4267,-73.904375,40.82767333,5.585800000138681e-08,0.001267218444085469
4268,-73.90432167,40.82771333,5.585800000138681e-08,0.001267218444085469
4269,-73.90428333,40.82774167,1.3218799999869477e-07,0.002006107615374497
4270,-73.90424833,40.82777167,1.3218799999869477e-07,0.002006107615374497
4271,-73.90415167,40.82785333,1.3218799999869477e-07,0.002006107615374497
4272,-73.90407833,40.82791333,1.3218799999869477e-07,0.002006107615374497
4273,-73.90400167,40.82798,1.3218799999869477e-07,0.002006107615374497
4274,-73.90394167,40.828035,1.3218799999869477e-07,0.002006107615374497
4275,-73.903905,40.82806667,2.721699999805365e-08,0.0008262323498637962
4276,-73.90388167,40.828085,2.721699999805365e-08,0.0008262323498637962
4277,-73.90387167,40.82809167,1.0847300000134659e-07,0.0016470107852266916
4278,-73.903815,40.82817,1.0847300000134659e-07,0.0016470107852266916
4279,-73.903765,40.82821333,1.0847300000134659e-07,0.0016470107852266916
4280,-73.90371,40.82826167,1.0847300000134659e-07,0.0016470107852266916
4281,-73.90351833,40.828425,1.0847300000134659e-07,0.0016470107852266916
4282,-73.90344833,40.82848667,1.0847300000134659e-07,0.0016470107852266916
4283,-73.90337,40.82855333,8.370500000315863e-09,0.0003691318940105802
4284,-73.90321833,40.828685,8.370500000315863e-09,0.0003691318940105802
4285,-73.90313833,40.82875167,8.370500000315863e-09,0.0003691318940105802
4286,-73.90305833,40.82881833,8.370500000315863e-09,0.0003691318940105802
4287,-73.90298,40.82888833,8.370500000315863e-09,0.0003691318940105802
4288,-73.9029,40.82895833,8.370500000315863e-09,0.0003691318940105802
4289,-73.902815,40.82902833,8.370500000315863e-09,0.0003691318940105802
4290,-73.90273333,40.8291,7.58974999986854e-08,0.0011811343406418007
4291,-73.90265,40.82917,7.58974999986854e-08,0.0011811343406418007
4292,-73.902565,40.82923833,7.58974999986854e-08,0.0011811343406418007
4293,-73.90248167,40.82930833,7.58974999986854e-08,0.0011811343406418007
4294,-73.90232667,40.82945,7.58974999986854e-08,0.0011811343406418007
4295,-73.90225,40.82951833,5.356799999935042e-08,0.001212904326326721
4296,-73.90217167,40.82958667,5.356799999935042e-08,0.001212904326326721
4297,-73.90209167,40.82965667,5.356799999935042e-08,0.001212904326326721
4298,-73.90193667,40.829795,1.1384149999885855e-07,0.0017694025142196512
4299,-73.90186333,40.82986333,1.1384149999885855e-07,0.0017694025142196512
4300,-73.90169333,40.830015,2.1037000000283716e-07,0.00293135789270124
4301,-73.90163333,40.83006833,2.1037000000283716e-07,0.00293135789270124
4302,-73.90156833,40.83012833,2.1037000000283716e-07,0.00293135789270124
4303,-73.90150333,40.83019333,5.298369999954395e-07,0.007178788074191405
4304,-73.90143167,40.83026333,5.298369999954395e-07,0.007178788074191405
4305,-73.90135,40.83033,5.298369999954395e-07,0.007178788074191405
4306,-73.90127167,40.8304,5.298369999954395e-07,0.007178788074191405
4307,-73.90119,40.83047167,5.298369999954395e-07,0.007178788074191405
4308,-73.90110833,40.83054333,5.298369999954395e-07,0.007178788074191405
4309,-73.90103,40.83061,5.298369999954395e-07,0.007178788074191405
4310,-73.90089667,40.83072,1.5782999999813242e-08,0.0005268150321189986
4311,-73.90085,40.830755,1.5782999999813242e-08,0.0005268150321189986
4312,-73.90081833,40.83077667,1.5782999999813242e-08,0.0005268150321189986
4313,-73.90079667,40.83078833,1.5782999999813242e-08,0.0005268150321189986
4314,-73.90073667,40.830815,1.5782999999813242e-08,0.0005268150321189986
4315,-73.90069167,40.830845,1.5782999999813242e-08,0.0005268150321189986
4316,-73.900635,40.83088167,1.5782999999813242e-08,0.0005268150321189986
4317,-73.90056667,40.830925,1.0172500000830281e-08,0.00043638002738259434
4318,-73.90049333,40.83096833,1.0172500000830281e-08,0.00043638002738259434
4319,-73.90034167,40.83104833,1.0172500000830281e-08,0.00043638002738259434
4320,-73.89769167,40.83653833,4.6433499999809964e-08,0.001018305399754036
4321,-73.89768833,40.83662,4.6433499999809964e-08,0.001018305399754036
4322,-73.89767667,40.83671,6.217999999858893e-09,0.0003175274988927052
4323,-73.89763833,40.83688833,6.217999999858893e-09,0.0003175274988927052
4324,-73.89761667,40.836975,3.783049999831622e-08,0.001034706868177474
4325,-73.89759,40.837055,3.783049999831622e-08,0.001034706868177474
4326,-73.89756333,40.83713667,3.783049999831622e-08,0.001034706868177474
4327,-73.89753333,40.837215,3.783049999831622e-08,0.001034706868177474
4328,-73.89746667,40.837365,3.783049999831622e-08,0.001034706868177474
4329,-73.89742833,40.83743667,3.783049999831622e-08,0.001034706868177474
4330,-73.89738833,40.83750167,3.783049999831622e-08,0.001034706868177474
4331,-73.897355,40.837555,3.783049999831622e-08,0.001034706868177474
4332,-73.89733,40.837595,3.783049999831622e-08,0.001034706868177474
4333,-73.89731167,40.83762667,3.783049999831622e-08,0.001034706868177474
4334,-73.89728667,40.83767167,3.783049999831622e-08,0.001034706868177474
4335,-73.89727,40.83769,3.783049999831622e-08,0.001034706868177474
4336,-73.89725,40.837715,3.783049999831622e-08,0.001034706868177474
4337,-73.89723,40.83775,3.783049999831622e-08,0.001034706868177474
4338,-73.89720333,40.83778833,3.783049999831622e-08,0.001034706868177474
4339,-73.89715333,40.837845,3.783049999831622e-08,0.001034706868177474
4340,-73.897095,40.83791167,3.783049999831622e-08,0.001034706868177474
4341,-73.896975,40.83805167,3.783049999831622e-08,0.001034706868177474
4342,-73.89692167,40.83812667,1.0111100000196011e-07,0.0013619510225848367
4343,-73.896865,40.83820333,1.0111100000196011e-07,0.0013619510225848367
4344,-73.89680333,40.83828167,1.0111100000196011e-07,0.0013619510225848367
4345,-73.89667833,40.83844,1.0111100000196011e-07,0.0013619510225848367
4346,-73.89661,40.83851833,1.0111100000196011e-07,0.0013619510225848367
4347,-73.89654,40.83859833,1.0111100000196011e-07,0.0013619510225848367
4348,-73.89647333,40.83867833,1.0111100000196011e-07,0.0013619510225848367
4349,-73.89634167,40.83884667,1.0111100000196011e-07,0.0013619510225848367
4350,-73.89628333,40.83892667,1.0111100000196011e-07,0.0013619510225848367
4351,-73.89622833,40.839005,1.0111100000196011e-07,0.0013619510225848367
4352,-73.89617333,40.83908167,1.0111100000196011e-07,0.0013619510225848367
4353,-73.89612167,40.839155,1.0111100000196011e-07,0.0013619510225848367
4354,-73.89608167,40.83922667,1.0111100000196011e-07,0.0013619510225848367
4355,-73.89603833,40.839295,1.0111100000196011e-07,0.0013619510225848367
4356,-73.89599333,40.839365,1.0111100000196011e-07,0.0013619510225848367
4357,-73.89595167,40.839435,1.0111100000196011e-07,0.0013619510225848367
4358,-73.89591167,40.83950667,1.0111100000196011e-07,0.0013619510225848367
4359,-73.89582667,40.83964667,1.0111100000196011e-07,0.0013619510225848367
4360,-73.895785,40.83971333,2.4180500000703318e-08,0.0006746085352436025
4361,-73.89573833,40.83978167,2.4180500000703318e-08,0.0006746085352436025
4362,-73.89569,40.83985167,2.4180500000703318e-08,0.0006746085352436025
4363,-73.89559,40.83999667,2.4180500000703318e-08,0.0006746085352436025
4364,-73.89553833,40.84007,2.4180500000703318e-08,0.0006746085352436025
4365,-73.89549,40.84014333,2.4180500000703318e-08,0.0006746085352436025
4366,-73.89544833,40.84021833,2.4180500000703318e-08,0.0006746085352436025
4367,-73.89541667,40.84029333,2.4180500000703318e-08,0.0006746085352436025
4368,-73.89538333,40.84037167,2.4180500000703318e-08,0.0006746085352436025
4369,-73.89534167,40.84045,2.4180500000703318e-08,0.0006746085352436025
4370,-73.89529167,40.84053,2.4180500000703318e-08,0.0006746085352436025
4371,-73.89524167,40.84061,2.4180500000703318e-08,0.0006746085352436025
4372,-73.895145,40.840775,2.4180500000703318e-08,0.0006746085352436025
4373,-73.89510167,40.84085333,2.4180500000703318e-08,0.0006746085352436025
4374,-73.89506667,40.84093333,2.4180500000703318e-08,0.0006746085352436025
4375,-73.89502333,40.84101667,2.4180500000703318e-08,0.0006746085352436025
4376,-73.89492,40.84118,2.4180500000703318e-08,0.0006746085352436025
4377,-73.89487,40.84125167,2.4180500000703318e-08,0.0006746085352436025
4378,-73.89482833,40.84131167,4.916350000041328e-08,0.0009104958658380491
4379,-73.89479167,40.84135833,4.916350000041328e-08,0.0009104958658380491
4380,-73.89475833,40.84139667,4.916350000041328e-08,0.0009104958658380491
4381,-73.89473,40.84142833,4.916350000041328e-08,0.0009104958658380491
4382,-73.89470667,40.84145333,4.916350000041328e-08,0.0009104958658380491
4383,-73.89469,40.84147167,4.916350000041328e-08,0.0009104958658380491
4384,-73.89460167,40.841565,4.916350000041328e-08,0.0009104958658380491
4385,-73.89458333,40.841585,4.916350000041328e-08,0.0009104958658380491
4386,-73.894565,40.841605,4.916350000041328e-08,0.0009104958658380491
4387,-73.89454833,40.84162667,4.916350000041328e-08,0.0009104958658380491
4388,-73.89453167,40.84164667,4.916350000041328e-08,0.0009104958658380491
4389,-73.89448833,40.84168333,4.916350000041328e-08,0.0009104958658380491
4390,-73.894475,40.84169833,4.916350000041328e-08,0.0009104958658380491
4391,-73.89437833,40.84178667,4.916350000041328e-08,0.0009104958658380491
4392,-73.89430667,40.84186167,4.916350000041328e-08,0.0009104958658380491
4393,-73.89427,40.84189667,4.916350000041328e-08,0.0009104958658380491
4394,-73.89423333,40.841935,4.916350000041328e-08,0.0009104958658380491
4395,-73.89419667,40.841975,4.916350000041328e-08,0.0009104958658380491
4396,-73.89416,40.84201167,4.916350000041328e-08,0.0009104958658380491
4397,-73.894125,40.84204833,4.916350000041328e-08,0.0009104958658380491
4398,-73.89409167,40.84207667,4.916350000041328e-08,0.0009104958658380491
4399,-73.89403167,40.84209667,4.916350000041328e-08,0.0009104958658380491
4400,-73.89400167,40.842095,4.916350000041328e-08,0.0009104958658380491
4401,-73.89397333,40.842085,4.916350000041328e-08,0.0009104958658380491
4402,-73.89394,40.84206667,2.1997000000259346e-07,0.0032472347192062582
4403,-73.893905,40.842045,2.1997000000259346e-07,0.0032472347192062582
4404,-73.89385667,40.84201667,2.1997000000259346e-07,0.0032472347192062582
4405,-73.893745,40.84194667,2.1997000000259346e-07,0.0032472347192062582
4406,-73.89368333,40.841905,2.1997000000259346e-07,0.0032472347192062582
4407,-73.89361667,40.84185833,2.1997000000259346e-07,0.0032472347192062582
4408,-73.89354333,40.84181,2.1997000000259346e-07,0.0032472347192062582
4409,-73.893465,40.84176,2.1997000000259346e-07,0.0032472347192062582
4410,-73.89324333,40.84161,2.4505500000920292e-08,0.000747252191355125
4411,-73.893165,40.841565,2.4505500000920292e-08,0.000747252191355125
4412,-73.89309167,40.84152333,2.4505500000920292e-08,0.000747252191355125
4413,-73.89302333,40.84148667,2.4505500000920292e-08,0.000747252191355125
4414,-73.89296333,40.84145167,2.4928500000237405e-08,0.0007988820797662084
4415,-73.89290833,40.84141833,2.4928500000237405e-08,0.0007988820797662084
4416,-73.892815,40.84136167,2.4928500000237405e-08,0.0007988820797662084
4417,-73.89278167,40.84133833,2.4928500000237405e-08,0.0007988820797662084
4418,-73.89275833,40.841325,2.4928500000237405e-08,0.0007988820797662084
4419,-73.89256833,40.841245,2.4299499999825308e-08,0.0007113160110439518
4420,-73.89254,40.84122333,2.4299499999825308e-08,0.0007113160110439518
4421,-73.89247,40.841175,2.4299499999825308e-08,0.0007113160110439518
4422,-73.89244,40.84115667,2.4299499999825308e-08,0.0007113160110439518
4423,-73.892415,40.84114167,2.4299499999825308e-08,0.0007113160110439518
4424,-73.89238667,40.84112333,2.4299499999825308e-08,0.0007113160110439518
4425,-73.89235667,40.84110333,2.4299499999825308e-08,0.0007113160110439518
4426,-73.89232,40.84108167,4.212950000004916e-08,0.0009711868552576416
4427,-73.89222833,40.84105667,4.212950000004916e-08,0.0009711868552576416
4428,-73.89217667,40.84106667,4.212950000004916e-08,0.0009711868552576416
4429,-73.89213167,40.841095,4.212950000004916e-08,0.0009711868552576416
4430,-73.89209333,40.84113,4.212950000004916e-08,0.0009711868552576416
4431,-73.892055,40.84116667,4.212950000004916e-08,0.0009711868552576416
4432,-73.89201167,40.841205,4.212950000004916e-08,0.0009711868552576416
4433,-73.89196667,40.84124,4.212950000004916e-08,0.0009711868552576416
4434,-73.891925,40.84127167,1.4868500000121584e-08,0.000503185400423271
4435,-73.89188667,40.84130167,1.4868500000121584e-08,0.000503185400423271
4436,-73.891855,40.84132833,1.4868500000121584e-08,0.000503185400423271
4437,-73.89183333,40.841355,1.4868500000121584e-08,0.000503185400423271
4438,-73.89181,40.84138,1.4868500000121584e-08,0.000503185400423271
4439,-73.89179167,40.84141667,1.4868500000121584e-08,0.000503185400423271
4440,-73.89176833,40.84144667,1.4868500000121584e-08,0.000503185400423271
4441,-73.891715,40.84149167,3.0677999999776144e-08,0.000775336733270536
4442,-73.89168667,40.84152167,3.0677999999776144e-08,0.000775336733270536
4443,-73.891655,40.84155667,3.0677999999776144e-08,0.000775336733270536
4444,-73.89162667,40.84159833,3.0677999999776144e-08,0.000775336733270536
4445,-73.89159667,40.84168667,3.0677999999776144e-08,0.000775336733270536
4446,-73.89162,40.84173,3.0677999999776144e-08,0.000775336733270536
4447,-73.89167333,40.84177167,9.321850000244578e-08,0.00176308057447287
4448,-73.89174833,40.84181333,1.533739999988762e-07,0.002711899325186865
4449,-73.89183167,40.841855,1.533739999988762e-07,0.002711899325186865
4450,-73.89192,40.84189667,1.533739999988762e-07,0.002711899325186865
4451,-73.891995,40.84195667,1.0612999999288092e-08,0.0004474232868178133
4452,-73.892075,40.84201,1.0612999999288092e-08,0.0004474232868178133
4453,-73.89215167,40.84206667,1.0612999999288092e-08,0.0004474232868178133
4454,-73.89231667,40.84217833,3.2738000000352027e-08,0.0007446731018914933
4455,-73.89239,40.84221833,3.2738000000352027e-08,0.0007446731018914933
4456,-73.89245667,40.84225833,3.2738000000352027e-08,0.0007446731018914933
4457,-73.89252167,40.84230167,3.2738000000352027e-08,0.0007446731018914933
4458,-73.89268167,40.842395,7.040299999994803e-08,0.0013015706668056293
4459,-73.89276333,40.84244667,7.040299999994803e-08,0.0013015706668056293
4460,-73.89284167,40.84249833,7.040299999994803e-08,0.0013015706668056293
4461,-73.89291667,40.84254667,7.040299999994803e-08,0.0013015706668056293
4462,-73.89306333,40.842645,7.168249999864927e-08,0.0012252951653448198
4463,-73.89315333,40.84270167,7.168249999864927e-08,0.0012252951653448198
4464,-73.89321667,40.84275333,7.168249999864927e-08,0.0012252951653448198
4465,-73.89327167,40.842795,7.168249999864927e-08,0.0012252951653448198
4466,-73.89329333,40.84281,7.168249999864927e-08,0.0012252951653448198
4467,-73.89331833,40.842845,7.168249999864927e-08,0.0012252951653448198
4468,-73.89332,40.84287333,7.168249999864927e-08,0.0012252951653448198
4469,-73.89330833,40.84291167,7.168249999864927e-08,0.0012252951653448198
4470,-73.89328,40.84294667,7.168249999864927e-08,0.0012252951653448198
4471,-73.893245,40.84298667,7.168249999864927e-08,0.0012252951653448198
4472,-73.893205,40.84303,7.168249999864927e-08,0.0012252951653448198
4473,-73.89316167,40.84307333,3.1684999999689955e-08,0.0007431004303651311
4474,-73.89312333,40.843115,3.1684999999689955e-08,0.0007431004303651311
4475,-73.89309,40.84314833,3.1684999999689955e-08,0.0007431004303651311
4476,-73.89306833,40.84317333,3.1684999999689955e-08,0.0007431004303651311
4477,-73.89305,40.843195,3.1684999999689955e-08,0.0007431004303651311
4478,-73.89303333,40.843215,3.1684999999689955e-08,0.0007431004303651311
4479,-73.89300833,40.84323833,3.1684999999689955e-08,0.0007431004303651311
4480,-73.89297333,40.84327,3.1684999999689955e-08,0.0007431004303651311
4481,-73.89292333,40.843315,3.1684999999689955e-08,0.0007431004303651311
4482,-73.89278667,40.84344667,3.1684999999689955e-08,0.0007431004303651311
4483,-73.89270833,40.84352,3.1684999999689955e-08,0.0007431004303651311
4484,-73.89263,40.84358667,3.1684999999689955e-08,0.0007431004303651311
4485,-73.89256333,40.843635,1.073514999988419e-07,0.0018129260562522807
4486,-73.892515,40.84366667,1.073514999988419e-07,0.0018129260562522807
4487,-73.892415,40.84373833,1.073514999988419e-07,0.0018129260562522807
4488,-73.89243,40.843775,1.073514999988419e-07,0.0018129260562522807
4489,-73.89246667,40.84380333,1.073514999988419e-07,0.0018129260562522807
4490,-73.89251833,40.843835,1.073514999988419e-07,0.0018129260562522807
4491,-73.89263667,40.84391,9.296999999964693e-09,0.00045015927143163894
4492,-73.8927,40.84395167,9.296999999964693e-09,0.00045015927143163894
4493,-73.89286667,40.84404667,9.129600000117915e-08,0.001357488459475022
4494,-73.89295833,40.8441,9.129600000117915e-08,0.001357488459475022
4495,-73.89304833,40.84415,9.129600000117915e-08,0.001357488459475022
4496,-73.89312167,40.84419667,9.129600000117915e-08,0.001357488459475022
4497,-73.89325667,40.84428333,4.434899999876449e-08,0.0008850420290962311
4498,-73.89338167,40.84437333,4.434899999876449e-08,0.0008850420290962311
4499,-73.89348333,40.84441833,4.434899999876449e-08,0.0008850420290962311
4500,-73.89369833,40.8445,9.86704999983602e-08,0.0012931285618403758
4501,-73.89378833,40.84453667,9.86704999983602e-08,0.0012931285618403758
4502,-73.89386,40.84457,9.86704999983602e-08,0.0012931285618403758
4503,-73.89391333,40.84459667,9.86704999983602e-08,0.0012931285618403758
4504,-73.89395667,40.844605,9.86704999983602e-08,0.0012931285618403758
4505,-73.89398333,40.84460167,9.86704999983602e-08,0.0012931285618403758
4506,-73.89401,40.844585,9.86704999983602e-08,0.0012931285618403758
4507,-73.89405333,40.84455,9.86704999983602e-08,0.0012931285618403758
4508,-73.894105,40.84450167,9.86704999983602e-08,0.0012931285618403758
4509,-73.89422833,40.84438167,9.719000000099721e-08,0.0013586226823592623
4510,-73.89429,40.84431833,9.719000000099721e-08,0.0013586226823592623
4511,-73.89435167,40.84425333,9.719000000099721e-08,0.0013586226823592623
4512,-73.894525,40.84408,9.719000000099721e-08,0.0013586226823592623
4513,-73.89454833,40.844055,9.719000000099721e-08,0.0013586226823592623
4514,-73.89456667,40.84402833,9.719000000099721e-08,0.0013586226823592623
4515,-73.89458167,40.84399667,9.719000000099721e-08,0.0013586226823592623
4516,-73.89459667,40.843965,9.719000000099721e-08,0.0013586226823592623
4517,-73.89461833,40.84394167,9.719000000099721e-08,0.0013586226823592623
4518,-73.89464833,40.843925,9.719000000099721e-08,0.0013586226823592623
4519,-73.89473333,40.843915,9.719000000099721e-08,0.0013586226823592623
4520,-73.89478833,40.84391333,8.212950000013271e-08,0.0016484688120235976
4521,-73.894855,40.84391667,8.212950000013271e-08,0.0016484688120235976
4522,-73.89493667,40.84393167,8.212950000013271e-08,0.0016484688120235976
4523,-73.89503,40.84394333,8.212950000013271e-08,0.0016484688120235976
4524,-73.89536167,40.84397333,8.212950000013271e-08,0.0016484688120235976
4525,-73.89548667,40.84398333,8.212950000013271e-08,0.0016484688120235976
4526,-73.89561667,40.84398667,8.212950000013271e-08,0.0016484688120235976
4527,-73.89608,40.844015,1.5786000000593902e-08,0.0005188724538636163
4528,-73.89617,40.84402667,1.5786000000593902e-08,0.0005188724538636163
4529,-73.89624833,40.84403667,1.5786000000593902e-08,0.0005188724538636163
4530,-73.89632167,40.84404667,1.5786000000593902e-08,0.0005188724538636163
4531,-73.896395,40.844055,1.5786000000593902e-08,0.0005188724538636163
4532,-73.89647,40.84406167,1.5786000000593902e-08,0.0005188724538636163
4533,-73.896545,40.84406833,1.5786000000593902e-08,0.0005188724538636163
4534,-73.896615,40.84407333,1.5786000000593902e-08,0.0005188724538636163
4535,-73.89672667,40.84407833,1.5786000000593902e-08,0.0005188724538636163
4536,-73.89676,40.84407833,1.5786000000593902e-08,0.0005188724538636163
4537,-73.89692333,40.84409167,1.5786000000593902e-08,0.0005188724538636163
4538,-73.89699,40.844095,1.5786000000593902e-08,0.0005188724538636163
4539,-73.89707167,40.84409667,1.9238499999701888e-08,0.0005766434579730465
4540,-73.89715833,40.844105,1.9238499999701888e-08,0.0005766434579730465
4541,-73.89724,40.84411833,1.9238499999701888e-08,0.0005766434579730465
4542,-73.89730833,40.84413167,1.9238499999701888e-08,0.0005766434579730465
4543,-73.89742667,40.84417167,1.9238499999701888e-08,0.0005766434579730465
4544,-73.89745833,40.844185,1.9238499999701888e-08,0.0005766434579730465
4545,-73.89769167,40.84403833,1.9238499999701888e-08,0.0005766434579730465
4546,-73.897605,40.84388667,4.413799999830226e-08,0.0012151881467389815
4547,-73.89768333,40.84377667,4.413799999830226e-08,0.0012151881467389815
4548,-73.897715,40.84368667,4.413799999830226e-08,0.0012151881467389815
4549,-73.89777,40.84359167,4.413799999830226e-08,0.0012151881467389815
4550,-73.89783,40.843495,4.413799999830226e-08,0.0012151881467389815
4551,-73.89789167,40.84339167,4.413799999830226e-08,0.0012151881467389815
4552,-73.89795,40.84329167,4.413799999830226e-08,0.0012151881467389815
4553,-73.89800167,40.84318833,2.8114000000686506e-08,0.0007184883409518748
4554,-73.89810333,40.842975,2.8114000000686506e-08,0.0007184883409518748
4555,-73.89815667,40.842865,2.8114000000686506e-08,0.0007184883409518748
4556,-73.89821,40.84276167,2.8114000000686506e-08,0.0007184883409518748
4557,-73.89826,40.842665,2.8114000000686506e-08,0.0007184883409518748
4558,-73.89830833,40.84256667,2.8114000000686506e-08,0.0007184883409518748
4559,-73.89835667,40.84247,1.0001899999954098e-07,0.001552381739539883
4560,-73.89840333,40.84237167,1.0001899999954098e-07,0.001552381739539883
4561,-73.89845333,40.84227667,1.0001899999954098e-07,0.001552381739539883
4562,-73.89849833,40.84218167,1.0001899999954098e-07,0.001552381739539883
4563,-73.89858,40.84200167,1.0001899999954098e-07,0.001552381739539883
4564,-73.89861833,40.84191667,1.0001899999954098e-07,0.001552381739539883
4565,-73.898655,40.84184333,1.0001899999954098e-07,0.001552381739539883
4566,-73.898685,40.84178167,8.018099999981341e-07,0.004018821535795656
4567,-73.89870833,40.841735,8.018099999981341e-07,0.004018821535795656
4568,-73.898725,40.841705,8.018099999981341e-07,0.004018821535795656
4569,-73.898735,40.841685,8.018099999981341e-07,0.004018821535795656
4570,-73.89876,40.84166333,8.018099999981341e-07,0.004018821535795656
4571,-73.89878167,40.84163167,8.018099999981341e-07,0.004018821535795656
4572,-73.898825,40.84156,8.018099999981341e-07,0.004018821535795656
4573,-73.89884667,40.84151833,8.018099999981341e-07,0.004018821535795656
4574,-73.89887667,40.841475,8.018099999981341e-07,0.004018821535795656
4575,-73.89890667,40.84142667,8.018099999981341e-07,0.004018821535795656
4576,-73.89894333,40.84136833,8.018099999981341e-07,0.004018821535795656
4577,-73.89898667,40.841305,8.018099999981341e-07,0.004018821535795656
4578,-73.89903167,40.84124,4.3976199999763034e-07,0.0026918385141713034
4579,-73.89908,40.84117667,4.3976199999763034e-07,0.0026918385141713034
4580,-73.89912667,40.84111667,4.3976199999763034e-07,0.0026918385141713034
4581,-73.89925167,40.84102667,8.018099999981341e-07,0.004018821535795656
4582,-73.89929833,40.84102333,8.018099999981341e-07,0.004018821535795656
4583,-73.89936,40.84104667,8.018099999981341e-07,0.004018821535795656
4584,-73.89944,40.84107167,8.018099999981341e-07,0.004018821535795656
4585,-73.89953833,40.8411,8.018099999981341e-07,0.004018821535795656
4586,-73.89974333,40.84117,5.764335000023311e-07,0.003635645184433818
4587,-73.89983833,40.84120167,5.764335000023311e-07,0.003635645184433818
4588,-73.89992,40.84122667,5.764335000023311e-07,0.003635645184433818
4589,-73.899975,40.84124333,5.764335000023311e-07,0.003635645184433818
4590,-73.90000833,40.841255,5.764335000023311e-07,0.003635645184433818
4591,-73.90010333,40.84129667,5.764335000023311e-07,0.003635645184433818
4592,-73.90024667,40.84132833,7.147934999943741e-07,0.0038624463014723916
4593,-73.90034667,40.84135,7.147934999943741e-07,0.0038624463014723916
4594,-73.90054833,40.84141167,7.147934999943741e-07,0.0038624463014723916
4595,-73.90064333,40.84144667,6.923330000008697e-07,0.003789607319954132
4596,-73.90072167,40.84147667,1.7403499999734244e-08,0.0005731721989795397
4597,-73.90081833,40.841515,1.7403499999734244e-08,0.0005731721989795397
4598,-73.90084,40.84153167,1.7403499999734244e-08,0.0005731721989795397
4599,-73.90083833,40.841535,1.7403499999734244e-08,0.0005731721989795397
4600,-73.90092333,40.84157,1.7403499999734244e-08,0.0005731721989795397
4601,-73.90097667,40.84158,1.7403499999734244e-08,0.0005731721989795397
4602,-73.901035,40.84157,1.7403499999734244e-08,0.0005731721989795397
4603,-73.90109333,40.84154,1.7403499999734244e-08,0.0005731721989795397
4604,-73.90114,40.84149333,1.7403499999734244e-08,0.0005731721989795397
4605,-73.90118167,40.84142667,1.7403499999734244e-08,0.0005731721989795397
4606,-73.901225,40.841355,1.255499999929453e-08,0.0004953594199100248
4607,-73.90126667,40.84128,1.255499999929453e-08,0.0004953594199100248
4608,-73.90131,40.84120167,1.255499999929453e-08,0.0004953594199100248
4609,-73.90135833,40.84112,1.255499999929453e-08,0.0004953594199100248
4610,-73.90140667,40.84103667,6.923330000008697e-07,0.003789607319954132
4611,-73.90145333,40.84095333,5.4204500001351786e-08,0.0009759136811976652
4612,-73.901545,40.84079167,5.4204500001351786e-08,0.0009759136811976652
4613,-73.901585,40.84072167,5.4204500001351786e-08,0.0009759136811976652
4614,-73.90169833,40.84052333,5.4204500001351786e-08,0.0009759136811976652
4615,-73.90173833,40.84045833,5.4204500001351786e-08,0.0009759136811976652
4616,-73.901775,40.84040333,5.4204500001351786e-08,0.0009759136811976652
4617,-73.90192667,40.840235,3.38579999995034e-08,0.0008110937541306749
4618,-73.90196167,40.840185,3.38579999995034e-08,0.0008110937541306749
4619,-73.90200333,40.84011833,3.38579999995034e-08,0.0008110937541306749
4620,-73.90205333,40.84004167,3.38579999995034e-08,0.0008110937541306749
4621,-73.902105,40.83995333,3.38579999995034e-08,0.0008110937541306749
4622,-73.90215833,40.83986333,3.38579999995034e-08,0.0008110937541306749
4623,-73.90220833,40.839775,3.38579999995034e-08,0.0008110937541306749
4624,-73.902255,40.83969,3.38579999995034e-08,0.0008110937541306749
4625,-73.9023,40.83960833,3.38579999995034e-08,0.0008110937541306749
4626,-73.90234167,40.83953,1.0617449999999968e-07,0.0015008413156648132
4627,-73.90237667,40.83946167,1.3284000000633419e-08,0.0005167172814716729
4628,-73.90244167,40.839345,1.3284000000633419e-08,0.0005167172814716729
4629,-73.90247167,40.839285,1.3284000000633419e-08,0.0005167172814716729
4630,-73.90249667,40.839215,1.3284000000633419e-08,0.0005167172814716729
4631,-73.90252333,40.83914167,1.3284000000633419e-08,0.0005167172814716729
4632,-73.90255167,40.83906833,1.3284000000633419e-08,0.0005167172814716729
4633,-73.90258167,40.83899833,1.3284000000633419e-08,0.0005167172814716729
4634,-73.902635,40.838875,1.3284000000633419e-08,0.0005167172814716729
4635,-73.90263667,40.83881833,1.3284000000633419e-08,0.0005167172814716729
4636,-73.90260833,40.83876333,1.1744450000213776e-07,0.0020967754130824068
4637,-73.90255,40.83872167,1.1744450000213776e-07,0.0020967754130824068
4638,-73.90247,40.83868667,1.1744450000213776e-07,0.0020967754130824068
4639,-73.90238333,40.83865333,1.1744450000213776e-07,0.0020967754130824068
4640,-73.9023,40.83862167,1.1744450000213776e-07,0.0020967754130824068
4641,-73.90221667,40.83858667,1.1744450000213776e-07,0.0020967754130824068
4642,-73.902065,40.83851833,2.3339200000272192e-07,0.0041060119877371366
4643,-73.90200167,40.838485,2.3339200000272192e-07,0.0041060119877371366
4644,-73.90195667,40.83846167,2.3339200000272192e-07,0.0041060119877371366
4645,-73.90183,40.83840167,2.3339200000272192e-07,0.0041060119877371366
4646,-73.90168667,40.83833833,2.3339200000272192e-07,0.0041060119877371366
4647,-73.90161333,40.838305,2.3339200000272192e-07,0.0041060119877371366
4648,-73.90153667,40.83826667,2.3339200000272192e-07,0.0041060119877371366
4649,-73.90146,40.83822833,2.3339200000272192e-07,0.0041060119877371366
4650,-73.90137833,40.83818667,8.04119999988328e-08,0.0011610141237148805
4651,-73.90128833,40.83814833,8.04119999988328e-08,0.0011610141237148805
4652,-73.901195,40.83810833,8.04119999988328e-08,0.0011610141237148805
4653,-73.9011,40.83807167,8.04119999988328e-08,0.0011610141237148805
4654,-73.90100167,40.83803,8.04119999988328e-08,0.0011610141237148805
4655,-73.90089833,40.83798833,8.04119999988328e-08,0.0011610141237148805
4656,-73.9008,40.83794833,8.04119999988328e-08,0.0011610141237148805
4657,-73.90070667,40.83790833,4.0054000000642226e-08,0.0009127449798070689
4658,-73.90062167,40.83787167,4.0054000000642226e-08,0.0009127449798070689
4659,-73.90054333,40.83783333,8.772500000096068e-08,0.0016891941980837328
4660,-73.900395,40.837755,1.4589050000414986e-07,0.00284397329267647
4661,-73.90032833,40.83772167,1.4589050000414986e-07,0.00284397329267647
4662,-73.90027333,40.83769333,1.4589050000414986e-07,0.00284397329267647
4663,-73.90023,40.83767333,1.4589050000414986e-07,0.00284397329267647
4664,-73.89999333,40.83758,1.4589050000414986e-07,0.00284397329267647
4665,-73.89982167,40.83751333,1.4589050000414986e-07,0.00284397329267647
4666,-73.89974167,40.83747667,1.4589050000414986e-07,0.00284397329267647
4667,-73.89962333,40.83740167,1.4589050000414986e-07,0.00284397329267647
4668,-73.89954,40.83730833,1.4589050000414986e-07,0.00284397329267647
4669,-73.89949833,40.837245,1.4589050000414986e-07,0.00284397329267647
4670,-73.899455,40.83717,1.4589050000414986e-07,0.00284397329267647
4671,-73.89936167,40.83701167,1.4589050000414986e-07,0.00284397329267647
4672,-73.89931833,40.836935,1.4589050000414986e-07,0.00284397329267647
4673,-73.89926667,40.83685333,6.217999999858893e-09,0.0003175274988927052
4674,-73.8992,40.83677667,6.217999999858893e-09,0.0003175274988927052
4675,-73.89913,40.8367,6.217999999858893e-09,0.0003175274988927052
4676,-73.89904833,40.83662333,6.217999999858893e-09,0.0003175274988927052
4677,-73.89886333,40.8365,6.217999999858893e-09,0.0003175274988927052
4678,-73.898755,40.83646167,6.217999999858893e-09,0.0003175274988927052
4679,-73.89863833,40.83643333,6.217999999858893e-09,0.0003175274988927052
4680,-73.898395,40.83640167,6.217999999858893e-09,0.0003175274988927052
4681,-73.898285,40.83638667,6.217999999858893e-09,0.0003175274988927052
4682,-73.89817667,40.83637667,6.217999999858893e-09,0.0003175274988927052
4683,-73.89808,40.83638,6.217999999858893e-09,0.0003175274988927052
4684,-73.89789667,40.836385,4.6433499999809964e-08,0.001018305399754036
4685,-73.89786667,40.83635833,4.6433499999809964e-08,0.001018305399754036
4686,-73.897825,40.83621167,4.6433499999809964e-08,0.001018305399754036
4687,-73.89781833,40.83614333,4.6433499999809964e-08,0.001018305399754036
4688,-73.89781,40.83607,4.6433499999809964e-08,0.001018305399754036
4689,-73.89780333,40.835995,4.6433499999809964e-08,0.001018305399754036
4690,-73.89780167,40.83591333,4.6433499999809964e-08,0.001018305399754036
4691,-73.89779833,40.835835,4.6433499999809964e-08,0.001018305399754036
4692,-73.89779,40.83576167,4.6433499999809964e-08,0.001018305399754036
4693,-73.89777,40.83568667,4.6433499999809964e-08,0.001018305399754036
4694,-73.89774167,40.83561,4.6433499999809964e-08,0.001018305399754036
4695,-73.89772,40.83553333,4.6433499999809964e-08,0.001018305399754036
4696,-73.89767833,40.83537333,1.6608599999988986e-07,0.002848735020267668
4697,-73.89765333,40.83528833,1.6608599999988986e-07,0.002848735020267668
4698,-73.89762,40.83520167,1.6608599999988986e-07,0.002848735020267668
4699,-73.89758,40.83512167,1.6608599999988986e-07,0.002848735020267668
4700,-73.897535,40.83503833,1.6608599999988986e-07,0.002848735020267668
4701,-73.897485,40.83495333,1.6608599999988986e-07,0.002848735020267668
4702,-73.89742667,40.83487,1.6608599999988986e-07,0.002848735020267668
4703,-73.89736833,40.83479,1.6608599999988986e-07,0.002848735020267668
4704,-73.89731,40.83471167,1.6608599999988986e-07,0.002848735020267668
4705,-73.89725333,40.83463667,1.6608599999988986e-07,0.002848735020267668
4706,-73.89720333,40.83456833,1.6608599999988986e-07,0.002848735020267668
4707,-73.89716333,40.834515,1.6608599999988986e-07,0.002848735020267668
4708,-73.89712667,40.83446833,1.6608599999988986e-07,0.002848735020267668
4709,-73.89709,40.83442167,1.6608599999988986e-07,0.002848735020267668
4710,-73.89704167,40.834365,1.7053000000871717e-08,0.0006202565862710341
4711,-73.89699,40.83429833,1.7053000000871717e-08,0.0006202565862710341
4712,-73.89693167,40.83423,1.7053000000871717e-08,0.0006202565862710341
4713,-73.896875,40.83416333,1.7053000000871717e-08,0.0006202565862710341
4714,-73.89681833,40.834095,1.7053000000871717e-08,0.0006202565862710341
4715,-73.89670833,40.83396667,1.8942250000266638e-07,0.0023096469676124045
4716,-73.896655,40.83390167,1.8942250000266638e-07,0.0023096469676124045
4717,-73.89655667,40.83378667,1.8942250000266638e-07,0.0023096469676124045
4718,-73.89649667,40.833705,1.8942250000266638e-07,0.0023096469676124045
4719,-73.89648333,40.83368333,1.8942250000266638e-07,0.0023096469676124045
4720,-73.896485,40.83357,1.8942250000266638e-07,0.0023096469676124045
4721,-73.89651333,40.83353833,1.8942250000266638e-07,0.0023096469676124045
4722,-73.89656167,40.83350667,1.8942250000266638e-07,0.0023096469676124045
4723,-73.89662333,40.833475,1.8942250000266638e-07,0.0023096469676124045
4724,-73.89669333,40.83344333,1.8942250000266638e-07,0.0023096469676124045
4725,-73.89677167,40.83340833,1.8942250000266638e-07,0.0023096469676124045
4726,-73.89685333,40.83337333,1.8942250000266638e-07,0.0023096469676124045
4727,-73.897025,40.83329167,1.8942250000266638e-07,0.0023096469676124045
4728,-73.897115,40.83324667,7.261850000006201e-08,0.001244255494115375
4729,-73.89720167,40.83319667,7.261850000006201e-08,0.001244255494115375
4730,-73.89728667,40.83315167,1.8588199999902543e-07,0.0032399019752636067
4731,-73.89737667,40.83310667,1.8588199999902543e-07,0.0032399019752636067
4732,-73.89746667,40.83305833,1.8588199999902543e-07,0.0032399019752636067
4733,-73.89755333,40.83301667,1.8588199999902543e-07,0.0032399019752636067
4734,-73.897625,40.832985,1.8588199999902543e-07,0.0032399019752636067
4735,-73.897685,40.832965,1.8588199999902543e-07,0.0032399019752636067
4736,-73.89773333,40.832955,1.8588199999902543e-07,0.0032399019752636067
4737,-73.89781,40.832935,1.8588199999902543e-07,0.0032399019752636067
4738,-73.89783167,40.83292833,1.8588199999902543e-07,0.0032399019752636067
4739,-73.89788333,40.8329,1.8588199999902543e-07,0.0032399019752636067
4740,-73.89792833,40.83287667,2.844644999965118e-07,0.0029004801618608598
4741,-73.89798167,40.832845,2.844644999965118e-07,0.0029004801618608598
4742,-73.89804333,40.83280667,2.844644999965118e-07,0.0029004801618608598
4743,-73.89817333,40.83271167,1.6735999999946434e-08,0.0006024085023206046
4744,-73.89824,40.83266,1.6735999999946434e-08,0.0006024085023206046
4745,-73.89831167,40.83261,1.6735999999946434e-08,0.0006024085023206046
4746,-73.89845167,40.83250667,1.6735999999946434e-08,0.0006024085023206046
4747,-73.898525,40.83245333,1.6735999999946434e-08,0.0006024085023206046
4748,-73.89860333,40.83239667,1.6735999999946434e-08,0.0006024085023206046
4749,-73.89875667,40.83227333,8.17014999987483e-08,0.0018492095038781255
4750,-73.89884167,40.83221333,8.17014999987483e-08,0.0018492095038781255
4751,-73.89892,40.832165,8.17014999987483e-08,0.0018492095038781255
4752,-73.89906667,40.83205833,8.17014999987483e-08,0.0018492095038781255
4753,-73.89913667,40.83200333,8.17014999987483e-08,0.0018492095038781255
4754,-73.89921167,40.83194167,8.17014999987483e-08,0.0018492095038781255
4755,-73.89930167,40.831875,8.17014999987483e-08,0.0018492095038781255
4756,-73.89959167,40.83166667,8.17014999987483e-08,0.0018492095038781255
4757,-73.89968333,40.83159,1.0172500000830281e-08,0.00043638002738259434
4758,-73.89978167,40.83152167,1.0172500000830281e-08,0.00043638002738259434
4759,-73.89987667,40.83146,1.0172500000830281e-08,0.00043638002738259434
4760,-73.89996667,40.83141,1.0172500000830281e-08,0.00043638002738259434
4761,-73.90004167,40.83137833,1.0172500000830281e-08,0.00043638002738259434
4762,-73.90011167,40.83135833,1.0172500000830281e-08,0.00043638002738259434
4763,-73.900185,40.83134667,1.0172500000830281e-08,0.00043638002738259434
4764,-73.90024667,40.83134,1.0172500000830281e-08,0.00043638002738259434
4765,-73.90028833,40.83133167,1.0172500000830281e-08,0.00043638002738259434
4766,-73.90045333,40.83134333,1.0172500000830281e-08,0.00043638002738259434
4767,-73.900515,40.83134667,1.0172500000830281e-08,0.00043638002738259434
4768,-73.90058,40.83134833,1.0172500000830281e-08,0.00043638002738259434
4769,-73.90064833,40.83135167,1.0172500000830281e-08,0.00043638002738259434
4770,-73.90081667,40.83137167,1.0172500000830281e-08,0.00043638002738259434
4771,-73.90091,40.83139333,1.0172500000830281e-08,0.00043638002738259434
4772,-73.90100667,40.83141667,1.3229500000510712e-08,0.0005331790576175564
4773,-73.90109833,40.83144167,1.3229500000510712e-08,0.0005331790576175564
4774,-73.90128,40.831495,1.3229500000510712e-08,0.0005331790576175564
4775,-73.901375,40.83152333,1.3229500000510712e-08,0.0005331790576175564
4776,-73.90147,40.83155667,1.3229500000510712e-08,0.0005331790576175564
4777,-73.90156333,40.83159,1.3229500000510712e-08,0.0005331790576175564
4778,-73.90165667,40.83162333,1.3229500000510712e-08,0.0005331790576175564
4779,-73.901745,40.831655,1.3309650000018598e-07,0.0019808510046370772
4780,-73.901825,40.83169,1.3309650000018598e-07,0.0019808510046370772
4781,-73.90189833,40.83172167,1.3309650000018598e-07,0.0019808510046370772
4782,-73.90205,40.83178333,1.3309650000018598e-07,0.0019808510046370772
4783,-73.90213667,40.83181167,1.3309650000018598e-07,0.0019808510046370772
4784,-73.90222833,40.83184,1.3309650000018598e-07,0.0019808510046370772
4785,-73.90260333,40.83198,3.178249999940013e-08,0.0008041699652969866
4786,-73.90268333,40.83200833,3.178249999940013e-08,0.0008041699652969866
4787,-73.90275667,40.83204,3.178249999940013e-08,0.0008041699652969866
4788,-73.90283333,40.83207167,3.178249999940013e-08,0.0008041699652969866
4789,-73.90291833,40.83210167,3.178249999940013e-08,0.0008041699652969866
4790,-73.90300667,40.83213,3.178249999940013e-08,0.0008041699652969866
4791,-73.90309167,40.83215667,3.178249999940013e-08,0.0008041699652969866
4792,-73.90316667,40.83218167,3.178249999940013e-08,0.0008041699652969866
4793,-73.903225,40.83220167,3.178249999940013e-08,0.0008041699652969866
4794,-73.90331333,40.832235,3.178249999940013e-08,0.0008041699652969866
4795,-73.90334833,40.832255,3.178249999940013e-08,0.0008041699652969866
4796,-73.903365,40.83228667,3.178249999940013e-08,0.0008041699652969866
4797,-73.90335833,40.83235333,3.178249999940013e-08,0.0008041699652969866
4798,-73.90330667,40.83243333,3.178249999940013e-08,0.0008041699652969866
4799,-73.90327167,40.83248,3.178249999940013e-08,0.0008041699652969866
4800,-73.90323333,40.832535,3.178249999940013e-08,0.0008041699652969866
4801,-73.903155,40.83264833,3.178249999940013e-08,0.0008041699652969866
4802,-73.90311,40.83271,3.178249999940013e-08,0.0008041699652969866
4803,-73.90302333,40.832835,1.828000000025159e-07,0.0022507111428368572
4804,-73.90298333,40.83289833,1.828000000025159e-07,0.0022507111428368572
4805,-73.90294667,40.83295667,1.828000000025159e-07,0.0022507111428368572
4806,-73.90291333,40.83300167,1.828000000025159e-07,0.0022507111428368572
4807,-73.90288833,40.83303833,1.828000000025159e-07,0.0022507111428368572
4808,-73.90286333,40.833075,1.828000000025159e-07,0.0022507111428368572
4809,-73.90284,40.83311,3.8196499999850274e-08,0.0008882210323904623
4810,-73.902815,40.83314667,3.8196499999850274e-08,0.0008882210323904623
4811,-73.902785,40.83318833,3.8196499999850274e-08,0.0008882210323904623
4812,-73.902755,40.833235,3.8196499999850274e-08,0.0008882210323904623
4813,-73.90272667,40.83328333,3.8196499999850274e-08,0.0008882210323904623
4814,-73.90262833,40.83342667,4.824450000017591e-08,0.0009765041526502533
4815,-73.90258667,40.83347833,4.824450000017591e-08,0.0009765041526502533
4816,-73.90253667,40.83353167,4.824450000017591e-08,0.0009765041526502533
4817,-73.90244167,40.83364667,4.824450000017591e-08,0.0009765041526502533
4818,-73.90233333,40.83381,4.824450000017591e-08,0.0009765041526502533
4819,-73.90231,40.83384167,4.343999999793306e-09,0.00027269334562122675
4820,-73.90229333,40.83386833,4.343999999793306e-09,0.00027269334562122675
4821,-73.902275,40.833895,4.343999999793306e-09,0.00027269334562122675
4822,-73.90225333,40.83392833,4.343999999793306e-09,0.00027269334562122675
4823,-73.90222667,40.83396667,4.343999999793306e-09,0.00027269334562122675
4824,-73.902195,40.83401,4.343999999793306e-09,0.00027269334562122675
4825,-73.90216,40.83405333,4.343999999793306e-09,0.00027269334562122675
4826,-73.90211667,40.83410167,4.343999999793306e-09,0.00027269334562122675
4827,-73.90207833,40.83415167,4.343999999793306e-09,0.00027269334562122675
4828,-73.90204833,40.83420167,4.343999999793306e-09,0.00027269334562122675
4829,-73.90199167,40.834295,4.343999999793306e-09,0.00027269334562122675
4830,-73.90197167,40.83433,4.343999999793306e-09,0.00027269334562122675
4831,-73.90195833,40.83436,4.343999999793306e-09,0.00027269334562122675
4832,-73.90194667,40.83438667,2.3014500000313403e-08,0.0006136373852568879
4833,-73.90192167,40.83443833,2.3014500000313403e-08,0.0006136373852568879
4834,-73.90191167,40.83446333,2.3014500000313403e-08,0.0006136373852568879
4835,-73.90188167,40.83455333,5.248150000145454e-08,0.0010774916351718668
4836,-73.90186333,40.83459333,5.248150000145454e-08,0.0010774916351718668
4837,-73.90184667,40.83464167,5.248150000145454e-08,0.0010774916351718668
4838,-73.90183,40.834695,5.248150000145454e-08,0.0010774916351718668
4839,-73.901805,40.83475,8.858999999835498e-08,0.001219978709681994
4840,-73.90176833,40.83480667,8.858999999835498e-08,0.001219978709681994
4841,-73.90168333,40.834925,8.858999999835498e-08,0.001219978709681994
4842,-73.90163833,40.83498667,8.858999999835498e-08,0.001219978709681994
4843,-73.90159667,40.83504833,8.858999999835498e-08,0.001219978709681994
4844,-73.90155833,40.83511167,8.858999999835498e-08,0.001219978709681994
4845,-73.901525,40.83517333,8.858999999835498e-08,0.001219978709681994
4846,-73.90142667,40.83529833,8.858999999835498e-08,0.001219978709681994
4847,-73.901415,40.83532167,8.858999999835498e-08,0.001219978709681994
4848,-73.901335,40.83544667,8.858999999835498e-08,0.001219978709681994
4849,-73.90134167,40.83548833,2.668544999969286e-07,0.0041403241337194556
4850,-73.90137,40.835525,2.668544999969286e-07,0.0041403241337194556
4851,-73.90159833,40.83560833,2.668544999969286e-07,0.0041403241337194556
4852,-73.90167667,40.83563,2.668544999969286e-07,0.0041403241337194556
4853,-73.901755,40.83565333,4.046914999990838e-07,0.0038549394018463404
4854,-73.90183667,40.83568,4.046914999990838e-07,0.0038549394018463404
4855,-73.901925,40.83570667,4.046914999990838e-07,0.0038549394018463404
4856,-73.90201667,40.83573167,4.046914999990838e-07,0.0038549394018463404
4857,-73.90211,40.835755,4.046914999990838e-07,0.0038549394018463404
4858,-73.90220667,40.83578,4.046914999990838e-07,0.0038549394018463404
4859,-73.902305,40.835805,4.046914999990838e-07,0.0038549394018463404
4860,-73.90249333,40.835855,4.046914999990838e-07,0.0038549394018463404
4861,-73.902585,40.83587833,4.046914999990838e-07,0.0038549394018463404
4862,-73.90266833,40.83590333,4.046914999990838e-07,0.0038549394018463404
4863,-73.90279833,40.835945,4.046914999990838e-07,0.0038549394018463404
4864,-73.90284833,40.83595333,8.438749999718282e-08,0.0014268335095378873
4865,-73.90289833,40.83595,8.438749999718282e-08,0.0014268335095378873
4866,-73.90294667,40.83593167,8.438749999718282e-08,0.0014268335095378873
4867,-73.90298833,40.8359,8.438749999718282e-08,0.0014268335095378873
4868,-73.90302667,40.83585667,1.0189050000216293e-07,0.001686187697711412
4869,-73.90306333,40.83580167,1.0189050000216293e-07,0.001686187697711412
4870,-73.903105,40.83574,1.0189050000216293e-07,0.001686187697711412
4871,-73.90314667,40.83566833,8.186774999998751e-07,0.0050121095019815915
4872,-73.90318667,40.83559,8.186774999998751e-07,0.0050121095019815915
4873,-73.90323167,40.83551167,8.186774999998751e-07,0.0050121095019815915
4874,-73.90328,40.83543333,8.186774999998751e-07,0.0050121095019815915
4875,-73.90333,40.83536167,8.186774999998751e-07,0.0050121095019815915
4876,-73.90337833,40.8353,8.440349999999037e-08,0.0014061487384785293
4877,-73.90342,40.83525167,8.440349999999037e-08,0.0014061487384785293
4878,-73.90345,40.83521167,8.440349999999037e-08,0.0014061487384785293
4879,-73.90347333,40.83518333,8.440349999999037e-08,0.0014061487384785293
4880,-73.90353167,40.83513,1.4373349999984316e-07,0.0019442393219330277
4881,-73.90356,40.83508833,1.4373349999984316e-07,0.0019442393219330277
4882,-73.903595,40.83502667,1.4373349999984316e-07,0.0019442393219330277
4883,-73.90364333,40.83495167,1.4373349999984316e-07,0.0019442393219330277
4884,-73.90369667,40.83486667,1.4373349999984316e-07,0.0019442393219330277
4885,-73.90375333,40.83477833,1.4373349999984316e-07,0.0019442393219330277
4886,-73.90381167,40.83469,1.4373349999984316e-07,0.0019442393219330277
4887,-73.90386833,40.8346,1.4373349999984316e-07,0.0019442393219330277
4888,-73.90392333,40.83451333,1.4373349999984316e-07,0.0019442393219330277
4889,-73.903985,40.83442333,1.4373349999984316e-07,0.0019442393219330277
4890,-73.904055,40.83433,1.4373349999984316e-07,0.0019442393219330277
4891,-73.904125,40.834235,5.1441999999207275e-08,0.0009161876624563581
4892,-73.904255,40.83404333,5.1441999999207275e-08,0.0009161876624563581
4893,-73.90431833,40.83394833,5.1441999999207275e-08,0.0009161876624563581
4894,-73.90438167,40.83385333,5.1441999999207275e-08,0.0009161876624563581
4895,-73.90444167,40.83376,5.1441999999207275e-08,0.0009161876624563581
4896,-73.90450167,40.833665,5.1441999999207275e-08,0.0009161876624563581
4897,-73.90456333,40.83356667,5.1441999999207275e-08,0.0009161876624563581
4898,-73.90469167,40.83337167,5.015849999855803e-08,0.0009177258575495048
4899,-73.90475167,40.83327833,1.8217800000380932e-07,0.002464461099744798
4900,-73.90481333,40.83319167,1.8217800000380932e-07,0.002464461099744798
4901,-73.904875,40.83310667,1.8217800000380932e-07,0.002464461099744798
4902,-73.90494167,40.83303,1.8217800000380932e-07,0.002464461099744798
4903,-73.90499833,40.832955,1.8217800000380932e-07,0.002464461099744798
4904,-73.90505,40.83288333,1.8217800000380932e-07,0.002464461099744798
4905,-73.90603,40.83285333,1.6990400000117739e-07,0.0019479044685284498
4906,-73.90605833,40.832795,1.6990400000117739e-07,0.0019479044685284498
4907,-73.90609333,40.83273667,1.6990400000117739e-07,0.0019479044685284498
4908,-73.90612833,40.83267333,1.6990400000117739e-07,0.0019479044685284498
4909,-73.90618,40.83261333,1.6990400000117739e-07,0.0019479044685284498
4910,-73.90622167,40.83255167,1.6990400000117739e-07,0.0019479044685284498
4911,-73.90629167,40.83245667,1.6990400000117739e-07,0.0019479044685284498
4912,-73.90632333,40.83242167,1.6990400000117739e-07,0.0019479044685284498
4913,-73.90634833,40.83238833,1.6990400000117739e-07,0.0019479044685284498
4914,-73.90637333,40.83235,1.6990400000117739e-07,0.0019479044685284498
4915,-73.90643833,40.832235,1.6990400000117739e-07,0.0019479044685284498
4916,-73.90647667,40.83216667,1.6990400000117739e-07,0.0019479044685284498
4917,-73.90652,40.83209167,1.6990400000117739e-07,0.0019479044685284498
4918,-73.906565,40.832015,1.6990400000117739e-07,0.0019479044685284498
4919,-73.90660833,40.83194,7.037150000021723e-08,0.0012487344317905226
4920,-73.90668,40.83179833,7.037150000021723e-08,0.0012487344317905226
4921,-73.90670333,40.83174,7.037150000021723e-08,0.0012487344317905226
4922,-73.90672333,40.83169167,7.037150000021723e-08,0.0012487344317905226
4923,-73.90674333,40.83165167,7.037150000021723e-08,0.0012487344317905226
4924,-73.906865,40.83145833,7.037150000021723e-08,0.0012487344317905226
4925,-73.90689833,40.83139667,7.037150000021723e-08,0.0012487344317905226
4926,-73.90694,40.83132833,7.037150000021723e-08,0.0012487344317905226
4927,-73.90698333,40.83125333,7.037150000021723e-08,0.0012487344317905226
4928,-73.90703,40.83117667,7.037150000021723e-08,0.0012487344317905226
4929,-73.90707167,40.8311,7.037150000021723e-08,0.0012487344317905226
4930,-73.90711333,40.83102333,1.5500000000599213e-08,0.0006526277050973869
4931,-73.90716,40.83094833,1.5500000000599213e-08,0.0006526277050973869
4932,-73.907205,40.83087333,1.217499999929488e-08,0.0005549286633265138
4933,-73.90725167,40.8308,1.217499999929488e-08,0.0005549286633265138
4934,-73.90729167,40.83073167,1.217499999929488e-08,0.0005549286633265138
4935,-73.90733,40.83066833,1.217499999929488e-08,0.0005549286633265138
4936,-73.90738,40.83056833,2.873150000030402e-08,0.0008986868302614468
4937,-73.90740333,40.83052167,2.873150000030402e-08,0.0008986868302614468
4938,-73.90742667,40.83047333,2.873150000030402e-08,0.0008986868302614468
4939,-73.90745333,40.83042833,2.873150000030402e-08,0.0008986868302614468
4940,-73.907495,40.83034667,2.873150000030402e-08,0.0008986868302614468
4941,-73.90751667,40.83031333,2.873150000030402e-08,0.0008986868302614468
4942,-73.90753833,40.83027833,2.873150000030402e-08,0.0008986868302614468
4943,-73.90756,40.83024333,2.873150000030402e-08,0.0008986868302614468
4944,-73.907585,40.83021,2.873150000030402e-08,0.0008986868302614468
4945,-73.90761333,40.83017333,2.873150000030402e-08,0.0008986868302614468
4946,-73.907645,40.83013167,5.501650000066929e-08,0.0011016263728763779
4947,-73.90767333,40.83008667,5.501650000066929e-08,0.0011016263728763779
4948,-73.90769833,40.83003667,5.501650000066929e-08,0.0011016263728763779
4949,-73.90772167,40.829985,5.501650000066929e-08,0.0011016263728763779
4950,-73.90775167,40.82993167,5.501650000066929e-08,0.0011016263728763779
4951,-73.90777833,40.829875,6.214599999939655e-08,0.0011210777129370107
4952,-73.90780167,40.829815,6.214599999939655e-08,0.0011210777129370107
4953,-73.90791167,40.82963167,6.214599999939655e-08,0.0011210777129370107
4954,-73.90795667,40.82956667,6.214599999939655e-08,0.0011210777129370107
4955,-73.90800333,40.8295,6.214599999939655e-08,0.0011210777129370107
4956,-73.90804,40.82944167,6.214599999939655e-08,0.0011210777129370107
4957,-73.908065,40.82938333,1.0205550000018578e-07,0.0016488576975371354
4958,-73.908105,40.82928833,1.0251999999732514e-08,0.0004685295436268346
4959,-73.908125,40.82925333,1.0251999999732514e-08,0.0004685295436268346
4960,-73.908145,40.82922,1.0251999999732514e-08,0.0004685295436268346
4961,-73.90816667,40.82919167,1.0251999999732514e-08,0.0004685295436268346
4962,-73.90818167,40.82916,1.0251999999732514e-08,0.0004685295436268346
4963,-73.90819833,40.829135,1.0251999999732514e-08,0.0004685295436268346
4964,-73.90822167,40.82908333,1.0251999999732514e-08,0.0004685295436268346
4965,-73.90823167,40.82905833,1.0251999999732514e-08,0.0004685295436268346
4966,-73.90824333,40.82902833,1.0251999999732514e-08,0.0004685295436268346
4967,-73.908255,40.82899667,1.0251999999732514e-08,0.0004685295436268346
4968,-73.90826833,40.82896833,1.0251999999732514e-08,0.0004685295436268346
4969,-73.90828167,40.82894333,1.0251999999732514e-08,0.0004685295436268346
4970,-73.90829,40.82892,7.93600000011535e-09,0.000385731129732848
4971,-73.90829667,40.82889833,7.93600000011535e-09,0.000385731129732848
4972,-73.908345,40.82879667,7.93600000011535e-09,0.000385731129732848
4973,-73.908365,40.82876833,7.93600000011535e-09,0.000385731129732848
4974,-73.90838667,40.82874,7.93600000011535e-09,0.000385731129732848
4975,-73.90841167,40.82871167,7.93600000011535e-09,0.000385731129732848
4976,-73.90843,40.82867833,7.93600000011535e-09,0.000385731129732848
4977,-73.908485,40.82856667,7.93600000011535e-09,0.000385731129732848
4978,-73.908505,40.82853667,3.871649999977537e-08,0.0009460956412169158
4979,-73.90856833,40.82845333,3.871649999977537e-08,0.0009460956412169158
4980,-73.90858833,40.82843333,3.871649999977537e-08,0.0009460956412169158
4981,-73.90860333,40.82841,3.871649999977537e-08,0.0009460956412169158
4982,-73.908615,40.82838667,3.871649999977537e-08,0.0009460956412169158
4983,-73.90863,40.82836833,3.871649999977537e-08,0.0009460956412169158
4984,-73.908675,40.82826167,3.871649999977537e-08,0.0009460956412169158
4985,-73.90869833,40.82821333,3.871649999977537e-08,0.0009460956412169158
4986,-73.90872333,40.828155,8.201749999805149e-08,0.0013573548093047643
4987,-73.90874833,40.82809333,2.6624999999668064e-08,0.0007621646118674617
4988,-73.90877833,40.82803333,2.6624999999668064e-08,0.0007621646118674617
4989,-73.908805,40.82798167,2.6624999999668064e-08,0.0007621646118674617
4990,-73.90882833,40.82793667,2.6624999999668064e-08,0.0007621646118674617
4991,-73.90885333,40.82789667,2.6624999999668064e-08,0.0007621646118674617
4992,-73.908885,40.82786667,2.6624999999668064e-08,0.0007621646118674617
4993,-73.90891333,40.82783667,2.6624999999668064e-08,0.0007621646118674617
4994,-73.90893333,40.82779667,2.6624999999668064e-08,0.0007621646118674617
4995,-73.908955,40.827755,2.6624999999668064e-08,0.0007621646118674617
4996,-73.90899667,40.82767,2.6624999999668064e-08,0.0007621646118674617
4997,-73.90901667,40.82762333,2.6624999999668064e-08,0.0007621646118674617
4998,-73.90903667,40.82757,2.6624999999668064e-08,0.0007621646118674617
4999,-73.90905833,40.82750833,2.6624999999668064e-08,0.0007621646118674617
5000,-73.90908833,40.82744333,7.766350000117215e-08,0.0014713473976052968
5001,-73.90916,40.82731,7.766350000117215e-08,0.0014713473976052968
5002,-73.90919667,40.82724667,7.766350000117215e-08,0.0014713473976052968
5003,-73.90922833,40.82719333,7.766350000117215e-08,0.0014713473976052968
5004,-73.90925167,40.82714833,7.766350000117215e-08,0.0014713473976052968
5005,-73.90926833,40.82711333,7.766350000117215e-08,0.0014713473976052968
5006,-73.90932833,40.82703667,7.766350000117215e-08,0.0014713473976052968
5007,-73.90936,40.82698667,7.766350000117215e-08,0.0014713473976052968
5008,-73.909395,40.82693333,7.766350000117215e-08,0.0014713473976052968
5009,-73.90943,40.82687833,7.766350000117215e-08,0.0014713473976052968
5010,-73.90946333,40.82682,2.5178949999847433e-07,0.003615557464513713
5011,-73.909495,40.82675833,2.5178949999847433e-07,0.003615557464513713
5012,-73.90955,40.82663333,2.5178949999847433e-07,0.003615557464513713
5013,-73.90957833,40.82657667,2.5178949999847433e-07,0.003615557464513713
5014,-73.909635,40.82646333,2.5178949999847433e-07,0.003615557464513713
5015,-73.909665,40.82641333,2.5178949999847433e-07,0.003615557464513713
5016,-73.909695,40.82636667,2.5178949999847433e-07,0.003615557464513713
5017,-73.909755,40.826275,2.5178949999847433e-07,0.003615557464513713
5018,-73.909815,40.82617,2.5178949999847433e-07,0.003615557464513713
5019,-73.909875,40.82606167,8.34945000004024e-08,0.001434810230114264
5020,-73.909905,40.82600667,8.34945000004024e-08,0.001434810230114264
5021,-73.90993833,40.82595333,3.148050000045257e-08,0.0008458312565785338
5022,-73.90996167,40.82589833,3.148050000045257e-08,0.0008458312565785338
5023,-73.90998833,40.825845,3.148050000045257e-08,0.0008458312565785338
5024,-73.910015,40.82579167,3.148050000045257e-08,0.0008458312565785338
5025,-73.91004667,40.82573833,3.148050000045257e-08,0.0008458312565785338
5026,-73.91007667,40.82568333,3.148050000045257e-08,0.0008458312565785338
5027,-73.910105,40.82562667,3.148050000045257e-08,0.0008458312565785338
5028,-73.910135,40.82556833,3.148050000045257e-08,0.0008458312565785338
5029,-73.91016667,40.82550833,3.148050000045257e-08,0.0008458312565785338
5030,-73.91019833,40.82545167,3.148050000045257e-08,0.0008458312565785338
5031,-73.91025667,40.82533167,2.1244500000553998e-08,0.0007301589505940439
5032,-73.910285,40.825275,2.1244500000553998e-08,0.0007301589505940439
5033,-73.91031167,40.82522333,2.1244500000553998e-08,0.0007301589505940439
5034,-73.91034,40.82517333,2.1244500000553998e-08,0.0007301589505940439
5035,-73.91042,40.82502833,2.1244500000553998e-08,0.0007301589505940439
5036,-73.910475,40.82492167,2.1244500000553998e-08,0.0007301589505940439
5037,-73.91050667,40.824865,2.1244500000553998e-08,0.0007301589505940439
5038,-73.91053667,40.82480667,2.1244500000553998e-08,0.0007301589505940439
5039,-73.91056167,40.82474833,2.1244500000553998e-08,0.0007301589505940439
5040,-73.91057333,40.82465333,3.944200000094009e-08,0.0010258552033965032
5041,-73.910555,40.82461833,3.944200000094009e-08,0.0010258552033965032
5042,-73.91052167,40.82459167,3.944200000094009e-08,0.0010258552033965032
5043,-73.910475,40.82457333,3.944200000094009e-08,0.0010258552033965032
5044,-73.910415,40.82456167,3.944200000094009e-08,0.0010258552033965032
5045,-73.91035,40.82455,3.944200000094009e-08,0.0010258552033965032
5046,-73.91028333,40.82453333,3.944200000094009e-08,0.0010258552033965032
5047,-73.91009167,40.82447333,3.944200000094009e-08,0.0010258552033965032
5048,-73.91002833,40.82445167,3.944200000094009e-08,0.0010258552033965032
5049,-73.90973667,40.82435833,5.823285000058602e-07,0.0058577973171446305
5050,-73.909655,40.82433,5.823285000058602e-07,0.0058577973171446305
5051,-73.90952667,40.82428,5.823285000058602e-07,0.0058577973171446305
5052,-73.90948333,40.824265,5.823285000058602e-07,0.0058577973171446305
5053,-73.90931,40.82416667,5.823285000058602e-07,0.0058577973171446305
5054,-73.90926667,40.82414833,5.823285000058602e-07,0.0058577973171446305
5055,-73.90915167,40.824105,5.823285000058602e-07,0.0058577973171446305
5056,-73.909085,40.824085,5.823285000058602e-07,0.0058577973171446305
5057,-73.90902167,40.824065,5.823285000058602e-07,0.0058577973171446305
5058,-73.91085667,40.822155,3.315419999984275e-07,0.0029103263967779026
5059,-73.91094,40.82201333,3.315419999984275e-07,0.0029103263967779026
5060,-73.91098667,40.821935,3.315419999984275e-07,0.0029103263967779026
5061,-73.91103333,40.82185833,3.315419999984275e-07,0.0029103263967779026
5062,-73.91108167,40.82178167,3.315419999984275e-07,0.0029103263967779026
5063,-73.91112333,40.82170833,2.180899999969698e-07,0.0028993288085306574
5064,-73.91115167,40.82164333,2.180899999969698e-07,0.0028993288085306574
5065,-73.91119667,40.82154,2.180899999969698e-07,0.0028993288085306574
5066,-73.91121167,40.82149333,2.180899999969698e-07,0.0028993288085306574
5067,-73.91122833,40.82144833,1.3151849999508365e-07,0.002282118137775943
5068,-73.91124833,40.82140833,1.3151849999508365e-07,0.002282118137775943
5069,-73.911265,40.82137333,1.3151849999508365e-07,0.002282118137775943
5070,-73.911345,40.821265,1.3151849999508365e-07,0.002282118137775943
5071,-73.91139333,40.82119833,1.3151849999508365e-07,0.002282118137775943
5072,-73.91144833,40.82111667,1.3151849999508365e-07,0.002282118137775943
5073,-73.91150333,40.82102667,9.012199999492502e-08,0.0014397371214293505
5074,-73.911605,40.82083833,9.012199999492502e-08,0.0014397371214293505
5075,-73.911665,40.82074667,9.012199999492502e-08,0.0014397371214293505
5076,-73.91172833,40.82065833,9.012199999492502e-08,0.0014397371214293505
5077,-73.91178833,40.82057167,3.6462000000682556e-08,0.0007744917963291742
5078,-73.91184333,40.820485,3.6462000000682556e-08,0.0007744917963291742
5079,-73.91194667,40.82031833,3.6462000000682556e-08,0.0007744917963291742
5080,-73.91198833,40.82023833,3.6462000000682556e-08,0.0007744917963291742
5081,-73.91202167,40.82016667,3.6462000000682556e-08,0.0007744917963291742
5082,-73.91205167,40.82010167,3.6462000000682556e-08,0.0007744917963291742
5083,-73.91207833,40.82004167,3.6462000000682556e-08,0.0007744917963291742
5084,-73.912095,40.81999167,3.6462000000682556e-08,0.0007744917963291742
5085,-73.91211167,40.81994667,3.6462000000682556e-08,0.0007744917963291742
5086,-73.91212667,40.81991667,3.6462000000682556e-08,0.0007744917963291742
5087,-73.91214833,40.81985167,3.6462000000682556e-08,0.0007744917963291742
5088,-73.91215,40.81981333,3.6462000000682556e-08,0.0007744917963291742
5089,-73.91213833,40.81977833,3.6462000000682556e-08,0.0007744917963291742
5090,-73.9121,40.81975,3.6462000000682556e-08,0.0007744917963291742
5091,-73.91203833,40.81972833,3.6462000000682556e-08,0.0007744917963291742
5092,-73.91197333,40.81970833,3.6462000000682556e-08,0.0007744917963291742
5093,-73.91191,40.81968833,3.6462000000682556e-08,0.0007744917963291742
5094,-73.911855,40.81966167,1.586140000000853e-07,0.0028688019214114383
5095,-73.91180167,40.81963,1.586140000000853e-07,0.0028688019214114383
5096,-73.91174333,40.8196,1.586140000000853e-07,0.0028688019214114383
5097,-73.91168167,40.819565,1.586140000000853e-07,0.0028688019214114383
5098,-73.911545,40.8195,1.586140000000853e-07,0.0028688019214114383
5099,-73.91147,40.81946833,1.586140000000853e-07,0.0028688019214114383
5100,-73.91132667,40.81942,1.586140000000853e-07,0.0028688019214114383
5101,-73.91125833,40.81940333,1.586140000000853e-07,0.0028688019214114383
5102,-73.91118833,40.81938667,1.586140000000853e-07,0.0028688019214114383
5103,-73.91112167,40.81937167,1.586140000000853e-07,0.0028688019214114383
5104,-73.91106,40.81935667,1.586140000000853e-07,0.0028688019214114383
5105,-73.91100833,40.81933667,1.586140000000853e-07,0.0028688019214114383
5106,-73.91096833,40.819325,1.8656799999453474e-07,0.002762819664516746
5107,-73.910935,40.819305,1.8656799999453474e-07,0.002762819664516746
5108,-73.91079167,40.81925167,2.4040000000254585e-08,0.0007785353184043566
5109,-73.91075667,40.81923833,2.4040000000254585e-08,0.0007785353184043566
5110,-73.91072333,40.81922833,2.4040000000254585e-08,0.0007785353184043566
5111,-73.91063,40.8192,2.4040000000254585e-08,0.0007785353184043566
5112,-73.91051,40.81917,2.4040000000254585e-08,0.0007785353184043566
5113,-73.91044167,40.81915167,2.4040000000254585e-08,0.0007785353184043566
5114,-73.91037,40.81913833,2.4040000000254585e-08,0.0007785353184043566
5115,-73.91030333,40.81912833,2.4040000000254585e-08,0.0007785353184043566
5116,-73.910185,40.819105,1.9696000000631807e-08,0.0007919695963780396
5117,-73.91013667,40.81909667,1.9696000000631807e-08,0.0007919695963780396
5118,-73.909845,40.819065,1.9696000000631807e-08,0.0007919695963780396
5119,-73.90968,40.81902667,1.2548100000249878e-07,0.001467105741166159
5120,-73.90949,40.81898333,1.2548100000249878e-07,0.001467105741166159
5121,-73.9094,40.818955,1.2548100000249878e-07,0.001467105741166159
5122,-73.90931,40.81892833,1.2548100000249878e-07,0.001467105741166159
5123,-73.90922167,40.818905,1.2548100000249878e-07,0.001467105741166159
5124,-73.90913333,40.81888,4.216884999976732e-07,0.0027591984542884446
5125,-73.90904667,40.81885667,4.216884999976732e-07,0.0027591984542884446
5126,-73.90897333,40.818825,2.0708500000766535e-08,0.0006407403097937437
5127,-73.90888167,40.81879,2.0708500000766535e-08,0.0006407403097937437
5128,-73.908775,40.81886333,2.0708500000766535e-08,0.0006407403097937437
5129,-73.908735,40.81893667,6.32724999992434e-08,0.0012644057509451796
5130,-73.90869833,40.81901333,6.32724999992434e-08,0.0012644057509451796
5131,-73.90866167,40.81909333,6.32724999992434e-08,0.0012644057509451796
5132,-73.90862667,40.819175,6.32724999992434e-08,0.0012644057509451796
5133,-73.90853667,40.81939333,5.821649999996515e-08,0.0014874771059404468
5134,-73.90851167,40.819455,5.821649999996515e-08,0.0014874771059404468
5135,-73.90848667,40.81950667,5.821649999996515e-08,0.0014874771059404468
5136,-73.90846167,40.81953833,5.821649999996515e-08,0.0014874771059404468
5137,-73.90844333,40.819565,5.821649999996515e-08,0.0014874771059404468
5138,-73.90840833,40.81962667,3.708600000231361e-08,0.0007865748625463935
5139,-73.90837833,40.819675,3.708600000231361e-08,0.0007865748625463935
5140,-73.908345,40.81973333,3.708600000231361e-08,0.0007865748625463935
5141,-73.90821833,40.81997333,3.708600000231361e-08,0.0007865748625463935
5142,-73.90817667,40.820075,3.708600000231361e-08,0.0007865748625463935
5143,-73.90815333,40.82012667,3.708600000231361e-08,0.0007865748625463935
5144,-73.908125,40.82019167,6.602400000257322e-08,0.0015626656895797119
5145,-73.908095,40.82026833,6.602400000257322e-08,0.0015626656895797119
5146,-73.90806167,40.82034833,7.340600000115169e-08,0.0012699206245142362
5147,-73.90802667,40.82042667,7.340600000115169e-08,0.0012699206245142362
5148,-73.907995,40.820505,7.340600000115169e-08,0.0012699206245142362
5149,-73.90796167,40.82058333,7.340600000115169e-08,0.0012699206245142362
5150,-73.90792667,40.82066,7.340600000115169e-08,0.0012699206245142362
5151,-73.907895,40.820735,7.340600000115169e-08,0.0012699206245142362
5152,-73.907865,40.82080667,5.235849999879291e-08,0.0010649623444784887
5153,-73.90779667,40.82094667,5.235849999879291e-08,0.0010649623444784887
5154,-73.90776,40.82101333,5.235849999879291e-08,0.0010649623444784887
5155,-73.90772667,40.82107167,5.235849999879291e-08,0.0010649623444784887
5156,-73.9077,40.82113,5.235849999879291e-08,0.0010649623444784887
5157,-73.97117833,40.79800333,5.561419999966913e-07,0.005737139483873994
5158,-73.97119833,40.79795833,5.561419999966913e-07,0.005737139483873994
5159,-73.971235,40.797925,5.077985000000103e-07,0.006034201964383598
5160,-73.97144833,40.79765,5.077985000000103e-07,0.006034201964383598
5161,-73.97149833,40.79758167,5.077985000000103e-07,0.006034201964383598
5162,-73.97155167,40.79749667,4.087195000006895e-07,0.00454274791618965
5163,-73.97164667,40.79737333,8.614249999940539e-08,0.001478950340566301
5164,-73.971695,40.7973,8.614249999940539e-08,0.001478950340566301
5165,-73.97181,40.79717167,8.614249999940539e-08,0.001478950340566301
5166,-73.97185333,40.79709167,8.614249999940539e-08,0.001478950340566301
5167,-73.97187167,40.79705167,8.614249999940539e-08,0.001478950340566301
5168,-73.97194833,40.79694667,8.614249999940539e-08,0.001478950340566301
5169,-73.97199,40.79688667,5.742350000167435e-08,0.0010500623510233424
5170,-73.97203833,40.796805,5.742350000167435e-08,0.0010500623510233424
5171,-73.97208,40.79672833,5.742350000167435e-08,0.0010500623510233424
5172,-73.97211167,40.79668667,5.742350000167435e-08,0.0010500623510233424
5173,-73.97220333,40.796565,5.742350000167435e-08,0.0010500623510233424
5174,-73.97222333,40.79652833,5.742350000167435e-08,0.0010500623510233424
5175,-73.97224833,40.79648667,2.015010000037737e-07,0.002885077067465651
5176,-73.97229,40.79639,2.015010000037737e-07,0.002885077067465651
5177,-73.97229667,40.79637,2.015010000037737e-07,0.002885077067465651
5178,-73.97230167,40.796355,2.015010000037737e-07,0.002885077067465651
5179,-73.972295,40.79637,2.015010000037737e-07,0.002885077067465651
5180,-73.97230333,40.79637833,2.015010000037737e-07,0.002885077067465651
5181,-73.97230167,40.7964,2.015010000037737e-07,0.002885077067465651
5182,-73.9723,40.79642333,2.015010000037737e-07,0.002885077067465651
5183,-73.97229833,40.796455,2.015010000037737e-07,0.002885077067465651
5184,-73.97229833,40.79648333,6.814399999825958e-08,0.001105057787129961
5185,-73.97229333,40.796505,5.6367500000231616e-08,0.0011116626290604095
5186,-73.97230167,40.79662833,5.6367500000231616e-08,0.0011116626290604095
5187,-73.97234167,40.79657667,5.6367500000231616e-08,0.0011116626290604095
5188,-73.97241833,40.79646333,6.814399999825958e-08,0.001105057787129961
5189,-73.97245,40.79641,6.814399999825958e-08,0.001105057787129961
5190,-73.97252667,40.79627667,6.814399999825958e-08,0.001105057787129961
5191,-73.972585,40.79618333,6.814399999825958e-08,0.001105057787129961
5192,-73.97264833,40.79610167,6.814399999825958e-08,0.001105057787129961
5193,-73.97270833,40.79602833,6.814399999825958e-08,0.001105057787129961
5194,-73.97282167,40.79587167,2.2984950000272194e-07,0.0026649003612441323
5195,-73.97288333,40.79579167,2.2984950000272194e-07,0.0026649003612441323
5196,-73.972945,40.79571167,2.2984950000272194e-07,0.0026649003612441323
5197,-73.97300333,40.795625,2.2984950000272194e-07,0.0026649003612441323
5198,-73.97313167,40.79540667,4.3876599999983515e-07,0.004844685467364239
5199,-73.97320667,40.79528833,4.3876599999983515e-07,0.004844685467364239
5200,-73.97329167,40.795165,2.760754999968827e-07,0.0033422889921784654
5201,-73.97336333,40.79506,2.760754999968827e-07,0.0033422889921784654
5202,-73.973505,40.794885,2.760754999968827e-07,0.0033422889921784654
5203,-73.973575,40.79480167,2.760754999968827e-07,0.0033422889921784654
5204,-73.97376667,40.79459833,2.760754999968827e-07,0.0033422889921784654
5205,-73.97381333,40.794525,2.760754999968827e-07,0.0033422889921784654
5206,-73.97386833,40.79445333,2.760754999968827e-07,0.0033422889921784654
5207,-73.973925,40.79440167,2.760754999968827e-07,0.0033422889921784654
5208,-73.97397833,40.79433833,2.760754999968827e-07,0.0033422889921784654
5209,-73.97403833,40.79427,1.735885000001868e-07,0.0021190385993288784
5210,-73.97409333,40.79419833,1.735885000001868e-07,0.0021190385993288784
5211,-73.97415667,40.79411667,1.735885000001868e-07,0.0021190385993288784
5212,-73.97421667,40.79403333,1.735885000001868e-07,0.0021190385993288784
5213,-73.97426,40.79396667,1.735885000001868e-07,0.0021190385993288784
5214,-73.97435833,40.79382,2.0462949999597346e-07,0.0022019278946332674
5215,-73.974415,40.79374,2.0462949999597346e-07,0.0022019278946332674
5216,-73.97447167,40.79366167,2.0462949999597346e-07,0.0022019278946332674
5217,-73.97451833,40.79359667,2.0462949999597346e-07,0.0022019278946332674
5218,-73.97459333,40.793475,2.0462949999597346e-07,0.0022019278946332674
5219,-73.97468333,40.79332833,2.0462949999597346e-07,0.0022019278946332674
5220,-73.974735,40.79325333,2.0462949999597346e-07,0.0022019278946332674
5221,-73.97484833,40.79309333,2.6221499999627205e-07,0.0029706450541502707
5222,-73.97489,40.79303667,2.6221499999627205e-07,0.0029706450541502707
5223,-73.97492833,40.79293667,2.6221499999627205e-07,0.0029706450541502707
5224,-73.97496667,40.792865,2.6221499999627205e-07,0.0029706450541502707
5225,-73.97501,40.79282667,2.6221499999627205e-07,0.0029706450541502707
5226,-73.97504,40.79276667,2.6221499999627205e-07,0.0029706450541502707
5227,-73.975035,40.79273667,2.6221499999627205e-07,0.0029706450541502707
5228,-73.97501333,40.79270833,2.9518499999268144e-08,0.0008263637223789031
5229,-73.97494667,40.79264667,2.9518499999268144e-08,0.0008263637223789031
5230,-73.97490667,40.792615,2.9518499999268144e-08,0.0008263637223789031
5231,-73.97486333,40.792585,2.9518499999268144e-08,0.0008263637223789031
5232,-73.97482,40.79254833,2.9518499999268144e-08,0.0008263637223789031
5233,-73.974785,40.792515,2.9518499999268144e-08,0.0008263637223789031
5234,-73.97474,40.79247,2.9518499999268144e-08,0.0008263637223789031
5235,-73.97469,40.79244,4.956305000012663e-07,0.005125332990955334
5236,-73.97464,40.792415,4.956305000012663e-07,0.005125332990955334
5237,-73.97451833,40.79238167,4.956305000012663e-07,0.005125332990955334
5238,-73.97446333,40.79236333,4.956305000012663e-07,0.005125332990955334
5239,-73.97441333,40.79233667,4.956305000012663e-07,0.005125332990955334
5240,-73.974375,40.79230333,4.956305000012663e-07,0.005125332990955334
5241,-73.97428833,40.79223167,4.956305000012663e-07,0.005125332990955334
5242,-73.97423333,40.79220167,4.956305000012663e-07,0.005125332990955334
5243,-73.97418,40.792175,4.956305000012663e-07,0.005125332990955334
5244,-73.97411833,40.79215833,4.956305000012663e-07,0.005125332990955334
5245,-73.974045,40.79213833,4.956305000012663e-07,0.005125332990955334
5246,-73.97396167,40.79213,4.956305000012663e-07,0.005125332990955334
5247,-73.97381667,40.79206,4.956305000012663e-07,0.005125332990955334
5248,-73.97366167,40.79196667,5.758864999949786e-07,0.006414747575038256
5249,-73.973515,40.79188833,5.758864999949786e-07,0.006414747575038256
5250,-73.97343667,40.79183667,5.758864999949786e-07,0.006414747575038256
5251,-73.97335,40.79178333,5.758864999949786e-07,0.006414747575038256
5252,-73.97326167,40.79173667,5.758864999949786e-07,0.006414747575038256
5253,-73.97318,40.791715,5.758864999949786e-07,0.006414747575038256
5254,-73.97311,40.79168,5.758864999949786e-07,0.006414747575038256
5255,-73.97281833,40.79157,5.758864999949786e-07,0.006414747575038256
5256,-73.97277167,40.79155,5.758864999949786e-07,0.006414747575038256
5257,-73.97272333,40.791525,5.758864999949786e-07,0.006414747575038256
5258,-73.97268333,40.791495,5.758864999949786e-07,0.006414747575038256
5259,-73.97261167,40.79143833,5.758864999949786e-07,0.006414747575038256
5260,-73.97249,40.79132667,5.758864999949786e-07,0.006414747575038256
5261,-73.972365,40.791295,5.758864999949786e-07,0.006414747575038256
5262,-73.97228333,40.79126667,5.848299999930406e-07,0.007407056006761326
5263,-73.97219667,40.79122667,5.848299999930406e-07,0.007407056006761326
5264,-73.972105,40.79120333,5.848299999930406e-07,0.007407056006761326
5265,-73.97191167,40.791125,5.848299999930406e-07,0.007407056006761326
5266,-73.97181333,40.79108167,5.848299999930406e-07,0.007407056006761326
5267,-73.971715,40.79104,5.848299999930406e-07,0.007407056006761326
5268,-73.971535,40.79095,5.848299999930406e-07,0.007407056006761326
5269,-73.971445,40.790905,5.848299999930406e-07,0.007407056006761326
5270,-73.97135667,40.79085833,5.848299999930406e-07,0.007407056006761326
5271,-73.971265,40.790815,5.848299999930406e-07,0.007407056006761326
5272,-73.971075,40.79071167,5.848299999930406e-07,0.007407056006761326
5273,-73.970975,40.79067167,5.848299999930406e-07,0.007407056006761326
5274,-73.97087833,40.790635,4.603509999992631e-07,0.004130481388688623
5275,-73.97078167,40.79059667,4.603509999992631e-07,0.004130481388688623
5276,-73.970685,40.79055167,4.603509999992631e-07,0.004130481388688623
5277,-73.97058833,40.79050333,4.603509999992631e-07,0.004130481388688623
5278,-73.97049167,40.79045667,4.603509999992631e-07,0.004130481388688623
5279,-73.97039833,40.79042167,4.603509999992631e-07,0.004130481388688623
5280,-73.97031,40.79038667,4.603509999992631e-07,0.004130481388688623
5281,-73.97022667,40.79033667,4.603509999992631e-07,0.004130481388688623
5282,-73.970155,40.79029,4.603509999992631e-07,0.004130481388688623
5283,-73.97006667,40.79028333,4.603509999992631e-07,0.004130481388688623
5284,-73.96998833,40.79024667,4.603509999992631e-07,0.004130481388688623
5285,-73.96984667,40.790195,4.603509999992631e-07,0.004130481388688623
5286,-73.96978667,40.79017667,4.603509999992631e-07,0.004130481388688623
5287,-73.96971,40.790145,1.2912149999675657e-07,0.001565966949956144
5288,-73.96966333,40.79011833,1.2912149999675657e-07,0.001565966949956144
5289,-73.96963167,40.790125,1.2912149999675657e-07,0.001565966949956144
5290,-73.96959167,40.79011167,1.2912149999675657e-07,0.001565966949956144
5291,-73.96955167,40.79010167,1.2912149999675657e-07,0.001565966949956144
5292,-73.96950833,40.790095,1.2912149999675657e-07,0.001565966949956144
5293,-73.969455,40.79008333,1.2912149999675657e-07,0.001565966949956144
5294,-73.96939333,40.79005667,1.2912149999675657e-07,0.001565966949956144
5295,-73.969325,40.79003333,1.2912149999675657e-07,0.001565966949956144
5296,-73.969255,40.78999333,1.2912149999675657e-07,0.001565966949956144
5297,-73.96919333,40.78995167,1.2912149999675657e-07,0.001565966949956144
5298,-73.96912,40.789935,1.2912149999675657e-07,0.001565966949956144
5299,-73.96903667,40.789925,1.2912149999675657e-07,0.001565966949956144
5300,-73.968955,40.7899,1.2912149999675657e-07,0.001565966949956144
5301,-73.96887167,40.789865,1.2912149999675657e-07,0.001565966949956144
5302,-73.96879333,40.789815,1.2912149999675657e-07,0.001565966949956144
5303,-73.96871833,40.78978167,1.2912149999675657e-07,0.001565966949956144
5304,-73.96864167,40.789765,1.2912149999675657e-07,0.001565966949956144
5305,-73.96856,40.78973667,1.2912149999675657e-07,0.001565966949956144
5306,-73.96849,40.78971667,1.2912149999675657e-07,0.001565966949956144
5307,-73.96843167,40.78969333,8.460900000092802e-08,0.0011904569376679592
5308,-73.96837167,40.78967333,7.957885000010632e-07,0.006426357403028604
5309,-73.96830667,40.78965667,7.957885000010632e-07,0.006426357403028604
5310,-73.968145,40.78962333,7.957885000010632e-07,0.006426357403028604
5311,-73.96806833,40.78959833,7.957885000010632e-07,0.006426357403028604
5312,-73.96799,40.78956,7.957885000010632e-07,0.006426357403028604
5313,-73.96791667,40.789525,7.957885000010632e-07,0.006426357403028604
5314,-73.967845,40.78949,7.957885000010632e-07,0.006426357403028604
5315,-73.96769333,40.789415,7.957885000010632e-07,0.006426357403028604
5316,-73.96754333,40.78934833,7.957885000010632e-07,0.006426357403028604
5317,-73.96747,40.789315,7.957885000010632e-07,0.006426357403028604
5318,-73.967395,40.789275,7.957885000010632e-07,0.006426357403028604
5319,-73.967315,40.78923167,7.957885000010632e-07,0.006426357403028604
5320,-73.967235,40.78919167,7.957885000010632e-07,0.006426357403028604
5321,-73.96715833,40.78914333,7.957885000010632e-07,0.006426357403028604
5322,-73.96701167,40.78902333,7.957885000010632e-07,0.006426357403028604
5323,-73.96693833,40.78897167,7.957885000010632e-07,0.006426357403028604
5324,-73.966875,40.788935,7.957885000010632e-07,0.006426357403028604
5325,-73.96682833,40.78891167,7.957885000010632e-07,0.006426357403028604
5326,-73.96679167,40.78889333,7.957885000010632e-07,0.006426357403028604
5327,-73.96674333,40.78883667,7.957885000010632e-07,0.006426357403028604
5328,-73.96677167,40.78879667,7.957885000010632e-07,0.006426357403028604
5329,-73.96681333,40.78876333,7.957885000010632e-07,0.006426357403028604
5330,-73.96837667,40.78729833,1.1699724999995384e-06,0.0075715811596752634
5331,-73.96869667,40.787375,1.1699724999995384e-06,0.0075715811596752634
5332,-73.96877667,40.78742667,1.1699724999995384e-06,0.0075715811596752634
5333,-73.96903167,40.78762167,1.1699724999995384e-06,0.0075715811596752634
5334,-73.96911667,40.78766667,1.1699724999995384e-06,0.0075715811596752634
5335,-73.96919833,40.78771167,1.1699724999995384e-06,0.0075715811596752634
5336,-73.96928,40.787745,1.1699724999995384e-06,0.0075715811596752634
5337,-73.96934667,40.78779167,1.1699724999995384e-06,0.0075715811596752634
5338,-73.96941,40.78783167,1.1699724999995384e-06,0.0075715811596752634
5339,-73.969485,40.78786333,1.1699724999995384e-06,0.0075715811596752634
5340,-73.969555,40.78789833,1.4970329999966568e-06,0.006608328208727516
5341,-73.96962667,40.787925,1.4970329999966568e-06,0.006608328208727516
5342,-73.96976667,40.78798667,1.4970329999966568e-06,0.006608328208727516
5343,-73.969845,40.78803,1.4970329999966568e-06,0.006608328208727516
5344,-73.96992833,40.78806667,1.511815000006463e-07,0.0019113280416068188
5345,-73.97008667,40.788125,1.511815000006463e-07,0.0019113280416068188
5346,-73.970165,40.78816,1.511815000006463e-07,0.0019113280416068188
5347,-73.97024,40.7882,1.511815000006463e-07,0.0019113280416068188
5348,-73.970315,40.78823167,1.511815000006463e-07,0.0019113280416068188
5349,-73.97040333,40.78826167,1.511815000006463e-07,0.0019113280416068188
5350,-73.97048667,40.78829,1.511815000006463e-07,0.0019113280416068188
5351,-73.97074667,40.78838167,1.511815000006463e-07,0.0019113280416068188
5352,-73.97101,40.78848833,1.0016600000177232e-07,0.002291757416606934
5353,-73.97111,40.78852333,1.0016600000177232e-07,0.002291757416606934
5354,-73.97120833,40.788555,1.3941349999919325e-07,0.001918699915033187
5355,-73.971385,40.78861167,1.3941349999919325e-07,0.001918699915033187
5356,-73.97147333,40.78865167,1.3941349999919325e-07,0.001918699915033187
5357,-73.97157333,40.78871833,1.3941349999919325e-07,0.001918699915033187
5358,-73.97175667,40.78881,1.3941349999919325e-07,0.001918699915033187
5359,-73.97184167,40.78884333,1.3941349999919325e-07,0.001918699915033187
5360,-73.97201167,40.788905,6.982409999901151e-07,0.005597939006380933
5361,-73.972085,40.78893333,1.5868449999959433e-07,0.0020661130053878725
5362,-73.97214667,40.788945,1.5868449999959433e-07,0.0020661130053878725
5363,-73.972195,40.78896333,1.5868449999959433e-07,0.0020661130053878725
5364,-73.97232333,40.78900167,1.5868449999959433e-07,0.0020661130053878725
5365,-73.97239667,40.78901667,1.5868449999959433e-07,0.0020661130053878725
5366,-73.97247167,40.78904667,1.5868449999959433e-07,0.0020661130053878725
5367,-73.97264167,40.7891,1.5868449999959433e-07,0.0020661130053878725
5368,-73.97273,40.789125,1.5868449999959433e-07,0.0020661130053878725
5369,-73.97289667,40.78919833,8.054499999931937e-08,0.001359285580272256
5370,-73.97297167,40.789255,8.054499999931937e-08,0.001359285580272256
5371,-73.97313167,40.78931833,8.054499999931937e-08,0.001359285580272256
5372,-73.97320333,40.78933833,8.054499999931937e-08,0.001359285580272256
5373,-73.973335,40.78936,8.031599999863542e-08,0.0013106844435066321
5374,-73.97338,40.78936833,8.031599999863542e-08,0.0013106844435066321
5375,-73.97349167,40.78922833,8.031599999863542e-08,0.0013106844435066321
5376,-73.97349333,40.78921333,8.031599999863542e-08,0.0013106844435066321
5377,-73.97368167,40.78901167,8.031599999863542e-08,0.0013106844435066321
5378,-73.97369667,40.78907833,8.031599999863542e-08,0.0013106844435066321
5379,-73.973715,40.78913333,8.031599999863542e-08,0.0013106844435066321
5380,-73.97373333,40.78918333,8.031599999863542e-08,0.0013106844435066321
5381,-73.97375667,40.789225,8.031599999863542e-08,0.0013106844435066321
5382,-73.973815,40.78928333,8.031599999863542e-08,0.0013106844435066321
5383,-73.973865,40.78929,8.031599999863542e-08,0.0013106844435066321
5384,-73.97394167,40.78931167,8.031599999863542e-08,0.0013106844435066321
5385,-73.97401833,40.78931333,8.031599999863542e-08,0.0013106844435066321
5386,-73.97409667,40.78931833,6.014504999999614e-07,0.0051801731399716226
5387,-73.97415667,40.78933,6.014504999999614e-07,0.0051801731399716226
5388,-73.97421667,40.78934333,6.014504999999614e-07,0.0051801731399716226
5389,-73.97426833,40.78938167,6.014504999999614e-07,0.0051801731399716226
5390,-73.97432167,40.78941167,6.014504999999614e-07,0.0051801731399716226
5391,-73.97437833,40.78943833,6.014504999999614e-07,0.0051801731399716226
5392,-73.97443833,40.789465,6.014504999999614e-07,0.0051801731399716226
5393,-73.974495,40.78948833,6.014504999999614e-07,0.0051801731399716226
5394,-73.974545,40.78951167,6.014504999999614e-07,0.0051801731399716226
5395,-73.97463167,40.78954333,6.014504999999614e-07,0.0051801731399716226
5396,-73.97467167,40.78955333,6.014504999999614e-07,0.0051801731399716226
5397,-73.97469833,40.78956667,6.014504999999614e-07,0.0051801731399716226
5398,-73.97479167,40.78958833,6.014504999999614e-07,0.0051801731399716226
5399,-73.97487833,40.78956667,6.014504999999614e-07,0.0051801731399716226
5400,-73.97493667,40.78957333,6.014504999999614e-07,0.0051801731399716226
5401,-73.97499667,40.78959,6.014504999999614e-07,0.0051801731399716226
5402,-73.975025,40.78959333,6.014504999999614e-07,0.0051801731399716226
5403,-73.97506,40.7896,6.014504999999614e-07,0.0051801731399716226
5404,-73.97509,40.789595,6.014504999999614e-07,0.0051801731399716226
5405,-73.97522667,40.78965333,4.839164999983859e-07,0.0054940606970288654
5406,-73.975305,40.78966833,4.007024999988941e-07,0.003994750522854671
5407,-73.97537833,40.78968833,4.007024999988941e-07,0.003994750522854671
5408,-73.97544667,40.78971667,4.007024999988941e-07,0.003994750522854671
5409,-73.97551667,40.78973833,4.007024999988941e-07,0.003994750522854671
5410,-73.97558667,40.78975833,4.007024999988941e-07,0.003994750522854671
5411,-73.97571333,40.78980833,4.007024999988941e-07,0.003994750522854671
5412,-73.97578,40.78983833,4.007024999988941e-07,0.003994750522854671
5413,-73.97591667,40.78991167,4.007024999988941e-07,0.003994750522854671
5414,-73.97599333,40.78994333,4.007024999988941e-07,0.003994750522854671
5415,-73.97615167,40.79001,4.007024999988941e-07,0.003994750522854671
5416,-73.97622,40.79005333,1.6904249999682696e-07,0.002143735540254331
5417,-73.97627167,40.790105,1.6904249999682696e-07,0.002143735540254331
5418,-73.97659,40.790225,1.6904249999682696e-07,0.002143735540254331
5419,-73.97669333,40.79027,1.6904249999682696e-07,0.002143735540254331
5420,-73.97678667,40.79032333,1.6904249999682696e-07,0.002143735540254331
5421,-73.97698333,40.79040167,1.5964249999811777e-07,0.0023283765391125524
5422,-73.97708667,40.790445,1.5964249999811777e-07,0.0023283765391125524
5423,-73.97719167,40.79048667,1.5964249999811777e-07,0.0023283765391125524
5424,-73.9773,40.79052667,1.5964249999811777e-07,0.0023283765391125524
5425,-73.97739833,40.79056167,1.5964249999811777e-07,0.0023283765391125524
5426,-73.97749,40.79058167,6.406455000010691e-07,0.006472284588177883
5427,-73.977585,40.79061,6.406455000010691e-07,0.006472284588177883
5428,-73.97768667,40.79063,6.406455000010691e-07,0.006472284588177883
5429,-73.97778167,40.79066167,6.406455000010691e-07,0.006472284588177883
5430,-73.97787333,40.79068167,6.406455000010691e-07,0.006472284588177883
5431,-73.97805167,40.790735,6.406455000010691e-07,0.006472284588177883
5432,-73.97813667,40.790755,6.406455000010691e-07,0.006472284588177883
5433,-73.97821167,40.79077167,6.406455000010691e-07,0.006472284588177883
5434,-73.97835333,40.79080667,9.945790000005398e-07,0.008952823674934775
5435,-73.978375,40.790805,9.945790000005398e-07,0.008952823674934775
5436,-73.97845,40.79087833,9.945790000005398e-07,0.008952823674934775
5437,-73.97847833,40.79089833,9.945790000005398e-07,0.008952823674934775
5438,-73.978525,40.79091167,9.945790000005398e-07,0.008952823674934775
5439,-73.97866167,40.79090167,9.945790000005398e-07,0.008952823674934775
5440,-73.97873167,40.79087,9.945790000005398e-07,0.008952823674934775
5441,-73.978865,40.79083333,9.945790000005398e-07,0.008952823674934775
5442,-73.97898167,40.79077333,9.945790000005398e-07,0.008952823674934775
5443,-73.97909167,40.79072333,9.945790000005398e-07,0.008952823674934775
5444,-73.979125,40.790715,9.945790000005398e-07,0.008952823674934775
5445,-73.97918,40.79069,9.945790000005398e-07,0.008952823674934775
5446,-73.97936167,40.79055667,9.945790000005398e-07,0.008952823674934775
5447,-73.979385,40.79054167,9.945790000005398e-07,0.008952823674934775
5448,-73.97941833,40.79051,9.945790000005398e-07,0.008952823674934775
5449,-73.97944833,40.79047667,9.945790000005398e-07,0.008952823674934775
5450,-73.97951833,40.79039,1.2374465000084035e-06,0.009935239999109767
5451,-73.97955,40.79034333,1.2374465000084035e-06,0.009935239999109767
5452,-73.97958333,40.790295,1.2374465000084035e-06,0.009935239999109767
5453,-73.979625,40.79024667,1.2374465000084035e-06,0.009935239999109767
5454,-73.97967167,40.790195,1.2374465000084035e-06,0.009935239999109767
5455,-73.97973167,40.79012333,1.2374465000084035e-06,0.009935239999109767
5456,-73.97979,40.79006833,1.2374465000084035e-06,0.009935239999109767
5457,-73.97984167,40.79000667,1.2374465000084035e-06,0.009935239999109767
5458,-73.97995667,40.78990333,1.2307444999876087e-06,0.011086564250597846
5459,-73.98001167,40.78984833,1.2307444999876087e-06,0.011086564250597846
5460,-73.98006167,40.78978833,1.2307444999876087e-06,0.011086564250597846
5461,-73.98013,40.7897,1.2307444999876087e-06,0.011086564250597846
5462,-73.980175,40.78963,1.2307444999876087e-06,0.011086564250597846
5463,-73.98021833,40.78955167,1.2307444999876087e-06,0.011086564250597846
5464,-73.98027833,40.78946833,1.2307444999876087e-06,0.011086564250597846
5465,-73.98041167,40.78930333,1.2307444999876087e-06,0.011086564250597846
5466,-73.98045,40.78926,1.1113785000020763e-06,0.010770866579085612
5467,-73.98049333,40.78920667,1.1113785000020763e-06,0.010770866579085612
5468,-73.98056,40.789145,1.1113785000020763e-06,0.010770866579085612
5469,-73.980585,40.78911833,1.1113785000020763e-06,0.010770866579085612
5470,-73.98061833,40.78894667,1.1113785000020763e-06,0.010770866579085612
5471,-73.98062167,40.78886833,1.1113785000020763e-06,0.010770866579085612
5472,-73.98063333,40.788785,1.1113785000020763e-06,0.010770866579085612
5473,-73.98063833,40.788705,1.1113785000020763e-06,0.010770866579085612
5474,-73.98064333,40.78862667,1.1113785000020763e-06,0.010770866579085612
5475,-73.980645,40.78853,1.1113785000020763e-06,0.010770866579085612
5476,-73.98064,40.788475,1.1113785000020763e-06,0.010770866579085612
5477,-73.980645,40.78842,1.1113785000020763e-06,0.010770866579085612
5478,-73.98064167,40.78840667,1.0070160000032154e-06,0.008102476776464102
5479,-73.98063333,40.78836333,1.0070160000032154e-06,0.008102476776464102
5480,-73.98063,40.78830833,1.0070160000032154e-06,0.008102476776464102
5481,-73.98062333,40.78823833,1.0070160000032154e-06,0.008102476776464102
5482,-73.98061,40.78811333,1.0070160000032154e-06,0.008102476776464102
5483,-73.980605,40.78805667,1.0070160000032154e-06,0.008102476776464102
5484,-73.98059667,40.788,1.0070160000032154e-06,0.008102476776464102
5485,-73.98060667,40.78794167,1.0070160000032154e-06,0.008102476776464102
5486,-73.98063,40.78782333,1.0070160000032154e-06,0.008102476776464102
5487,-73.98064333,40.7878,1.0070160000032154e-06,0.008102476776464102
5488,-73.98068167,40.78771833,4.443570000013681e-07,0.003940598415361999
5489,-73.980705,40.78763667,4.443570000013681e-07,0.003940598415361999
5490,-73.980735,40.78753333,4.443570000013681e-07,0.003940598415361999
5491,-73.98073333,40.78746333,4.443570000013681e-07,0.003940598415361999
5492,-73.9807,40.78732833,4.443570000013681e-07,0.003940598415361999
5493,-73.98068667,40.787285,4.443570000013681e-07,0.003940598415361999
5494,-73.98063667,40.78726,4.443570000013681e-07,0.003940598415361999
5495,-73.98057167,40.787235,4.443570000013681e-07,0.003940598415361999
5496,-73.98051,40.78722,4.443570000013681e-07,0.003940598415361999
5497,-73.98042833,40.7872,4.443570000013681e-07,0.003940598415361999
5498,-73.98025833,40.78715167,4.443570000013681e-07,0.003940598415361999
5499,-73.98017333,40.78712,3.1541249999846677e-07,0.003706598186593706
5500,-73.98009833,40.78709167,3.1541249999846677e-07,0.003706598186593706
5501,-73.98001833,40.78704167,3.1541249999846677e-07,0.003706598186593706
5502,-73.97992667,40.78701,3.1541249999846677e-07,0.003706598186593706
5503,-73.97954167,40.786625,2.890279999997159e-07,0.002325753611458137
5504,-73.97945,40.78658167,2.890279999997159e-07,0.002325753611458137
5505,-73.97933833,40.78655,2.890279999997159e-07,0.002325753611458137
5506,-73.97914167,40.78650167,2.890279999997159e-07,0.002325753611458137
5507,-73.97905,40.78647667,2.890279999997159e-07,0.002325753611458137
5508,-73.97899,40.78642333,2.890279999997159e-07,0.002325753611458137
5509,-73.97892333,40.78637667,2.890279999997159e-07,0.002325753611458137
5510,-73.978815,40.786345,2.0099149999969932e-07,0.0019367524183471028
5511,-73.97878333,40.78630167,2.0099149999969932e-07,0.0019367524183471028
5512,-73.97873167,40.78607,2.0099149999969932e-07,0.0019367524183471028
5513,-73.978635,40.786015,2.0099149999969932e-07,0.0019367524183471028
5514,-73.97858667,40.78599,2.0099149999969932e-07,0.0019367524183471028
5515,-73.97852667,40.78597333,2.0099149999969932e-07,0.0019367524183471028
5516,-73.97847167,40.78597333,2.0099149999969932e-07,0.0019367524183471028
5517,-73.97842667,40.78598667,2.0099149999969932e-07,0.0019367524183471028
5518,-73.97837833,40.78601833,2.0099149999969932e-07,0.0019367524183471028
5519,-73.97833833,40.78605833,2.0099149999969932e-07,0.0019367524183471028
5520,-73.97829833,40.78609667,2.0099149999969932e-07,0.0019367524183471028
5521,-73.97826,40.78613833,2.0099149999969932e-07,0.0019367524183471028
5522,-73.97820833,40.78622167,2.0099149999969932e-07,0.0019367524183471028
5523,-73.97817167,40.78626333,2.0099149999969932e-07,0.0019367524183471028
5524,-73.97814,40.78630167,2.0099149999969932e-07,0.0019367524183471028
5525,-73.97811333,40.786335,2.247709999995285e-07,0.002109526306813997
5526,-73.97809,40.78635833,2.247709999995285e-07,0.002109526306813997
5527,-73.97807167,40.78637,2.247709999995285e-07,0.002109526306813997
5528,-73.97805167,40.78638167,2.247709999995285e-07,0.002109526306813997
5529,-73.97793667,40.78639833,2.247709999995285e-07,0.002109526306813997
5530,-73.97791833,40.78641333,2.247709999995285e-07,0.002109526306813997
5531,-73.9779,40.78644167,2.247709999995285e-07,0.002109526306813997
5532,-73.97787167,40.78647333,2.247709999995285e-07,0.002109526306813997
5533,-73.97779,40.78656833,2.247709999995285e-07,0.002109526306813997
5534,-73.97773833,40.78662167,2.247709999995285e-07,0.002109526306813997
5535,-73.977645,40.78671833,2.247709999995285e-07,0.002109526306813997
5536,-73.97759167,40.78677,2.247709999995285e-07,0.002109526306813997
5537,-73.97755167,40.78683,2.0042549999938123e-07,0.0024966538221272115
5538,-73.97741167,40.78694167,2.0042549999938123e-07,0.0024966538221272115
5539,-73.97711,40.786885,5.285725000005491e-07,0.00485976377190153
5540,-73.97702833,40.78686,5.285725000005491e-07,0.00485976377190153
5541,-73.97695333,40.78683,5.285725000005491e-07,0.00485976377190153
5542,-73.97687833,40.78680667,5.285725000005491e-07,0.00485976377190153
5543,-73.97682333,40.78677667,5.285725000005491e-07,0.00485976377190153
5544,-73.97677667,40.78674,5.285725000005491e-07,0.00485976377190153
5545,-73.97672333,40.78671333,5.285725000005491e-07,0.00485976377190153
5546,-73.97667,40.786695,5.285725000005491e-07,0.00485976377190153
5547,-73.97662,40.78668667,5.285725000005491e-07,0.00485976377190153
5548,-73.976585,40.78668,5.285725000005491e-07,0.00485976377190153
5549,-73.97655667,40.78667333,5.285725000005491e-07,0.00485976377190153
5550,-73.97648833,40.78665667,5.285725000005491e-07,0.00485976377190153
5551,-73.97643167,40.786655,1.7675150000113323e-07,0.0023858185070989055
5552,-73.97637667,40.786645,1.7675150000113323e-07,0.0023858185070989055
5553,-73.97632667,40.78663833,1.7675150000113323e-07,0.0023858185070989055
5554,-73.97628667,40.78663,1.7675150000113323e-07,0.0023858185070989055
5555,-73.97625,40.78661833,1.7675150000113323e-07,0.0023858185070989055
5556,-73.97610167,40.78657667,1.7675150000113323e-07,0.0023858185070989055
5557,-73.97605,40.78654833,1.7675150000113323e-07,0.0023858185070989055
5558,-73.97594,40.78648333,1.7675150000113323e-07,0.0023858185070989055
5559,-73.975825,40.78643,1.7675150000113323e-07,0.0023858185070989055
5560,-73.97576667,40.78641167,1.7675150000113323e-07,0.0023858185070989055
5561,-73.97571167,40.78638667,1.7675150000113323e-07,0.0023858185070989055
5562,-73.97566833,40.78635667,1.7675150000113323e-07,0.0023858185070989055
5563,-73.97558167,40.78631667,2.484630000010962e-07,0.0036493171975394956
5564,-73.97554167,40.7863,2.484630000010962e-07,0.0036493171975394956
5565,-73.97549833,40.786285,2.484630000010962e-07,0.0036493171975394956
5566,-73.975455,40.78627,2.484630000010962e-07,0.0036493171975394956
5567,-73.97537333,40.786235,2.484630000010962e-07,0.0036493171975394956
5568,-73.97533333,40.78622,2.484630000010962e-07,0.0036493171975394956
5569,-73.97529333,40.78619667,2.484630000010962e-07,0.0036493171975394956
5570,-73.97525167,40.78618167,2.484630000010962e-07,0.0036493171975394956
5571,-73.97520833,40.78615667,2.484630000010962e-07,0.0036493171975394956
5572,-73.97516667,40.786135,2.484630000010962e-07,0.0036493171975394956
5573,-73.975115,40.78613167,2.484630000010962e-07,0.0036493171975394956
5574,-73.97506333,40.78611167,2.484630000010962e-07,0.0036493171975394956
5575,-73.97494833,40.78597833,7.384674999959722e-07,0.006665019356367166
5576,-73.97487833,40.78594,7.384674999959722e-07,0.006665019356367166
5577,-73.97480833,40.78590333,7.384674999959722e-07,0.006665019356367166
5578,-73.97473833,40.78587,7.384674999959722e-07,0.006665019356367166
5579,-73.97466333,40.785835,7.384674999959722e-07,0.006665019356367166
5580,-73.97450167,40.78576,7.524784999957661e-07,0.00543410024466112
5581,-73.97441833,40.78572333,7.524784999957661e-07,0.00543410024466112
5582,-73.97433167,40.78568667,7.524784999957661e-07,0.00543410024466112
5583,-73.974245,40.78565167,7.524784999957661e-07,0.00543410024466112
5584,-73.974165,40.78561667,7.524784999957661e-07,0.00543410024466112
5585,-73.97408167,40.785585,7.524784999957661e-07,0.00543410024466112
5586,-73.974005,40.78555667,7.524784999957661e-07,0.00543410024466112
5587,-73.97393,40.78553333,7.524784999957661e-07,0.00543410024466112
5588,-73.97386333,40.78551167,7.524784999957661e-07,0.00543410024466112
5589,-73.97380167,40.78548667,7.524784999957661e-07,0.00543410024466112
5590,-73.97374167,40.78545833,3.3592950000208323e-07,0.0023994415138163484
5591,-73.97367833,40.785435,3.3592950000208323e-07,0.0023994415138163484
5592,-73.97362,40.78541167,3.3592950000208323e-07,0.0023994415138163484
5593,-73.97357,40.785385,3.3592950000208323e-07,0.0023994415138163484
5594,-73.973515,40.78537167,3.3592950000208323e-07,0.0023994415138163484
5595,-73.97347167,40.78535833,3.3592950000208323e-07,0.0023994415138163484
5596,-73.97344,40.78534667,3.3592950000208323e-07,0.0023994415138163484
5597,-73.973295,40.785295,3.3592950000208323e-07,0.0023994415138163484
5598,-73.973245,40.78527333,3.3592950000208323e-07,0.0023994415138163484
5599,-73.97318333,40.78524833,3.3592950000208323e-07,0.0023994415138163484
5600,-73.97311833,40.78521833,3.3592950000208323e-07,0.0023994415138163484
5601,-73.97305167,40.78518833,3.3592950000208323e-07,0.0023994415138163484
5602,-73.97297333,40.78515667,3.3592950000208323e-07,0.0023994415138163484
5603,-73.972815,40.78509,3.3592950000208323e-07,0.0023994415138163484
5604,-73.97273667,40.785065,3.3592950000208323e-07,0.0023994415138163484
5605,-73.97266833,40.78503833,1.6271855000070513e-06,0.006782538278823991
5606,-73.97260833,40.78500333,1.6271855000070513e-06,0.006782538278823991
5607,-73.97254333,40.78498,1.6271855000070513e-06,0.006782538278823991
5608,-73.97247167,40.78495833,1.6271855000070513e-06,0.006782538278823991
5609,-73.97240333,40.78494667,1.6271855000070513e-06,0.006782538278823991
5610,-73.972345,40.78492333,1.6271855000070513e-06,0.006782538278823991
5611,-73.97221667,40.78488833,1.6271855000070513e-06,0.006782538278823991
5612,-73.97215333,40.78485667,1.6271855000070513e-06,0.006782538278823991
5613,-73.97209167,40.78481833,1.6271855000070513e-06,0.006782538278823991
5614,-73.97187667,40.78474167,1.3041544999872588e-06,0.012344166769990107
5615,-73.9718,40.784715,1.3041544999872588e-06,0.012344166769990107
5616,-73.97172333,40.78469167,1.3041544999872588e-06,0.012344166769990107
5617,-73.97164333,40.78466833,1.3041544999872588e-06,0.012344166769990107
5618,-73.97157833,40.78464167,1.3041544999872588e-06,0.012344166769990107
5619,-73.97151167,40.78462167,1.3041544999872588e-06,0.012344166769990107
5620,-73.97139667,40.78457833,1.3041544999872588e-06,0.012344166769990107
5621,-73.971345,40.78456,1.3041544999872588e-06,0.012344166769990107
5622,-73.97129167,40.78453667,1.3041544999872588e-06,0.012344166769990107
5623,-73.971235,40.78451667,1.3041544999872588e-06,0.012344166769990107
5624,-73.97117833,40.7845,1.3041544999872588e-06,0.012344166769990107
5625,-73.97112333,40.78448167,1.3041544999872588e-06,0.012344166769990107
5626,-73.97105667,40.78446667,1.3041544999872588e-06,0.012344166769990107
5627,-73.97099,40.78445333,1.3041544999872588e-06,0.012344166769990107
5628,-73.97091333,40.78443833,1.3041544999872588e-06,0.012344166769990107
5629,-73.97083333,40.784425,1.3041544999872588e-06,0.012344166769990107
5630,-73.97076167,40.78440833,1.3041544999872588e-06,0.012344166769990107
5631,-73.97071667,40.784385,1.3041544999872588e-06,0.012344166769990107
5632,-73.97043167,40.78420667,1.3041544999872588e-06,0.012344166769990107
5633,-73.97039667,40.78418333,1.3041544999872588e-06,0.012344166769990107
5634,-73.97033,40.78416833,1.3041544999872588e-06,0.012344166769990107
5635,-73.970265,40.78416667,1.3041544999872588e-06,0.012344166769990107
5636,-73.97013833,40.78426,1.3041544999872588e-06,0.012344166769990107
5637,-73.97010667,40.78429833,1.3041544999872588e-06,0.012344166769990107
5638,-73.97007,40.78434,1.3041544999872588e-06,0.012344166769990107
5639,-73.970035,40.78437833,1.3041544999872588e-06,0.012344166769990107
5640,-73.96999833,40.78441833,1.6371279999996319e-06,0.006747567160197497
5641,-73.96996333,40.78445667,1.6371279999996319e-06,0.006747567160197497
5642,-73.96984667,40.78458833,1.6371279999996319e-06,0.006747567160197497
5643,-73.96979833,40.78464667,1.6371279999996319e-06,0.006747567160197497
5644,-73.969695,40.78477833,1.6371279999996319e-06,0.006747567160197497
5645,-73.969635,40.78485,1.6371279999996319e-06,0.006747567160197497
5646,-73.96957833,40.78492,1.6371279999996319e-06,0.006747567160197497
5647,-73.96952667,40.78498667,1.6371279999996319e-06,0.006747567160197497
5648,-73.96947667,40.78504667,1.5601564999990188e-06,0.007439978428647865
5649,-73.96943667,40.78510333,1.5601564999990188e-06,0.007439978428647865
5650,-73.96940667,40.78515,1.5601564999990188e-06,0.007439978428647865
5651,-73.969385,40.78518167,1.5601564999990188e-06,0.007439978428647865
5652,-73.96935667,40.78521,1.5601564999990188e-06,0.007439978428647865
5653,-73.96931667,40.78523333,1.5601564999990188e-06,0.007439978428647865
5654,-73.96927333,40.78523667,1.5601564999990188e-06,0.007439978428647865
5655,-73.96922333,40.78522667,1.5601564999990188e-06,0.007439978428647865
5656,-73.96916,40.78520833,1.5601564999990188e-06,0.007439978428647865
5657,-73.96907833,40.78517667,1.5601564999990188e-06,0.007439978428647865
5658,-73.96898,40.78514,1.5601564999990188e-06,0.007439978428647865
5659,-73.96877667,40.785065,1.3437714999943667e-06,0.00817326921026623
5660,-73.968665,40.785025,1.3437714999943667e-06,0.00817326921026623
5661,-73.96854833,40.784995,1.3437714999943667e-06,0.00817326921026623
5662,-73.96841667,40.78497,1.3437714999943667e-06,0.00817326921026623
5663,-73.96828833,40.78494,1.3437714999943667e-06,0.00817326921026623
5664,-73.968165,40.78491167,1.321744999989228e-07,0.0023598649765391192
5665,-73.96804,40.78488167,1.321744999989228e-07,0.0023598649765391192
5666,-73.96791667,40.78484167,1.321744999989228e-07,0.0023598649765391192
5667,-73.967795,40.7848,1.321744999989228e-07,0.0023598649765391192
5668,-73.96768333,40.78474667,1.321744999989228e-07,0.0023598649765391192
5669,-73.967575,40.78469,1.321744999989228e-07,0.0023598649765391192
5670,-73.967465,40.78463167,1.321744999989228e-07,0.0023598649765391192
5671,-73.96735167,40.784575,1.321744999989228e-07,0.0023598649765391192
5672,-73.96724167,40.784515,1.321744999989228e-07,0.0023598649765391192
5673,-73.96713167,40.78445333,1.321744999989228e-07,0.0023598649765391192
5674,-73.96702833,40.784395,1.321744999989228e-07,0.0023598649765391192
5675,-73.96691667,40.78432,1.321744999989228e-07,0.0023598649765391192
5676,-73.966775,40.784245,1.321744999989228e-07,0.0023598649765391192
5677,-73.96649667,40.78412667,1.321744999989228e-07,0.0023598649765391192
5678,-73.96636333,40.78407833,1.321744999989228e-07,0.0023598649765391192
5679,-73.966235,40.78403333,1.321744999989228e-07,0.0023598649765391192
5680,-73.96611667,40.783995,1.321744999989228e-07,0.0023598649765391192
5681,-73.96598333,40.78396167,1.321744999989228e-07,0.0023598649765391192
5682,-73.96585833,40.78393,1.321744999989228e-07,0.0023598649765391192
5683,-73.96561167,40.78386,1.321744999989228e-07,0.0023598649765391192
5684,-73.96548333,40.78382333,1.321744999989228e-07,0.0023598649765391192
5685,-73.96535,40.78378667,1.321744999989228e-07,0.0023598649765391192
5686,-73.96521667,40.78374667,1.321744999989228e-07,0.0023598649765391192
5687,-73.96494833,40.78367,8.648500000464635e-09,0.0003778916836688124
5688,-73.96482,40.78363167,8.648500000464635e-09,0.0003778916836688124
5689,-73.9647,40.78359333,8.648500000464635e-09,0.0003778916836688124
5690,-73.96458167,40.78355667,8.648500000464635e-09,0.0003778916836688124
5691,-73.96446667,40.78351167,8.648500000464635e-09,0.0003778916836688124
5692,-73.964355,40.783465,8.648500000464635e-09,0.0003778916836688124
5693,-73.96424333,40.783415,8.648500000464635e-09,0.0003778916836688124
5694,-73.96413333,40.78336667,1.703675000003326e-07,0.0025388626773286595
5695,-73.96403,40.78330833,1.703675000003326e-07,0.0025388626773286595
5696,-73.96392667,40.78325167,1.703675000003326e-07,0.0025388626773286595
5697,-73.96383167,40.78319,1.703675000003326e-07,0.0025388626773286595
5698,-73.96376,40.78311167,1.703675000003326e-07,0.0025388626773286595
5699,-73.96371,40.78302,1.703675000003326e-07,0.0025388626773286595
5700,-73.96366167,40.78293333,1.703675000003326e-07,0.0025388626773286595
5701,-73.96362333,40.78284,1.703675000003326e-07,0.0025388626773286595
5702,-73.96356167,40.78263333,1.703675000003326e-07,0.0025388626773286595
5703,-73.96353167,40.78252667,1.703675000003326e-07,0.0025388626773286595
5704,-73.96350333,40.78242,1.703675000003326e-07,0.0025388626773286595
5705,-73.96346833,40.782315,3.2873999998365e-08,0.0008017636713271089
5706,-73.96343167,40.78220833,3.2873999998365e-08,0.0008017636713271089
5707,-73.96338167,40.78211333,3.2873999998365e-08,0.0008017636713271089
5708,-73.96314833,40.78182333,3.2873999998365e-08,0.0008017636713271089
5709,-73.963055,40.78173333,3.2873999998365e-08,0.0008017636713271089
5710,-73.96296,40.781645,3.2873999998365e-08,0.0008017636713271089
5711,-73.96285333,40.78155833,3.2873999998365e-08,0.0008017636713271089
5712,-73.96273667,40.78147167,3.2873999998365e-08,0.0008017636713271089
5713,-73.96263,40.78139333,3.2873999998365e-08,0.0008017636713271089
5714,-73.96244333,40.78124333,3.2873999998365e-08,0.0008017636713271089
5715,-73.96228833,40.78109833,3.2873999998365e-08,0.0008017636713271089
5716,-73.96223667,40.78101333,3.2873999998365e-08,0.0008017636713271089
5717,-73.96211167,40.78086167,3.2873999998365e-08,0.0008017636713271089
5718,-73.96204667,40.78079333,3.2873999998365e-08,0.0008017636713271089
5719,-73.96198,40.78073333,3.2873999998365e-08,0.0008017636713271089
5720,-73.96192833,40.780675,8.587999999959971e-07,0.004120174568584786
5721,-73.96188,40.78062667,8.587999999959971e-07,0.004120174568584786
5722,-73.96184,40.78058167,8.587999999959971e-07,0.004120174568584786
5723,-73.96180833,40.78055333,8.587999999959971e-07,0.004120174568584786
5724,-73.961785,40.78053,8.587999999959971e-07,0.004120174568584786
5725,-73.96177,40.78051667,8.587999999959971e-07,0.004120174568584786
5726,-73.96170833,40.780455,8.587999999959971e-07,0.004120174568584786
5727,-73.96168,40.78043167,8.587999999959971e-07,0.004120174568584786
5728,-73.96165,40.78040167,8.587999999959971e-07,0.004120174568584786
5729,-73.96157,40.780325,8.587999999959971e-07,0.004120174568584786
5730,-73.961525,40.78028333,8.587999999959971e-07,0.004120174568584786
5731,-73.96147833,40.78024333,8.587999999959971e-07,0.004120174568584786
5732,-73.96143,40.78020333,8.587999999959971e-07,0.004120174568584786
5733,-73.96137667,40.78017,8.587999999959971e-07,0.004120174568584786
5734,-73.96130833,40.780145,8.587999999959971e-07,0.004120174568584786
5735,-73.96124,40.78012167,8.587999999959971e-07,0.004120174568584786
5736,-73.96116667,40.78010167,8.587999999959971e-07,0.004120174568584786
5737,-73.96108833,40.78008,8.587999999959971e-07,0.004120174568584786
5738,-73.961,40.78006,8.587999999959971e-07,0.004120174568584786
5739,-73.96091,40.78003333,8.587999999959971e-07,0.004120174568584786
5740,-73.96081833,40.78001167,8.587999999959971e-07,0.004120174568584786
5741,-73.960735,40.77998333,8.587999999959971e-07,0.004120174568584786
5742,-73.96065,40.77996333,8.678520000010748e-07,0.0041341690491717665
5743,-73.96056,40.779955,8.678520000010748e-07,0.0041341690491717665
5744,-73.96047167,40.77993667,8.678520000010748e-07,0.0041341690491717665
5745,-73.96036667,40.77992,8.678520000010748e-07,0.0041341690491717665
5746,-73.96026833,40.77989833,8.678520000010748e-07,0.0041341690491717665
5747,-73.96016833,40.779895,8.678520000010748e-07,0.0041341690491717665
5748,-73.96003667,40.779835,8.678520000010748e-07,0.0041341690491717665
5749,-73.95998667,40.77982,8.678520000010748e-07,0.0041341690491717665
5750,-73.95996333,40.77981667,8.678520000010748e-07,0.0041341690491717665
5751,-73.95983333,40.77977667,8.678520000010748e-07,0.0041341690491717665
5752,-73.95979,40.77981167,8.678520000010748e-07,0.0041341690491717665
5753,-73.95974333,40.77985,8.678520000010748e-07,0.0041341690491717665
5754,-73.959695,40.77989167,8.678520000010748e-07,0.0041341690491717665
5755,-73.95963833,40.77996,8.678520000010748e-07,0.0041341690491717665
5756,-73.95961,40.779995,8.678520000010748e-07,0.0041341690491717665
5757,-73.959585,40.780035,8.678520000010748e-07,0.0041341690491717665
5758,-73.95955667,40.78006333,8.678520000010748e-07,0.0041341690491717665
5759,-73.95954167,40.78012,8.700355000037805e-07,0.004200340564881269
5760,-73.95946667,40.78023333,8.700355000037805e-07,0.004200340564881269
5761,-73.95941667,40.780265,8.700355000037805e-07,0.004200340564881269
5762,-73.95936833,40.78029833,8.700355000037805e-07,0.004200340564881269
5763,-73.95931833,40.78033833,8.700355000037805e-07,0.004200340564881269
5764,-73.95928667,40.780385,8.700355000037805e-07,0.004200340564881269
5765,-73.95924833,40.78043333,8.700355000037805e-07,0.004200340564881269
5766,-73.95922,40.78048167,8.700355000037805e-07,0.004200340564881269
5767,-73.95918667,40.78052333,8.700355000037805e-07,0.004200340564881269
5768,-73.959165,40.78056,8.700355000037805e-07,0.004200340564881269
5769,-73.95914,40.78058333,4.610074999967829e-07,0.004647693493673907
5770,-73.959135,40.78060333,4.610074999967829e-07,0.004647693493673907
5771,-73.95909667,40.780655,4.610074999967829e-07,0.004647693493673907
5772,-73.95907333,40.78068167,4.610074999967829e-07,0.004647693493673907
5773,-73.95902,40.78075333,4.610074999967829e-07,0.004647693493673907
5774,-73.95897833,40.78079667,4.610074999967829e-07,0.004647693493673907
5775,-73.95886167,40.780895,4.610074999967829e-07,0.004647693493673907
5776,-73.95880667,40.78094167,5.444065000028013e-07,0.003057061743166456
5777,-73.958745,40.781015,5.444065000028013e-07,0.003057061743166456
5778,-73.95867667,40.7811,5.444065000028013e-07,0.003057061743166456
5779,-73.95854,40.78126333,5.444065000028013e-07,0.003057061743166456
5780,-73.95848333,40.78135333,5.444065000028013e-07,0.003057061743166456
5781,-73.958465,40.78144,5.444065000028013e-07,0.003057061743166456
5782,-73.95842333,40.78152,5.444065000028013e-07,0.003057061743166456
5783,-73.958365,40.78159333,5.444065000028013e-07,0.003057061743166456
5784,-73.95831833,40.781665,5.444065000028013e-07,0.003057061743166456
5785,-73.958265,40.78173333,8.487264999991716e-07,0.004167926844412233
5786,-73.958225,40.78180333,8.487264999991716e-07,0.004167926844412233
5787,-73.958125,40.78195167,4.35123999995044e-07,0.0052618077801470115
5788,-73.95807167,40.78202167,4.35123999995044e-07,0.0052618077801470115
5789,-73.958035,40.782085,4.35123999995044e-07,0.0052618077801470115
5790,-73.957945,40.78221,8.430909999973378e-07,0.004076033144518027
5791,-73.95779833,40.78239167,8.430909999973378e-07,0.004076033144518027
5792,-73.95776,40.782445,8.430909999973378e-07,0.004076033144518027
5793,-73.95774667,40.78249667,8.430909999973378e-07,0.004076033144518027
5794,-73.957715,40.78255667,8.430909999973378e-07,0.004076033144518027
5795,-73.95769833,40.78261167,8.430909999973378e-07,0.004076033144518027
5796,-73.9575,40.782845,8.318439999991834e-07,0.004110684267364777
5797,-73.95745167,40.78292,8.318439999991834e-07,0.004110684267364777
5798,-73.95740167,40.782995,8.318439999991834e-07,0.004110684267364777
5799,-73.95731,40.78309167,8.318439999991834e-07,0.004110684267364777
5800,-73.95724167,40.78316167,8.318439999991834e-07,0.004110684267364777
5801,-73.95716667,40.78321,5.732434999980038e-07,0.004551123264887076
5802,-73.9571,40.78326167,5.732434999980038e-07,0.004551123264887076
5803,-73.95704667,40.78329,5.732434999980038e-07,0.004551123264887076
5804,-73.95700667,40.783315,5.732434999980038e-07,0.004551123264887076
5805,-73.956795,40.783345,7.330409999984191e-07,0.004334393538185911
5806,-73.956745,40.78332667,7.330409999984191e-07,0.004334393538185911
5807,-73.956685,40.78331333,7.330409999984191e-07,0.004334393538185911
5808,-73.95655667,40.783285,7.330409999984191e-07,0.004334393538185911
5809,-73.95649667,40.78326667,7.330409999984191e-07,0.004334393538185911
5810,-73.956375,40.78322833,8.034580000065743e-07,0.003953029106239855
5811,-73.95631333,40.78320167,8.034580000065743e-07,0.003953029106239855
5812,-73.95626167,40.78317167,8.034580000065743e-07,0.003953029106239855
5813,-73.95606,40.78312667,8.034580000065743e-07,0.003953029106239855
5814,-73.955985,40.78311833,8.034580000065743e-07,0.003953029106239855
5815,-73.95591,40.78311,8.034580000065743e-07,0.003953029106239855
5816,-73.95577,40.78308667,8.034580000065743e-07,0.003953029106239855
5817,-73.95571333,40.78306667,8.034580000065743e-07,0.003953029106239855
5818,-73.95566333,40.78305,8.034580000065743e-07,0.003953029106239855
5819,-73.95563667,40.78301333,8.034580000065743e-07,0.003953029106239855
5820,-73.95550833,40.78289167,8.034580000065743e-07,0.003953029106239855
5821,-73.95547833,40.78286667,8.034580000065743e-07,0.003953029106239855
5822,-73.95545167,40.782845,8.034580000065743e-07,0.003953029106239855
5823,-73.955425,40.78282833,8.034580000065743e-07,0.003953029106239855
5824,-73.95540667,40.78281167,8.034580000065743e-07,0.003953029106239855
5825,-73.95535167,40.78278,8.034580000065743e-07,0.003953029106239855
5826,-73.95533333,40.782775,8.034580000065743e-07,0.003953029106239855
5827,-73.95531333,40.78277,8.034580000065743e-07,0.003953029106239855
5828,-73.95528667,40.78276333,8.300795000023556e-07,0.004072644500080406
5829,-73.95525,40.782755,8.300795000023556e-07,0.004072644500080406
5830,-73.95520667,40.782755,8.300795000023556e-07,0.004072644500080406
5831,-73.95515667,40.78275167,8.300795000023556e-07,0.004072644500080406
5832,-73.95511167,40.78274167,8.300795000023556e-07,0.004072644500080406
5833,-73.95507,40.78273333,8.300795000023556e-07,0.004072644500080406
5834,-73.95502667,40.78272833,8.300795000023556e-07,0.004072644500080406
5835,-73.95498667,40.78272333,8.300795000023556e-07,0.004072644500080406
5836,-73.954945,40.78271833,8.300795000023556e-07,0.004072644500080406
5837,-73.954905,40.78271833,7.865084999980888e-07,0.005670491295203913
5838,-73.95487167,40.78271667,7.865084999980888e-07,0.005670491295203913
5839,-73.95484333,40.78269833,7.865084999980888e-07,0.005670491295203913
5840,-73.95480333,40.78269,7.865084999980888e-07,0.005670491295203913
5841,-73.95477167,40.78266333,7.865084999980888e-07,0.005670491295203913
5842,-73.95472833,40.78263167,7.865084999980888e-07,0.005670491295203913
5843,-73.954665,40.78261,7.865084999980888e-07,0.005670491295203913
5844,-73.95453167,40.78256167,7.865084999980888e-07,0.005670491295203913
5845,-73.95446333,40.782535,7.865084999980888e-07,0.005670491295203913
5846,-73.95432667,40.78249167,7.865084999980888e-07,0.005670491295203913
5847,-73.95425833,40.78247,7.865084999980888e-07,0.005670491295203913
5848,-73.95419333,40.78244667,7.865084999980888e-07,0.005670491295203913
5849,-73.95412667,40.78241833,7.865084999980888e-07,0.005670491295203913
5850,-73.95406,40.78239,7.865084999980888e-07,0.005670491295203913
5851,-73.954,40.78235833,7.865084999980888e-07,0.005670491295203913
5852,-73.95396,40.78233167,7.865084999980888e-07,0.005670491295203913
5853,-73.95385833,40.78207333,7.865084999980888e-07,0.005670491295203913
5854,-73.95387667,40.782035,7.865084999980888e-07,0.005670491295203913
5855,-73.95395833,40.78191667,8.300795000023556e-07,0.004072644500080406
5856,-73.95398,40.78188167,8.300795000023556e-07,0.004072644500080406
5857,-73.954005,40.781845,8.300795000023556e-07,0.004072644500080406
5858,-73.95403167,40.781815,8.300795000023556e-07,0.004072644500080406
5859,-73.95405833,40.781785,8.300795000023556e-07,0.004072644500080406
5860,-73.95408333,40.781755,8.300795000023556e-07,0.004072644500080406
5861,-73.954105,40.78173167,8.300795000023556e-07,0.004072644500080406
5862,-73.95412333,40.78171833,8.300795000023556e-07,0.004072644500080406
5863,-73.95426833,40.78157,1.988515000003552e-07,0.0025063765881365766
5864,-73.954295,40.78154833,1.988515000003552e-07,0.0025063765881365766
5865,-73.95431667,40.78151833,1.988515000003552e-07,0.0025063765881365766
5866,-73.95435167,40.78146,1.988515000003552e-07,0.0025063765881365766
5867,-73.95436833,40.78143333,1.988515000003552e-07,0.0025063765881365766
5868,-73.95438333,40.78141333,1.988515000003552e-07,0.0025063765881365766
5869,-73.95438833,40.78135833,1.988515000003552e-07,0.0025063765881365766
5870,-73.95439333,40.781325,1.988515000003552e-07,0.0025063765881365766
5871,-73.95440833,40.78129167,1.988515000003552e-07,0.0025063765881365766
5872,-73.95441,40.781265,1.988515000003552e-07,0.0025063765881365766
5873,-73.95441167,40.78123833,1.988515000003552e-07,0.0025063765881365766
5874,-73.954425,40.781195,1.988515000003552e-07,0.0025063765881365766
5875,-73.95446,40.78113,1.988515000003552e-07,0.0025063765881365766
5876,-73.95453,40.78102,1.988515000003552e-07,0.0025063765881365766
5877,-73.954575,40.78096,1.988515000003552e-07,0.0025063765881365766
5878,-73.95464833,40.780895,2.5951200000016515e-07,0.0025899494365565585
5879,-73.95471667,40.78082833,2.5951200000016515e-07,0.0025899494365565585
5880,-73.95483333,40.780705,5.277604999991639e-07,0.0030665148644075345
5881,-73.9549,40.780625,5.277604999991639e-07,0.0030665148644075345
5882,-73.95496833,40.78053333,5.277604999991639e-07,0.0030665148644075345
5883,-73.95501,40.78044667,5.277604999991639e-07,0.0030665148644075345
5884,-73.955065,40.78035833,5.277604999991639e-07,0.0030665148644075345
5885,-73.95519,40.78018,5.277604999991639e-07,0.0030665148644075345
5886,-73.95527,40.78009333,5.277604999991639e-07,0.0030665148644075345
5887,-73.95533167,40.78001167,5.277604999991639e-07,0.0030665148644075345
5888,-73.95539167,40.77993333,8.350470000041982e-07,0.0045493566822110134
5889,-73.95541667,40.77985167,8.350470000041982e-07,0.0045493566822110134
5890,-73.95545333,40.779775,8.350470000041982e-07,0.0045493566822110134
5891,-73.9555,40.77970833,8.350470000041982e-07,0.0045493566822110134
5892,-73.95555667,40.77965,8.350470000041982e-07,0.0045493566822110134
5893,-73.95561333,40.77959833,8.350470000041982e-07,0.0045493566822110134
5894,-73.95566167,40.77955167,8.350470000041982e-07,0.0045493566822110134
5895,-73.95572167,40.77948667,8.350470000041982e-07,0.0045493566822110134
5896,-73.95577667,40.77941,8.350470000041982e-07,0.0045493566822110134
5897,-73.95582167,40.779335,7.952735000037204e-07,0.004544542489880605
5898,-73.955865,40.77925667,7.952735000037204e-07,0.004544542489880605
5899,-73.95590833,40.77918333,7.952735000037204e-07,0.004544542489880605
5900,-73.95596167,40.77911833,7.952735000037204e-07,0.004544542489880605
5901,-73.95612167,40.77894167,7.952735000037204e-07,0.004544542489880605
5902,-73.95622833,40.77883833,7.952735000037204e-07,0.004544542489880605
5903,-73.95628667,40.778785,7.952735000037204e-07,0.004544542489880605
5904,-73.95633833,40.77872333,8.373510000041354e-07,0.00520696884170441
5905,-73.95638667,40.77865833,8.373510000041354e-07,0.00520696884170441
5906,-73.956435,40.77860333,8.373510000041354e-07,0.00520696884170441
5907,-73.956485,40.77855,8.373510000041354e-07,0.00520696884170441
5908,-73.956545,40.77848167,8.373510000041354e-07,0.00520696884170441
5909,-73.95661333,40.77841333,8.373510000041354e-07,0.00520696884170441
5910,-73.95668167,40.77834167,8.373510000041354e-07,0.00520696884170441
5911,-73.956735,40.77824833,8.373510000041354e-07,0.00520696884170441
5912,-73.95678333,40.77815167,8.373510000041354e-07,0.00520696884170441
5913,-73.956845,40.778045,8.489985000011093e-07,0.004074828682220611
5914,-73.95690167,40.77796167,8.489985000011093e-07,0.004074828682220611
5915,-73.95697167,40.77786,8.489985000011093e-07,0.004074828682220611
5916,-73.95709667,40.777665,8.489985000011093e-07,0.004074828682220611
5917,-73.957145,40.77757,8.489985000011093e-07,0.004074828682220611
5918,-73.95719,40.77749667,8.489985000011093e-07,0.004074828682220611
5919,-73.95724,40.777415,8.132854999923066e-07,0.005069210251367066
5920,-73.95728667,40.77734833,8.132854999923066e-07,0.005069210251367066
5921,-73.95741167,40.777185,8.132854999923066e-07,0.005069210251367066
5922,-73.95743167,40.77715,8.132854999923066e-07,0.005069210251367066
5923,-73.95738,40.77708833,8.132854999923066e-07,0.005069210251367066
5924,-73.95734,40.777045,8.132854999923066e-07,0.005069210251367066
5925,-73.957295,40.777005,8.625040000018784e-07,0.004109522411944884
5926,-73.95718667,40.77693833,8.625040000018784e-07,0.004109522411944884
5927,-73.95713333,40.77691,8.413519999943452e-07,0.00411605047820867
5928,-73.957075,40.77687833,8.413519999943452e-07,0.00411605047820867
5929,-73.95701667,40.77684833,8.413519999943452e-07,0.00411605047820867
5930,-73.95690833,40.77679667,8.413519999943452e-07,0.00411605047820867
5931,-73.95685167,40.776775,8.413519999943452e-07,0.00411605047820867
5932,-73.95679333,40.77674667,8.413519999943452e-07,0.00411605047820867
5933,-73.95673,40.77672,8.413519999943452e-07,0.00411605047820867
5934,-73.95666667,40.77669167,8.413519999943452e-07,0.00411605047820867
5935,-73.95660833,40.776665,8.413519999943452e-07,0.00411605047820867
5936,-73.95655333,40.776645,8.413519999943452e-07,0.00411605047820867
5937,-73.95651167,40.77662667,8.413519999943452e-07,0.00411605047820867
5938,-73.95646833,40.776615,8.413519999943452e-07,0.00411605047820867
5939,-73.95643667,40.77660167,8.413519999943452e-07,0.00411605047820867
5940,-73.95641167,40.77659,8.413519999943452e-07,0.00411605047820867
5941,-73.95623667,40.776575,8.413519999943452e-07,0.00411605047820867
5942,-73.95607167,40.77652167,8.413519999943452e-07,0.00411605047820867
5943,-73.95596833,40.77644833,8.413519999943452e-07,0.00411605047820867
5944,-73.95589833,40.776415,8.413519999943452e-07,0.00411605047820867
5945,-73.955815,40.77638333,8.413519999943452e-07,0.00411605047820867
5946,-73.95572833,40.77635333,8.413519999943452e-07,0.00411605047820867
5947,-73.95564833,40.77633333,8.413519999943452e-07,0.00411605047820867
5948,-73.95557167,40.77628333,1.2279389999943886e-06,0.00549998930301938
5949,-73.95548,40.77624,1.2279389999943886e-06,0.00549998930301938
5950,-73.9554,40.776175,1.2279389999943886e-06,0.00549998930301938
5951,-73.95531,40.77612333,1.2279389999943886e-06,0.00549998930301938
5952,-73.95521833,40.77605167,1.2279389999943886e-06,0.00549998930301938
5953,-73.95501667,40.77594167,1.2279389999943886e-06,0.00549998930301938
5954,-73.95492167,40.775885,1.2279389999943886e-06,0.00549998930301938
5955,-73.95482167,40.77584333,1.2538519999984016e-06,0.005448326461560776
5956,-73.954725,40.7758,1.2538519999984016e-06,0.005448326461560776
5957,-73.95462333,40.77575,1.2538519999984016e-06,0.005448326461560776
5958,-73.95453167,40.77569333,1.2538519999984016e-06,0.005448326461560776
5959,-73.95432,40.77564833,1.2538519999984016e-06,0.005448326461560776
5960,-73.95423,40.77560667,1.2538519999984016e-06,0.005448326461560776
5961,-73.95414833,40.77556667,1.2538519999984016e-06,0.005448326461560776
5962,-73.95408333,40.77553333,1.2538519999984016e-06,0.005448326461560776
5963,-73.95400833,40.77549,1.2538519999984016e-06,0.005448326461560776
5964,-73.95384833,40.77527667,1.2538519999984016e-06,0.005448326461560776
5965,-73.9538,40.77526667,1.2538519999984016e-06,0.005448326461560776
5966,-73.95374667,40.77525167,1.2538519999984016e-06,0.005448326461560776
5967,-73.953685,40.775215,1.2538519999984016e-06,0.005448326461560776
5968,-73.95362333,40.77517667,1.343797000006598e-06,0.005727125264267437
5969,-73.95348,40.77510833,1.343797000006598e-06,0.005727125264267437
5970,-73.95340667,40.77507,1.343797000006598e-06,0.005727125264267437
5971,-73.953265,40.775005,1.343797000006598e-06,0.005727125264267437
5972,-73.95318167,40.77498333,1.343797000006598e-06,0.005727125264267437
5973,-73.95310333,40.77496667,1.343797000006598e-06,0.005727125264267437
5974,-73.95291667,40.77494167,1.343797000006598e-06,0.005727125264267437
5975,-73.95285667,40.77492333,1.343797000006598e-06,0.005727125264267437
5976,-73.95273167,40.77487833,1.343797000006598e-06,0.005727125264267437
5977,-73.95267,40.77486167,1.343797000006598e-06,0.005727125264267437
5978,-73.95260333,40.77485667,1.343797000006598e-06,0.005727125264267437
5979,-73.95255667,40.77484,1.343797000006598e-06,0.005727125264267437
5980,-73.95251833,40.77482167,1.343797000006598e-06,0.005727125264267437
5981,-73.95248833,40.774805,1.343797000006598e-06,0.005727125264267437
5982,-73.95245833,40.77479333,1.343797000006598e-06,0.005727125264267437
5983,-73.95244,40.77477333,1.343797000006598e-06,0.005727125264267437
5984,-73.95241833,40.77475833,1.343797000006598e-06,0.005727125264267437
5985,-73.95239,40.77474667,1.343797000006598e-06,0.005727125264267437
5986,-73.95236167,40.77473167,1.343797000006598e-06,0.005727125264267437
5987,-73.95233333,40.77472,1.0896424999967638e-06,0.010201885558874208
5988,-73.95227333,40.77470333,1.0896424999967638e-06,0.010201885558874208
5989,-73.95224167,40.774695,1.0896424999967638e-06,0.010201885558874208
5990,-73.95221,40.77468833,1.0896424999967638e-06,0.010201885558874208
5991,-73.95214,40.77466333,1.0896424999967638e-06,0.010201885558874208
5992,-73.95205333,40.774655,1.0896424999967638e-06,0.010201885558874208
5993,-73.951955,40.77463833,1.0896424999967638e-06,0.010201885558874208
5994,-73.95190167,40.77461333,1.0896424999967638e-06,0.010201885558874208
5995,-73.95174167,40.774535,1.0896424999967638e-06,0.010201885558874208
5996,-73.95169667,40.77451333,1.0896424999967638e-06,0.010201885558874208
5997,-73.95166,40.77449667,1.0896424999967638e-06,0.010201885558874208
5998,-73.95144,40.77423167,1.126010000005288e-07,0.001440346540355264
5999,-73.95138667,40.77422667,1.126010000005288e-07,0.001440346540355264
6000,-73.95133167,40.77421833,1.126010000005288e-07,0.001440346540355264
6001,-73.95127333,40.77420833,1.126010000005288e-07,0.001440346540355264
6002,-73.95116167,40.77417667,1.126010000005288e-07,0.001440346540355264
6003,-73.951055,40.77412833,1.0837309999997233e-06,0.006491047813570206
6004,-73.95100333,40.77409833,1.0837309999997233e-06,0.006491047813570206
6005,-73.95095,40.77407167,1.0837309999997233e-06,0.006491047813570206
6006,-73.95089,40.77405,1.0837309999997233e-06,0.006491047813570206
6007,-73.95082167,40.77402667,1.0837309999997233e-06,0.006491047813570206
6008,-73.950755,40.77400167,1.0837309999997233e-06,0.006491047813570206
6009,-73.95069167,40.77397167,1.0837309999997233e-06,0.006491047813570206
6010,-73.95062667,40.77394333,1.0837309999997233e-06,0.006491047813570206
6011,-73.95055833,40.77391667,1.0837309999997233e-06,0.006491047813570206
6012,-73.95048333,40.77388333,1.0837309999997233e-06,0.006491047813570206
6013,-73.95040667,40.77384667,1.0837309999997233e-06,0.006491047813570206
6014,-73.950315,40.77381833,1.0837309999997233e-06,0.006491047813570206
6015,-73.95022833,40.773785,1.0837309999997233e-06,0.006491047813570206
6016,-73.95006333,40.77372167,1.0837309999997233e-06,0.006491047813570206
6017,-73.94998,40.77368667,1.0837309999997233e-06,0.006491047813570206
6018,-73.94990167,40.77365667,1.0837309999997233e-06,0.006491047813570206
6019,-73.94976333,40.77361667,1.2625609999966351e-06,0.005469442231202356
6020,-73.9497,40.77359833,1.2625609999966351e-06,0.005469442231202356
6021,-73.94963667,40.77358167,1.2625609999966351e-06,0.005469442231202356
6022,-73.949585,40.77356,1.2625609999966351e-06,0.005469442231202356
6023,-73.94947167,40.77350333,1.2625609999966351e-06,0.005469442231202356
6024,-73.94942333,40.77348,1.2625609999966351e-06,0.005469442231202356
6025,-73.94934167,40.77344833,1.2625609999966351e-06,0.005469442231202356
6026,-73.94915667,40.77333167,1.2625609999966351e-06,0.005469442231202356
6027,-73.94908333,40.77331833,1.2625609999966351e-06,0.005469442231202356
6028,-73.94900833,40.77330667,1.3286399999699726e-07,0.0016682696707692197
6029,-73.94884667,40.773265,1.294456499998556e-06,0.005988712100619894
6030,-73.94876167,40.77323667,1.294456499998556e-06,0.005988712100619894
6031,-73.94865833,40.773195,1.294456499998556e-06,0.005988712100619894
6032,-73.948565,40.77315167,1.294456499998556e-06,0.005988712100619894
6033,-73.94846833,40.77310833,1.294456499998556e-06,0.005988712100619894
6034,-73.94837333,40.77307667,1.294456499998556e-06,0.005988712100619894
6035,-73.94827167,40.77302833,1.294456499998556e-06,0.005988712100619894
6036,-73.94817,40.772985,1.294456499998556e-06,0.005988712100619894
6037,-73.94807333,40.77294333,1.294456499998556e-06,0.005988712100619894
6038,-73.947965,40.772905,1.294456499998556e-06,0.005988712100619894
6039,-73.94785833,40.772865,1.294456499998556e-06,0.005988712100619894
6040,-73.94774833,40.772835,1.2776515000008086e-06,0.005634120893294438
6041,-73.94764333,40.7728,1.2776515000008086e-06,0.005634120893294438
6042,-73.947535,40.77276167,1.2776515000008086e-06,0.005634120893294438
6043,-73.94735,40.77270667,1.2776515000008086e-06,0.005634120893294438
6044,-73.94725833,40.772675,1.2776515000008086e-06,0.005634120893294438
6045,-73.94717167,40.77262333,1.2776515000008086e-06,0.005634120893294438
6046,-73.94709167,40.772575,1.2776515000008086e-06,0.005634120893294438
6047,-73.947025,40.77252833,3.2535799999912877e-07,0.002365124171471757
6048,-73.94696333,40.77245833,3.2535799999912877e-07,0.002365124171471757
6049,-73.94685833,40.772385,3.2535799999912877e-07,0.002365124171471757
6050,-73.94682333,40.77236667,3.2535799999912877e-07,0.002365124171471757
6051,-73.94670333,40.77236833,3.2535799999912877e-07,0.002365124171471757
6052,-73.94667667,40.772385,3.2535799999912877e-07,0.002365124171471757
6053,-73.946655,40.77240667,3.2535799999912877e-07,0.002365124171471757
6054,-73.94663333,40.77243833,3.2535799999912877e-07,0.002365124171471757
6055,-73.94661333,40.77247667,3.2535799999912877e-07,0.002365124171471757
6056,-73.94659,40.77251833,3.2535799999912877e-07,0.002365124171471757
6057,-73.94657,40.77256167,3.2535799999912877e-07,0.002365124171471757
6058,-73.94655,40.77260167,5.089830000031702e-07,0.0029842642967029365
6059,-73.946535,40.77263833,5.089830000031702e-07,0.0029842642967029365
6060,-73.94653833,40.77267833,5.089830000031702e-07,0.0029842642967029365
6061,-73.94653667,40.77271667,5.089830000031702e-07,0.0029842642967029365
6062,-73.94652667,40.77275167,5.089830000031702e-07,0.0029842642967029365
6063,-73.94651833,40.77279333,5.089830000031702e-07,0.0029842642967029365
6064,-73.94650333,40.77282667,5.089830000031702e-07,0.0029842642967029365
6065,-73.946465,40.77287667,5.089830000031702e-07,0.0029842642967029365
6066,-73.94639333,40.7729,5.089830000031702e-07,0.0029842642967029365
6067,-73.94628167,40.77306333,5.089830000031702e-07,0.0029842642967029365
6068,-73.94624667,40.77311,5.089830000031702e-07,0.0029842642967029365
6069,-73.94612167,40.77327167,6.163559999990116e-07,0.0032957815421633357
6070,-73.94607833,40.773335,6.163559999990116e-07,0.0032957815421633357
6071,-73.94604667,40.77338333,6.163559999990116e-07,0.0032957815421633357
6072,-73.94601667,40.77344,6.163559999990116e-07,0.0032957815421633357
6073,-73.945985,40.773495,6.163559999990116e-07,0.0032957815421633357
6074,-73.94594,40.773565,6.163559999990116e-07,0.0032957815421633357
6075,-73.94588833,40.77362333,6.163559999990116e-07,0.0032957815421633357
6076,-73.94583167,40.77368333,6.163559999990116e-07,0.0032957815421633357
6077,-73.94577167,40.77374,1.963200000008101e-08,0.0006857331715435775
6078,-73.94571833,40.77379667,1.963200000008101e-08,0.0006857331715435775
6079,-73.94566833,40.77386,1.963200000008101e-08,0.0006857331715435775
6080,-73.94562167,40.77392333,1.963200000008101e-08,0.0006857331715435775
6081,-73.94557667,40.77398167,1.963200000008101e-08,0.0006857331715435775
6082,-73.94553167,40.77404167,1.963200000008101e-08,0.0006857331715435775
6083,-73.94547667,40.77410667,1.963200000008101e-08,0.0006857331715435775
6084,-73.94542667,40.77417,1.963200000008101e-08,0.0006857331715435775
6085,-73.94537,40.774235,1.963200000008101e-08,0.0006857331715435775
6086,-73.94530667,40.77430333,6.789999999855375e-09,0.0003339999999951715
6087,-73.94519667,40.77444333,6.789999999855375e-09,0.0003339999999951715
6088,-73.94514333,40.77451167,6.789999999855375e-09,0.0003339999999951715
6089,-73.94509,40.774585,6.789999999855375e-09,0.0003339999999951715
6090,-73.94503333,40.77465833,6.789999999855375e-09,0.0003339999999951715
6091,-73.94498,40.77473333,6.789999999855375e-09,0.0003339999999951715
6092,-73.944925,40.77480667,6.789999999855375e-09,0.0003339999999951715
6093,-73.94486833,40.77487833,6.789999999855375e-09,0.0003339999999951715
6094,-73.94474167,40.77500833,6.789999999855375e-09,0.0003339999999951715
6095,-73.94467833,40.77507,6.789999999855375e-09,0.0003339999999951715
6096,-73.94461833,40.77512833,6.789999999855375e-09,0.0003339999999951715
6097,-73.94456333,40.77518333,6.789999999855375e-09,0.0003339999999951715
6098,-73.94451667,40.77523667,6.789999999855375e-09,0.0003339999999951715
6099,-73.94447333,40.77528833,6.789999999855375e-09,0.0003339999999951715
6100,-73.94443,40.77533333,6.789999999855375e-09,0.0003339999999951715
6101,-73.94439667,40.77537333,6.789999999855375e-09,0.0003339999999951715
6102,-73.94435333,40.77543167,6.789999999855375e-09,0.0003339999999951715
6103,-73.94427333,40.77552833,2.1689049999997842e-07,0.0022325992020013
6104,-73.944205,40.775625,2.1689049999997842e-07,0.0022325992020013
6105,-73.94418667,40.77567,2.1689049999997842e-07,0.0022325992020013
6106,-73.94415667,40.77572333,2.1689049999997842e-07,0.0022325992020013
6107,-73.94411333,40.77578,2.1689049999997842e-07,0.0022325992020013
6108,-73.94406667,40.77584333,2.1689049999997842e-07,0.0022325992020013
6109,-73.94401833,40.77590667,2.1689049999997842e-07,0.0022325992020013
6110,-73.943915,40.77603833,2.1689049999997842e-07,0.0022325992020013
6111,-73.94386833,40.776105,2.1689049999997842e-07,0.0022325992020013
6112,-73.94382,40.776175,2.1689049999997842e-07,0.0022325992020013
6113,-73.94377167,40.77624833,2.1689049999997842e-07,0.0022325992020013
6114,-73.94372167,40.77632333,2.1689049999997842e-07,0.0022325992020013
6115,-73.94367,40.77639667,2.1689049999997842e-07,0.0022325992020013
6116,-73.94361667,40.77647167,2.1689049999997842e-07,0.0022325992020013
6117,-73.94347333,40.77665833,2.1689049999997842e-07,0.0022325992020013
6118,-73.94342667,40.776715,2.1689049999997842e-07,0.0022325992020013
6119,-73.94342167,40.77680167,2.1689049999997842e-07,0.0022325992020013
6120,-73.94344333,40.77684333,1.7305699999804959e-07,0.0022452831154794826
6121,-73.94348167,40.77688167,1.7305699999804959e-07,0.0022452831154794826
6122,-73.94354167,40.77691333,1.7305699999804959e-07,0.0022452831154794826
6123,-73.94359833,40.77693833,1.7305699999804959e-07,0.0022452831154794826
6124,-73.943665,40.77696,2.1689049999997842e-07,0.0022325992020013
6125,-73.94373333,40.776985,2.1689049999997842e-07,0.0022325992020013
6126,-73.94379833,40.77701167,2.1689049999997842e-07,0.0022325992020013
6127,-73.943855,40.77704167,2.1689049999997842e-07,0.0022325992020013
6128,-73.94390833,40.77707333,2.1689049999997842e-07,0.0022325992020013
6129,-73.94395333,40.77710667,2.1689049999997842e-07,0.0022325992020013
6130,-73.94400833,40.77712,2.1689049999997842e-07,0.0022325992020013
6131,-73.94405,40.77714167,2.1689049999997842e-07,0.0022325992020013
6132,-73.94409333,40.77715667,2.1689049999997842e-07,0.0022325992020013
6133,-73.94412833,40.77716833,2.1689049999997842e-07,0.0022325992020013
6134,-73.944155,40.777175,2.1689049999997842e-07,0.0022325992020013
6135,-73.94428667,40.77723833,2.679394999985198e-07,0.0036037828495830413
6136,-73.94432333,40.77725333,2.679394999985198e-07,0.0036037828495830413
6137,-73.944365,40.77727833,2.679394999985198e-07,0.0036037828495830413
6138,-73.94447,40.777325,2.679394999985198e-07,0.0036037828495830413
6139,-73.944525,40.777355,2.679394999985198e-07,0.0036037828495830413
6140,-73.94464667,40.777405,2.679394999985198e-07,0.0036037828495830413
6141,-73.94471333,40.77742667,2.940194999978384e-07,0.003870212211903573
6142,-73.944775,40.77744667,2.940194999978384e-07,0.003870212211903573
6143,-73.94483667,40.77747333,2.940194999978384e-07,0.003870212211903573
6144,-73.944895,40.7775,2.940194999978384e-07,0.003870212211903573
6145,-73.94494333,40.77752667,2.940194999978384e-07,0.003870212211903573
6146,-73.94499833,40.77755333,2.940194999978384e-07,0.003870212211903573
6147,-73.94504667,40.77758333,2.940194999978384e-07,0.003870212211903573
6148,-73.94509167,40.77760833,2.940194999978384e-07,0.003870212211903573
6149,-73.94512,40.77763833,2.940194999978384e-07,0.003870212211903573
6150,-73.94515167,40.777655,1.4655249999673568e-07,0.0016877774053050978
6151,-73.94518,40.77766833,1.4655249999673568e-07,0.0016877774053050978
6152,-73.94550833,40.77785167,1.4655249999673568e-07,0.0016877774053050978
6153,-73.94553833,40.77785833,1.4655249999673568e-07,0.0016877774053050978
6154,-73.94557667,40.77786167,1.4655249999673568e-07,0.0016877774053050978
6155,-73.94562833,40.77786333,1.4655249999673568e-07,0.0016877774053050978
6156,-73.94568667,40.77786167,1.4655249999673568e-07,0.0016877774053050978
6157,-73.94574,40.77789,1.4655249999673568e-07,0.0016877774053050978
6158,-73.94588167,40.77792667,1.4655249999673568e-07,0.0016877774053050978
6159,-73.94595667,40.77796,1.4655249999673568e-07,0.0016877774053050978
6160,-73.94603167,40.77799667,1.4655249999673568e-07,0.0016877774053050978
6161,-73.94612,40.77803333,1.1064224999958519e-06,0.0062151697307136385
6162,-73.94621167,40.77806833,1.1064224999958519e-06,0.0062151697307136385
6163,-73.94630333,40.778105,1.1064224999958519e-06,0.0062151697307136385
6164,-73.94639,40.778155,1.1064224999958519e-06,0.0062151697307136385
6165,-73.94647667,40.7782,1.1064224999958519e-06,0.0062151697307136385
6166,-73.94665333,40.7783,1.1064224999958519e-06,0.0062151697307136385
6167,-73.94674333,40.77835,1.1064224999958519e-06,0.0062151697307136385
6168,-73.94683833,40.77838833,1.1064224999958519e-06,0.0062151697307136385
6169,-73.94693167,40.77842667,1.1064224999958519e-06,0.0062151697307136385
6170,-73.94703333,40.77846,1.0921364999979048e-06,0.005283559365787084
6171,-73.94711833,40.77850833,1.0921364999979048e-06,0.005283559365787084
6172,-73.94720167,40.77854667,1.0921364999979048e-06,0.005283559365787084
6173,-73.94734833,40.77861167,1.0921364999979048e-06,0.005283559365787084
6174,-73.94742333,40.77863667,1.0921364999979048e-06,0.005283559365787084
6175,-73.947495,40.778655,1.0921364999979048e-06,0.005283559365787084
6176,-73.94757,40.77866833,1.0921364999979048e-06,0.005283559365787084
6177,-73.94765,40.77868667,1.0921364999979048e-06,0.005283559365787084
6178,-73.94773,40.778705,1.0921364999979048e-06,0.005283559365787084
6179,-73.94780333,40.77872,1.0921364999979048e-06,0.005283559365787084
6180,-73.94785833,40.77873833,1.0921364999979048e-06,0.005283559365787084
6181,-73.94788833,40.77877167,1.0921364999979048e-06,0.005283559365787084
6182,-73.94786333,40.77884,1.0921364999979048e-06,0.005283559365787084
6183,-73.94781667,40.77893833,1.0921364999979048e-06,0.005283559365787084
6184,-73.947805,40.77898167,1.0921364999979048e-06,0.005283559365787084
6185,-73.947785,40.77902833,1.0921364999979048e-06,0.005283559365787084
6186,-73.94776667,40.77907333,1.1064224999958519e-06,0.0062151697307136385
6187,-73.94775667,40.77911667,1.1064224999958519e-06,0.0062151697307136385
6188,-73.94775,40.779145,1.1064224999958519e-06,0.0062151697307136385
6189,-73.94774667,40.77920167,1.1064224999958519e-06,0.0062151697307136385
6190,-73.94772667,40.77923333,1.1064224999958519e-06,0.0062151697307136385
6191,-73.94767667,40.77926333,1.1064224999958519e-06,0.0062151697307136385
6192,-73.94758833,40.77929833,1.1064224999958519e-06,0.0062151697307136385
6193,-73.94751167,40.77934333,1.1064224999958519e-06,0.0062151697307136385
6194,-73.94746667,40.77941167,1.1064224999958519e-06,0.0062151697307136385
6195,-73.94742,40.77947833,1.1064224999958519e-06,0.0062151697307136385
6196,-73.94734833,40.77961167,1.1064224999958519e-06,0.0062151697307136385
6197,-73.94731,40.77967167,1.1064224999958519e-06,0.0062151697307136385
6198,-73.94727,40.77973,1.2460010000075668e-06,0.005473606671143739
6199,-73.94723,40.779785,1.2460010000075668e-06,0.005473606671143739
6200,-73.94715,40.77989167,1.2460010000075668e-06,0.005473606671143739
6201,-73.94715667,40.77994167,1.2460010000075668e-06,0.005473606671143739
6202,-73.94713167,40.779995,1.2460010000075668e-06,0.005473606671143739
6203,-73.947085,40.78004,1.2460010000075668e-06,0.005473606671143739
6204,-73.94700833,40.78014333,1.2460010000075668e-06,0.005473606671143739
6205,-73.94697,40.78019833,1.2460010000075668e-06,0.005473606671143739
6206,-73.94694833,40.78026167,1.2751214999984173e-06,0.006675042170288928
6207,-73.94691,40.78031833,8.319799999817279e-08,0.0014129512279048885
6208,-73.94687,40.780375,8.319799999817279e-08,0.0014129512279048885
6209,-73.94682667,40.78043167,8.319799999817279e-08,0.0014129512279048885
6210,-73.94677667,40.78048333,8.319799999817279e-08,0.0014129512279048885
6211,-73.94661333,40.78059667,8.319799999817279e-08,0.0014129512279048885
6212,-73.94645667,40.780765,8.319799999817279e-08,0.0014129512279048885
6213,-73.946415,40.78081833,8.319799999817279e-08,0.0014129512279048885
6214,-73.946375,40.78087167,8.319799999817279e-08,0.0014129512279048885
6215,-73.946335,40.78093167,8.319799999817279e-08,0.0014129512279048885
6216,-73.946295,40.78098833,8.319799999817279e-08,0.0014129512279048885
6217,-73.94627,40.78104167,8.319799999817279e-08,0.0014129512279048885
6218,-73.94623333,40.78109833,8.319799999817279e-08,0.0014129512279048885
6219,-73.94621167,40.78114667,8.319799999817279e-08,0.0014129512279048885
6220,-73.94618833,40.78118333,8.319799999817279e-08,0.0014129512279048885
6221,-73.94614333,40.78124833,8.319799999817279e-08,0.0014129512279048885
6222,-73.94608833,40.78129833,8.319799999817279e-08,0.0014129512279048885
6223,-73.946035,40.78134667,8.319799999817279e-08,0.0014129512279048885
6224,-73.946,40.781405,8.284100000019218e-08,0.0018080094282011568
6225,-73.94595833,40.78146667,8.284100000019218e-08,0.0018080094282011568
6226,-73.945925,40.78153,8.284100000019218e-08,0.0018080094282011568
6227,-73.94588167,40.781595,8.284100000019218e-08,0.0018080094282011568
6228,-73.94574833,40.78179167,8.284100000019218e-08,0.0018080094282011568
6229,-73.94563833,40.78193333,8.284100000019218e-08,0.0018080094282011568
6230,-73.94558167,40.78200833,8.284100000019218e-08,0.0018080094282011568
6231,-73.94552833,40.78208833,8.284100000019218e-08,0.0018080094282011568
6232,-73.94541833,40.78226,5.5673000000157374e-08,0.0009555497040145348
6233,-73.94535833,40.78235,5.5673000000157374e-08,0.0009555497040145348
6234,-73.94529167,40.78244167,5.5673000000157374e-08,0.0009555497040145348
6235,-73.94522,40.78253167,5.5673000000157374e-08,0.0009555497040145348
6236,-73.94514667,40.78262333,5.5673000000157374e-08,0.0009555497040145348
6237,-73.945075,40.782715,5.5673000000157374e-08,0.0009555497040145348
6238,-73.94500667,40.78280667,3.671500000022215e-08,0.000788605905003069
6239,-73.94481833,40.78307,3.671500000022215e-08,0.000788605905003069
6240,-73.94475167,40.78315333,3.671500000022215e-08,0.000788605905003069
6241,-73.94468667,40.78323833,3.671500000022215e-08,0.000788605905003069
6242,-73.94462333,40.78332833,3.671500000022215e-08,0.000788605905003069
6243,-73.94455333,40.78342,3.671500000022215e-08,0.000788605905003069
6244,-73.94448167,40.78351167,3.849630000007584e-07,0.003849482556237134
6245,-73.94441333,40.78360333,3.849630000007584e-07,0.003849482556237134
6246,-73.94434833,40.78369167,3.849630000007584e-07,0.003849482556237134
6247,-73.94428333,40.78377667,3.849630000007584e-07,0.003849482556237134
6248,-73.94421833,40.783865,3.849630000007584e-07,0.003849482556237134
6249,-73.94414667,40.78395333,3.849630000007584e-07,0.003849482556237134
6250,-73.94407333,40.784045,3.849630000007584e-07,0.003849482556237134
6251,-73.94399833,40.78413833,2.670335000007357e-07,0.002479146860811766
6252,-73.943925,40.78423167,2.670335000007357e-07,0.002479146860811766
6253,-73.94385,40.784325,2.670335000007357e-07,0.002479146860811766
6254,-73.94377,40.784415,2.670335000007357e-07,0.002479146860811766
6255,-73.94361667,40.78460667,2.670335000007357e-07,0.002479146860811766
6256,-73.94347,40.78480333,2.670335000007357e-07,0.002479146860811766
6257,-73.94339833,40.78489667,2.670335000007357e-07,0.002479146860811766
6258,-73.94332833,40.78498833,2.670335000007357e-07,0.002479146860811766
6259,-73.94326167,40.78508,2.670335000007357e-07,0.002479146860811766
6260,-73.94319833,40.78516667,2.670335000007357e-07,0.002479146860811766
6261,-73.943135,40.785255,3.238449999892183e-08,0.0008708552836185154
6262,-73.94301667,40.78543,3.238449999892183e-08,0.0008708552836185154
6263,-73.94296,40.78551833,3.238449999892183e-08,0.0008708552836185154
6264,-73.94290167,40.78560333,3.238449999892183e-08,0.0008708552836185154
6265,-73.94283833,40.785685,3.238449999892183e-08,0.0008708552836185154
6266,-73.94271667,40.78584,3.238449999892183e-08,0.0008708552836185154
6267,-73.94260333,40.78599167,3.992044999994844e-07,0.005439474725090668
6268,-73.94255333,40.786065,3.992044999994844e-07,0.005439474725090668
6269,-73.94250167,40.78612667,3.992044999994844e-07,0.005439474725090668
6270,-73.94246333,40.78617833,3.992044999994844e-07,0.005439474725090668
6271,-73.94243167,40.78621667,3.992044999994844e-07,0.005439474725090668
6272,-73.94242167,40.78625,3.992044999994844e-07,0.005439474725090668
6273,-73.94242167,40.786285,3.992044999994844e-07,0.005439474725090668
6274,-73.94240167,40.78630667,1.3227949999909603e-07,0.0020827839571035157
6275,-73.94239333,40.786335,1.3227949999909603e-07,0.0020827839571035157
6276,-73.94239167,40.78640667,1.3227949999909603e-07,0.0020827839571035157
6277,-73.94240833,40.78643833,1.3227949999909603e-07,0.0020827839571035157
6278,-73.94257667,40.786515,1.3227949999909603e-07,0.0020827839571035157
6279,-73.94264667,40.78654,1.3227949999909603e-07,0.0020827839571035157
6280,-73.94271333,40.78656667,1.3227949999909603e-07,0.0020827839571035157
6281,-73.94278167,40.78659667,1.3227949999909603e-07,0.0020827839571035157
6282,-73.94285167,40.78662833,1.3227949999909603e-07,0.0020827839571035157
6283,-73.942925,40.786665,1.3227949999909603e-07,0.0020827839571035157
6284,-73.943005,40.786695,4.985785000042753e-07,0.0029273835852081467
6285,-73.94307833,40.78673833,7.377100000025009e-08,0.0011029088870830217
6286,-73.94315333,40.78677667,7.377100000025009e-08,0.0011029088870830217
6287,-73.94323167,40.78680833,7.377100000025009e-08,0.0011029088870830217
6288,-73.943315,40.78683667,7.377100000025009e-08,0.0011029088870830217
6289,-73.943395,40.78686333,7.377100000025009e-08,0.0011029088870830217
6290,-73.94347333,40.78689,7.377100000025009e-08,0.0011029088870830217
6291,-73.94354333,40.78692167,7.377100000025009e-08,0.0011029088870830217
6292,-73.94361833,40.78695333,7.709549999701657e-08,0.0013527980375533316
6293,-73.94369667,40.786995,7.709549999701657e-08,0.0013527980375533316
6294,-73.94378,40.78703,7.709549999701657e-08,0.0013527980375533316
6295,-73.94386667,40.78706167,7.709549999701657e-08,0.0013527980375533316
6296,-73.94395667,40.78709333,7.709549999701657e-08,0.0013527980375533316
6297,-73.94404333,40.78713167,7.709549999701657e-08,0.0013527980375533316
6298,-73.944125,40.787165,7.709549999701657e-08,0.0013527980375533316
6299,-73.94420333,40.7872,2.0808999999770563e-07,0.0020259521600876893
6300,-73.94428,40.78723167,2.0808999999770563e-07,0.0020259521600876893
6301,-73.94434333,40.78725833,2.0808999999770563e-07,0.0020259521600876893
6302,-73.94440333,40.78728333,2.0808999999770563e-07,0.0020259521600876893
6303,-73.94451,40.78733167,9.022200000081495e-08,0.0013772924147230578
6304,-73.94455,40.78735,9.022200000081495e-08,0.0013772924147230578
6305,-73.94458833,40.78736833,9.022200000081495e-08,0.0013772924147230578
6306,-73.94463167,40.78738167,9.022200000081495e-08,0.0013772924147230578
6307,-73.94468333,40.787385,9.022200000081495e-08,0.0013772924147230578
6308,-73.944735,40.787375,9.022200000081495e-08,0.0013772924147230578
6309,-73.94477833,40.78735667,9.022200000081495e-08,0.0013772924147230578
6310,-73.94483667,40.78731,9.022200000081495e-08,0.0013772924147230578
6311,-73.944855,40.78729333,9.022200000081495e-08,0.0013772924147230578
6312,-73.94491167,40.78726333,9.022200000081495e-08,0.0013772924147230578
6313,-73.94494167,40.78725167,9.022200000081495e-08,0.0013772924147230578
6314,-73.945085,40.787035,9.022200000081495e-08,0.0013772924147230578
6315,-73.94510167,40.78701333,9.022200000081495e-08,0.0013772924147230578
6316,-73.94522333,40.78692,4.172500000147706e-09,0.0003034918380244643
6317,-73.94527,40.78689167,4.172500000147706e-09,0.0003034918380244643
6318,-73.94529333,40.78686333,4.172500000147706e-09,0.0003034918380244643
6319,-73.94539,40.78679833,4.172500000147706e-09,0.0003034918380244643
6320,-73.94543667,40.78676,4.172500000147706e-09,0.0003034918380244643
6321,-73.94546667,40.78671833,4.172500000147706e-09,0.0003034918380244643
6322,-73.94548667,40.78667333,7.047799999886943e-08,0.0013970474366795816
6323,-73.945505,40.78662833,7.047799999886943e-08,0.0013970474366795816
6324,-73.94551667,40.78658667,7.047799999886943e-08,0.0013970474366795816
6325,-73.94556167,40.78651167,7.047799999886943e-08,0.0013970474366795816
6326,-73.94558667,40.78647167,7.047799999886943e-08,0.0013970474366795816
6327,-73.9456,40.786425,7.047799999886943e-08,0.0013970474366795816
6328,-73.945605,40.78637833,7.047799999886943e-08,0.0013970474366795816
6329,-73.94562167,40.78633167,7.047799999886943e-08,0.0013970474366795816
6330,-73.94565,40.78628833,7.047799999886943e-08,0.0013970474366795816
6331,-73.94568167,40.78624667,7.047799999886943e-08,0.0013970474366795816
6332,-73.945715,40.78620167,7.047799999886943e-08,0.0013970474366795816
6333,-73.94576333,40.78612167,4.353999999746363e-09,0.0002681561547432692
6334,-73.945785,40.78608667,4.353999999746363e-09,0.0002681561547432692
6335,-73.94580667,40.786055,4.353999999746363e-09,0.0002681561547432692
6336,-73.94583,40.78602167,4.353999999746363e-09,0.0002681561547432692
6337,-73.94584667,40.785985,4.353999999746363e-09,0.0002681561547432692
6338,-73.94586833,40.78595,4.353999999746363e-09,0.0002681561547432692
6339,-73.945885,40.78591333,4.353999999746363e-09,0.0002681561547432692
6340,-73.94593167,40.78584167,4.353999999746363e-09,0.0002681561547432692
6341,-73.94595333,40.78580667,4.353999999746363e-09,0.0002681561547432692
6342,-73.94597333,40.78577,4.353999999746363e-09,0.0002681561547432692
6343,-73.945995,40.78573,4.353999999746363e-09,0.0002681561547432692
6344,-73.94602167,40.78568667,4.353999999746363e-09,0.0002681561547432692
6345,-73.94604833,40.78564167,4.353999999746363e-09,0.0002681561547432692
6346,-73.946075,40.785595,4.353999999746363e-09,0.0002681561547432692
6347,-73.94614667,40.7855,4.353999999746363e-09,0.0002681561547432692
6348,-73.946185,40.78545333,4.353999999746363e-09,0.0002681561547432692
6349,-73.94622167,40.785405,4.353999999746363e-09,0.0002681561547432692
6350,-73.94626167,40.78536,4.353999999746363e-09,0.0002681561547432692
6351,-73.94629833,40.78532333,4.353999999746363e-09,0.0002681561547432692
6352,-73.94633833,40.78529,4.353999999746363e-09,0.0002681561547432692
6353,-73.94637,40.785255,4.353999999746363e-09,0.0002681561547432692
6354,-73.9464,40.78522167,4.689149999950457e-08,0.0008820880875269426
6355,-73.94643,40.785185,4.689149999950457e-08,0.0008820880875269426
6356,-73.94668,40.78500833,4.689149999950457e-08,0.0008820880875269426
6357,-73.94683167,40.784995,4.689149999950457e-08,0.0008820880875269426
6358,-73.94689167,40.78503,4.689149999950457e-08,0.0008820880875269426
6359,-73.94696167,40.78506333,1.3739750000018223e-07,0.0022916342659802533
6360,-73.94703667,40.78511,1.3739750000018223e-07,0.0022916342659802533
6361,-73.947215,40.78519833,7.045604999943467e-07,0.004741068080944766
6362,-73.94730667,40.78524333,7.045604999943467e-07,0.004741068080944766
6363,-73.94747333,40.785325,7.045604999943467e-07,0.004741068080944766
6364,-73.94755333,40.78536167,7.045604999943467e-07,0.004741068080944766
6365,-73.94771,40.785435,6.764749999958361e-08,0.001366341386038594
6366,-73.947795,40.78546667,6.764749999958361e-08,0.001366341386038594
6367,-73.94795667,40.78553,6.764749999958361e-08,0.001366341386038594
6368,-73.94803,40.785555,6.548749999953754e-08,0.0013628074985714842
6369,-73.94815333,40.785595,7.63079999994121e-08,0.001211052321660131
6370,-73.94820333,40.78560333,7.63079999994121e-08,0.001211052321660131
6371,-73.94824167,40.78560667,7.63079999994121e-08,0.001211052321660131
6372,-73.94836667,40.78567333,7.63079999994121e-08,0.001211052321660131
6373,-73.94840667,40.78568167,7.63079999994121e-08,0.001211052321660131
6374,-73.94844,40.78569167,7.63079999994121e-08,0.001211052321660131
6375,-73.94847,40.78569833,7.63079999994121e-08,0.001211052321660131
6376,-73.948335,40.78581167,6.548749999953754e-08,0.0013628074985714842
6377,-73.94838,40.785835,6.548749999953754e-08,0.0013628074985714842
6378,-73.948435,40.78586333,6.548749999953754e-08,0.0013628074985714842
6379,-73.94849667,40.78593833,6.548749999953754e-08,0.0013628074985714842
6380,-73.94849833,40.78597667,6.548749999953754e-08,0.0013628074985714842
6381,-73.94848667,40.78601833,6.548749999953754e-08,0.0013628074985714842
6382,-73.948465,40.78606333,6.548749999953754e-08,0.0013628074985714842
6383,-73.94844,40.78610833,6.548749999953754e-08,0.0013628074985714842
6384,-73.94840333,40.78619333,6.548749999953754e-08,0.0013628074985714842
6385,-73.94836833,40.78626167,6.548749999953754e-08,0.0013628074985714842
6386,-73.94835333,40.78628333,6.548749999953754e-08,0.0013628074985714842
6387,-73.94834167,40.78629,6.548749999953754e-08,0.0013628074985714842
6388,-73.94835167,40.78641,6.548749999953754e-08,0.0013628074985714842
6389,-73.94831667,40.78646333,6.548749999953754e-08,0.0013628074985714842
6390,-73.94811667,40.78674,6.623000000028601e-08,0.0012002603887801215
6391,-73.94801167,40.78688,6.623000000028601e-08,0.0012002603887801215
6392,-73.94796,40.78695333,6.623000000028601e-08,0.0012002603887801215
6393,-73.94791,40.78702833,6.623000000028601e-08,0.0012002603887801215
6394,-73.94785167,40.78710167,6.623000000028601e-08,0.0012002603887801215
6395,-73.94779167,40.78718333,6.623000000028601e-08,0.0012002603887801215
6396,-73.94773333,40.78727167,6.623000000028601e-08,0.0012002603887801215
6397,-73.94767167,40.78736667,6.623000000028601e-08,0.0012002603887801215
6398,-73.94761167,40.78746,3.898474999993395e-07,0.004054058681293637
6399,-73.94755167,40.78755333,3.898474999993395e-07,0.004054058681293637
6400,-73.947485,40.78764667,3.898474999993395e-07,0.004054058681293637
6401,-73.94742,40.78773667,3.898474999993395e-07,0.004054058681293637
6402,-73.94735167,40.787825,7.216700000093855e-08,0.0014065527050233114
6403,-73.94728167,40.78791,7.216700000093855e-08,0.0014065527050233114
6404,-73.94721667,40.78799333,7.216700000093855e-08,0.0014065527050233114
6405,-73.94715333,40.78807667,7.216700000093855e-08,0.0014065527050233114
6406,-73.94702333,40.78824833,7.216700000093855e-08,0.0014065527050233114
6407,-73.94695833,40.78833,7.216700000093855e-08,0.0014065527050233114
6408,-73.946895,40.78841,6.906700000261567e-08,0.0013974407042664507
6409,-73.94683667,40.78849333,6.906700000261567e-08,0.0013974407042664507
6410,-73.94677833,40.78857667,6.906700000261567e-08,0.0013974407042664507
6411,-73.94671833,40.78865167,6.906700000261567e-08,0.0013974407042664507
6412,-73.94661833,40.78878833,6.906700000261567e-08,0.0013974407042664507
6413,-73.94658,40.78884,6.906700000261567e-08,0.0013974407042664507
6414,-73.94655167,40.78887667,6.906700000261567e-08,0.0013974407042664507
6415,-73.94653667,40.78891167,6.906700000261567e-08,0.0013974407042664507
6416,-73.946595,40.789015,6.906700000261567e-08,0.0013974407042664507
6417,-73.946635,40.78903333,6.906700000261567e-08,0.0013974407042664507
6418,-73.94668167,40.78905333,6.906700000261567e-08,0.0013974407042664507
6419,-73.94673,40.78907667,6.34708499993009e-07,0.0071236338561902705
6420,-73.946785,40.7891,6.34708499993009e-07,0.0071236338561902705
6421,-73.94684167,40.78912667,6.34708499993009e-07,0.0071236338561902705
6422,-73.9469,40.78915167,6.34708499993009e-07,0.0071236338561902705
6423,-73.94696167,40.78918333,6.34708499993009e-07,0.0071236338561902705
6424,-73.94718,40.78928667,6.34708499993009e-07,0.0071236338561902705
6425,-73.94725333,40.78932333,6.34708499993009e-07,0.0071236338561902705
6426,-73.94732,40.78935833,6.34708499993009e-07,0.0071236338561902705
6427,-73.94738333,40.78938667,6.34708499993009e-07,0.0071236338561902705
6428,-73.947445,40.78941333,6.34708499993009e-07,0.0071236338561902705
6429,-73.94750333,40.78944333,6.34708499993009e-07,0.0071236338561902705
6430,-73.94756,40.78947167,6.34708499993009e-07,0.0071236338561902705
6431,-73.94761833,40.78949833,6.34708499993009e-07,0.0071236338561902705
6432,-73.94767833,40.78952167,6.34708499993009e-07,0.0071236338561902705
6433,-73.947735,40.78954333,6.184609999995556e-07,0.006985838318804136
6434,-73.947785,40.78956333,6.184609999995556e-07,0.006985838318804136
6435,-73.94782833,40.78957833,6.184609999995556e-07,0.006985838318804136
6436,-73.94786333,40.789595,6.184609999995556e-07,0.006985838318804136
6437,-73.94788833,40.78961167,6.184609999995556e-07,0.006985838318804136
6438,-73.94791,40.78962333,6.184609999995556e-07,0.006985838318804136
6439,-73.94808833,40.789675,1.892729999972183e-07,0.0022463997942743495
6440,-73.94821167,40.78971167,1.892729999972183e-07,0.0022463997942743495
6441,-73.94827167,40.78973667,1.892729999972183e-07,0.0022463997942743495
6442,-73.94832833,40.78976667,1.892729999972183e-07,0.0022463997942743495
6443,-73.94844667,40.78983333,1.892729999972183e-07,0.0022463997942743495
6444,-73.94850667,40.78985667,1.892729999972183e-07,0.0022463997942743495
6445,-73.948565,40.78987833,1.892729999972183e-07,0.0022463997942743495
6446,-73.94862667,40.7899,1.892729999972183e-07,0.0022463997942743495
6447,-73.94869,40.78993,1.892729999972183e-07,0.0022463997942743495
6448,-73.94875833,40.78996667,1.892729999972183e-07,0.0022463997942743495
6449,-73.94883333,40.79,3.435245000030784e-07,0.003536086250961778
6450,-73.94891667,40.79002667,3.435245000030784e-07,0.003536086250961778
6451,-73.94908833,40.790085,3.435245000030784e-07,0.003536086250961778
6452,-73.94917,40.79011833,3.435245000030784e-07,0.003536086250961778
6453,-73.94924333,40.79014833,3.813299999964512e-08,0.0009461741130278827
6454,-73.94930667,40.79017667,3.813299999964512e-08,0.0009461741130278827
6455,-73.94939833,40.79022,3.813299999964512e-08,0.0009461741130278827
6456,-73.94942833,40.79024333,3.813299999964512e-08,0.0009461741130278827
6457,-73.94945167,40.79026,3.813299999964512e-08,0.0009461741130278827
6458,-73.94948167,40.79027833,3.813299999964512e-08,0.0009461741130278827
6459,-73.949515,40.790295,3.813299999964512e-08,0.0009461741130278827
6460,-73.94956833,40.79030167,3.813299999964512e-08,0.0009461741130278827
6461,-73.94962333,40.790305,3.813299999964512e-08,0.0009461741130278827
6462,-73.94965667,40.79032,3.813299999964512e-08,0.0009461741130278827
6463,-73.94971333,40.79035167,3.813299999964512e-08,0.0009461741130278827
6464,-73.94972833,40.790365,3.813299999964512e-08,0.0009461741130278827
6465,-73.94974167,40.79037167,3.813299999964512e-08,0.0009461741130278827
6466,-73.94998333,40.790455,1.0151449999931867e-07,0.0016988368449951073
6467,-73.95002833,40.79045333,1.0151449999931867e-07,0.0016988368449951073
6468,-73.950055,40.7904,1.0151449999931867e-07,0.0016988368449951073
6469,-73.95006667,40.790365,1.0151449999931867e-07,0.0016988368449951073
6470,-73.950125,40.79025667,1.0151449999931867e-07,0.0016988368449951073
6471,-73.95016167,40.79019833,1.0151449999931867e-07,0.0016988368449951073
6472,-73.95021167,40.79013833,1.0151449999931867e-07,0.0016988368449951073
6473,-73.95026667,40.79008167,1.0151449999931867e-07,0.0016988368449951073
6474,-73.95031167,40.79001333,1.0151449999931867e-07,0.0016988368449951073
6475,-73.95036333,40.78994667,1.0151449999931867e-07,0.0016988368449951073
6476,-73.95041333,40.78988,1.0151449999931867e-07,0.0016988368449951073
6477,-73.95046333,40.78981167,1.0151449999931867e-07,0.0016988368449951073
6478,-73.95049833,40.78974,5.982149999934268e-08,0.0013159504726483213
6479,-73.95054,40.78966833,5.982149999934268e-08,0.0013159504726483213
6480,-73.95059333,40.78959833,5.982149999934268e-08,0.0013159504726483213
6481,-73.95068833,40.78944667,5.982149999934268e-08,0.0013159504726483213
6482,-73.95074,40.78937333,5.982149999934268e-08,0.0013159504726483213
6483,-73.950785,40.78930333,5.982149999934268e-08,0.0013159504726483213
6484,-73.95082667,40.789235,5.982149999934268e-08,0.0013159504726483213
6485,-73.95087333,40.78917,5.982149999934268e-08,0.0013159504726483213
6486,-73.95091833,40.789105,5.982149999934268e-08,0.0013159504726483213
6487,-73.95099333,40.78897,8.335999999143593e-09,0.00047265957347346983
6488,-73.95102833,40.78890333,8.335999999143593e-09,0.00047265957347346983
6489,-73.95106167,40.788835,8.335999999143593e-09,0.00047265957347346983
6490,-73.95113667,40.78870667,8.335999999143593e-09,0.00047265957347346983
6491,-73.95118,40.78864167,8.335999999143593e-09,0.00047265957347346983
6492,-73.95121667,40.78857167,8.335999999143593e-09,0.00047265957347346983
6493,-73.951275,40.788505,8.335999999143593e-09,0.00047265957347346983
6494,-73.95137333,40.78845167,8.335999999143593e-09,0.00047265957347346983
6495,-73.95140833,40.78838667,8.335999999143593e-09,0.00047265957347346983
6496,-73.95146,40.78832667,8.335999999143593e-09,0.00047265957347346983
6497,-73.95149,40.788265,8.335999999143593e-09,0.00047265957347346983
6498,-73.951505,40.78820167,8.335999999143593e-09,0.00047265957347346983
6499,-73.95153,40.78814167,8.335999999143593e-09,0.00047265957347346983
6500,-73.95156333,40.78808333,8.335999999143593e-09,0.00047265957347346983
6501,-73.95160167,40.788025,2.6984300000455425e-07,0.0033224355590039953
6502,-73.95163833,40.78796667,2.6984300000455425e-07,0.0033224355590039953
6503,-73.95167833,40.78790833,2.6984300000455425e-07,0.0033224355590039953
6504,-73.95173833,40.78784833,2.6984300000455425e-07,0.0033224355590039953
6505,-73.95179167,40.78779167,2.6984300000455425e-07,0.0033224355590039953
6506,-73.95188,40.78767333,2.6984300000455425e-07,0.0033224355590039953
6507,-73.95192667,40.78761667,2.6984300000455425e-07,0.0033224355590039953
6508,-73.95197667,40.78756333,2.6984300000455425e-07,0.0033224355590039953
6509,-73.95202167,40.787515,2.420080000012652e-07,0.0038888905702652043
6510,-73.952065,40.787475,2.420080000012652e-07,0.0038888905702652043
6511,-73.952085,40.78743667,2.420080000012652e-07,0.0038888905702652043
6512,-73.95214333,40.78734667,2.420080000012652e-07,0.0038888905702652043
6513,-73.952185,40.787295,2.420080000012652e-07,0.0038888905702652043
6514,-73.95224,40.78723167,2.420080000012652e-07,0.0038888905702652043
6515,-73.95229,40.78717333,2.420080000012652e-07,0.0038888905702652043
6516,-73.95239667,40.78704333,2.420080000012652e-07,0.0038888905702652043
6517,-73.95244333,40.78698333,2.420080000012652e-07,0.0038888905702652043
6518,-73.95248333,40.78692833,6.896244999990066e-07,0.008097021145194836
6519,-73.95252833,40.786885,6.896244999990066e-07,0.008097021145194836
6520,-73.95269,40.78675167,6.896244999990066e-07,0.008097021145194836
6521,-73.95272833,40.78671167,6.896244999990066e-07,0.008097021145194836
6522,-73.95276,40.78666667,6.896244999990066e-07,0.008097021145194836
6523,-73.95280833,40.78662667,6.896244999990066e-07,0.008097021145194836
6524,-73.95288667,40.786565,6.896244999990066e-07,0.008097021145194836
6525,-73.95291333,40.78654167,6.896244999990066e-07,0.008097021145194836
6526,-73.952935,40.78652,7.778585000047833e-07,0.00530567807988354
6527,-73.95299833,40.78638667,7.778585000047833e-07,0.00530567807988354
6528,-73.953025,40.786345,7.778585000047833e-07,0.00530567807988354
6529,-73.953045,40.78630167,7.778585000047833e-07,0.00530567807988354
6530,-73.95307667,40.786245,7.778585000047833e-07,0.00530567807988354
6531,-73.95311333,40.78619167,7.778585000047833e-07,0.00530567807988354
6532,-73.95312833,40.78614167,7.778585000047833e-07,0.00530567807988354
6533,-73.953155,40.78610167,7.778585000047833e-07,0.00530567807988354
6534,-73.95318667,40.78607167,7.778585000047833e-07,0.00530567807988354
6535,-73.95327667,40.78604667,4.2852949999787503e-07,0.002720740101960913
6536,-73.95333167,40.78604333,4.2852949999787503e-07,0.002720740101960913
6537,-73.95339167,40.78604833,4.2852949999787503e-07,0.002720740101960913
6538,-73.95345,40.78607333,4.2852949999787503e-07,0.002720740101960913
6539,-73.95350833,40.786105,4.2852949999787503e-07,0.002720740101960913
6540,-73.953565,40.78614333,7.778585000047833e-07,0.00530567807988354
6541,-73.95369667,40.7862,7.778585000047833e-07,0.00530567807988354
6542,-73.95375667,40.78622667,7.778585000047833e-07,0.00530567807988354
6543,-73.95381167,40.78625333,7.778585000047833e-07,0.00530567807988354
6544,-73.95386667,40.78627667,7.778585000047833e-07,0.00530567807988354
6545,-73.95392167,40.78629667,7.778585000047833e-07,0.00530567807988354
6546,-73.95397833,40.78631833,7.778585000047833e-07,0.00530567807988354
6547,-73.95403167,40.78634167,7.778585000047833e-07,0.00530567807988354
6548,-73.95408333,40.78636667,7.778585000047833e-07,0.00530567807988354
6549,-73.95413333,40.78638833,1.55730000000352e-08,0.0005057265061570856
6550,-73.95418667,40.78641,1.55730000000352e-08,0.0005057265061570856
6551,-73.95429333,40.786455,1.55730000000352e-08,0.0005057265061570856
6552,-73.954345,40.78648333,1.55730000000352e-08,0.0005057265061570856
6553,-73.9544,40.78651,1.55730000000352e-08,0.0005057265061570856
6554,-73.95445167,40.78654,1.55730000000352e-08,0.0005057265061570856
6555,-73.95455167,40.78672667,4.107049999961277e-08,0.0009074168539274836
6556,-73.95454,40.78676833,4.107049999961277e-08,0.0009074168539274836
6557,-73.954515,40.78683333,4.107049999961277e-08,0.0009074168539274836
6558,-73.95450667,40.78686167,4.107049999961277e-08,0.0009074168539274836
6559,-73.95449167,40.78688833,4.107049999961277e-08,0.0009074168539274836
6560,-73.95447,40.78692,4.107049999961277e-08,0.0009074168539274836
6561,-73.954455,40.78694667,4.107049999961277e-08,0.0009074168539274836
6562,-73.95442333,40.787,4.107049999961277e-08,0.0009074168539274836
6563,-73.95440667,40.78704,4.107049999961277e-08,0.0009074168539274836
6564,-73.954375,40.78708833,4.107049999961277e-08,0.0009074168539274836
6565,-73.95433,40.787145,4.107049999961277e-08,0.0009074168539274836
6566,-73.95427833,40.78720333,4.107049999961277e-08,0.0009074168539274836
6567,-73.954225,40.78726667,4.107049999961277e-08,0.0009074168539274836
6568,-73.95417833,40.78733333,4.107049999961277e-08,0.0009074168539274836
6569,-73.95413667,40.78739833,8.451135000033397e-07,0.004765478856663644
6570,-73.9541,40.78746333,8.451135000033397e-07,0.004765478856663644
6571,-73.954055,40.78751833,8.451135000033397e-07,0.004765478856663644
6572,-73.954005,40.78756333,8.451135000033397e-07,0.004765478856663644
6573,-73.95395333,40.78764667,8.451135000033397e-07,0.004765478856663644
6574,-73.95392667,40.78767833,8.451135000033397e-07,0.004765478856663644
6575,-73.953905,40.787695,8.451135000033397e-07,0.004765478856663644
6576,-73.95381333,40.78776667,6.896244999990066e-07,0.008097021145194836
6577,-73.95382333,40.78780833,8.379429999958986e-07,0.005029822942019367
6578,-73.95382,40.78784833,8.379429999958986e-07,0.005029822942019367
6579,-73.95383333,40.78788833,8.379429999958986e-07,0.005029822942019367
6580,-73.95387667,40.78792833,8.379429999958986e-07,0.005029822942019367
6581,-73.95393,40.78796333,8.379429999958986e-07,0.005029822942019367
6582,-73.954055,40.78803333,8.379429999958986e-07,0.005029822942019367
6583,-73.95412333,40.78806833,8.379429999958986e-07,0.005029822942019367
6584,-73.9542,40.78810833,8.379429999958986e-07,0.005029822942019367
6585,-73.95427,40.78814167,8.379429999958986e-07,0.005029822942019367
6586,-73.95434167,40.788175,8.379429999958986e-07,0.005029822942019367
6587,-73.95440833,40.78820333,8.451135000033397e-07,0.004765478856663644
6588,-73.95446833,40.78823333,8.451135000033397e-07,0.004765478856663644
6589,-73.954535,40.78826667,8.451135000033397e-07,0.004765478856663644
6590,-73.95459667,40.78829667,8.451135000033397e-07,0.004765478856663644
6591,-73.95464333,40.78832667,8.451135000033397e-07,0.004765478856663644
6592,-73.95468833,40.78835167,8.451135000033397e-07,0.004765478856663644
6593,-73.95472333,40.788365,8.451135000033397e-07,0.004765478856663644
6594,-73.95476167,40.78837,8.451135000033397e-07,0.004765478856663644
6595,-73.95479,40.78837667,8.451135000033397e-07,0.004765478856663644
6596,-73.95486667,40.78841167,8.451135000033397e-07,0.004765478856663644
6597,-73.95489833,40.788425,8.451135000033397e-07,0.004765478856663644
6598,-73.954945,40.78844333,8.451135000033397e-07,0.004765478856663644
6599,-73.955005,40.78846667,8.451135000033397e-07,0.004765478856663644
6600,-73.95507333,40.78849833,8.451135000033397e-07,0.004765478856663644
6601,-73.95515167,40.78852833,8.451135000033397e-07,0.004765478856663644
6602,-73.95524333,40.78855667,8.451135000033397e-07,0.004765478856663644
6603,-73.955345,40.78858333,8.451135000033397e-07,0.004765478856663644
6604,-73.95544833,40.78862,8.451135000033397e-07,0.004765478856663644
6605,-73.95564833,40.78873,8.451135000033397e-07,0.004765478856663644
6606,-73.95575333,40.78879333,8.451135000033397e-07,0.004765478856663644
6607,-73.955865,40.78884833,8.451135000033397e-07,0.004765478856663644
6608,-73.95597667,40.788905,8.451135000033397e-07,0.004765478856663644
6609,-73.95609333,40.78896167,8.451135000033397e-07,0.004765478856663644
6610,-73.95621833,40.78902333,1.0469049999969141e-07,0.001560037859857589
6611,-73.95634667,40.78908333,1.0469049999969141e-07,0.001560037859857589
6612,-73.95662167,40.78919167,1.0469049999969141e-07,0.001560037859857589
6613,-73.956765,40.78924167,1.0469049999969141e-07,0.001560037859857589
6614,-73.95691333,40.7893,1.0469049999969141e-07,0.001560037859857589
6615,-73.95706167,40.78935667,1.0469049999969141e-07,0.001560037859857589
6616,-73.95721167,40.78941167,1.0469049999969141e-07,0.001560037859857589
6617,-73.95736333,40.78946667,1.2382249999873733e-07,0.0025738913088353328
6618,-73.95752,40.78952167,1.2382249999873733e-07,0.0025738913088353328
6619,-73.957785,40.78965667,1.2382249999873733e-07,0.0025738913088353328
6620,-73.95792333,40.78971167,1.2382249999873733e-07,0.0025738913088353328
6621,-73.95807,40.78977167,1.2382249999873733e-07,0.0025738913088353328
6622,-73.958215,40.789835,1.2382249999873733e-07,0.0025738913088353328
6623,-73.95852,40.78995333,1.2382249999873733e-07,0.0025738913088353328
6624,-73.95884167,40.79005333,1.2382249999873733e-07,0.0025738913088353328
6625,-73.95900667,40.790095,1.2382249999873733e-07,0.0025738913088353328
6626,-73.959175,40.79013667,1.2382249999873733e-07,0.0025738913088353328
6627,-73.95934167,40.79017167,1.2382249999873733e-07,0.0025738913088353328
6628,-73.959505,40.79020333,1.2382249999873733e-07,0.0025738913088353328
6629,-73.95982333,40.79027833,1.2382249999873733e-07,0.0025738913088353328
6630,-73.95997667,40.79032333,1.2382249999873733e-07,0.0025738913088353328
6631,-73.96012333,40.79037667,1.2382249999873733e-07,0.0025738913088353328
6632,-73.96026,40.790435,1.2382249999873733e-07,0.0025738913088353328
6633,-73.96039667,40.79050167,1.2382249999873733e-07,0.0025738913088353328
6634,-73.96053167,40.79057667,1.2382249999873733e-07,0.0025738913088353328
6635,-73.96066167,40.79066,1.2382249999873733e-07,0.0025738913088353328
6636,-73.96078667,40.790745,1.2382249999873733e-07,0.0025738913088353328
6637,-73.96091167,40.79082333,1.2382249999873733e-07,0.0025738913088353328
6638,-73.96103833,40.79090167,3.607000000288934e-09,0.0002440570219104624
6639,-73.961165,40.790975,3.607000000288934e-09,0.0002440570219104624
6640,-73.96129167,40.79104667,3.607000000288934e-09,0.0002440570219104624
6641,-73.961415,40.79112,3.607000000288934e-09,0.0002440570219104624
6642,-73.96154333,40.79118833,3.607000000288934e-09,0.0002440570219104624
6643,-73.96167667,40.79125333,3.607000000288934e-09,0.0002440570219104624
6644,-73.96181167,40.79131667,3.607000000288934e-09,0.0002440570219104624
6645,-73.96209667,40.79145167,3.607000000288934e-09,0.0002440570219104624
6646,-73.962385,40.79157167,3.607000000288934e-09,0.0002440570219104624
6647,-73.962535,40.79162667,3.607000000288934e-09,0.0002440570219104624
6648,-73.96267167,40.791675,3.607000000288934e-09,0.0002440570219104624
6649,-73.96281833,40.79172333,3.607000000288934e-09,0.0002440570219104624
6650,-73.96308167,40.79181667,1.393769999990898e-07,0.0015636374456628312
6651,-73.96317833,40.79185,1.393769999990898e-07,0.0015636374456628312
6652,-73.96331833,40.7919,1.393769999990898e-07,0.0015636374456628312
6653,-73.963365,40.79192333,1.393769999990898e-07,0.0015636374456628312
6654,-73.96340667,40.79194167,1.393769999990898e-07,0.0015636374456628312
6655,-73.96344833,40.79196667,1.393769999990898e-07,0.0015636374456628312
6656,-73.96349333,40.79199667,1.393769999990898e-07,0.0015636374456628312
6657,-73.96353833,40.79202667,1.393769999990898e-07,0.0015636374456628312
6658,-73.96358,40.792055,2.0746900000040442e-07,0.002463850706115598
6659,-73.96367167,40.79212,2.0746900000040442e-07,0.002463850706115598
6660,-73.96376,40.79218333,2.0746900000040442e-07,0.002463850706115598
6661,-73.96380167,40.79221167,2.0746900000040442e-07,0.002463850706115598
6662,-73.963845,40.792235,2.0746900000040442e-07,0.002463850706115598
6663,-73.963885,40.79225833,2.0746900000040442e-07,0.002463850706115598
6664,-73.96393333,40.79228,2.0746900000040442e-07,0.002463850706115598
6665,-73.96399333,40.792315,2.0746900000040442e-07,0.002463850706115598
6666,-73.96406833,40.79235333,2.0746900000040442e-07,0.002463850706115598
6667,-73.96415,40.79239333,2.0746900000040442e-07,0.002463850706115598
6668,-73.96424,40.79243,2.0746900000040442e-07,0.002463850706115598
6669,-73.96433333,40.79247333,2.0746900000040442e-07,0.002463850706115598
6670,-73.96442833,40.792515,2.0746900000040442e-07,0.002463850706115598
6671,-73.96452,40.79255333,2.0746900000040442e-07,0.002463850706115598
6672,-73.96461167,40.79259833,2.0746900000040442e-07,0.002463850706115598
6673,-73.96480833,40.79269167,2.1833399999731152e-07,0.0026266745107523894
6674,-73.96491,40.792745,2.1833399999731152e-07,0.0026266745107523894
6675,-73.96501167,40.7928,2.1833399999731152e-07,0.0026266745107523894
6676,-73.96511167,40.792855,2.1833399999731152e-07,0.0026266745107523894
6677,-73.96521333,40.7929,2.1833399999731152e-07,0.0026266745107523894
6678,-73.96532167,40.792935,2.2176549999697322e-07,0.0028712866617437837
6679,-73.96542167,40.792985,2.2176549999697322e-07,0.0028712866617437837
6680,-73.96562,40.79307333,2.2176549999697322e-07,0.0028712866617437837
6681,-73.96572,40.79310833,2.2176549999697322e-07,0.0028712866617437837
6682,-73.96581667,40.79314,2.2176549999697322e-07,0.0028712866617437837
6683,-73.96590167,40.79317167,2.2176549999697322e-07,0.0028712866617437837
6684,-73.965975,40.79319833,2.2176549999697322e-07,0.0028712866617437837
6685,-73.96604,40.79321667,2.2176549999697322e-07,0.0028712866617437837
6686,-73.96609667,40.79322667,2.2176549999697322e-07,0.0028712866617437837
6687,-73.96615,40.793245,2.2176549999697322e-07,0.0028712866617437837
6688,-73.96619333,40.79326667,2.2176549999697322e-07,0.0028712866617437837
6689,-73.96624167,40.79328833,1.4082850000088736e-07,0.001599057415070453
6690,-73.96628833,40.79331667,1.4082850000088736e-07,0.001599057415070453
6691,-73.96633833,40.79333167,1.4082850000088736e-07,0.001599057415070453
6692,-73.96637167,40.79335167,1.4082850000088736e-07,0.001599057415070453
6693,-73.96639167,40.79336333,1.4082850000088736e-07,0.001599057415070453
6694,-73.96646,40.79340333,1.4082850000088736e-07,0.001599057415070453
6695,-73.96650167,40.79341667,1.4082850000088736e-07,0.001599057415070453
6696,-73.96660167,40.79346333,1.4082850000088736e-07,0.001599057415070453
6697,-73.96665,40.79348167,1.4082850000088736e-07,0.001599057415070453
6698,-73.96669333,40.79351333,1.4082850000088736e-07,0.001599057415070453
6699,-73.96673,40.79353167,1.4082850000088736e-07,0.001599057415070453
6700,-73.96676333,40.79354,1.4082850000088736e-07,0.001599057415070453
6701,-73.96679833,40.79354833,1.4082850000088736e-07,0.001599057415070453
6702,-73.96683,40.79356,1.4082850000088736e-07,0.001599057415070453
6703,-73.96685833,40.79357333,1.4082850000088736e-07,0.001599057415070453
6704,-73.966965,40.79354,1.4082850000088736e-07,0.001599057415070453
6705,-73.96699167,40.79349833,1.4082850000088736e-07,0.001599057415070453
6706,-73.96706333,40.79340333,1.4082850000088736e-07,0.001599057415070453
6707,-73.96710833,40.79335167,1.4082850000088736e-07,0.001599057415070453
6708,-73.96714333,40.79329833,1.4082850000088736e-07,0.001599057415070453
6709,-73.96718,40.79324833,1.4082850000088736e-07,0.001599057415070453
6710,-73.96721167,40.79320167,1.4082850000088736e-07,0.001599057415070453
6711,-73.967245,40.79316,1.4082850000088736e-07,0.001599057415070453
6712,-73.96727167,40.79312833,3.38255000003141e-08,0.000809445032571349
6713,-73.96743,40.79307,3.38255000003141e-08,0.000809445032571349
6714,-73.96750833,40.79305667,3.38255000003141e-08,0.000809445032571349
6715,-73.96753167,40.793035,3.38255000003141e-08,0.000809445032571349
6716,-73.96755,40.79301833,3.38255000003141e-08,0.000809445032571349
6717,-73.96768167,40.79301167,3.38255000003141e-08,0.000809445032571349
6718,-73.96771833,40.79302667,3.38255000003141e-08,0.000809445032571349
6719,-73.96777333,40.79305,3.38255000003141e-08,0.000809445032571349
6720,-73.967925,40.79310833,3.38255000003141e-08,0.000809445032571349
6721,-73.96801667,40.79314167,3.38255000003141e-08,0.000809445032571349
6722,-73.96811333,40.79317667,1.2896394999989904e-06,0.01032746966281357
6723,-73.96821167,40.79321333,1.2896394999989904e-06,0.01032746966281357
6724,-73.96830667,40.79324833,1.2896394999989904e-06,0.01032746966281357
6725,-73.968405,40.79329,1.2896394999989904e-06,0.01032746966281357
6726,-73.968505,40.79333333,1.2896394999989904e-06,0.01032746966281357
6727,-73.96861167,40.79338833,1.2896394999989904e-06,0.01032746966281357
6728,-73.96872,40.79343333,1.2896394999989904e-06,0.01032746966281357
6729,-73.96882833,40.79347333,1.2896394999989904e-06,0.01032746966281357
6730,-73.968935,40.79351167,1.2896394999989904e-06,0.01032746966281357
6731,-73.96925,40.79365667,1.6976900000088916e-07,0.002353378613448361
6732,-73.96935667,40.79371,1.6976900000088916e-07,0.002353378613448361
6733,-73.969575,40.79381167,1.6976900000088916e-07,0.002353378613448361
6734,-73.969675,40.79387167,1.6976900000088916e-07,0.002353378613448361
6735,-73.96977833,40.79392333,1.6976900000088916e-07,0.002353378613448361
6736,-73.96997667,40.79402333,9.733400000136787e-08,0.0013512437545184536
6737,-73.970065,40.79406333,9.733400000136787e-08,0.0013512437545184536
6738,-73.97017833,40.79412,9.733400000136787e-08,0.0013512437545184536
6739,-73.970205,40.79413667,9.733400000136787e-08,0.0013512437545184536
6740,-73.97020833,40.79418333,9.733400000136787e-08,0.0013512437545184536
6741,-73.97020167,40.79421,9.733400000136787e-08,0.0013512437545184536
6742,-73.97016833,40.79423667,9.733400000136787e-08,0.0013512437545184536
6743,-73.97008833,40.79431333,9.733400000136787e-08,0.0013512437545184536
6744,-73.97004167,40.79436,9.733400000136787e-08,0.0013512437545184536
6745,-73.97000167,40.79440833,9.733400000136787e-08,0.0013512437545184536
6746,-73.96997333,40.79444833,9.733400000136787e-08,0.0013512437545184536
6747,-73.96993833,40.79448333,9.733400000136787e-08,0.0013512437545184536
6748,-73.96991,40.79451167,9.733400000136787e-08,0.0013512437545184536
6749,-73.96987167,40.79455333,9.733400000136787e-08,0.0013512437545184536
6750,-73.90799,40.80651167,2.5413000001109154e-08,0.00072529735094877
6751,-73.907685,40.80660667,2.5413000001109154e-08,0.00072529735094877
6752,-73.90754167,40.80664833,2.5413000001109154e-08,0.00072529735094877
6753,-73.90737,40.80669167,2.5413000001109154e-08,0.00072529735094877
6754,-73.90719333,40.80673,3.788299999916667e-08,0.0010944673143163113
6755,-73.90702833,40.80677667,3.788299999916667e-08,0.0010944673143163113
6756,-73.90687,40.80683333,3.788299999916667e-08,0.0010944673143163113
6757,-73.906715,40.80688167,3.788299999916667e-08,0.0010944673143163113
6758,-73.906285,40.807055,3.788299999916667e-08,0.0010944673143163113
6759,-73.90615667,40.80712833,3.788299999916667e-08,0.0010944673143163113
6760,-73.90603667,40.80720667,3.788299999916667e-08,0.0010944673143163113
6761,-73.90591667,40.80727667,8.086894999956193e-07,0.0053087502924755925
6762,-73.90579333,40.80734667,8.086894999956193e-07,0.0053087502924755925
6763,-73.90567167,40.80741667,6.503000000455487e-09,0.0003328128226692376
6764,-73.90554333,40.807485,6.503000000455487e-09,0.0003328128226692376
6765,-73.90541667,40.807555,6.503000000455487e-09,0.0003328128226692376
6766,-73.9053,40.80761833,6.503000000455487e-09,0.0003328128226692376
6767,-73.90509833,40.80774333,6.503000000455487e-09,0.0003328128226692376
6768,-73.90499833,40.80779667,6.503000000455487e-09,0.0003328128226692376
6769,-73.90489833,40.807855,6.503000000455487e-09,0.0003328128226692376
6770,-73.90480167,40.80790833,6.503000000455487e-09,0.0003328128226692376
6771,-73.904705,40.80796333,6.503000000455487e-09,0.0003328128226692376
6772,-73.90453333,40.80806167,6.503000000455487e-09,0.0003328128226692376
6773,-73.90446,40.80808667,6.503000000455487e-09,0.0003328128226692376
6774,-73.90434167,40.80813333,6.503000000455487e-09,0.0003328128226692376
6775,-73.90431333,40.80816,6.503000000455487e-09,0.0003328128226692376
6776,-73.90425667,40.80820333,6.503000000455487e-09,0.0003328128226692376
6777,-73.90421833,40.808225,6.503000000455487e-09,0.0003328128226692376
6778,-73.90416167,40.80823833,6.503000000455487e-09,0.0003328128226692376
6779,-73.90410167,40.80825833,6.503000000455487e-09,0.0003328128226692376
6780,-73.904035,40.80828333,2.5548000000725896e-08,0.0006756978645852712
6781,-73.90396833,40.80831667,2.5548000000725896e-08,0.0006756978645852712
6782,-73.90386167,40.80836667,2.5548000000725896e-08,0.0006756978645852712
6783,-73.90381667,40.80839,2.5548000000725896e-08,0.0006756978645852712
6784,-73.90377833,40.808405,2.5548000000725896e-08,0.0006756978645852712
6785,-73.90375167,40.80843,2.5548000000725896e-08,0.0006756978645852712
6786,-73.90373,40.808445,2.5548000000725896e-08,0.0006756978645852712
6787,-73.90358333,40.80854833,2.5548000000725896e-08,0.0006756978645852712
6788,-73.90345,40.80862333,2.5548000000725896e-08,0.0006756978645852712
6789,-73.903395,40.80864333,2.5548000000725896e-08,0.0006756978645852712
6790,-73.903345,40.80863667,2.5548000000725896e-08,0.0006756978645852712
6791,-73.90307167,40.80981667,5.588304999977032e-07,0.003761049847894898
6792,-73.90309167,40.80992333,5.588304999977032e-07,0.003761049847894898
6793,-73.903105,40.81004,5.588304999977032e-07,0.003761049847894898
6794,-73.90312667,40.81015167,5.588304999977032e-07,0.003761049847894898
6795,-73.903145,40.810265,5.588304999977032e-07,0.003761049847894898
6796,-73.903165,40.81038667,5.588304999977032e-07,0.003761049847894898
6797,-73.903185,40.81051167,5.588304999977032e-07,0.003761049847894898
6798,-73.90320333,40.81063667,5.588304999977032e-07,0.003761049847894898
6799,-73.903225,40.81076,3.567889999988756e-07,0.0040379989007613745
6800,-73.903245,40.81088,3.567889999988756e-07,0.0040379989007613745
6801,-73.90328,40.81110833,3.567889999988756e-07,0.0040379989007613745
6802,-73.90331,40.81131333,6.671950000075237e-08,0.00127969589540656
6803,-73.90332667,40.81139667,6.671950000075237e-08,0.00127969589540656
6804,-73.903355,40.81146167,6.671950000075237e-08,0.00127969589540656
6805,-73.903385,40.81151833,6.671950000075237e-08,0.00127969589540656
6806,-73.903435,40.81156833,6.671950000075237e-08,0.00127969589540656
6807,-73.90357,40.81167667,6.671950000075237e-08,0.00127969589540656
6808,-73.903635,40.81173167,6.671950000075237e-08,0.00127969589540656
6809,-73.90369167,40.81178167,6.671950000075237e-08,0.00127969589540656
6810,-73.90373833,40.81182,6.671950000075237e-08,0.00127969589540656
6811,-73.90377833,40.81185333,6.671950000075237e-08,0.00127969589540656
6812,-73.90392667,40.81202833,6.671950000075237e-08,0.00127969589540656
6813,-73.903995,40.81207333,6.671950000075237e-08,0.00127969589540656
6814,-73.90406167,40.81211833,6.671950000075237e-08,0.00127969589540656
6815,-73.90412333,40.812155,6.671950000075237e-08,0.00127969589540656
6816,-73.90417833,40.81218833,6.671950000075237e-08,0.00127969589540656
6817,-73.90422667,40.81222,3.940999999885281e-08,0.0009960994366576023
6818,-73.904275,40.81225167,2.560559999985595e-07,0.002544444454650274
6819,-73.90431667,40.81227667,2.560559999985595e-07,0.002544444454650274
6820,-73.904355,40.812295,2.560559999985595e-07,0.002544444454650274
6821,-73.90438333,40.81231333,2.560559999985595e-07,0.002544444454650274
6822,-73.90441333,40.812335,2.560559999985595e-07,0.002544444454650274
6823,-73.90446,40.81235167,2.560559999985595e-07,0.002544444454650274
6824,-73.904505,40.81237,2.560559999985595e-07,0.002544444454650274
6825,-73.904645,40.81238833,2.560559999985595e-07,0.002544444454650274
6826,-73.90473333,40.81239833,2.560559999985595e-07,0.002544444454650274
6827,-73.904825,40.81241167,2.560559999985595e-07,0.002544444454650274
6828,-73.90492,40.81242,2.560559999985595e-07,0.002544444454650274
6829,-73.90510333,40.812445,2.560559999985595e-07,0.002544444454650274
6830,-73.905195,40.81245667,4.794800000096965e-08,0.0010333103883847631
6831,-73.905285,40.81247,4.794800000096965e-08,0.0010333103883847631
6832,-73.905375,40.81248667,1.548260000024157e-07,0.002380506005159118
6833,-73.90547333,40.81250667,1.548260000024157e-07,0.002380506005159118
6834,-73.90557833,40.81253333,1.548260000024157e-07,0.002380506005159118
6835,-73.90580833,40.81258167,1.548260000024157e-07,0.002380506005159118
6836,-73.90592,40.812595,1.548260000024157e-07,0.002380506005159118
6837,-73.90602833,40.81261,1.548260000024157e-07,0.002380506005159118
6838,-73.90624167,40.812655,1.3253849999869063e-07,0.0015884915944119828
6839,-73.906345,40.81268667,1.3253849999869063e-07,0.0015884915944119828
6840,-73.906455,40.81272333,1.1445399999537138e-07,0.0017497317394853011
6841,-73.90679833,40.81281833,1.1445399999537138e-07,0.0017497317394853011
6842,-73.906905,40.812845,1.1445399999537138e-07,0.0017497317394853011
6843,-73.90699833,40.812865,7.012949999943903e-08,0.0011284890761152349
6844,-73.90708,40.81288667,7.012949999943903e-08,0.0011284890761152349
6845,-73.90714,40.81291333,7.012949999943903e-08,0.0011284890761152349
6846,-73.90717833,40.81294333,7.012949999943903e-08,0.0011284890761152349
6847,-73.90720333,40.81298333,1.3197999999166976e-08,0.000550279323867609
6848,-73.90720167,40.81308,1.3197999999166976e-08,0.000550279323867609
6849,-73.907185,40.81313333,1.3197999999166976e-08,0.000550279323867609
6850,-73.90717,40.81319,1.3197999999166976e-08,0.000550279323867609
6851,-73.907145,40.81326,1.3197999999166976e-08,0.000550279323867609
6852,-73.907115,40.81333,1.7851999999057603e-08,0.000590992180468309
6853,-73.90706167,40.81346167,1.7851999999057603e-08,0.000590992180468309
6854,-73.90703333,40.813525,4.9844000001250994e-08,0.0009970709691193562
6855,-73.90700667,40.81359,4.9844000001250994e-08,0.0009970709691193562
6856,-73.90697833,40.81365667,4.9844000001250994e-08,0.0009970709691193562
6857,-73.90691333,40.81378833,4.9844000001250994e-08,0.0009970709691193562
6858,-73.90688,40.81385167,2.444994999991684e-07,0.0027978479418911627
6859,-73.90685167,40.81391833,2.444994999991684e-07,0.0027978479418911627
6860,-73.90682833,40.81398833,2.444994999991684e-07,0.0027978479418911627
6861,-73.90676833,40.81414333,2.444994999991684e-07,0.0027978479418911627
6862,-73.90673,40.814225,2.444994999991684e-07,0.0027978479418911627
6863,-73.90669667,40.81430667,2.444994999991684e-07,0.0027978479418911627
6864,-73.90666833,40.814385,2.444994999991684e-07,0.0027978479418911627
6865,-73.90664333,40.81444833,2.444994999991684e-07,0.0027978479418911627
6866,-73.90662167,40.81451333,2.444994999991684e-07,0.0027978479418911627
6867,-73.9066,40.81457833,2.444994999991684e-07,0.0027978479418911627
6868,-73.90658667,40.81464333,5.1626499999828174e-08,0.0013603114234388973
6869,-73.90656833,40.81471833,5.1626499999828174e-08,0.0013603114234388973
6870,-73.906545,40.8148,5.1626499999828174e-08,0.0013603114234388973
6871,-73.906525,40.81488167,5.1626499999828174e-08,0.0013603114234388973
6872,-73.90650167,40.81496333,1.6809900000048625e-07,0.00178285715570425
6873,-73.90647167,40.815045,1.6809900000048625e-07,0.00178285715570425
6874,-73.90643833,40.81512667,1.6809900000048625e-07,0.00178285715570425
6875,-73.90640667,40.81520667,3.294149999916458e-08,0.0009157647549620574
6876,-73.90637667,40.81528,3.294149999916458e-08,0.0009157647549620574
6877,-73.90635,40.81534333,3.294149999916458e-08,0.0009157647549620574
6878,-73.90633,40.81539833,3.294149999916458e-08,0.0009157647549620574
6879,-73.90630833,40.81547833,3.294149999916458e-08,0.0009157647549620574
6880,-73.90629833,40.81550167,3.294149999916458e-08,0.0009157647549620574
6881,-73.90626333,40.81556667,3.294149999916458e-08,0.0009157647549620574
6882,-73.906225,40.815575,3.294149999916458e-08,0.0009157647549620574
6883,-73.906165,40.81557333,3.294149999916458e-08,0.0009157647549620574
6884,-73.90609833,40.81557167,1.7597499999867348e-07,0.0019310830671521004
6885,-73.90601667,40.81556833,1.7597499999867348e-07,0.0019310830671521004
6886,-73.90585833,40.81554333,1.7597499999867348e-07,0.0019310830671521004
6887,-73.90578667,40.81552833,1.7597499999867348e-07,0.0019310830671521004
6888,-73.90571833,40.81551833,1.7597499999867348e-07,0.0019310830671521004
6889,-73.90566167,40.815505,1.7597499999867348e-07,0.0019310830671521004
6890,-73.90561667,40.81549667,1.7597499999867348e-07,0.0019310830671521004
6891,-73.90558667,40.81549167,1.7597499999867348e-07,0.0019310830671521004
6892,-73.90547167,40.81547667,1.7597499999867348e-07,0.0019310830671521004
6893,-73.905405,40.81547167,1.7597499999867348e-07,0.0019310830671521004
6894,-73.90532333,40.81546167,1.7597499999867348e-07,0.0019310830671521004
6895,-73.90523167,40.815445,6.897399999826777e-08,0.001312621755310868
6896,-73.90512667,40.81542333,6.897399999826777e-08,0.001312621755310868
6897,-73.905015,40.81540333,6.897399999826777e-08,0.001312621755310868
6898,-73.90490833,40.815395,6.897399999826777e-08,0.001312621755310868
6899,-73.904805,40.81538667,6.897399999826777e-08,0.001312621755310868
6900,-73.904715,40.81537,6.897399999826777e-08,0.001312621755310868
6901,-73.90463333,40.81535667,6.897399999826777e-08,0.001312621755310868
6902,-73.90450667,40.815335,7.732250000013359e-08,0.0012647354252378932
6903,-73.90445667,40.81534833,7.732250000013359e-08,0.0012647354252378932
6904,-73.90441167,40.81538167,7.732250000013359e-08,0.0012647354252378932
6905,-73.90437,40.81542667,7.732250000013359e-08,0.0012647354252378932
6906,-73.90434333,40.81547833,7.732250000013359e-08,0.0012647354252378932
6907,-73.90432167,40.81553667,7.732250000013359e-08,0.0012647354252378932
6908,-73.904295,40.8156,7.732250000013359e-08,0.0012647354252378932
6909,-73.90426167,40.815685,7.732250000013359e-08,0.0012647354252378932
6910,-73.90423,40.81577,7.732250000013359e-08,0.0012647354252378932
6911,-73.904125,40.81603167,1.6694299999943478e-07,0.002122290983853079
6912,-73.9041,40.81611833,1.6694299999943478e-07,0.002122290983853079
6913,-73.90408167,40.81619833,1.6694299999943478e-07,0.002122290983853079
6914,-73.90406333,40.816275,1.6694299999943478e-07,0.002122290983853079
6915,-73.904045,40.81634833,1.6694299999943478e-07,0.002122290983853079
6916,-73.904015,40.816425,1.6694299999943478e-07,0.002122290983853079
6917,-73.90398167,40.81650167,1.6694299999943478e-07,0.002122290983853079
6918,-73.90394333,40.81658667,1.5868049999991297e-07,0.002125835639945702
6919,-73.90386667,40.81676167,1.5868049999991297e-07,0.002125835639945702
6920,-73.90383,40.816845,1.5868049999991297e-07,0.002125835639945702
6921,-73.90380167,40.81692,1.5868049999991297e-07,0.002125835639945702
6922,-73.90378,40.81698,1.5868049999991297e-07,0.002125835639945702
6923,-73.90376333,40.81703,1.5868049999991297e-07,0.002125835639945702
6924,-73.90375,40.81707333,1.5868049999991297e-07,0.002125835639945702
6925,-73.90374,40.81711167,1.5868049999991297e-07,0.002125835639945702
6926,-73.90372833,40.817145,1.5868049999991297e-07,0.002125835639945702
6927,-73.90371333,40.81718667,7.523699999956568e-08,0.0016217681761264385
6928,-73.90369667,40.81724167,7.523699999956568e-08,0.0016217681761264385
6929,-73.90368,40.81729833,7.523699999956568e-08,0.0016217681761264385
6930,-73.90366167,40.81734667,7.523699999956568e-08,0.0016217681761264385
6931,-73.90364,40.81738833,7.523699999956568e-08,0.0016217681761264385
6932,-73.90362167,40.81742,8.145800000003114e-08,0.0012682501562670731
6933,-73.90340333,40.81751,8.145800000003114e-08,0.0012682501562670731
6934,-73.90332833,40.81749667,8.145800000003114e-08,0.0012682501562670731
6935,-73.90324667,40.817485,8.145800000003114e-08,0.0012682501562670731
6936,-73.90316333,40.81746667,8.145800000003114e-08,0.0012682501562670731
6937,-73.902995,40.81744167,5.987899999997249e-08,0.001057571918679691
6938,-73.90292,40.81743,5.987899999997249e-08,0.001057571918679691
6939,-73.902855,40.81742667,5.987899999997249e-08,0.001057571918679691
6940,-73.90265833,40.81737,5.987899999997249e-08,0.001057571918679691
6941,-73.90257,40.81734833,5.987899999997249e-08,0.001057571918679691
6942,-73.90246833,40.81732,5.987899999997249e-08,0.001057571918679691
6943,-73.90225167,40.81726667,8.3575499997979e-08,0.0013908409180720402
6944,-73.90214333,40.81724833,8.3575499997979e-08,0.0013908409180720402
6945,-73.90204,40.81722833,8.3575499997979e-08,0.0013908409180720402
6946,-73.90194333,40.81720833,8.3575499997979e-08,0.0013908409180720402
6947,-73.90185,40.81718833,8.3575499997979e-08,0.0013908409180720402
6948,-73.90176667,40.81717167,8.3575499997979e-08,0.0013908409180720402
6949,-73.90168,40.81716333,4.06260000003154e-08,0.0010668434061555437
6950,-73.9016,40.81714833,4.06260000003154e-08,0.0010668434061555437
6951,-73.90152167,40.81711833,4.06260000003154e-08,0.0010668434061555437
6952,-73.901435,40.81707667,4.06260000003154e-08,0.0010668434061555437
6953,-73.901355,40.81703,4.06260000003154e-08,0.0010668434061555437
6954,-73.90128833,40.81696667,4.06260000003154e-08,0.0010668434061555437
6955,-73.90121833,40.81690833,4.06260000003154e-08,0.0010668434061555437
6956,-73.90114667,40.816855,3.652049999995728e-08,0.0008637126265656993
6957,-73.90108667,40.81679,4.3378000000495e-08,0.001069068130205642
6958,-73.90103833,40.81671,4.3378000000495e-08,0.001069068130205642
6959,-73.900995,40.81662333,4.3378000000495e-08,0.001069068130205642
6960,-73.90089667,40.81644167,1.0631550000011194e-07,0.0018880765782213422
6961,-73.90085,40.81634833,1.0631550000011194e-07,0.0018880765782213422
6962,-73.90080333,40.81625667,1.0631550000011194e-07,0.0018880765782213422
6963,-73.90075667,40.81616333,1.0631550000011194e-07,0.0018880765782213422
6964,-73.90071167,40.81607,1.0631550000011194e-07,0.0018880765782213422
6965,-73.90066333,40.81597333,1.0631550000011194e-07,0.0018880765782213422
6966,-73.90060833,40.81587667,3.860799999889151e-08,0.0008857291195088556
6967,-73.90037,40.81538333,7.363850000052124e-08,0.001694020876974973
6968,-73.90032667,40.81529833,7.363850000052124e-08,0.001694020876974973
6969,-73.900285,40.81521833,7.363850000052124e-08,0.001694020876974973
6970,-73.90025167,40.81514333,7.363850000052124e-08,0.001694020876974973
6971,-73.90021667,40.81507167,7.363850000052124e-08,0.001694020876974973
6972,-73.90018833,40.81499833,2.149914999983409e-07,0.0029799574214795957
6973,-73.900155,40.81492167,2.149914999983409e-07,0.0029799574214795957
6974,-73.90008,40.81477167,2.149914999983409e-07,0.0029799574214795957
6975,-73.90004167,40.814695,2.149914999983409e-07,0.0029799574214795957
6976,-73.89999667,40.81461667,2.149914999983409e-07,0.0029799574214795957
6977,-73.899955,40.814545,2.149914999983409e-07,0.0029799574214795957
6978,-73.899925,40.81448167,2.149914999983409e-07,0.0029799574214795957
6979,-73.89989667,40.81443667,2.149914999983409e-07,0.0029799574214795957
6980,-73.899875,40.81440667,2.149914999983409e-07,0.0029799574214795957
6981,-73.89979333,40.81436333,2.149914999983409e-07,0.0029799574214795957
6982,-73.89976667,40.81431667,2.149914999983409e-07,0.0029799574214795957
6983,-73.89969833,40.814215,1.8574700000099323e-07,0.0024183942291316823
6984,-73.89966833,40.81414667,1.8574700000099323e-07,0.0024183942291316823
6985,-73.899635,40.81407333,1.8574700000099323e-07,0.0024183942291316823
6986,-73.89960667,40.813995,1.8574700000099323e-07,0.0024183942291316823
6987,-73.89957333,40.81392,1.8574700000099323e-07,0.0024183942291316823
6988,-73.89954667,40.813855,1.8574700000099323e-07,0.0024183942291316823
6989,-73.899535,40.81380167,1.8574700000099323e-07,0.0024183942291316823
6990,-73.899525,40.81376167,1.8574700000099323e-07,0.0024183942291316823
6991,-73.89950167,40.81365833,2.206634999998484e-07,0.002303900421614457
6992,-73.89945333,40.81358333,2.206634999998484e-07,0.002303900421614457
6993,-73.89937333,40.81350833,2.206634999998484e-07,0.002303900421614457
6994,-73.89933,40.81348667,2.206634999998484e-07,0.002303900421614457
6995,-73.89929833,40.81347833,2.206634999998484e-07,0.002303900421614457
6996,-73.89927667,40.81347167,2.206634999998484e-07,0.002303900421614457
6997,-73.89907167,40.813545,2.206634999998484e-07,0.002303900421614457
6998,-73.89900333,40.81359333,2.206634999998484e-07,0.002303900421614457
6999,-73.898935,40.81364833,2.206634999998484e-07,0.002303900421614457
7000,-73.89887,40.81371333,2.206634999998484e-07,0.002303900421614457
7001,-73.89881167,40.81378,2.206634999998484e-07,0.002303900421614457
7002,-73.89875333,40.81384667,2.206634999998484e-07,0.002303900421614457
7003,-73.898685,40.81390833,9.939754999997006e-07,0.00562590353348999
7004,-73.89861,40.813965,9.939754999997006e-07,0.00562590353348999
7005,-73.89854,40.814015,9.939754999997006e-07,0.00562590353348999
7006,-73.89848167,40.81406333,9.939754999997006e-07,0.00562590353348999
7007,-73.89843167,40.814105,9.939754999997006e-07,0.00562590353348999
7008,-73.89839,40.81414667,9.939754999997006e-07,0.00562590353348999
7009,-73.89835333,40.81418333,9.939754999997006e-07,0.00562590353348999
7010,-73.89832167,40.81421667,9.939754999997006e-07,0.00562590353348999
7011,-73.89829,40.81424833,9.939754999997006e-07,0.00562590353348999
7012,-73.89826,40.814275,9.939754999997006e-07,0.00562590353348999
7013,-73.89823167,40.8143,9.939754999997006e-07,0.00562590353348999
7014,-73.898205,40.81432667,9.939754999997006e-07,0.00562590353348999
7015,-73.89814667,40.81438167,9.939754999997006e-07,0.00562590353348999
7016,-73.89811333,40.81442,9.939754999997006e-07,0.00562590353348999
7017,-73.898075,40.81446333,9.939754999997006e-07,0.00562590353348999
7018,-73.89802833,40.81451167,9.939754999997006e-07,0.00562590353348999
7019,-73.89797833,40.81456167,9.939754999997006e-07,0.00562590353348999
7020,-73.89787667,40.814655,9.939754999997006e-07,0.00562590353348999
7021,-73.89778333,40.81473667,2.8762499999092332e-08,0.0007227900706681025
7022,-73.89774167,40.814775,2.8762499999092332e-08,0.0007227900706681025
7023,-73.897705,40.814815,2.8762499999092332e-08,0.0007227900706681025
7024,-73.89767833,40.81485,2.8762499999092332e-08,0.0007227900706681025
7025,-73.89768667,40.81489833,2.8762499999092332e-08,0.0007227900706681025
7026,-73.897715,40.81494167,2.8762499999092332e-08,0.0007227900706681025
7027,-73.897755,40.81497667,2.8762499999092332e-08,0.0007227900706681025
7028,-73.89781333,40.81500667,2.8762499999092332e-08,0.0007227900706681025
7029,-73.89787833,40.81503667,6.670999999862609e-08,0.001123077476598595
7030,-73.89794333,40.81507667,6.670999999862609e-08,0.001123077476598595
7031,-73.89800833,40.81511667,6.670999999862609e-08,0.001123077476598595
7032,-73.89806833,40.81516167,6.670999999862609e-08,0.001123077476598595
7033,-73.898135,40.8152,6.670999999862609e-08,0.001123077476598595
7034,-73.89820167,40.81523667,6.670999999862609e-08,0.001123077476598595
7035,-73.898255,40.815265,6.670999999862609e-08,0.001123077476598595
7036,-73.89829667,40.81528333,6.670999999862609e-08,0.001123077476598595
7037,-73.89832333,40.8153,6.670999999862609e-08,0.001123077476598595
7038,-73.89838333,40.815415,6.670999999862609e-08,0.001123077476598595
7039,-73.89833833,40.815475,6.670999999862609e-08,0.001123077476598595
7040,-73.89829333,40.81551833,6.670999999862609e-08,0.001123077476598595
7041,-73.89824667,40.81556333,6.670999999862609e-08,0.001123077476598595
7042,-73.89819833,40.81560167,6.670999999862609e-08,0.001123077476598595
7043,-73.898155,40.81564833,6.670999999862609e-08,0.001123077476598595
7044,-73.898105,40.81569167,6.670999999862609e-08,0.001123077476598595
7045,-73.898025,40.81578,6.670999999862609e-08,0.001123077476598595
7046,-73.89798,40.81582167,3.630029999989785e-07,0.004222672749939059
7047,-73.89793833,40.81586667,3.630029999989785e-07,0.004222672749939059
7048,-73.89789167,40.81590833,3.630029999989785e-07,0.004222672749939059
7049,-73.897845,40.815955,3.630029999989785e-07,0.004222672749939059
7050,-73.897795,40.816,3.630029999989785e-07,0.004222672749939059
7051,-73.89774833,40.81605167,3.630029999989785e-07,0.004222672749939059
7052,-73.89764333,40.81613667,3.630029999989785e-07,0.004222672749939059
7053,-73.89758333,40.81618833,8.500499999928725e-08,0.001744502791088877
7054,-73.89748833,40.81627833,8.500499999928725e-08,0.001744502791088877
7055,-73.897465,40.81632667,8.500499999928725e-08,0.001744502791088877
7056,-73.89742333,40.81637333,8.500499999928725e-08,0.001744502791088877
7057,-73.89737167,40.816415,8.500499999928725e-08,0.001744502791088877
7058,-73.89733,40.81646167,8.500499999928725e-08,0.001744502791088877
7059,-73.89728833,40.81650167,8.500499999928725e-08,0.001744502791088877
7060,-73.89725333,40.81653667,8.500499999928725e-08,0.001744502791088877
7061,-73.89723,40.816555,8.500499999928725e-08,0.001744502791088877
7062,-73.897175,40.81670667,8.500499999928725e-08,0.001744502791088877
7063,-73.89720833,40.81673833,8.500499999928725e-08,0.001744502791088877
7064,-73.89725667,40.81677667,8.500499999928725e-08,0.001744502791088877
7065,-73.89731,40.816815,8.500499999928725e-08,0.001744502791088877
7066,-73.89737667,40.816865,8.500499999928725e-08,0.001744502791088877
7067,-73.89744167,40.81691333,8.500499999928725e-08,0.001744502791088877
7068,-73.89750167,40.816965,8.500499999928725e-08,0.001744502791088877
7069,-73.89757833,40.81705333,8.098800000150557e-08,0.00145019970549661
7070,-73.897605,40.81707833,8.098800000150557e-08,0.00145019970549661
7071,-73.89762167,40.81709667,8.098800000150557e-08,0.00145019970549661
7072,-73.89770167,40.81716833,8.098800000150557e-08,0.00145019970549661
7073,-73.89782,40.81723333,8.098800000150557e-08,0.00145019970549661
7074,-73.89789833,40.81727833,8.098800000150557e-08,0.00145019970549661
7075,-73.89797833,40.81733167,1.904984999985975e-07,0.002275100426265514
7076,-73.89806667,40.81739333,1.904984999985975e-07,0.002275100426265514
7077,-73.89834667,40.81758167,1.904984999985975e-07,0.002275100426265514
7078,-73.89844333,40.81764667,1.904984999985975e-07,0.002275100426265514
7079,-73.898535,40.81770833,1.904984999985975e-07,0.002275100426265514
7080,-73.898615,40.81777833,8.407200000022544e-08,0.0015879829664997064
7081,-73.89869833,40.81784333,8.407200000022544e-08,0.0015879829664997064
7082,-73.898785,40.81790333,8.407200000022544e-08,0.0015879829664997064
7083,-73.89887,40.817965,8.407200000022544e-08,0.0015879829664997064
7084,-73.89894167,40.81802333,8.407200000022544e-08,0.0015879829664997064
7085,-73.89901333,40.818075,8.407200000022544e-08,0.0015879829664997064
7086,-73.89906833,40.818115,8.407200000022544e-08,0.0015879829664997064
7087,-73.89913167,40.818185,8.407200000022544e-08,0.0015879829664997064
7088,-73.89914333,40.81822167,8.407200000022544e-08,0.0015879829664997064
7089,-73.899105,40.81830333,8.407200000022544e-08,0.0015879829664997064
7090,-73.899055,40.81834667,8.407200000022544e-08,0.0015879829664997064
7091,-73.89885667,40.81853,2.3756499999778317e-08,0.000670993068300124
7092,-73.89879333,40.81860167,2.3756499999778317e-08,0.000670993068300124
7093,-73.89872833,40.818675,2.3756499999778317e-08,0.000670993068300124
7094,-73.89867167,40.81873667,2.3756499999778317e-08,0.000670993068300124
7095,-73.89845333,40.81892667,2.3756499999778317e-08,0.000670993068300124
7096,-73.89839333,40.818975,2.3756499999778317e-08,0.000670993068300124
7097,-73.89835,40.819015,2.3756499999778317e-08,0.000670993068300124
7098,-73.898315,40.81904167,2.3756499999778317e-08,0.000670993068300124
7099,-73.89823333,40.81911833,2.3756499999778317e-08,0.000670993068300124
7100,-73.89817667,40.81917333,2.3756499999778317e-08,0.000670993068300124
7101,-73.89805667,40.81929833,2.3756499999778317e-08,0.000670993068300124
7102,-73.89799167,40.819365,2.3756499999778317e-08,0.000670993068300124
7103,-73.89785833,40.819495,1.840869999971043e-07,0.003465683432865404
7104,-73.897785,40.81956167,1.840869999971043e-07,0.003465683432865404
7105,-73.89771167,40.81963,1.840869999971043e-07,0.003465683432865404
7106,-73.89764333,40.81969333,1.840869999971043e-07,0.003465683432865404
7107,-73.897545,40.81979167,1.840869999971043e-07,0.003465683432865404
7108,-73.89751333,40.81982333,1.840869999971043e-07,0.003465683432865404
7109,-73.89748667,40.81984667,1.840869999971043e-07,0.003465683432865404
7110,-73.89745333,40.81988167,1.840869999971043e-07,0.003465683432865404
7111,-73.89741167,40.81992333,1.840869999971043e-07,0.003465683432865404
7112,-73.89735833,40.819975,1.840869999971043e-07,0.003465683432865404
7113,-73.8973,40.82002667,1.840869999971043e-07,0.003465683432865404
7114,-73.89719167,40.82009833,1.840869999971043e-07,0.003465683432865404
7115,-73.89714167,40.82011833,1.840869999971043e-07,0.003465683432865404
7116,-73.89709667,40.82013167,1.840869999971043e-07,0.003465683432865404
7117,-73.89705167,40.82013833,1.840869999971043e-07,0.003465683432865404
7118,-73.89695333,40.820135,2.3027249999719314e-07,0.004398978057291259
7119,-73.89689667,40.82012,2.3027249999719314e-07,0.004398978057291259
7120,-73.8967,40.81993667,2.3027249999719314e-07,0.004398978057291259
7121,-73.896655,40.81986333,2.3027249999719314e-07,0.004398978057291259
7122,-73.896615,40.81978333,2.3027249999719314e-07,0.004398978057291259
7123,-73.89657333,40.81969167,2.3027249999719314e-07,0.004398978057291259
7124,-73.89652,40.81959667,1.5605900000388477e-07,0.0021000502330095782
7125,-73.89647,40.81950333,1.5605900000388477e-07,0.0021000502330095782
7126,-73.896365,40.81930833,1.5605900000388477e-07,0.0021000502330095782
7127,-73.89630833,40.81921,1.5605900000388477e-07,0.0021000502330095782
7128,-73.896255,40.819115,1.5605900000388477e-07,0.0021000502330095782
7129,-73.89620167,40.81901833,5.399050000018707e-08,0.0012712847080263469
7130,-73.896095,40.81881833,5.399050000018707e-08,0.0012712847080263469
7131,-73.89604,40.81871833,5.399050000018707e-08,0.0012712847080263469
7132,-73.89598667,40.81862333,2.320499999910633e-09,0.0001949704112686951
7133,-73.89593667,40.81853,2.320499999910633e-09,0.0001949704112686951
7134,-73.89589667,40.81844833,2.320499999910633e-09,0.0001949704112686951
7135,-73.895865,40.818385,8.618650000201116e-08,0.0016865707210055561
7136,-73.89584333,40.81834,8.618650000201116e-08,0.0016865707210055561
7137,-73.895825,40.818305,8.618650000201116e-08,0.0016865707210055561
7138,-73.89581167,40.81827833,8.618650000201116e-08,0.0016865707210055561
7139,-73.89576167,40.81816833,1.2245000000025706e-07,0.001958156965980972
7140,-73.89573833,40.81813333,1.2245000000025706e-07,0.001958156965980972
7141,-73.895715,40.81808833,1.2245000000025706e-07,0.001958156965980972
7142,-73.895645,40.81794833,1.2245000000025706e-07,0.001958156965980972
7143,-73.895605,40.81787333,1.2245000000025706e-07,0.001958156965980972
7144,-73.89556,40.81780167,1.2245000000025706e-07,0.001958156965980972
7145,-73.89551333,40.81773667,1.2245000000025706e-07,0.001958156965980972
7146,-73.89543,40.817625,1.2245000000025706e-07,0.001958156965980972
7147,-73.89539833,40.81755167,1.2245000000025706e-07,0.001958156965980972
7148,-73.89539167,40.81753333,1.2245000000025706e-07,0.001958156965980972
7149,-73.89538,40.81742667,1.2245000000025706e-07,0.001958156965980972
7150,-73.89536333,40.81739167,1.2245000000025706e-07,0.001958156965980972
7151,-73.89533667,40.81736333,1.2245000000025706e-07,0.001958156965980972
7152,-73.8953,40.81734333,1.2245000000025706e-07,0.001958156965980972
7153,-73.895195,40.817355,5.232160000041064e-07,0.006288492541877336
7154,-73.895145,40.81738167,5.232160000041064e-07,0.006288492541877336
7155,-73.89509667,40.81741667,5.232160000041064e-07,0.006288492541877336
7156,-73.89504167,40.81745833,5.232160000041064e-07,0.006288492541877336
7157,-73.89499333,40.81750167,5.232160000041064e-07,0.006288492541877336
7158,-73.89494667,40.81754833,5.232160000041064e-07,0.006288492541877336
7159,-73.89489167,40.817605,5.232160000041064e-07,0.006288492541877336
7160,-73.89484167,40.81764,5.232160000041064e-07,0.006288492541877336
7161,-73.89477333,40.81768333,5.232160000041064e-07,0.006288492541877336
7162,-73.89471167,40.81773667,2.730499999928973e-08,0.0007233582736772119
7163,-73.89458,40.81784333,3.134499999929292e-08,0.0007341292089669643
7164,-73.894485,40.81791333,3.134499999929292e-08,0.0007341292089669643
7165,-73.89445167,40.817935,3.134499999929292e-08,0.0007341292089669643
7166,-73.89442333,40.81795667,3.134499999929292e-08,0.0007341292089669643
7167,-73.89412833,40.81823833,6.047449999776132e-08,0.0011391808720128788
7168,-73.89409167,40.818285,6.047449999776132e-08,0.0011391808720128788
7169,-73.89405833,40.81832667,6.047449999776132e-08,0.0011391808720128788
7170,-73.89401833,40.81837333,6.047449999776132e-08,0.0011391808720128788
7171,-73.89398167,40.81841667,6.047449999776132e-08,0.0011391808720128788
7172,-73.89393,40.81846167,6.047449999776132e-08,0.0011391808720128788
7173,-73.89388,40.81850167,6.047449999776132e-08,0.0011391808720128788
7174,-73.89383333,40.81853667,1.6717049999817588e-07,0.0022226428911249394
7175,-73.89378667,40.81857167,1.6717049999817588e-07,0.0022226428911249394
7176,-73.89373833,40.818605,1.6717049999817588e-07,0.0022226428911249394
7177,-73.89369333,40.81863333,1.6717049999817588e-07,0.0022226428911249394
7178,-73.89365167,40.81865833,1.6717049999817588e-07,0.0022226428911249394
7179,-73.89360833,40.81870833,1.6717049999817588e-07,0.0022226428911249394
7180,-73.89352833,40.81880333,1.6717049999817588e-07,0.0022226428911249394
7181,-73.89347333,40.81885167,1.6717049999817588e-07,0.0022226428911249394
7182,-73.89342167,40.81891167,1.7047849999755524e-07,0.0026850677972057296
7183,-73.893375,40.81897667,1.7047849999755524e-07,0.0026850677972057296
7184,-73.89332667,40.81905167,1.7047849999755524e-07,0.0026850677972057296
7185,-73.89329667,40.819085,1.7047849999755524e-07,0.0026850677972057296
7186,-73.89327,40.81910667,1.7047849999755524e-07,0.0026850677972057296
7187,-73.89323833,40.81913167,1.7047849999755524e-07,0.0026850677972057296
7188,-73.89315833,40.81921833,1.0533699999992984e-07,0.0018870117755782248
7189,-73.893125,40.81925,1.0533699999992984e-07,0.0018870117755782248
7190,-73.893085,40.81928833,1.0533699999992984e-07,0.0018870117755782248
7191,-73.89299,40.81938167,1.0533699999992984e-07,0.0018870117755782248
7192,-73.89293333,40.81943667,1.0533699999992984e-07,0.0018870117755782248
7193,-73.892875,40.81949167,1.0533699999992984e-07,0.0018870117755782248
7194,-73.89281833,40.81953833,1.0533699999992984e-07,0.0018870117755782248
7195,-73.892765,40.81958833,1.0533699999992984e-07,0.0018870117755782248
7196,-73.89270833,40.81964,1.0533699999992984e-07,0.0018870117755782248
7197,-73.89265333,40.81969333,1.0533699999992984e-07,0.0018870117755782248
7198,-73.89259833,40.819745,4.3656800000155843e-07,0.0036267381392381007
7199,-73.89254167,40.81979667,4.3656800000155843e-07,0.0036267381392381007
7200,-73.892485,40.81984833,4.3656800000155843e-07,0.0036267381392381007
7201,-73.89243333,40.81989833,4.3656800000155843e-07,0.0036267381392381007
7202,-73.89237833,40.81994833,4.3656800000155843e-07,0.0036267381392381007
7203,-73.89233,40.81998833,4.3656800000155843e-07,0.0036267381392381007
7204,-73.89228667,40.82003833,4.3656800000155843e-07,0.0036267381392381007
7205,-73.89224667,40.82010167,4.3656800000155843e-07,0.0036267381392381007
7206,-73.89218167,40.82017333,4.3656800000155843e-07,0.0036267381392381007
7207,-73.89211833,40.82025167,4.3656800000155843e-07,0.0036267381392381007
7208,-73.892055,40.820335,2.8029650000313423e-07,0.00312823443987474
7209,-73.89195,40.82045667,3.23100000011703e-08,0.0007783037952407982
7210,-73.89190667,40.82050333,3.23100000011703e-08,0.0007783037952407982
7211,-73.89185833,40.820555,3.23100000011703e-08,0.0007783037952407982
7212,-73.891815,40.82061,3.23100000011703e-08,0.0007783037952407982
7213,-73.89177667,40.82066333,3.23100000011703e-08,0.0007783037952407982
7214,-73.89174667,40.82070833,3.23100000011703e-08,0.0007783037952407982
7215,-73.89172833,40.82074,3.23100000011703e-08,0.0007783037952407982
7216,-73.89171833,40.82075833,3.23100000011703e-08,0.0007783037952407982
7217,-73.89167333,40.82067667,3.23100000011703e-08,0.0007783037952407982
7218,-73.89166833,40.82069833,3.23100000011703e-08,0.0007783037952407982
7219,-73.89165667,40.82075333,3.23100000011703e-08,0.0007783037952407982
7220,-73.89164667,40.82079167,3.23100000011703e-08,0.0007783037952407982
7221,-73.89163833,40.82083333,3.23100000011703e-08,0.0007783037952407982
7222,-73.89163167,40.82087333,3.23100000011703e-08,0.0007783037952407982
7223,-73.89162667,40.82090667,3.23100000011703e-08,0.0007783037952407982
7224,-73.891625,40.82093833,3.23100000011703e-08,0.0007783037952407982
7225,-73.89161667,40.82097667,3.23100000011703e-08,0.0007783037952407982
7226,-73.89160667,40.82102333,3.0963449999831876e-07,0.0022733130493978932
7227,-73.891595,40.821075,3.0963449999831876e-07,0.0022733130493978932
7228,-73.891585,40.82112833,3.0963449999831876e-07,0.0022733130493978932
7229,-73.89158333,40.82124667,3.0963449999831876e-07,0.0022733130493978932
7230,-73.891585,40.821315,3.0963449999831876e-07,0.0022733130493978932
7231,-73.89158333,40.821385,3.0963449999831876e-07,0.0022733130493978932
7232,-73.891605,40.82160833,3.0963449999831876e-07,0.0022733130493978932
7233,-73.89161333,40.82168,3.0963449999831876e-07,0.0022733130493978932
7234,-73.89162333,40.82183333,3.0963449999831876e-07,0.0022733130493978932
7235,-73.89162667,40.82191,1.6536439999942161e-06,0.011182359403581579
7236,-73.89162833,40.82198333,1.6536439999942161e-06,0.011182359403581579
7237,-73.89162833,40.82205667,1.6536439999942161e-06,0.011182359403581579
7238,-73.89162833,40.82212667,1.6536439999942161e-06,0.011182359403581579
7239,-73.89163167,40.822195,1.6536439999942161e-06,0.011182359403581579
7240,-73.89163167,40.82226,1.6536439999942161e-06,0.011182359403581579
7241,-73.89164333,40.82239167,1.6536439999942161e-06,0.011182359403581579
7242,-73.89165667,40.82246167,1.6536439999942161e-06,0.011182359403581579
7243,-73.89166333,40.822535,1.6536439999942161e-06,0.011182359403581579
7244,-73.89166833,40.82260667,1.6536439999942161e-06,0.011182359403581579
7245,-73.89167333,40.82267,1.6536439999942161e-06,0.011182359403581579
7246,-73.89168167,40.82272833,6.313699999733769e-08,0.0014197360169125547
7247,-73.891685,40.82278167,6.313699999733769e-08,0.0014197360169125547
7248,-73.891685,40.82282833,6.313699999733769e-08,0.0014197360169125547
7249,-73.89168167,40.822875,6.313699999733769e-08,0.0014197360169125547
7250,-73.89168,40.82292,6.313699999733769e-08,0.0014197360169125547
7251,-73.89167667,40.82297333,6.313699999733769e-08,0.0014197360169125547
7252,-73.891685,40.82317167,6.313699999733769e-08,0.0014197360169125547
7253,-73.891685,40.82322833,6.313699999733769e-08,0.0014197360169125547
7254,-73.89169,40.82328333,6.313699999733769e-08,0.0014197360169125547
7255,-73.89169667,40.82333167,6.313699999733769e-08,0.0014197360169125547
7256,-73.89172167,40.82345167,6.313699999733769e-08,0.0014197360169125547
7257,-73.89172167,40.823495,6.313699999733769e-08,0.0014197360169125547
7258,-73.89172333,40.82354167,6.313699999733769e-08,0.0014197360169125547
7259,-73.891725,40.82359167,8.788520000042069e-07,0.007211684441926165
7260,-73.89172833,40.82364,8.788520000042069e-07,0.007211684441926165
7261,-73.89173167,40.82372333,8.788520000042069e-07,0.007211684441926165
7262,-73.891745,40.82379333,8.788520000042069e-07,0.007211684441926165
7263,-73.89175,40.82382333,8.788520000042069e-07,0.007211684441926165
7264,-73.89175667,40.823855,8.788520000042069e-07,0.007211684441926165
7265,-73.891765,40.82393,8.788520000042069e-07,0.007211684441926165
7266,-73.89177,40.82396667,8.788520000042069e-07,0.007211684441926165
7267,-73.89177333,40.82400833,8.788520000042069e-07,0.007211684441926165
7268,-73.89178,40.82411,8.788520000042069e-07,0.007211684441926165
7269,-73.89178333,40.82416333,8.788520000042069e-07,0.007211684441926165
7270,-73.89179,40.82421667,8.788520000042069e-07,0.007211684441926165
7271,-73.891795,40.82427,8.788520000042069e-07,0.007211684441926165
7272,-73.89179167,40.82436833,8.788520000042069e-07,0.007211684441926165
7273,-73.89179,40.82441667,8.788520000042069e-07,0.007211684441926165
7274,-73.89179,40.824465,8.788520000042069e-07,0.007211684441926165
7275,-73.89179,40.824515,8.788520000042069e-07,0.007211684441926165
7276,-73.89178333,40.82457,8.788520000042069e-07,0.007211684441926165
7277,-73.89177333,40.82461667,8.788520000042069e-07,0.007211684441926165
7278,-73.89173833,40.82465333,8.788520000042069e-07,0.007211684441926165
7279,-73.89169167,40.82468833,1.1500800000184651e-07,0.0015189158844831816
7280,-73.891635,40.82471,1.1500800000184651e-07,0.0015189158844831816
7281,-73.89158167,40.82472833,1.1500800000184651e-07,0.0015189158844831816
7282,-73.89146333,40.82481833,1.1500800000184651e-07,0.0015189158844831816
7283,-73.89140667,40.82483833,1.1500800000184651e-07,0.0015189158844831816
7284,-73.89126833,40.82489833,1.1500800000184651e-07,0.0015189158844831816
7285,-73.89119,40.82493833,1.1500800000184651e-07,0.0015189158844831816
7286,-73.89095167,40.82507333,1.2084000001395739e-08,0.0005380000000201335
7287,-73.89086167,40.82511333,1.2084000001395739e-08,0.0005380000000201335
7288,-73.89076167,40.825165,8.710000000223722e-08,0.0016507027348859197
7289,-73.89065667,40.82522833,8.710000000223722e-08,0.0016507027348859197
7290,-73.890555,40.82528667,1.466019999981626e-07,0.0017322996982027073
7291,-73.89034667,40.82541,1.466019999981626e-07,0.0017322996982027073
7292,-73.89023833,40.82546667,1.466019999981626e-07,0.0017322996982027073
7293,-73.89013167,40.82552167,1.466019999981626e-07,0.0017322996982027073
7294,-73.890025,40.82557667,1.466019999981626e-07,0.0017322996982027073
7295,-73.88991667,40.82563,1.466019999981626e-07,0.0017322996982027073
7296,-73.88980667,40.82568667,6.588149999862805e-08,0.0011499119694955945
7297,-73.8897,40.82574333,6.588149999862805e-08,0.0011499119694955945
7298,-73.889595,40.82580167,6.588149999862805e-08,0.0011499119694955945
7299,-73.88938833,40.82591667,6.588149999862805e-08,0.0011499119694955945
7300,-73.88929,40.82596667,6.588149999862805e-08,0.0011499119694955945
7301,-73.8892,40.82601333,6.588149999862805e-08,0.0011499119694955945
7302,-73.88911667,40.82605667,6.588149999862805e-08,0.0011499119694955945
7303,-73.88904167,40.8261,6.588149999862805e-08,0.0011499119694955945
7304,-73.88890833,40.82617333,6.588149999862805e-08,0.0011499119694955945
7305,-73.88886167,40.82617833,6.588149999862805e-08,0.0011499119694955945
7306,-73.88881833,40.82617333,6.588149999862805e-08,0.0011499119694955945
7307,-73.88878167,40.82615333,6.588149999862805e-08,0.0011499119694955945
7308,-73.88876,40.826115,6.588149999862805e-08,0.0011499119694955945
7309,-73.88874833,40.82608,6.588149999862805e-08,0.0011499119694955945
7310,-73.88874,40.82603833,6.588149999862805e-08,0.0011499119694955945
7311,-73.888735,40.82598333,6.588149999862805e-08,0.0011499119694955945
7312,-73.88873,40.82583167,6.588149999862805e-08,0.0011499119694955945
7313,-73.88872167,40.825745,6.588149999862805e-08,0.0011499119694955945
7314,-73.88871667,40.825665,6.588149999862805e-08,0.0011499119694955945
7315,-73.88871667,40.82558667,6.588149999862805e-08,0.0011499119694955945
7316,-73.88871,40.82543,6.588149999862805e-08,0.0011499119694955945
7317,-73.88871833,40.82535,6.588149999862805e-08,0.0011499119694955945
7318,-73.88873,40.82510833,6.588149999862805e-08,0.0011499119694955945
7319,-73.88872,40.82501833,1.053159999975952e-07,0.0016092188704096384
7320,-73.88867833,40.82466167,1.053159999975952e-07,0.0016092188704096384
7321,-73.88867,40.82456167,1.053159999975952e-07,0.0016092188704096384
7322,-73.88866,40.82446833,1.053159999975952e-07,0.0016092188704096384
7323,-73.88865,40.82437667,1.053159999975952e-07,0.0016092188704096384
7324,-73.88864667,40.82428667,1.053159999975952e-07,0.0016092188704096384
7325,-73.88864333,40.82419833,1.053159999975952e-07,0.0016092188704096384
7326,-73.88863833,40.824115,1.053159999975952e-07,0.0016092188704096384
7327,-73.888625,40.82403167,1.053159999975952e-07,0.0016092188704096384
7328,-73.88861333,40.82394833,1.053159999975952e-07,0.0016092188704096384
7329,-73.888615,40.82386667,1.053159999975952e-07,0.0016092188704096384
7330,-73.88861667,40.82378667,1.220849999962026e-07,0.002009432489709448
7331,-73.88861333,40.82370833,1.220849999962026e-07,0.002009432489709448
7332,-73.88860667,40.82363,1.220849999962026e-07,0.002009432489709448
7333,-73.8886,40.82355667,1.220849999962026e-07,0.002009432489709448
7334,-73.88859333,40.82348667,1.220849999962026e-07,0.002009432489709448
7335,-73.88859333,40.82338,1.220849999962026e-07,0.002009432489709448
7336,-73.88858333,40.82334667,1.220849999962026e-07,0.002009432489709448
7337,-73.88858167,40.82332833,1.220849999962026e-07,0.002009432489709448
7338,-73.88855833,40.82328667,1.220849999962026e-07,0.002009432489709448
7339,-73.88849333,40.82322667,2.4911299999812664e-07,0.004507146999119945
7340,-73.88843833,40.82320833,2.4911299999812664e-07,0.004507146999119945
7341,-73.88836,40.823205,2.4911299999812664e-07,0.004507146999119945
7342,-73.888265,40.82321167,2.4911299999812664e-07,0.004507146999119945
7343,-73.88817,40.82322,2.4911299999812664e-07,0.004507146999119945
7344,-73.88806833,40.82322667,2.4911299999812664e-07,0.004507146999119945
7345,-73.88788833,40.82323333,1.7882499999841507e-08,0.0007235421488596503
7346,-73.887815,40.823235,1.7882499999841507e-08,0.0007235421488596503
7347,-73.88775167,40.82323667,3.407600000067279e-08,0.0008272825777123807
7348,-73.88768333,40.82324,3.407600000067279e-08,0.0008272825777123807
7349,-73.88761167,40.82324167,3.407600000067279e-08,0.0008272825777123807
7350,-73.88753,40.82324,3.407600000067279e-08,0.0008272825777123807
7351,-73.88744167,40.82323667,3.407600000067279e-08,0.0008272825777123807
7352,-73.88736333,40.82323667,3.407600000067279e-08,0.0008272825777123807
7353,-73.88729833,40.82323667,3.407600000067279e-08,0.0008272825777123807
7354,-73.88725167,40.82323167,3.407600000067279e-08,0.0008272825777123807
7355,-73.88712833,40.82322333,3.407600000067279e-08,0.0008272825777123807
7356,-73.88711,40.82319833,3.407600000067279e-08,0.0008272825777123807
7357,-73.88710167,40.82316833,3.407600000067279e-08,0.0008272825777123807
7358,-73.887115,40.823125,3.407600000067279e-08,0.0008272825777123807
7359,-73.88713833,40.82307,3.407600000067279e-08,0.0008272825777123807
7360,-73.88716833,40.82300667,3.407600000067279e-08,0.0008272825777123807
7361,-73.88720667,40.82294,3.407600000067279e-08,0.0008272825777123807
7362,-73.88731333,40.822805,3.407600000067279e-08,0.0008272825777123807
7363,-73.887435,40.82266667,3.407600000067279e-08,0.0008272825777123807
7364,-73.88758833,40.82253333,3.407600000067279e-08,0.0008272825777123807
7365,-73.88767,40.82246833,3.407600000067279e-08,0.0008272825777123807
7366,-73.88783,40.82233667,2.3901750000017255e-07,0.003188652804205816
7367,-73.88792167,40.82226833,2.3901750000017255e-07,0.003188652804205816
7368,-73.88801167,40.82219833,2.3901750000017255e-07,0.003188652804205816
7369,-73.888095,40.82213,2.3901750000017255e-07,0.003188652804205816
7370,-73.88826,40.82200833,2.3901750000017255e-07,0.003188652804205816
7371,-73.888345,40.82195333,2.3901750000017255e-07,0.003188652804205816
7372,-73.88852167,40.82184,2.3901750000017255e-07,0.003188652804205816
7373,-73.88860333,40.82178,2.3901750000017255e-07,0.003188652804205816
7374,-73.88867,40.82173,2.3901750000017255e-07,0.003188652804205816
7375,-73.88872833,40.821685,2.3901750000017255e-07,0.003188652804205816
7376,-73.888835,40.82161,2.3901750000017255e-07,0.003188652804205816
7377,-73.88888167,40.82158,2.3901750000017255e-07,0.003188652804205816
7378,-73.88892167,40.821555,2.3901750000017255e-07,0.003188652804205816
7379,-73.88894833,40.82153667,2.3901750000017255e-07,0.003188652804205816
7380,-73.88897167,40.82152167,2.3901750000017255e-07,0.003188652804205816
7381,-73.88899167,40.82151,2.3901750000017255e-07,0.003188652804205816
7382,-73.88913167,40.82143,2.3901750000017255e-07,0.003188652804205816
7383,-73.88917167,40.82140333,2.3901750000017255e-07,0.003188652804205816
7384,-73.88922167,40.82137167,1.7274249999899818e-07,0.0035511726871888046
7385,-73.889325,40.82130667,1.4675000000185617e-08,0.0005502986712600539
7386,-73.88936667,40.82127833,1.4675000000185617e-08,0.0005502986712600539
7387,-73.889405,40.82125333,1.4675000000185617e-08,0.0005502986712600539
7388,-73.889435,40.82123167,1.4675000000185617e-08,0.0005502986712600539
7389,-73.88945667,40.821215,1.4675000000185617e-08,0.0005502986712600539
7390,-73.89132167,40.81974667,2.892250000049064e-08,0.0007470192914262798
7391,-73.891435,40.81970667,2.892250000049064e-08,0.0007470192914262798
7392,-73.891465,40.81969,2.892250000049064e-08,0.0007470192914262798
7393,-73.89154333,40.81963667,4.3656800000155843e-07,0.0036267381392381007
7394,-73.89170167,40.81952667,4.3656800000155843e-07,0.0036267381392381007
7395,-73.89173667,40.819485,1.3015549999809016e-07,0.002297543666074995
7396,-73.89177833,40.81944833,1.3015549999809016e-07,0.002297543666074995
7397,-73.89181333,40.81941667,1.3015549999809016e-07,0.002297543666074995
7398,-73.89184167,40.81939167,1.3015549999809016e-07,0.002297543666074995
7399,-73.89187833,40.81935333,1.3015549999809016e-07,0.002297543666074995
7400,-73.89189833,40.81933167,1.3015549999809016e-07,0.002297543666074995
7401,-73.89193667,40.819295,1.3015549999809016e-07,0.002297543666074995
7402,-73.891975,40.819255,1.3015549999809016e-07,0.002297543666074995
7403,-73.892025,40.81921,1.3015549999809016e-07,0.002297543666074995
7404,-73.89207333,40.81916667,1.3015549999809016e-07,0.002297543666074995
7405,-73.89211833,40.81912167,1.3015549999809016e-07,0.002297543666074995
7406,-73.89220667,40.81902833,1.3015549999809016e-07,0.002297543666074995
7407,-73.892255,40.81897333,1.3015549999809016e-07,0.002297543666074995
7408,-73.89231,40.81891,1.3015549999809016e-07,0.002297543666074995
7409,-73.89237167,40.81883667,1.3025899999901347e-07,0.0015696798919891033
7410,-73.89243333,40.81876667,1.3025899999901347e-07,0.0015696798919891033
7411,-73.89249667,40.81869667,1.3025899999901347e-07,0.0015696798919891033
7412,-73.89268667,40.818475,2.946449999920331e-08,0.0007320050161166698
7413,-73.89273833,40.81841333,2.946449999920331e-08,0.0007320050161166698
7414,-73.89278333,40.81835833,2.946449999920331e-08,0.0007320050161166698
7415,-73.89282333,40.81831167,2.955800000030148e-08,0.0007241787391919914
7416,-73.89285167,40.81827667,2.955800000030148e-08,0.0007241787391919914
7417,-73.89287,40.81825167,2.955800000030148e-08,0.0007241787391919914
7418,-73.89295167,40.81814,2.57115000007565e-08,0.0006651008756310609
7419,-73.893,40.81809,2.57115000007565e-08,0.0006651008756310609
7420,-73.89302667,40.81806333,2.57115000007565e-08,0.0006651008756310609
7421,-73.893055,40.818035,2.57115000007565e-08,0.0006651008756310609
7422,-73.89308333,40.81800833,2.57115000007565e-08,0.0006651008756310609
7423,-73.89311833,40.81797833,2.57115000007565e-08,0.0006651008756310609
7424,-73.89315333,40.81794667,2.57115000007565e-08,0.0006651008756310609
7425,-73.89318333,40.817915,2.57115000007565e-08,0.0006651008756310609
7426,-73.89320833,40.81788,2.57115000007565e-08,0.0006651008756310609
7427,-73.89322167,40.81784167,2.57115000007565e-08,0.0006651008756310609
7428,-73.89321667,40.81780333,2.57115000007565e-08,0.0006651008756310609
7429,-73.89319667,40.81776167,2.57115000007565e-08,0.0006651008756310609
7430,-73.89317333,40.81770833,2.57115000007565e-08,0.0006651008756310609
7431,-73.89313333,40.81766833,2.57115000007565e-08,0.0006651008756310609
7432,-73.89308167,40.817635,2.57115000007565e-08,0.0006651008756310609
7433,-73.893025,40.81760333,2.57115000007565e-08,0.0006651008756310609
7434,-73.89296667,40.817565,6.222899999940731e-08,0.001223946329413905
7435,-73.89291,40.81752,6.222899999940731e-08,0.001223946329413905
7436,-73.89286,40.81748667,6.222899999940731e-08,0.001223946329413905
7437,-73.89281167,40.81745667,6.222899999940731e-08,0.001223946329413905
7438,-73.89276333,40.81742,6.222899999940731e-08,0.001223946329413905
7439,-73.89271333,40.81738167,6.222899999940731e-08,0.001223946329413905
7440,-73.89265667,40.81734333,6.222899999940731e-08,0.001223946329413905
7441,-73.89260167,40.81730667,6.222899999940731e-08,0.001223946329413905
7442,-73.89250833,40.81725333,6.222899999940731e-08,0.001223946329413905
7443,-73.89247667,40.817235,6.222899999940731e-08,0.001223946329413905
7444,-73.89244833,40.81722167,6.222899999940731e-08,0.001223946329413905
7445,-73.89235167,40.81715333,6.222899999940731e-08,0.001223946329413905
7446,-73.8923,40.817115,6.222899999940731e-08,0.001223946329413905
7447,-73.89224333,40.81707167,6.222899999940731e-08,0.001223946329413905
7448,-73.89218667,40.817015,6.222899999940731e-08,0.001223946329413905
7449,-73.89214,40.81695,5.440149999968913e-08,0.001460124199498011
7450,-73.89210167,40.816885,5.440149999968913e-08,0.001460124199498011
7451,-73.89207167,40.81683167,5.440149999968913e-08,0.001460124199498011
7452,-73.89205,40.81678833,5.440149999968913e-08,0.001460124199498011
7453,-73.89195167,40.81660667,5.440149999968913e-08,0.001460124199498011
7454,-73.89193,40.81654667,5.440149999968913e-08,0.001460124199498011
7455,-73.89190833,40.81647833,5.440149999968913e-08,0.001460124199498011
7456,-73.89188667,40.81640167,5.440149999968913e-08,0.001460124199498011
7457,-73.89181833,40.816145,5.440149999968913e-08,0.001460124199498011
7458,-73.89179,40.81605167,5.440149999968913e-08,0.001460124199498011
7459,-73.89176167,40.81595667,5.440149999968913e-08,0.001460124199498011
7460,-73.891735,40.81586333,5.440149999968913e-08,0.001460124199498011
7461,-73.89170833,40.81577167,5.440149999968913e-08,0.001460124199498011
7462,-73.89168167,40.81567833,5.440149999968913e-08,0.001460124199498011
7463,-73.89165667,40.81558333,5.440149999968913e-08,0.001460124199498011
7464,-73.89163167,40.815485,5.440149999968913e-08,0.001460124199498011
7465,-73.89160667,40.81538667,5.440149999968913e-08,0.001460124199498011
7466,-73.89158333,40.815285,6.177485000048482e-07,0.007066683600418809
7467,-73.89156,40.81518333,6.177485000048482e-07,0.007066683600418809
7468,-73.89154,40.81508667,6.177485000048482e-07,0.007066683600418809
7469,-73.89152167,40.815,6.177485000048482e-07,0.007066683600418809
7470,-73.891505,40.81492667,6.177485000048482e-07,0.007066683600418809
7471,-73.89149,40.81486167,6.177485000048482e-07,0.007066683600418809
7472,-73.891475,40.81480167,6.177485000048482e-07,0.007066683600418809
7473,-73.89145833,40.81474333,6.177485000048482e-07,0.007066683600418809
7474,-73.89144333,40.81468333,6.177485000048482e-07,0.007066683600418809
7475,-73.89141333,40.81457,6.177485000048482e-07,0.007066683600418809
7476,-73.8914,40.81452,6.177485000048482e-07,0.007066683600418809
7477,-73.89138333,40.81444333,6.177485000048482e-07,0.007066683600418809
7478,-73.89137833,40.81441833,6.177485000048482e-07,0.007066683600418809
7479,-73.89137,40.81440333,6.177485000048482e-07,0.007066683600418809
7480,-73.89133167,40.814355,6.177485000048482e-07,0.007066683600418809
7481,-73.8913,40.81423833,6.177485000048482e-07,0.007066683600418809
7482,-73.89128667,40.81419167,8.973849999951893e-08,0.0015650452850210902
7483,-73.891275,40.81414667,8.973849999951893e-08,0.0015650452850210902
7484,-73.891265,40.8141,8.973849999951893e-08,0.0015650452850210902
7485,-73.89125333,40.81405167,8.973849999951893e-08,0.0015650452850210902
7486,-73.89124167,40.814,8.973849999951893e-08,0.0015650452850210902
7487,-73.89123167,40.81395167,8.973849999951893e-08,0.0015650452850210902
7488,-73.89122167,40.81391167,8.973849999951893e-08,0.0015650452850210902
7489,-73.89120667,40.81387667,8.973849999951893e-08,0.0015650452850210902
7490,-73.89118833,40.81384667,8.973849999951893e-08,0.0015650452850210902
7491,-73.891165,40.81381667,8.973849999951893e-08,0.0015650452850210902
7492,-73.89112,40.813795,8.973849999951893e-08,0.0015650452850210902
7493,-73.89104833,40.81378333,8.973849999951893e-08,0.0015650452850210902
7494,-73.890965,40.813785,8.973849999951893e-08,0.0015650452850210902
7495,-73.89087833,40.81379333,8.973849999951893e-08,0.0015650452850210902
7496,-73.89078833,40.81380167,8.973849999951893e-08,0.0015650452850210902
7497,-73.89058167,40.813825,8.973849999951893e-08,0.0015650452850210902
7498,-73.89047167,40.81382667,1.5744050000187202e-07,0.0024175992713891367
7499,-73.890355,40.81383,1.5744050000187202e-07,0.0024175992713891367
7500,-73.890215,40.81386667,1.3272000000164658e-08,0.00046676589897836035
7501,-73.89010167,40.813885,1.3272000000164658e-08,0.00046676589897836035
7502,-73.89000333,40.8139,1.3272000000164658e-08,0.00046676589897836035
7503,-73.88993333,40.81391167,1.3272000000164658e-08,0.00046676589897836035
7504,-73.88988833,40.81391333,1.3272000000164658e-08,0.00046676589897836035
7505,-73.88976,40.81391667,1.3272000000164658e-08,0.00046676589897836035
7506,-73.88969167,40.81391667,5.187240000024668e-07,0.006191099517532108
7507,-73.889525,40.81392333,5.187240000024668e-07,0.006191099517532108
7508,-73.88944,40.81392167,5.187240000024668e-07,0.006191099517532108
7509,-73.88933333,40.81396167,2.157729999997309e-07,0.00276687225796855
7510,-73.88922833,40.813985,2.157729999997309e-07,0.00276687225796855
7511,-73.88912,40.81399667,2.157729999997309e-07,0.00276687225796855
7512,-73.889005,40.81401167,2.157729999997309e-07,0.00276687225796855
7513,-73.88868833,40.814055,2.157729999997309e-07,0.00276687225796855
7514,-73.88861167,40.814065,2.157729999997309e-07,0.00276687225796855
7515,-73.88855333,40.814075,2.157729999997309e-07,0.00276687225796855
7516,-73.88851333,40.81408,2.157729999997309e-07,0.00276687225796855
7517,-73.88842833,40.814125,2.5517500001796504e-08,0.000641556162696657
7518,-73.88808667,40.8142,2.5517500001796504e-08,0.000641556162696657
7519,-73.88798,40.81422167,2.5517500001796504e-08,0.000641556162696657
7520,-73.88787833,40.81423833,2.2635000000183327e-08,0.0007857810936088541
7521,-73.88778333,40.81425333,2.2635000000183327e-08,0.0007857810936088541
7522,-73.8877,40.814265,5.6967499999408146e-08,0.001144644807294309
7523,-73.88763167,40.814275,5.6967499999408146e-08,0.001144644807294309
7524,-73.88758167,40.81428167,5.6967499999408146e-08,0.001144644807294309
7525,-73.88755333,40.81428833,5.6967499999408146e-08,0.001144644807294309
7526,-73.88743833,40.814295,5.6967499999408146e-08,0.001144644807294309
7527,-73.88742167,40.81426333,5.6967499999408146e-08,0.001144644807294309
7528,-73.88740167,40.81422,5.6967499999408146e-08,0.001144644807294309
7529,-73.88739167,40.81416333,5.6967499999408146e-08,0.001144644807294309
7530,-73.88735833,40.81403667,1.1289999999528867e-08,0.000516408282404206
7531,-73.88734333,40.81396333,1.1289999999528867e-08,0.000516408282404206
7532,-73.887325,40.813895,1.1289999999528867e-08,0.000516408282404206
7533,-73.88730667,40.81382833,1.1289999999528867e-08,0.000516408282404206
7534,-73.88727833,40.81372167,1.1289999999528867e-08,0.000516408282404206
7535,-73.88726833,40.81368333,1.1289999999528867e-08,0.000516408282404206
7536,-73.887255,40.813645,1.1289999999528867e-08,0.000516408282404206
7537,-73.88723833,40.81360333,1.1289999999528867e-08,0.000516408282404206
7538,-73.88722167,40.81355,2.262815000024279e-07,0.0026787098431134532
7539,-73.88720667,40.81348667,2.262815000024279e-07,0.0026787098431134532
7540,-73.88718833,40.813415,2.262815000024279e-07,0.0026787098431134532
7541,-73.88714667,40.81326833,1.6227650000436082e-07,0.002311920119190116
7542,-73.887125,40.81319167,1.6227650000436082e-07,0.002311920119190116
7543,-73.88710333,40.81311333,1.6227650000436082e-07,0.002311920119190116
7544,-73.88708167,40.81303833,1.6227650000436082e-07,0.002311920119190116
7545,-73.88706,40.81296833,1.6227650000436082e-07,0.002311920119190116
7546,-73.88704333,40.81291167,1.6227650000436082e-07,0.002311920119190116
7547,-73.887045,40.81286833,2.3319999999250395e-08,0.0006477411730224277
7548,-73.88704833,40.81283833,2.3319999999250395e-08,0.0006477411730224277
7549,-73.88704167,40.81281333,2.3319999999250395e-08,0.0006477411730224277
7550,-73.88703667,40.812785,2.3319999999250395e-08,0.0006477411730224277
7551,-73.88703167,40.81274667,2.3319999999250395e-08,0.0006477411730224277
7552,-73.88701833,40.81270167,2.3319999999250395e-08,0.0006477411730224277
7553,-73.88700833,40.81264667,2.3319999999250395e-08,0.0006477411730224277
7554,-73.88699333,40.81258333,2.3319999999250395e-08,0.0006477411730224277
7555,-73.88697667,40.81251833,2.3319999999250395e-08,0.0006477411730224277
7556,-73.88695833,40.81245167,2.3319999999250395e-08,0.0006477411730224277
7557,-73.88693667,40.81239,2.3319999999250395e-08,0.0006477411730224277
7558,-73.886915,40.81233333,2.3319999999250395e-08,0.0006477411730224277
7559,-73.88689833,40.812285,2.3319999999250395e-08,0.0006477411730224277
7560,-73.88688833,40.81224667,2.3319999999250395e-08,0.0006477411730224277
7561,-73.88688,40.81220333,2.3319999999250395e-08,0.0006477411730224277
7562,-73.88677333,40.81208667,2.138914999992804e-07,0.0019457456416084214
7563,-73.88670333,40.81208167,2.138914999992804e-07,0.0019457456416084214
7564,-73.88662,40.812085,2.138914999992804e-07,0.0019457456416084214
7565,-73.88651833,40.81209333,2.138914999992804e-07,0.0019457456416084214
7566,-73.88641,40.81210667,3.0430000000211303e-08,0.0007255222170363926
7567,-73.886295,40.81211833,3.0430000000211303e-08,0.0007255222170363926
7568,-73.88617667,40.81213167,3.0430000000211303e-08,0.0007255222170363926
7569,-73.88606167,40.812145,3.0430000000211303e-08,0.0007255222170363926
7570,-73.88594667,40.81215833,3.0430000000211303e-08,0.0007255222170363926
7571,-73.88583167,40.812175,3.0430000000211303e-08,0.0007255222170363926
7572,-73.88571667,40.81219,3.0430000000211303e-08,0.0007255222170363926
7573,-73.885605,40.81220667,2.495320000041111e-07,0.002397116114041108
7574,-73.88549833,40.81222,2.495320000041111e-07,0.002397116114041108
7575,-73.88540333,40.81223167,2.495320000041111e-07,0.002397116114041108
7576,-73.88532167,40.81224,2.495320000041111e-07,0.002397116114041108
7577,-73.885245,40.81225,2.495320000041111e-07,0.002397116114041108
7578,-73.88517667,40.81226333,2.495320000041111e-07,0.002397116114041108
7579,-73.88512,40.81227333,4.1424399999942813e-07,0.004644902672964402
7580,-73.885075,40.812285,4.1424399999942813e-07,0.004644902672964402
7581,-73.88504,40.8123,4.1424399999942813e-07,0.004644902672964402
7582,-73.88501333,40.81232667,4.423599999984313e-08,0.00087366483784596
7583,-73.885005,40.81243167,4.423599999984313e-08,0.00087366483784596
7584,-73.88504833,40.81256333,4.423599999984313e-08,0.00087366483784596
7585,-73.88507333,40.81264,4.423599999984313e-08,0.00087366483784596
7586,-73.885095,40.81272333,4.423599999984313e-08,0.00087366483784596
7587,-73.885115,40.812815,4.423599999984313e-08,0.00087366483784596
7588,-73.88513833,40.81290667,4.423599999984313e-08,0.00087366483784596
7589,-73.88522833,40.813235,1.3541999999984343e-08,0.0006206256138206491
7590,-73.88525333,40.81335667,1.2732999999951806e-08,0.0005575317785050913
7591,-73.88526333,40.81340667,1.2732999999951806e-08,0.0005575317785050913
7592,-73.88529,40.81349833,1.2732999999951806e-08,0.0005575317785050913
7593,-73.8853,40.813545,1.2732999999951806e-08,0.0005575317785050913
7594,-73.88531333,40.81363167,1.1850600000176216e-07,0.0015041230895373571
7595,-73.88530833,40.81366667,1.1850600000176216e-07,0.0015041230895373571
7596,-73.88521167,40.81382667,2.9600000000565468e-08,0.000740645743944185
7597,-73.88520167,40.81387333,2.9600000000565468e-08,0.000740645743944185
7598,-73.88520333,40.81392167,2.9600000000565468e-08,0.000740645743944185
7599,-73.88525167,40.81403,2.9600000000565468e-08,0.000740645743944185
7600,-73.88529333,40.81408,2.250999999995121e-09,0.00020008382408227723
7601,-73.88535333,40.81413833,2.250999999995121e-09,0.00020008382408227723
7602,-73.88541833,40.81420167,2.250999999995121e-09,0.00020008382408227723
7603,-73.88549,40.81426667,2.250999999995121e-09,0.00020008382408227723
7604,-73.88555833,40.81433667,2.250999999995121e-09,0.00020008382408227723
7605,-73.88571,40.81448833,2.8860000001708626e-09,0.00021799723709462702
7606,-73.88579167,40.81457,2.882500000079823e-08,0.0007004123972562154
7607,-73.88588,40.81465333,2.882500000079823e-08,0.0007004123972562154
7608,-73.88596667,40.814735,2.882500000079823e-08,0.0007004123972562154
7609,-73.88613667,40.81491167,2.882500000079823e-08,0.0007004123972562154
7610,-73.886225,40.81499833,2.783889999994578e-07,0.003082771195414136
7611,-73.8865,40.81526667,2.783889999994578e-07,0.003082771195414136
7612,-73.88660167,40.815355,2.783889999994578e-07,0.003082771195414136
7613,-73.88670167,40.81544167,2.596770000040357e-07,0.002994371087262002
7614,-73.88679667,40.81552667,2.596770000040357e-07,0.002994371087262002
7615,-73.88688,40.81560833,2.596770000040357e-07,0.002994371087262002
7616,-73.88697,40.815695,2.596770000040357e-07,0.002994371087262002
7617,-73.88705333,40.81578333,1.032774999995433e-07,0.0021352246291590576
7618,-73.88713167,40.81587,1.032774999995433e-07,0.0021352246291590576
7619,-73.88721,40.815955,1.032774999995433e-07,0.0021352246291590576
7620,-73.88728833,40.81604333,2.346169999992647e-07,0.002378522608937824
7621,-73.88736667,40.81613333,2.346169999992647e-07,0.002378522608937824
7622,-73.88744333,40.81621167,2.346169999992647e-07,0.002378522608937824
7623,-73.88750667,40.81628,2.346169999992647e-07,0.002378522608937824
7624,-73.887635,40.81639667,2.346169999992647e-07,0.002378522608937824
7625,-73.88775167,40.816505,1.701299999936484e-08,0.0006191683327795172
7626,-73.88776333,40.81651833,9.324150000021932e-08,0.0015839163999897521
7627,-73.88784333,40.81662833,9.324150000021932e-08,0.0015839163999897521
7628,-73.8879,40.81670333,9.324150000021932e-08,0.0015839163999897521
7629,-73.88795,40.816785,9.324150000021932e-08,0.0015839163999897521
7630,-73.888005,40.81687333,9.324150000021932e-08,0.0015839163999897521
7631,-73.88823167,40.81725167,2.277564999994882e-07,0.002129563188463871
7632,-73.888285,40.81734833,2.277564999994882e-07,0.002129563188463871
7633,-73.88839667,40.81753,2.277564999994882e-07,0.002129563188463871
7634,-73.88845833,40.817625,2.277564999994882e-07,0.002129563188463871
7635,-73.88851833,40.81772667,2.277564999994882e-07,0.002129563188463871
7636,-73.88858,40.81783,3.3521999999334855e-08,0.0007496332775037258
7637,-73.88864333,40.81793,3.3521999999334855e-08,0.0007496332775037258
7638,-73.8887,40.818025,3.3521999999334855e-08,0.0007496332775037258
7639,-73.88875167,40.81811333,3.3521999999334855e-08,0.0007496332775037258
7640,-73.88879833,40.818185,3.3521999999334855e-08,0.0007496332775037258
7641,-73.88883333,40.81824,3.3521999999334855e-08,0.0007496332775037258
7642,-73.88884833,40.81828,3.3521999999334855e-08,0.0007496332775037258
7643,-73.88886333,40.81832,3.141299999922312e-08,0.000760392321960959
7644,-73.88887167,40.81834333,3.141299999922312e-08,0.000760392321960959
7645,-73.88896,40.81841667,3.141299999922312e-08,0.000760392321960959
7646,-73.88898333,40.81845167,3.141299999922312e-08,0.000760392321960959
7647,-73.88901167,40.81849333,3.141299999922312e-08,0.000760392321960959
7648,-73.88904333,40.818545,3.141299999922312e-08,0.000760392321960959
7649,-73.88912833,40.818685,3.141299999922312e-08,0.000760392321960959
7650,-73.889175,40.81876667,3.141299999922312e-08,0.000760392321960959
7651,-73.88922167,40.81885,3.141299999922312e-08,0.000760392321960959
7652,-73.88927167,40.81893333,3.141299999922312e-08,0.000760392321960959
7653,-73.88932,40.81901167,3.141299999922312e-08,0.000760392321960959
7654,-73.88937,40.819085,3.141299999922312e-08,0.000760392321960959
7655,-73.88941667,40.81914833,3.141299999922312e-08,0.000760392321960959
7656,-73.88946,40.81920833,3.141299999922312e-08,0.000760392321960959
7657,-73.88949667,40.81926167,3.141299999922312e-08,0.000760392321960959
7658,-73.88952667,40.81931833,3.141299999922312e-08,0.000760392321960959
7659,-73.889545,40.819375,3.141299999922312e-08,0.000760392321960959
7660,-73.88954333,40.81943333,3.141299999922312e-08,0.000760392321960959
7661,-73.88951,40.81948833,1.4675000000185617e-08,0.0005502986712600539
7662,-73.889455,40.81954333,1.4675000000185617e-08,0.0005502986712600539
7663,-73.88937833,40.81959833,1.4675000000185617e-08,0.0005502986712600539
7664,-73.88919667,40.819725,1.4675000000185617e-08,0.0005502986712600539
7665,-73.88909333,40.819795,1.4675000000185617e-08,0.0005502986712600539
7666,-73.88899,40.81986667,2.600249999938302e-08,0.0006793548333338783
7667,-73.88889167,40.81993833,2.600249999938302e-08,0.0006793548333338783
7668,-73.88879667,40.820005,2.600249999938302e-08,0.0006793548333338783
7669,-73.88868833,40.82007,2.600249999938302e-08,0.0006793548333338783
7670,-73.88836833,40.82025167,2.600249999938302e-08,0.0006793548333338783
7671,-73.88828,40.82030333,2.600249999938302e-08,0.0006793548333338783
7672,-73.8882,40.82034833,2.600249999938302e-08,0.0006793548333338783
7673,-73.88813333,40.82038833,2.600249999938302e-08,0.0006793548333338783
7674,-73.88806833,40.82042833,2.600249999938302e-08,0.0006793548333338783
7675,-73.888015,40.820465,2.600249999938302e-08,0.0006793548333338783
7676,-73.88796667,40.82049167,2.600249999938302e-08,0.0006793548333338783
7677,-73.88791167,40.82052333,2.600249999938302e-08,0.0006793548333338783
7678,-73.88785667,40.82055667,2.600249999938302e-08,0.0006793548333338783
7679,-73.887805,40.82059167,2.600249999938302e-08,0.0006793548333338783
7680,-73.887755,40.820625,2.600249999938302e-08,0.0006793548333338783
7681,-73.88772833,40.820665,2.600249999938302e-08,0.0006793548333338783
7682,-73.88768333,40.820695,2.600249999938302e-08,0.0006793548333338783
7683,-73.88761333,40.82075333,2.600249999938302e-08,0.0006793548333338783
7684,-73.88748333,40.82085333,2.600249999938302e-08,0.0006793548333338783
7685,-73.887445,40.82087667,2.600249999938302e-08,0.0006793548333338783
7686,-73.88740333,40.82090167,2.600249999938302e-08,0.0006793548333338783
7687,-73.88728667,40.82095833,2.600249999938302e-08,0.0006793548333338783
7688,-73.88713167,40.82099833,4.315464999938175e-07,0.004143000408710507
7689,-73.887055,40.82101167,4.315464999938175e-07,0.004143000408710507
7690,-73.88697833,40.82102333,4.315464999938175e-07,0.004143000408710507
7691,-73.88690333,40.82103833,4.315464999938175e-07,0.004143000408710507
7692,-73.88683,40.82105167,4.315464999938175e-07,0.004143000408710507
7693,-73.88676,40.82106333,4.315464999938175e-07,0.004143000408710507
7694,-73.88669333,40.82107333,4.315464999938175e-07,0.004143000408710507
7695,-73.88663167,40.82108333,4.315464999938175e-07,0.004143000408710507
7696,-73.88657,40.821095,4.315464999938175e-07,0.004143000408710507
7697,-73.886495,40.821105,4.315464999938175e-07,0.004143000408710507
7698,-73.886405,40.82111833,4.315464999938175e-07,0.004143000408710507
7699,-73.88630167,40.821135,4.315464999938175e-07,0.004143000408710507
7700,-73.88619167,40.82115833,4.315464999938175e-07,0.004143000408710507
7701,-73.885965,40.82119,4.315464999938175e-07,0.004143000408710507
7702,-73.88585667,40.821205,4.315464999938175e-07,0.004143000408710507
7703,-73.88575,40.82122,4.315464999938175e-07,0.004143000408710507
7704,-73.88565167,40.82122833,1.9751850000222256e-07,0.002246656640137216
7705,-73.88548167,40.82121833,1.9751850000222256e-07,0.002246656640137216
7706,-73.885415,40.8212,1.9751850000222256e-07,0.002246656640137216
7707,-73.885365,40.82116167,1.9751850000222256e-07,0.002246656640137216
7708,-73.88532,40.82105,1.9751850000222256e-07,0.002246656640137216
7709,-73.88530333,40.820975,1.9751850000222256e-07,0.002246656640137216
7710,-73.88528667,40.82088667,1.9751850000222256e-07,0.002246656640137216
7711,-73.88527333,40.820795,1.9751850000222256e-07,0.002246656640137216
7712,-73.885255,40.82070333,1.9751850000222256e-07,0.002246656640137216
7713,-73.885215,40.82051667,1.681675000011813e-07,0.002238434180145119
7714,-73.88520167,40.82042333,1.681675000011813e-07,0.002238434180145119
7715,-73.88517833,40.82033167,1.681675000011813e-07,0.002238434180145119
7716,-73.88515833,40.82024333,1.681675000011813e-07,0.002238434180145119
7717,-73.88514167,40.82015833,1.681675000011813e-07,0.002238434180145119
7718,-73.885125,40.82007333,1.681675000011813e-07,0.002238434180145119
7719,-73.88510333,40.81998833,1.681675000011813e-07,0.002238434180145119
7720,-73.88508333,40.81990833,1.681675000011813e-07,0.002238434180145119
7721,-73.88507,40.81983,1.681675000011813e-07,0.002238434180145119
7722,-73.885055,40.81975667,1.681675000011813e-07,0.002238434180145119
7723,-73.88503833,40.81968167,1.681675000011813e-07,0.002238434180145119
7724,-73.88502167,40.81961,1.681675000011813e-07,0.002238434180145119
7725,-73.88500333,40.81954,1.681675000011813e-07,0.002238434180145119
7726,-73.88498667,40.819475,1.681675000011813e-07,0.002238434180145119
7727,-73.88497667,40.819425,1.681675000011813e-07,0.002238434180145119
7728,-73.884905,40.81926167,2.352794999999802e-07,0.002136004283492248
7729,-73.884885,40.81920833,2.352794999999802e-07,0.002136004283492248
7730,-73.88486667,40.81914,2.352794999999802e-07,0.002136004283492248
7731,-73.88484833,40.81905833,2.352794999999802e-07,0.002136004283492248
7732,-73.88483167,40.81897167,2.352794999999802e-07,0.002136004283492248
7733,-73.88478833,40.81878167,2.352794999999802e-07,0.002136004283492248
7734,-73.88476,40.81868167,2.352794999999802e-07,0.002136004283492248
7735,-73.88473333,40.81857833,3.532799999854655e-08,0.0007961733876974747
7736,-73.884705,40.818475,3.532799999854655e-08,0.0007961733876974747
7737,-73.88467667,40.81837,3.532799999854655e-08,0.0007961733876974747
7738,-73.88464833,40.818265,3.532799999854655e-08,0.0007961733876974747
7739,-73.88462167,40.81816167,3.532799999854655e-08,0.0007961733876974747
7740,-73.88459167,40.81805833,2.002484999995005e-07,0.0018541220191087985
7741,-73.88456667,40.81796,2.002484999995005e-07,0.0018541220191087985
7742,-73.88452167,40.81776833,2.002484999995005e-07,0.0018541220191087985
7743,-73.8845,40.81768,2.002484999995005e-07,0.0018541220191087985
7744,-73.884475,40.81759667,2.002484999995005e-07,0.0018541220191087985
7745,-73.88445167,40.81751833,2.002484999995005e-07,0.0018541220191087985
7746,-73.88443333,40.817445,2.002484999995005e-07,0.0018541220191087985
7747,-73.88441833,40.81738,2.002484999995005e-07,0.0018541220191087985
7748,-73.88440333,40.81732667,2.002484999995005e-07,0.0018541220191087985
7749,-73.88439333,40.81728833,1.0033899999986845e-07,0.0012812022981095082
7750,-73.884385,40.817265,1.0033899999986845e-07,0.0012812022981095082
7751,-73.88437167,40.81722167,1.0033899999986845e-07,0.0012812022981095082
7752,-73.884365,40.81719667,1.0033899999986845e-07,0.0012812022981095082
7753,-73.88435667,40.81716,1.0033899999986845e-07,0.0012812022981095082
7754,-73.88434167,40.81711167,1.0033899999986845e-07,0.0012812022981095082
7755,-73.88432667,40.81704833,1.0033899999986845e-07,0.0012812022981095082
7756,-73.88430667,40.81697167,1.0033899999986845e-07,0.0012812022981095082
7757,-73.88425833,40.81680167,1.0033899999986845e-07,0.0012812022981095082
7758,-73.884235,40.81670833,1.0033899999986845e-07,0.0012812022981095082
7759,-73.88421,40.81661167,1.0033899999986845e-07,0.0012812022981095082
7760,-73.88418667,40.81651167,1.0555000000664543e-08,0.0005109559583133346
7761,-73.88416167,40.81641167,1.0555000000664543e-08,0.0005109559583133346
7762,-73.88413667,40.81631167,1.0555000000664543e-08,0.0005109559583133346
7763,-73.88411333,40.81621333,1.0555000000664543e-08,0.0005109559583133346
7764,-73.88408667,40.81611333,7.73199999979542e-09,0.0004523874866659598
7765,-73.88405833,40.81601167,7.73199999979542e-09,0.0004523874866659598
7766,-73.88402833,40.81591333,7.73199999979542e-09,0.0004523874866659598
7767,-73.88400167,40.81581333,7.73199999979542e-09,0.0004523874866659598
7768,-73.88397333,40.81571667,7.73199999979542e-09,0.0004523874866659598
7769,-73.88395,40.81562333,4.167310000023918e-07,0.0038214012445822684
7770,-73.88390333,40.815445,4.167310000023918e-07,0.0038214012445822684
7771,-73.88388,40.81536,4.167310000023918e-07,0.0038214012445822684
7772,-73.88385833,40.81528,4.167310000023918e-07,0.0038214012445822684
7773,-73.88384,40.815205,4.167310000023918e-07,0.0038214012445822684
7774,-73.88380667,40.81507833,4.167310000023918e-07,0.0038214012445822684
7775,-73.88379833,40.81502833,4.167310000023918e-07,0.0038214012445822684
7776,-73.88379167,40.81499167,4.167310000023918e-07,0.0038214012445822684
7777,-73.88379,40.81496833,4.167310000023918e-07,0.0038214012445822684
7778,-73.88377167,40.814875,2.4375299999679517e-07,0.002236186518061271
7779,-73.88376,40.81483,2.4375299999679517e-07,0.002236186518061271
7780,-73.883745,40.81477667,2.4375299999679517e-07,0.002236186518061271
7781,-73.88368333,40.814565,2.4375299999679517e-07,0.002236186518061271
7782,-73.88366,40.81448667,2.4375299999679517e-07,0.002236186518061271
7783,-73.88363667,40.81441167,2.4375299999679517e-07,0.002236186518061271
7784,-73.88361833,40.81433833,2.4375299999679517e-07,0.002236186518061271
7785,-73.88360167,40.81426833,2.4375299999679517e-07,0.002236186518061271
7786,-73.88358667,40.814195,5.218939999993456e-07,0.0054408897345790425
7787,-73.88356667,40.81412,5.218939999993456e-07,0.0054408897345790425
7788,-73.88348833,40.81381167,9.254200000077074e-08,0.0015889840507885226
7789,-73.88346167,40.813725,9.254200000077074e-08,0.0015889840507885226
7790,-73.88343333,40.81364,9.254200000077074e-08,0.0015889840507885226
7791,-73.88340833,40.81355667,2.894875000016589e-07,0.004316189070691951
7792,-73.88338667,40.81346833,2.894875000016589e-07,0.004316189070691951
7793,-73.88336667,40.81338,2.894875000016589e-07,0.004316189070691951
7794,-73.88332833,40.81320333,2.894875000016589e-07,0.004316189070691951
7795,-73.88330833,40.81312167,2.894875000016589e-07,0.004316189070691951
7796,-73.88328833,40.813045,2.894875000016589e-07,0.004316189070691951
7797,-73.88327,40.81297333,2.894875000016589e-07,0.004316189070691951
7798,-73.88325167,40.81290833,2.894875000016589e-07,0.004316189070691951
7799,-73.88323667,40.81285333,4.939900000062034e-08,0.0008989864765771016
7800,-73.88322,40.812805,4.939900000062034e-08,0.0008989864765771016
7801,-73.88320667,40.81276333,4.939900000062034e-08,0.0008989864765771016
7802,-73.88319667,40.81273,4.939900000062034e-08,0.0008989864765771016
7803,-73.88318833,40.81270167,4.939900000062034e-08,0.0008989864765771016
7804,-73.88308833,40.8126,4.939900000062034e-08,0.0008989864765771016
7805,-73.88302167,40.81258333,4.0128999998949e-08,0.001113160085750828
7806,-73.882655,40.812615,4.0128999998949e-08,0.001113160085750828
7807,-73.88255667,40.81263,4.0128999998949e-08,0.001113160085750828
7808,-73.88245,40.812645,4.0128999998949e-08,0.001113160085750828
7809,-73.88233833,40.81266167,4.0128999998949e-08,0.001113160085750828
7810,-73.88222,40.81268,4.0128999998949e-08,0.001113160085750828
7811,-73.88198167,40.81272,2.9979349999833696e-07,0.00244513085573304
7812,-73.88187167,40.81273833,2.9979349999833696e-07,0.00244513085573304
7813,-73.88176833,40.81275333,2.9979349999833696e-07,0.00244513085573304
7814,-73.88167167,40.81276833,2.9979349999833696e-07,0.00244513085573304
7815,-73.88158667,40.81278,2.9979349999833696e-07,0.00244513085573304
7816,-73.881515,40.81278667,2.9979349999833696e-07,0.00244513085573304
7817,-73.88146333,40.81279333,2.9979349999833696e-07,0.00244513085573304
7818,-73.88142333,40.812795,2.9979349999833696e-07,0.00244513085573304
7819,-73.88133333,40.8128,2.9979349999833696e-07,0.00244513085573304
7820,-73.88128833,40.81274833,2.9979349999833696e-07,0.00244513085573304
7821,-73.88126,40.812685,2.9979349999833696e-07,0.00244513085573304
7822,-73.881235,40.81260833,2.9979349999833696e-07,0.00244513085573304
7823,-73.88121167,40.81252167,2.9979349999833696e-07,0.00244513085573304
7824,-73.88118833,40.81243167,2.9979349999833696e-07,0.00244513085573304
7825,-73.88116333,40.81233667,2.9979349999833696e-07,0.00244513085573304
7826,-73.881135,40.81224167,2.9979349999833696e-07,0.00244513085573304
7827,-73.88110667,40.81214167,2.9979349999833696e-07,0.00244513085573304
7828,-73.88107333,40.81204,2.9979349999833696e-07,0.00244513085573304
7829,-73.88104333,40.811935,5.5565000002859224e-09,0.00035295047288135353
7830,-73.88101167,40.81183167,1.1902750000019819e-07,0.0014162271427246359
7831,-73.88097333,40.81173167,1.1902750000019819e-07,0.0014162271427246359
7832,-73.88094,40.81163167,1.1902750000019819e-07,0.0014162271427246359
7833,-73.88088833,40.81141833,1.1902750000019819e-07,0.0014162271427246359
7834,-73.88083333,40.81120167,1.1902750000019819e-07,0.0014162271427246359
7835,-73.880805,40.81109333,2.6359799999614526e-07,0.0031367641963742582
7836,-73.880775,40.81098,2.6359799999614526e-07,0.0031367641963742582
7837,-73.88074667,40.81086167,2.6359799999614526e-07,0.0031367641963742582
7838,-73.88071667,40.81074167,2.6359799999614526e-07,0.0031367641963742582
7839,-73.88068667,40.81062,2.6359799999614526e-07,0.0031367641963742582
7840,-73.88065667,40.8105,1.336940000012794e-07,0.0017407180685543979
7841,-73.88062833,40.81038,1.336940000012794e-07,0.0017407180685543979
7842,-73.8806,40.81026667,1.336940000012794e-07,0.0017407180685543979
7843,-73.88057333,40.81015833,1.336940000012794e-07,0.0017407180685543979
7844,-73.88034,40.80915167,2.5312000000798476e-08,0.0006489288111884558
7845,-73.88031833,40.80908333,2.5312000000798476e-08,0.0006489288111884558
7846,-73.880295,40.80901,2.5312000000798476e-08,0.0006489288111884558
7847,-73.88027167,40.80893333,2.5312000000798476e-08,0.0006489288111884558
7848,-73.88025,40.808855,2.5312000000798476e-08,0.0006489288111884558
7849,-73.88023,40.80877667,2.5312000000798476e-08,0.0006489288111884558
7850,-73.88021167,40.808695,2.5312000000798476e-08,0.0006489288111884558
7851,-73.88019,40.80861667,2.5312000000798476e-08,0.0006489288111884558
7852,-73.88017,40.80854,4.868980000053007e-07,0.0027974314854548495
7853,-73.88015,40.80846167,4.868980000053007e-07,0.0027974314854548495
7854,-73.88013167,40.80838,4.868980000053007e-07,0.0027974314854548495
7855,-73.88011333,40.80829667,4.868980000053007e-07,0.0027974314854548495
7856,-73.880095,40.808215,4.868980000053007e-07,0.0027974314854548495
7857,-73.880075,40.80813333,4.868980000053007e-07,0.0027974314854548495
7858,-73.88005333,40.80805167,4.868980000053007e-07,0.0027974314854548495
7859,-73.88001333,40.80789833,4.868980000053007e-07,0.0027974314854548495
7860,-73.87999167,40.807825,4.868980000053007e-07,0.0027974314854548495
7861,-73.87997333,40.80775333,4.868980000053007e-07,0.0027974314854548495
7862,-73.87994333,40.807625,4.868980000053007e-07,0.0027974314854548495
7863,-73.87993,40.80756,4.868980000053007e-07,0.0027974314854548495
7864,-73.87989333,40.80741,1.2107500000939569e-08,0.000488514237417381
7865,-73.87983667,40.80723333,1.2107500000939569e-08,0.000488514237417381
7866,-73.87980667,40.80714,1.2107500000939569e-08,0.000488514237417381
7867,-73.87977667,40.807055,1.2107500000939569e-08,0.000488514237417381
7868,-73.87975333,40.80697833,1.2107500000939569e-08,0.000488514237417381
7869,-73.87973833,40.80690833,1.2107500000939569e-08,0.000488514237417381
7870,-73.87972833,40.80685167,1.2107500000939569e-08,0.000488514237417381
7871,-73.87972,40.80680667,1.2107500000939569e-08,0.000488514237417381
7872,-73.87970833,40.80676167,1.2107500000939569e-08,0.000488514237417381
7873,-73.87969667,40.80671333,1.2107500000939569e-08,0.000488514237417381
7874,-73.87968167,40.80665833,1.0847600000052851e-07,0.0013228146545452633
7875,-73.87965333,40.806545,1.0847600000052851e-07,0.0013228146545452633
7876,-73.87964167,40.80648667,1.0847600000052851e-07,0.0013228146545452633
7877,-73.879625,40.80639333,1.0847600000052851e-07,0.0013228146545452633
7878,-73.87961333,40.80636333,1.0847600000052851e-07,0.0013228146545452633
7879,-73.87959833,40.80632833,1.0847600000052851e-07,0.0013228146545452633
7880,-73.87957833,40.80628,1.0847600000052851e-07,0.0013228146545452633
7881,-73.87955833,40.80622,3.444000000195404e-09,0.0002454386437517484
7882,-73.87951667,40.80608167,3.444000000195404e-09,0.0002454386437517484
7883,-73.87948,40.80595667,3.444000000195404e-09,0.0002454386437517484
7884,-73.87946667,40.80590333,3.444000000195404e-09,0.0002454386437517484
7885,-73.87946167,40.80586,3.444000000195404e-09,0.0002454386437517484
7886,-73.87945833,40.80582667,3.444000000195404e-09,0.0002454386437517484
7887,-73.87945833,40.8058,3.444000000195404e-09,0.0002454386437517484
7888,-73.87946,40.80578333,3.444000000195404e-09,0.0002454386437517484
7889,-73.87948,40.80569667,3.444000000195404e-09,0.0002454386437517484
7890,-73.87951333,40.80567667,3.444000000195404e-09,0.0002454386437517484
7891,-73.87956667,40.80566667,3.444000000195404e-09,0.0002454386437517484
7892,-73.87964,40.80565667,3.444000000195404e-09,0.0002454386437517484
7893,-73.87971667,40.80565167,3.444000000195404e-09,0.0002454386437517484
7894,-73.87991167,40.805625,3.444000000195404e-09,0.0002454386437517484
7895,-73.88002333,40.80560333,3.444000000195404e-09,0.0002454386437517484
7896,-73.88015333,40.80558,3.444000000195404e-09,0.0002454386437517484
7897,-73.88029167,40.80555333,3.444000000195404e-09,0.0002454386437517484
7898,-73.880435,40.80552667,3.444000000195404e-09,0.0002454386437517484
7899,-73.88058,40.80550167,5.55749999928256e-09,0.00031584493788487146
7900,-73.88072667,40.80548,5.55749999928256e-09,0.00031584493788487146
7901,-73.88102167,40.80543833,5.55749999928256e-09,0.00031584493788487146
7902,-73.88131667,40.80539,4.505000000571949e-09,0.0003560000000106811
7903,-73.88144833,40.80536667,4.505000000571949e-09,0.0003560000000106811
7904,-73.88156667,40.80534333,4.505000000571949e-09,0.0003560000000106811
7905,-73.88168167,40.805325,4.505000000571949e-09,0.0003560000000106811
7906,-73.881795,40.80530333,4.505000000571949e-09,0.0003560000000106811
7907,-73.88203833,40.80526667,4.505000000571949e-09,0.0003560000000106811
7908,-73.88216833,40.80525,2.0160000000093614e-08,0.0006244093463285559
7909,-73.88230667,40.80523333,2.0160000000093614e-08,0.0006244093463285559
7910,-73.88245167,40.80521333,2.0160000000093614e-08,0.0006244093463285559
7911,-73.88260667,40.80519167,2.0160000000093614e-08,0.0006244093463285559
7912,-73.88291,40.80515,2.0160000000093614e-08,0.0006244093463285559
7913,-73.88306167,40.80513,3.057799999909449e-08,0.001257166297656377
7914,-73.88321167,40.80511,3.057799999909449e-08,0.001257166297656377
7915,-73.88336,40.80508833,3.057799999909449e-08,0.001257166297656377
7916,-73.883505,40.805065,5.921115000007384e-07,0.0035429886725313834
7917,-73.88364167,40.80504167,5.921115000007384e-07,0.0035429886725313834
7918,-73.88377667,40.80502167,5.921115000007384e-07,0.0035429886725313834
7919,-73.88391167,40.805,5.921115000007384e-07,0.0035429886725313834
7920,-73.88404667,40.80498,5.921115000007384e-07,0.0035429886725313834
7921,-73.88418,40.80495667,5.921115000007384e-07,0.0035429886725313834
7922,-73.88431167,40.80493833,5.921115000007384e-07,0.0035429886725313834
7923,-73.88444667,40.80491833,5.921115000007384e-07,0.0035429886725313834
7924,-73.88457,40.80490333,5.921115000007384e-07,0.0035429886725313834
7925,-73.88468333,40.80489,5.921115000007384e-07,0.0035429886725313834
7926,-73.88490333,40.80485833,6.611164999991657e-07,0.004089678793487698
7927,-73.88501,40.80483333,6.611164999991657e-07,0.004089678793487698
7928,-73.885225,40.80477333,6.611164999991657e-07,0.004089678793487698
7929,-73.885325,40.80474833,6.611164999991657e-07,0.004089678793487698
7930,-73.88540667,40.80474167,6.611164999991657e-07,0.004089678793487698
7931,-73.88549667,40.80473833,6.611164999991657e-07,0.004089678793487698
7932,-73.88558333,40.80473833,6.611164999991657e-07,0.004089678793487698
7933,-73.88566667,40.804745,6.611164999991657e-07,0.004089678793487698
7934,-73.88579833,40.804775,6.611164999991657e-07,0.004089678793487698
7935,-73.88584167,40.80480333,6.611164999991657e-07,0.004089678793487698
7936,-73.88587667,40.80483667,6.611164999991657e-07,0.004089678793487698
7937,-73.8859,40.80487167,6.611164999991657e-07,0.004089678793487698
7938,-73.88593333,40.80497333,7.974964999958315e-07,0.006008271916502379
7939,-73.88596667,40.805105,7.974964999958315e-07,0.006008271916502379
7940,-73.88599333,40.80520667,7.974964999958315e-07,0.006008271916502379
7941,-73.88600667,40.80525667,7.974964999958315e-07,0.006008271916502379
7942,-73.88602333,40.80538167,7.974964999958315e-07,0.006008271916502379
7943,-73.886025,40.80541833,7.974964999958315e-07,0.006008271916502379
7944,-73.886035,40.80546333,7.974964999958315e-07,0.006008271916502379
7945,-73.88604667,40.80551333,7.974964999958315e-07,0.006008271916502379
7946,-73.88606,40.80556667,7.974964999958315e-07,0.006008271916502379
7947,-73.88607167,40.80561833,7.974964999958315e-07,0.006008271916502379
7948,-73.886085,40.805675,7.974964999958315e-07,0.006008271916502379
7949,-73.88610167,40.805735,7.974964999958315e-07,0.006008271916502379
7950,-73.88614,40.80585167,7.974964999958315e-07,0.006008271916502379
7951,-73.88615167,40.80590333,7.974964999958315e-07,0.006008271916502379
7952,-73.88616333,40.80595667,7.974964999958315e-07,0.006008271916502379
7953,-73.88618167,40.80601,7.974964999958315e-07,0.006008271916502379
7954,-73.88622,40.80614,7.974964999958315e-07,0.006008271916502379
7955,-73.88624333,40.80621167,7.974964999958315e-07,0.006008271916502379
7956,-73.88626333,40.806275,7.974964999958315e-07,0.006008271916502379
7957,-73.88628333,40.80636333,7.974964999958315e-07,0.006008271916502379
7958,-73.886285,40.80638833,7.974964999958315e-07,0.006008271916502379
7959,-73.886335,40.8065,8.603034999951339e-07,0.005449900192754134
7960,-73.88639667,40.80652167,8.603034999951339e-07,0.005449900192754134
7961,-73.88647167,40.80653,8.603034999951339e-07,0.005449900192754134
7962,-73.88655333,40.80652833,8.603034999951339e-07,0.005449900192754134
7963,-73.886655,40.80652,8.603034999951339e-07,0.005449900192754134
7964,-73.88676167,40.80651,8.603034999951339e-07,0.005449900192754134
7965,-73.88687167,40.80649667,8.603034999951339e-07,0.005449900192754134
7966,-73.886985,40.80648333,8.603034999951339e-07,0.005449900192754134
7967,-73.88710333,40.80646833,8.603034999951339e-07,0.005449900192754134
7968,-73.88722833,40.80645333,8.603034999951339e-07,0.005449900192754134
7969,-73.88735,40.80644167,8.603034999951339e-07,0.005449900192754134
7970,-73.88747167,40.80642667,8.603034999951339e-07,0.005449900192754134
7971,-73.88771667,40.80640167,2.92465499999365e-07,0.0025195066353856
7972,-73.88784333,40.80638833,2.92465499999365e-07,0.0025195066353856
7973,-73.88797333,40.80637,2.92465499999365e-07,0.0025195066353856
7974,-73.88822833,40.80633167,2.92465499999365e-07,0.0025195066353856
7975,-73.88834333,40.80632333,2.92465499999365e-07,0.0025195066353856
7976,-73.88845,40.80631833,2.92465499999365e-07,0.0025195066353856
7977,-73.88862167,40.80630833,2.92465499999365e-07,0.0025195066353856
7978,-73.88868,40.80630667,2.92465499999365e-07,0.0025195066353856
7979,-73.88872,40.80631167,2.92465499999365e-07,0.0025195066353856
7980,-73.888865,40.806315,2.92465499999365e-07,0.0025195066353856
7981,-73.889065,40.80632,2.92465499999365e-07,0.0025195066353856
7982,-73.88912667,40.80640833,2.92465499999365e-07,0.0025195066353856
7983,-73.889155,40.80646833,2.92465499999365e-07,0.0025195066353856
7984,-73.88920333,40.80662,2.92465499999365e-07,0.0025195066353856
7985,-73.88923167,40.80671,3.1997099999882887e-07,0.002841126784705654
7986,-73.88925833,40.80680667,3.1997099999882887e-07,0.002841126784705654
7987,-73.889285,40.80690167,3.1997099999882887e-07,0.002841126784705654
7988,-73.88930833,40.80700167,3.1997099999882887e-07,0.002841126784705654
7989,-73.88933833,40.80710333,3.1997099999882887e-07,0.002841126784705654
7990,-73.88939833,40.807305,3.1997099999882887e-07,0.002841126784705654
7991,-73.889415,40.8074,3.1997099999882887e-07,0.002841126784705654
7992,-73.88947167,40.807585,7.657399999988081e-08,0.0016560272233236088
7993,-73.8895,40.80766833,7.657399999988081e-08,0.0016560272233236088
7994,-73.88952333,40.807755,7.657399999988081e-08,0.0016560272233236088
7995,-73.889545,40.807925,8.324999999859944e-09,0.0003707091477935887
7996,-73.88955667,40.80801,8.324999999859944e-09,0.0003707091477935887
7997,-73.889575,40.808095,8.324999999859944e-09,0.0003707091477935887
7998,-73.88960167,40.80817667,8.324999999859944e-09,0.0003707091477935887
7999,-73.88963167,40.808265,8.324999999859944e-09,0.0003707091477935887
8000,-73.88966167,40.80835833,8.324999999859944e-09,0.0003707091477935887
8001,-73.88969167,40.80845167,8.324999999859944e-09,0.0003707091477935887
8002,-73.88975333,40.80864833,8.324999999859944e-09,0.0003707091477935887
8003,-73.88978333,40.808745,1.3276449999943238e-07,0.0019026769722520001
8004,-73.88980167,40.80884,1.3276449999943238e-07,0.0019026769722520001
8005,-73.88982667,40.808935,3.5631200000380667e-07,0.0024265528411589648
8006,-73.88984167,40.80902667,8.263799999880493e-08,0.0011527618497961347
8007,-73.88986167,40.80911667,8.263799999880493e-08,0.0011527618497961347
8008,-73.889885,40.80920667,8.263799999880493e-08,0.0011527618497961347
8009,-73.88991,40.80929167,8.263799999880493e-08,0.0011527618497961347
8010,-73.889935,40.80937333,8.263799999880493e-08,0.0011527618497961347
8011,-73.88995333,40.80944833,8.263799999880493e-08,0.0011527618497961347
8012,-73.88997333,40.80951667,8.263799999880493e-08,0.0011527618497961347
8013,-73.89005333,40.80961833,4.0326000001702364e-08,0.0009051866150603697
8014,-73.89012333,40.80964667,4.0326000001702364e-08,0.0009051866150603697
8015,-73.890195,40.80967167,4.0326000001702364e-08,0.0009051866150603697
8016,-73.89039167,40.80965667,4.0326000001702364e-08,0.0009051866150603697
8017,-73.89050167,40.80964,4.0326000001702364e-08,0.0009051866150603697
8018,-73.89062667,40.80962,4.0326000001702364e-08,0.0009051866150603697
8019,-73.89076167,40.809595,4.0326000001702364e-08,0.0009051866150603697
8020,-73.89091833,40.80957333,4.0326000001702364e-08,0.0009051866150603697
8021,-73.8916,40.80948167,7.640650000128084e-08,0.0015488072419643898
8022,-73.89177,40.809455,7.640650000128084e-08,0.0015488072419643898
8023,-73.89193667,40.80942833,7.640650000128084e-08,0.0015488072419643898
8024,-73.89210333,40.80940167,1.2235999999681414e-07,0.0014016080706745532
8025,-73.89227333,40.80936833,1.2235999999681414e-07,0.0014016080706745532
8026,-73.89244,40.80933833,1.2235999999681414e-07,0.0014016080706745532
8027,-73.892755,40.809285,1.2235999999681414e-07,0.0014016080706745532
8028,-73.89291,40.80925833,1.2235999999681414e-07,0.0014016080706745532
8029,-73.89306,40.80923667,1.2235999999681414e-07,0.0014016080706745532
8030,-73.89320333,40.809215,5.863574999978117e-07,0.003116368421191758
8031,-73.893345,40.80919667,5.863574999978117e-07,0.003116368421191758
8032,-73.89347333,40.80918,5.863574999978117e-07,0.003116368421191758
8033,-73.89359833,40.80916333,5.863574999978117e-07,0.003116368421191758
8034,-73.893705,40.80915333,5.863574999978117e-07,0.003116368421191758
8035,-73.89388333,40.80912333,5.863574999978117e-07,0.003116368421191758
8036,-73.89396667,40.80911333,5.863574999978117e-07,0.003116368421191758
8037,-73.894055,40.80910167,5.063500000412778e-09,0.00031548514679872845
8038,-73.89413833,40.80909167,5.063500000412778e-09,0.00031548514679872845
8039,-73.894335,40.809065,5.063500000412778e-09,0.00031548514679872845
8040,-73.89455,40.80903667,5.063500000412778e-09,0.00031548514679872845
8041,-73.89473333,40.809015,4.675000000978298e-09,0.0002800000000320324
8042,-73.89483833,40.80901833,4.675000000978298e-09,0.0002800000000320324
8043,-73.89552833,40.81172833,2.363050000005218e-08,0.0006449359565495736
8044,-73.895435,40.811815,2.363050000005218e-08,0.0006449359565495736
8045,-73.89539,40.81185667,2.363050000005218e-08,0.0006449359565495736
8046,-73.89533667,40.81191167,2.363050000005218e-08,0.0006449359565495736
8047,-73.89528167,40.81197667,2.363050000005218e-08,0.0006449359565495736
8048,-73.895225,40.81204833,2.363050000005218e-08,0.0006449359565495736
8049,-73.89516333,40.81212167,2.363050000005218e-08,0.0006449359565495736
8050,-73.89509667,40.81219333,2.363050000005218e-08,0.0006449359565495736
8051,-73.89503333,40.81226333,2.363050000005218e-08,0.0006449359565495736
8052,-73.89497667,40.81233167,2.363050000005218e-08,0.0006449359565495736
8053,-73.89492333,40.81239167,2.363050000005218e-08,0.0006449359565495736
8054,-73.89485,40.81246833,2.363050000005218e-08,0.0006449359565495736
8055,-73.89483333,40.81249167,2.363050000005218e-08,0.0006449359565495736
8056,-73.89482667,40.81251667,2.363050000005218e-08,0.0006449359565495736
8057,-73.89484,40.812545,2.363050000005218e-08,0.0006449359565495736
8058,-73.894875,40.81257333,2.363050000005218e-08,0.0006449359565495736
8059,-73.894935,40.81259667,2.363050000005218e-08,0.0006449359565495736
8060,-73.89509167,40.81265833,2.363050000005218e-08,0.0006449359565495736
8061,-73.89518,40.81269333,2.363050000005218e-08,0.0006449359565495736
8062,-73.89526833,40.81273,2.363050000005218e-08,0.0006449359565495736
8063,-73.89535167,40.81276167,2.363050000005218e-08,0.0006449359565495736
8064,-73.89542667,40.81279167,2.363050000005218e-08,0.0006449359565495736
8065,-73.89549,40.81282333,2.363050000005218e-08,0.0006449359565495736
8066,-73.89555,40.81285,2.363050000005218e-08,0.0006449359565495736
8067,-73.89567833,40.812905,2.363050000005218e-08,0.0006449359565495736
8068,-73.89570167,40.812915,2.363050000005218e-08,0.0006449359565495736
8069,-73.89582167,40.81294833,2.363050000005218e-08,0.0006449359565495736
8070,-73.895865,40.81292833,2.363050000005218e-08,0.0006449359565495736
8071,-73.89591833,40.81288167,2.363050000005218e-08,0.0006449359565495736
8072,-73.89597667,40.812815,2.363050000005218e-08,0.0006449359565495736
8073,-73.89603667,40.81274333,2.363050000005218e-08,0.0006449359565495736
8074,-73.89609333,40.81267333,2.363050000005218e-08,0.0006449359565495736
8075,-73.896145,40.81261167,2.363050000005218e-08,0.0006449359565495736
8076,-73.89618833,40.812565,2.363050000005218e-08,0.0006449359565495736
8077,-73.89621667,40.81253333,2.363050000005218e-08,0.0006449359565495736
8078,-73.896235,40.81251667,2.363050000005218e-08,0.0006449359565495736
8079,-73.896295,40.81245333,2.363050000005218e-08,0.0006449359565495736
8080,-73.89628833,40.81240167,2.363050000005218e-08,0.0006449359565495736
8081,-73.89625167,40.81234667,2.363050000005218e-08,0.0006449359565495736
8082,-73.89611667,40.81224667,2.363050000005218e-08,0.0006449359565495736
8083,-73.89603,40.812195,2.363050000005218e-08,0.0006449359565495736
8084,-73.89593333,40.81213833,2.363050000005218e-08,0.0006449359565495736
8085,-73.89583833,40.812085,2.363050000005218e-08,0.0006449359565495736
8086,-73.89576,40.81203333,2.363050000005218e-08,0.0006449359565495736
8087,-73.89570833,40.81198333,2.363050000005218e-08,0.0006449359565495736
8088,-73.89567333,40.81192333,2.363050000005218e-08,0.0006449359565495736
8089,-73.89565,40.811785,2.363050000005218e-08,0.0006449359565495736
8090,-73.89564,40.81170833,2.363050000005218e-08,0.0006449359565495736
8091,-73.89562167,40.81162667,2.363050000005218e-08,0.0006449359565495736
8092,-73.89559667,40.811535,2.363050000005218e-08,0.0006449359565495736
8093,-73.89556833,40.81143833,2.363050000005218e-08,0.0006449359565495736
8094,-73.89550833,40.81123333,2.363050000005218e-08,0.0006449359565495736
8095,-73.89547833,40.81112833,2.363050000005218e-08,0.0006449359565495736
8096,-73.89545333,40.81102333,2.363050000005218e-08,0.0006449359565495736
8097,-73.89542833,40.81092,2.363050000005218e-08,0.0006449359565495736
8098,-73.89540333,40.810815,4.675000000978298e-09,0.0002800000000320324
8099,-73.89535,40.81059333,4.675000000978298e-09,0.0002800000000320324
8100,-73.89532167,40.81048333,4.675000000978298e-09,0.0002800000000320324
8101,-73.89529833,40.81037333,4.675000000978298e-09,0.0002800000000320324
8102,-73.89527333,40.81026667,4.675000000978298e-09,0.0002800000000320324
8103,-73.89524833,40.81016,4.675000000978298e-09,0.0002800000000320324
8104,-73.89522,40.81005667,4.675000000978298e-09,0.0002800000000320324
8105,-73.89519333,40.80995333,4.675000000978298e-09,0.0002800000000320324
8106,-73.89516833,40.809855,4.675000000978298e-09,0.0002800000000320324
8107,-73.89514667,40.80975833,4.675000000978298e-09,0.0002800000000320324
8108,-73.89512,40.80966333,4.675000000978298e-09,0.0002800000000320324
8109,-73.895095,40.80957,4.675000000978298e-09,0.0002800000000320324
8110,-73.89506833,40.809475,4.675000000978298e-09,0.0002800000000320324
8111,-73.89504667,40.809385,4.675000000978298e-09,0.0002800000000320324
8112,-73.89502833,40.80930167,4.675000000978298e-09,0.0002800000000320324
8113,-73.89501167,40.80922667,4.675000000978298e-09,0.0002800000000320324
8114,-73.895,40.80916333,4.675000000978298e-09,0.0002800000000320324
8115,-73.89498,40.80906833,4.675000000978298e-09,0.0002800000000320324
8116,-73.89497,40.80904,4.675000000978298e-09,0.0002800000000320324
8117,-73.89504667,40.808955,4.675000000978298e-09,0.0002800000000320324
8118,-73.89509167,40.80895167,4.675000000978298e-09,0.0002800000000320324
8119,-73.89515167,40.80894833,4.675000000978298e-09,0.0002800000000320324
8120,-73.895225,40.808945,4.675000000978298e-09,0.0002800000000320324
8121,-73.89530833,40.80894167,4.675000000978298e-09,0.0002800000000320324
8122,-73.89539833,40.80893667,4.675000000978298e-09,0.0002800000000320324
8123,-73.89549833,40.80893333,4.675000000978298e-09,0.0002800000000320324
8124,-73.89571667,40.80892,4.675000000978298e-09,0.0002800000000320324
8125,-73.89583,40.80891,4.675000000978298e-09,0.0002800000000320324
8126,-73.896065,40.80888333,4.675000000978298e-09,0.0002800000000320324
8127,-73.89618167,40.80887,3.6271499999768656e-08,0.0007660690788222095
8128,-73.89629167,40.808855,3.6271499999768656e-08,0.0007660690788222095
8129,-73.89639833,40.80884,3.6271499999768656e-08,0.0007660690788222095
8130,-73.89648333,40.80882667,3.6271499999768656e-08,0.0007660690788222095
8131,-73.896565,40.808805,3.6271499999768656e-08,0.0007660690788222095
8132,-73.89664333,40.80877167,3.6271499999768656e-08,0.0007660690788222095
8133,-73.89669333,40.80872333,3.6271499999768656e-08,0.0007660690788222095
8134,-73.89673333,40.80867833,3.6271499999768656e-08,0.0007660690788222095
8135,-73.89674667,40.808625,3.6271499999768656e-08,0.0007660690788222095
8136,-73.89673333,40.80849667,3.6271499999768656e-08,0.0007660690788222095
8137,-73.89668667,40.808335,3.6271499999768656e-08,0.0007660690788222095
8138,-73.89666167,40.80825,3.6271499999768656e-08,0.0007660690788222095
8139,-73.89664,40.80817167,3.6271499999768656e-08,0.0007660690788222095
8140,-73.89662167,40.80810667,3.6271499999768656e-08,0.0007660690788222095
8141,-73.89661,40.80805833,3.6271499999768656e-08,0.0007660690788222095
8142,-73.89665833,40.80798667,3.6271499999768656e-08,0.0007660690788222095
8143,-73.89671,40.80798,3.6271499999768656e-08,0.0007660690788222095
8144,-73.89678,40.80797667,3.6271499999768656e-08,0.0007660690788222095
8145,-73.89696,40.80795167,3.6271499999768656e-08,0.0007660690788222095
8146,-73.897055,40.80794,8.66450000034121e-09,0.00037780572117429616
8147,-73.89715,40.80792833,8.66450000034121e-09,0.00037780572117429616
8148,-73.89724167,40.80791667,8.66450000034121e-09,0.00037780572117429616
8149,-73.89732167,40.807905,8.66450000034121e-09,0.00037780572117429616
8150,-73.89742833,40.807895,1.2186999999131257e-08,0.00046193577339530896
8151,-73.89746,40.80789167,1.2186999999131257e-08,0.00046193577339530896
8152,-73.89749333,40.80789333,1.2186999999131257e-08,0.00046193577339530896
8153,-73.897525,40.80790333,1.2186999999131257e-08,0.00046193577339530896
8154,-73.89755333,40.80792,1.2186999999131257e-08,0.00046193577339530896
8155,-73.89757167,40.80794667,1.2186999999131257e-08,0.00046193577339530896
8156,-73.89758333,40.80798833,1.2186999999131257e-08,0.00046193577339530896
8157,-73.89759667,40.80804333,1.2186999999131257e-08,0.00046193577339530896
8158,-73.89762333,40.80812167,1.2186999999131257e-08,0.00046193577339530896
8159,-73.89766333,40.80826667,3.6271499999768656e-08,0.0007660690788222095
8160,-73.89769,40.80838167,3.6271499999768656e-08,0.0007660690788222095
8161,-73.89769667,40.80843,3.6271499999768656e-08,0.0007660690788222095
8162,-73.89770333,40.80847,3.6271499999768656e-08,0.0007660690788222095
8163,-73.89770667,40.80848333,3.6271499999768656e-08,0.0007660690788222095
8164,-73.897745,40.80854833,3.6271499999768656e-08,0.0007660690788222095
8165,-73.897755,40.80858833,3.6271499999768656e-08,0.0007660690788222095
8166,-73.89777,40.80865,3.6271499999768656e-08,0.0007660690788222095
8167,-73.89780333,40.80880333,3.6271499999768656e-08,0.0007660690788222095
8168,-73.89782833,40.80889333,3.6271499999768656e-08,0.0007660690788222095
8169,-73.89785333,40.80899167,3.6271499999768656e-08,0.0007660690788222095
8170,-73.89787667,40.80909167,3.6271499999768656e-08,0.0007660690788222095
8171,-73.89790167,40.80919667,3.6271499999768656e-08,0.0007660690788222095
8172,-73.89793,40.80930167,3.6271499999768656e-08,0.0007660690788222095
8173,-73.89795333,40.80940667,3.6271499999768656e-08,0.0007660690788222095
8174,-73.89798167,40.80951667,3.6271499999768656e-08,0.0007660690788222095
8175,-73.898005,40.80962,3.6271499999768656e-08,0.0007660690788222095
8176,-73.89803167,40.809725,3.6271499999768656e-08,0.0007660690788222095
8177,-73.89805333,40.80983,3.6271499999768656e-08,0.0007660690788222095
8178,-73.89808,40.80993167,3.6271499999768656e-08,0.0007660690788222095
8179,-73.898105,40.810025,3.6271499999768656e-08,0.0007660690788222095
8180,-73.89815,40.81018833,3.6271499999768656e-08,0.0007660690788222095
8181,-73.89817667,40.81025167,2.363050000005218e-08,0.0006449359565495736
8182,-73.89821,40.81029667,2.363050000005218e-08,0.0006449359565495736
8183,-73.89830333,40.81037,2.363050000005218e-08,0.0006449359565495736
8184,-73.89835,40.81040833,2.363050000005218e-08,0.0006449359565495736
8185,-73.898395,40.81044833,2.363050000005218e-08,0.0006449359565495736
8186,-73.89845333,40.81048667,2.363050000005218e-08,0.0006449359565495736
8187,-73.89852333,40.81051167,2.363050000005218e-08,0.0006449359565495736
8188,-73.89859,40.81052833,2.363050000005218e-08,0.0006449359565495736
8189,-73.89866833,40.81052167,2.363050000005218e-08,0.0006449359565495736
8190,-73.89888667,40.81048833,2.363050000005218e-08,0.0006449359565495736
8191,-73.89892833,40.81047833,2.206634999998484e-07,0.002303900421614457
8192,-73.898975,40.81045833,2.206634999998484e-07,0.002303900421614457
8193,-73.89902167,40.810425,2.206634999998484e-07,0.002303900421614457
8194,-73.89906333,40.81037667,9.19337499996858e-07,0.006215026925119282
8195,-73.89910833,40.81031333,1.3897009999939863e-06,0.008178374742671564
8196,-73.89914833,40.81024333,1.3897009999939863e-06,0.008178374742671564
8197,-73.89919,40.81016333,1.3897009999939863e-06,0.008178374742671564
8198,-73.89923667,40.81007833,1.3897009999939863e-06,0.008178374742671564
8199,-73.89928167,40.80998833,1.3897009999939863e-06,0.008178374742671564
8200,-73.89932167,40.80989,1.3897009999939863e-06,0.008178374742671564
8201,-73.89934667,40.80979,1.3897009999939863e-06,0.008178374742671564
8202,-73.899355,40.80968333,3.6271499999768656e-08,0.0007660690788222095
8203,-73.89934667,40.809575,3.6271499999768656e-08,0.0007660690788222095
8204,-73.89933167,40.809465,3.6271499999768656e-08,0.0007660690788222095
8205,-73.89930833,40.80935333,1.2186999999131257e-08,0.00046193577339530896
8206,-73.89928,40.80923667,1.2186999999131257e-08,0.00046193577339530896
8207,-73.89925167,40.80911833,1.2186999999131257e-08,0.00046193577339530896
8208,-73.89922,40.80899667,1.2186999999131257e-08,0.00046193577339530896
8209,-73.89919,40.80887333,1.2186999999131257e-08,0.00046193577339530896
8210,-73.89913333,40.80863,1.2186999999131257e-08,0.00046193577339530896
8211,-73.899105,40.80851167,1.2186999999131257e-08,0.00046193577339530896
8212,-73.89907667,40.808395,1.2186999999131257e-08,0.00046193577339530896
8213,-73.89905,40.80828167,1.2186999999131257e-08,0.00046193577339530896
8214,-73.89902167,40.80817,1.2186999999131257e-08,0.00046193577339530896
8215,-73.89899333,40.80806167,1.2186999999131257e-08,0.00046193577339530896
8216,-73.89897,40.80795333,1.2186999999131257e-08,0.00046193577339530896
8217,-73.89893,40.80773333,1.906499999971822e-08,0.0005744322613611729
8218,-73.89891,40.807625,1.906499999971822e-08,0.0005744322613611729
8219,-73.89888667,40.80751667,1.906499999971822e-08,0.0005744322613611729
8220,-73.89886167,40.80741333,1.906499999971822e-08,0.0005744322613611729
8221,-73.898835,40.80731333,1.906499999971822e-08,0.0005744322613611729
8222,-73.898795,40.80712,1.906499999971822e-08,0.0005744322613611729
8223,-73.89877833,40.807015,1.906499999971822e-08,0.0005744322613611729
8224,-73.89875833,40.806905,1.906499999971822e-08,0.0005744322613611729
8225,-73.89873667,40.80679333,1.906499999971822e-08,0.0005744322613611729
8226,-73.89869,40.80657833,1.906499999971822e-08,0.0005744322613611729
8227,-73.89866667,40.80647333,1.906499999971822e-08,0.0005744322613611729
8228,-73.89864333,40.80637167,1.906499999971822e-08,0.0005744322613611729
8229,-73.898625,40.80628167,1.906499999971822e-08,0.0005744322613611729
8230,-73.89861667,40.80620833,1.906499999971822e-08,0.0005744322613611729
8231,-73.89862,40.80615167,1.906499999971822e-08,0.0005744322613611729
8232,-73.89863833,40.80611,1.906499999971822e-08,0.0005744322613611729
8233,-73.89867167,40.80607833,8.758655000037903e-07,0.004683388894147558
8234,-73.89873,40.80606,8.758655000037903e-07,0.004683388894147558
8235,-73.89881,40.80604667,8.758655000037903e-07,0.004683388894147558
8236,-73.89890667,40.806035,8.758655000037903e-07,0.004683388894147558
8237,-73.89908,40.80600667,8.758655000037903e-07,0.004683388894147558
8238,-73.89914167,40.80598833,8.758655000037903e-07,0.004683388894147558
8239,-73.89918,40.80597167,8.758655000037903e-07,0.004683388894147558
8240,-73.89920167,40.80595833,8.758655000037903e-07,0.004683388894147558
8241,-73.89929667,40.80589333,8.758655000037903e-07,0.004683388894147558
8242,-73.89932167,40.80585333,8.758655000037903e-07,0.004683388894147558
8243,-73.89933333,40.8058,8.758655000037903e-07,0.004683388894147558
8244,-73.89933333,40.80573833,8.758655000037903e-07,0.004683388894147558
8245,-73.899325,40.80567,8.758655000037903e-07,0.004683388894147558
8246,-73.89932167,40.80560167,8.758655000037903e-07,0.004683388894147558
8247,-73.89933,40.80554,8.758655000037903e-07,0.004683388894147558
8248,-73.89935,40.80549167,8.758655000037903e-07,0.004683388894147558
8249,-73.8994,40.80545167,8.758655000037903e-07,0.004683388894147558
8250,-73.89956167,40.80539667,8.758655000037903e-07,0.004683388894147558
8251,-73.89964167,40.80537667,8.758655000037903e-07,0.004683388894147558
8252,-73.89970833,40.80536167,8.758655000037903e-07,0.004683388894147558
8253,-73.89975667,40.80535,8.758655000037903e-07,0.004683388894147558
8254,-73.8999,40.80532167,8.758655000037903e-07,0.004683388894147558
8255,-73.89995667,40.80531,8.758655000037903e-07,0.004683388894147558
8256,-73.90011167,40.80527333,1.9212159999936286e-06,0.005822972316157066
8257,-73.90020167,40.80525,1.9212159999936286e-06,0.005822972316157066
8258,-73.90031167,40.80521833,1.9212159999936286e-06,0.005822972316157066
8259,-73.90043,40.80519,1.9212159999936286e-06,0.005822972316157066
8260,-73.90056,40.80516167,1.9212159999936286e-06,0.005822972316157066
8261,-73.90069833,40.80513833,1.9212159999936286e-06,0.005822972316157066
8262,-73.90083833,40.80511833,1.9212159999936286e-06,0.005822972316157066
8263,-73.90113,40.80508333,1.9212159999936286e-06,0.005822972316157066
8264,-73.90127333,40.80506667,1.9212159999936286e-06,0.005822972316157066
8265,-73.90141833,40.80504833,1.9212159999936286e-06,0.005822972316157066
8266,-73.901555,40.80503333,1.9212159999936286e-06,0.005822972316157066
8267,-73.90168,40.80502,1.9212159999936286e-06,0.005822972316157066
8268,-73.90178833,40.80501,1.9212159999936286e-06,0.005822972316157066
8269,-73.90188333,40.805005,4.2963999999107386e-08,0.0008995178243806084
8270,-73.90196667,40.80501,4.2963999999107386e-08,0.0008995178243806084
8271,-73.90204,40.80502667,4.2963999999107386e-08,0.0008995178243806084
8272,-73.9021,40.80504167,4.2963999999107386e-08,0.0008995178243806084
8273,-73.90215,40.80505167,4.2963999999107386e-08,0.0008995178243806084
8274,-73.90221667,40.805125,4.2963999999107386e-08,0.0008995178243806084
8275,-73.90223,40.80523333,4.2963999999107386e-08,0.0008995178243806084
8276,-73.90224167,40.80530333,4.2963999999107386e-08,0.0008995178243806084
8277,-73.902255,40.805385,4.2963999999107386e-08,0.0008995178243806084
8278,-73.90227833,40.80557667,4.2963999999107386e-08,0.0008995178243806084
8279,-73.902295,40.80568,4.2963999999107386e-08,0.0008995178243806084
8280,-73.90231167,40.80580333,4.2963999999107386e-08,0.0008995178243806084
8281,-73.90232833,40.80592,4.2963999999107386e-08,0.0008995178243806084
8282,-73.90234667,40.80602833,4.2963999999107386e-08,0.0008995178243806084
8283,-73.902385,40.80623667,4.2963999999107386e-08,0.0008995178243806084
8284,-73.90240333,40.80633667,4.2963999999107386e-08,0.0008995178243806084
8285,-73.90241833,40.80641833,4.2963999999107386e-08,0.0008995178243806084
8286,-73.902425,40.806495,4.2963999999107386e-08,0.0008995178243806084
8287,-73.902425,40.80655833,4.2963999999107386e-08,0.0008995178243806084
8288,-73.90242667,40.806615,4.2963999999107386e-08,0.0008995178243806084
8289,-73.90243667,40.806665,4.2963999999107386e-08,0.0008995178243806084
8290,-73.90244833,40.80670667,4.2963999999107386e-08,0.0008995178243806084
8291,-73.90245833,40.80673333,4.2963999999107386e-08,0.0008995178243806084
8292,-73.90246667,40.80674833,4.2963999999107386e-08,0.0008995178243806084
8293,-73.90252167,40.80691167,4.2963999999107386e-08,0.0008995178243806084
8294,-73.90253833,40.80697333,2.5548000000725896e-08,0.0006756978645852712
8295,-73.90255333,40.807055,2.5548000000725896e-08,0.0006756978645852712
8296,-73.902575,40.807145,2.5548000000725896e-08,0.0006756978645852712
8297,-73.902595,40.80724333,2.5548000000725896e-08,0.0006756978645852712
8298,-73.90265167,40.80753167,2.5548000000725896e-08,0.0006756978645852712
8299,-73.90267167,40.80762167,2.5548000000725896e-08,0.0006756978645852712
8300,-73.90268667,40.807715,2.5548000000725896e-08,0.0006756978645852712
8301,-73.90270167,40.80780667,2.5548000000725896e-08,0.0006756978645852712
8302,-73.90271333,40.80790167,2.5548000000725896e-08,0.0006756978645852712
8303,-73.90273,40.807995,2.5548000000725896e-08,0.0006756978645852712
8304,-73.90275833,40.80817833,2.5548000000725896e-08,0.0006756978645852712
8305,-73.90276833,40.80826,2.5548000000725896e-08,0.0006756978645852712
8306,-73.90278333,40.80834167,2.5548000000725896e-08,0.0006756978645852712
8307,-73.902795,40.80841833,2.5548000000725896e-08,0.0006756978645852712
8308,-73.90283,40.808655,2.5548000000725896e-08,0.0006756978645852712
8309,-73.90285,40.80873333,2.5548000000725896e-08,0.0006756978645852712
8310,-73.90286833,40.80881167,2.5548000000725896e-08,0.0006756978645852712
8311,-73.902885,40.80888833,2.5548000000725896e-08,0.0006756978645852712
8312,-73.90290333,40.80897,2.5548000000725896e-08,0.0006756978645852712
8313,-73.90291667,40.809035,2.5548000000725896e-08,0.0006756978645852712
8314,-73.90293,40.80908667,2.5548000000725896e-08,0.0006756978645852712
8315,-73.90293833,40.809125,2.5548000000725896e-08,0.0006756978645852712
8316,-73.902945,40.80918,2.5548000000725896e-08,0.0006756978645852712
8317,-73.90295167,40.809335,2.5548000000725896e-08,0.0006756978645852712
8318,-73.90296833,40.80936833,2.5548000000725896e-08,0.0006756978645852712
8319,-73.903,40.80941333,2.5548000000725896e-08,0.0006756978645852712
8320,-73.90306667,40.80948333,2.5548000000725896e-08,0.0006756978645852712
8321,-73.90317333,40.80958667,5.588304999977032e-07,0.003761049847894898
8322,-73.90323167,40.80959,5.588304999977032e-07,0.003761049847894898
8323,-73.90329667,40.80957167,1.1409950000053687e-06,0.009617649588666224
8324,-73.90336333,40.80953333,1.1409950000053687e-06,0.009617649588666224
8325,-73.90344,40.80948667,1.1409950000053687e-06,0.009617649588666224
8326,-73.90361833,40.80937333,1.1409950000053687e-06,0.009617649588666224
8327,-73.90381667,40.80923,1.1409950000053687e-06,0.009617649588666224
8328,-73.90393167,40.80914833,1.1409950000053687e-06,0.009617649588666224
8329,-73.904045,40.809065,1.1409950000053687e-06,0.009617649588666224
8330,-73.90416167,40.80898333,1.1409950000053687e-06,0.009617649588666224
8331,-73.90441167,40.80881667,1.1409950000053687e-06,0.009617649588666224
8332,-73.90454167,40.80872667,1.1409950000053687e-06,0.009617649588666224
8333,-73.90467333,40.80864,1.1409950000053687e-06,0.009617649588666224
8334,-73.90480167,40.80855167,6.503000000455487e-09,0.0003328128226692376
8335,-73.90493167,40.80846,6.503000000455487e-09,0.0003328128226692376
8336,-73.90519833,40.80826167,6.503000000455487e-09,0.0003328128226692376
8337,-73.905735,40.80787,8.086894999956193e-07,0.0053087502924755925
8338,-73.90585833,40.80777833,8.086894999956193e-07,0.0053087502924755925
8339,-73.90598167,40.80769,8.086894999956193e-07,0.0053087502924755925
8340,-73.90610333,40.80760333,8.086894999956193e-07,0.0053087502924755925
8341,-73.90622333,40.80752,8.086894999956193e-07,0.0053087502924755925
8342,-73.906345,40.80743833,8.086894999956193e-07,0.0053087502924755925
8343,-73.90645833,40.80736333,8.086894999956193e-07,0.0053087502924755925
8344,-73.90656667,40.80729667,8.086894999956193e-07,0.0053087502924755925
8345,-73.90678333,40.80718833,3.788299999916667e-08,0.0010944673143163113
8346,-73.906895,40.80714,3.788299999916667e-08,0.0010944673143163113
8347,-73.90700833,40.80709,3.788299999916667e-08,0.0010944673143163113
8348,-73.90713333,40.807035,3.788299999916667e-08,0.0010944673143163113
8349,-73.90726167,40.80698167,2.5413000001109154e-08,0.00072529735094877
8350,-73.9074,40.80692833,2.5413000001109154e-08,0.00072529735094877
8351,-73.90753667,40.80687333,2.5413000001109154e-08,0.00072529735094877
8352,-73.90767667,40.80682,2.5413000001109154e-08,0.00072529735094877
8353,-73.90782,40.80676333,2.5413000001109154e-08,0.00072529735094877
8354,-73.90796833,40.80670833,2.5413000001109154e-08,0.00072529735094877
8355,-73.91023667,40.80574,1.0781084999946616e-06,0.006960829443834778
8356,-73.91030833,40.80570833,1.0781084999946616e-06,0.006960829443834778
8357,-73.91035833,40.80568333,1.0781084999946616e-06,0.006960829443834778
8358,-73.91038333,40.80567167,1.0781084999946616e-06,0.006960829443834778
8359,-73.910395,40.80566333,1.0781084999946616e-06,0.006960829443834778
8360,-73.91046167,40.805645,1.0781084999946616e-06,0.006960829443834778
8361,-73.91053167,40.80562167,3.547899999985175e-08,0.001131198374394462
8362,-73.91061833,40.805585,3.547899999985175e-08,0.001131198374394462
8363,-73.91072,40.80554,3.547899999985175e-08,0.001131198374394462
8364,-73.91083167,40.80549333,3.547899999985175e-08,0.001131198374394462
8365,-73.91094833,40.80544167,3.547899999985175e-08,0.001131198374394462
8366,-73.91116667,40.80534,3.547899999985175e-08,0.001131198374394462
8367,-73.91135167,40.80525,3.547899999985175e-08,0.001131198374394462
8368,-73.91143333,40.80521333,3.547899999985175e-08,0.001131198374394462
8369,-73.911515,40.80517833,3.547899999985175e-08,0.001131198374394462
8370,-73.91160167,40.805145,3.547899999985175e-08,0.001131198374394462
8371,-73.91168833,40.80511333,1.961299999990162e-07,0.0024107642849891023
8372,-73.91176833,40.805085,1.961299999990162e-07,0.0024107642849891023
8373,-73.91183,40.80505167,1.961299999990162e-07,0.0024107642849891023
8374,-73.91189333,40.80502167,1.961299999990162e-07,0.0024107642849891023
8375,-73.91196333,40.804995,1.961299999990162e-07,0.0024107642849891023
8376,-73.91203667,40.80496667,1.961299999990162e-07,0.0024107642849891023
8377,-73.93983833,40.78972,5.576050000068899e-08,0.0010806976908830706
8378,-73.93988333,40.78974333,5.576050000068899e-08,0.0010806976908830706
8379,-73.93991833,40.78976333,5.576050000068899e-08,0.0010806976908830706
8380,-73.939945,40.78977833,5.576050000068899e-08,0.0010806976908830706
8381,-73.93997667,40.78979167,5.576050000068899e-08,0.0010806976908830706
8382,-73.94005833,40.78981667,5.576050000068899e-08,0.0010806976908830706
8383,-73.94009833,40.78983167,5.576050000068899e-08,0.0010806976908830706
8384,-73.940135,40.78985167,5.576050000068899e-08,0.0010806976908830706
8385,-73.94018833,40.78987333,5.576050000068899e-08,0.0010806976908830706
8386,-73.94022167,40.78988667,5.576050000068899e-08,0.0010806976908830706
8387,-73.94026333,40.78989667,5.576050000068899e-08,0.0010806976908830706
8388,-73.94031333,40.78989333,8.51849999992736e-09,0.00038932507817728137
8389,-73.94037,40.789905,8.51849999992736e-09,0.00038932507817728137
8390,-73.94042833,40.78992,8.51849999992736e-09,0.00038932507817728137
8391,-73.94048833,40.78993167,8.51849999992736e-09,0.00038932507817728137
8392,-73.94062167,40.78997,8.51849999992736e-09,0.00038932507817728137
8393,-73.94069667,40.789995,5.6083000000261336e-08,0.0010854895093096299
8394,-73.94077833,40.79002833,5.6083000000261336e-08,0.0010854895093096299
8395,-73.94085833,40.79005667,5.6083000000261336e-08,0.0010854895093096299
8396,-73.94093833,40.79008667,5.6083000000261336e-08,0.0010854895093096299
8397,-73.941015,40.79011667,5.6083000000261336e-08,0.0010854895093096299
8398,-73.94115333,40.79017667,5.6083000000261336e-08,0.0010854895093096299
8399,-73.94121833,40.79019833,5.6083000000261336e-08,0.0010854895093096299
8400,-73.94130167,40.79022333,5.6083000000261336e-08,0.0010854895093096299
8401,-73.94138833,40.79024333,4.5568699999633917e-07,0.004975724328890062
8402,-73.94147,40.79026167,4.5568699999633917e-07,0.004975724328890062
8403,-73.941555,40.79028667,4.5568699999633917e-07,0.004975724328890062
8404,-73.941635,40.79031833,5.671650000082834e-08,0.0010925986848951312
8405,-73.94177167,40.79039167,5.671650000082834e-08,0.0010925986848951312
8406,-73.94187167,40.79046,5.671650000082834e-08,0.0010925986848951312
8407,-73.94190667,40.79048667,5.671650000082834e-08,0.0010925986848951312
8408,-73.94213167,40.79053833,5.7289999999033786e-08,0.0010975175239508082
8409,-73.94220667,40.79056333,5.7289999999033786e-08,0.0010975175239508082
8410,-73.94228,40.79059333,5.7289999999033786e-08,0.0010975175239508082
8411,-73.94235,40.79062167,5.7289999999033786e-08,0.0010975175239508082
8412,-73.94241667,40.79065,1.8016349999866223e-07,0.0021752647969101625
8413,-73.94248667,40.79068667,1.8016349999866223e-07,0.0021752647969101625
8414,-73.94255833,40.79072,1.8016349999866223e-07,0.0021752647969101625
8415,-73.94272,40.79079,1.8016349999866223e-07,0.0021752647969101625
8416,-73.94281167,40.79082833,1.8016349999866223e-07,0.0021752647969101625
8417,-73.94299667,40.790905,1.8016349999866223e-07,0.0021752647969101625
8418,-73.94326,40.79102,6.775824999995204e-07,0.006421420750279917
8419,-73.94343,40.79109833,6.775824999995204e-07,0.006421420750279917
8420,-73.94350667,40.791145,6.775824999995204e-07,0.006421420750279917
8421,-73.94360167,40.79118667,6.775824999995204e-07,0.006421420750279917
8422,-73.94369333,40.79122667,6.775824999995204e-07,0.006421420750279917
8423,-73.94378,40.791265,6.775824999995204e-07,0.006421420750279917
8424,-73.94386,40.79130167,8.193979999999853e-07,0.007166219071682706
8425,-73.94393333,40.79133667,8.193979999999853e-07,0.007166219071682706
8426,-73.944005,40.79137167,8.193979999999853e-07,0.007166219071682706
8427,-73.94406333,40.79140667,8.193979999999853e-07,0.007166219071682706
8428,-73.94411,40.79143667,8.193979999999853e-07,0.007166219071682706
8429,-73.94414667,40.791465,8.193979999999853e-07,0.007166219071682706
8430,-73.94418167,40.79148,8.193979999999853e-07,0.007166219071682706
8431,-73.94420167,40.79148667,8.193979999999853e-07,0.007166219071682706
8432,-73.944255,40.79153,1.457334999997983e-07,0.0016992053118191244
8433,-73.94431667,40.791545,1.457334999997983e-07,0.0016992053118191244
8434,-73.94438667,40.791565,1.457334999997983e-07,0.0016992053118191244
8435,-73.94446333,40.79159,1.457334999997983e-07,0.0016992053118191244
8436,-73.94454167,40.79161333,1.457334999997983e-07,0.0016992053118191244
8437,-73.944615,40.79164167,1.457334999997983e-07,0.0016992053118191244
8438,-73.94469,40.79167333,1.457334999997983e-07,0.0016992053118191244
8439,-73.94476833,40.79170833,1.457334999997983e-07,0.0016992053118191244
8440,-73.94485167,40.79174333,1.457334999997983e-07,0.0016992053118191244
8441,-73.94493167,40.791775,1.457334999997983e-07,0.0016992053118191244
8442,-73.94501333,40.79180833,1.457334999997983e-07,0.0016992053118191244
8443,-73.94509333,40.79184,1.457334999997983e-07,0.0016992053118191244
8444,-73.94532333,40.791935,3.476179999943099e-07,0.003564569341953701
8445,-73.94547,40.79200333,3.476179999943099e-07,0.003564569341953701
8446,-73.94553833,40.79203667,3.476179999943099e-07,0.003564569341953701
8447,-73.94560833,40.792065,3.476179999943099e-07,0.003564569341953701
8448,-73.945675,40.79209,3.476179999943099e-07,0.003564569341953701
8449,-73.94574167,40.792115,3.476179999943099e-07,0.003564569341953701
8450,-73.945805,40.79213833,3.476179999943099e-07,0.003564569341953701
8451,-73.94586833,40.79216167,3.476179999943099e-07,0.003564569341953701
8452,-73.94593333,40.79218667,1.7213499999659814e-08,0.0005818823719721813
8453,-73.94600667,40.792215,1.7213499999659814e-08,0.0005818823719721813
8454,-73.946085,40.79224667,1.7213499999659814e-08,0.0005818823719721813
8455,-73.94616833,40.792285,1.7213499999659814e-08,0.0005818823719721813
8456,-73.94625833,40.79232,1.7213499999659814e-08,0.0005818823719721813
8457,-73.94634667,40.792355,1.7213499999659814e-08,0.0005818823719721813
8458,-73.94643667,40.79239167,1.1828400000122047e-07,0.0015601152183307328
8459,-73.94652167,40.79242333,1.1828400000122047e-07,0.0015601152183307328
8460,-73.946605,40.79245333,1.1828400000122047e-07,0.0015601152183307328
8461,-73.94668667,40.79248333,6.629090000002396e-07,0.006557320447965492
8462,-73.94676,40.79251333,6.629090000002396e-07,0.006557320447965492
8463,-73.94689667,40.79257,6.629090000002396e-07,0.006557320447965492
8464,-73.94696667,40.7926,6.629090000002396e-07,0.006557320447965492
8465,-73.94703833,40.79263167,6.629090000002396e-07,0.006557320447965492
8466,-73.94710833,40.79266167,6.629090000002396e-07,0.006557320447965492
8467,-73.94718,40.792695,6.629090000002396e-07,0.006557320447965492
8468,-73.94725833,40.792725,2.8390299999748206e-07,0.00356433032721871
8469,-73.94734,40.79275833,2.8390299999748206e-07,0.00356433032721871
8470,-73.94743,40.79279,2.8390299999748206e-07,0.00356433032721871
8471,-73.94751833,40.79282,2.8390299999748206e-07,0.00356433032721871
8472,-73.94759833,40.792865,5.6708999999661844e-08,0.0011446231891267965
8473,-73.94767833,40.79290167,5.6708999999661844e-08,0.0011446231891267965
8474,-73.947795,40.79295167,5.6708999999661844e-08,0.0011446231891267965
8475,-73.94784,40.79297,5.6708999999661844e-08,0.0011446231891267965
8476,-73.94788,40.79298667,6.999900000031825e-08,0.0014921919519361123
8477,-73.94792,40.793005,6.999900000031825e-08,0.0014921919519361123
8478,-73.94792667,40.79300833,6.999900000031825e-08,0.0014921919519361123
8479,-73.94801,40.79305833,6.999900000031825e-08,0.0014921919519361123
8480,-73.94803,40.79308,6.999900000031825e-08,0.0014921919519361123
8481,-73.948115,40.79313333,6.999900000031825e-08,0.0014921919519361123
8482,-73.94815,40.79314667,6.999900000031825e-08,0.0014921919519361123
8483,-73.94817167,40.79315333,6.999900000031825e-08,0.0014921919519361123
8484,-73.94820333,40.79316833,6.999900000031825e-08,0.0014921919519361123
8485,-73.94825333,40.793185,6.999900000031825e-08,0.0014921919519361123
8486,-73.94832,40.79320833,6.999900000031825e-08,0.0014921919519361123
8487,-73.94840333,40.79323667,6.999900000031825e-08,0.0014921919519361123
8488,-73.94849,40.79327167,6.999900000031825e-08,0.0014921919519361123
8489,-73.94859167,40.79331,6.999900000031825e-08,0.0014921919519361123
8490,-73.94869833,40.79334833,4.5111850000146673e-07,0.0038944726072068347
8491,-73.94880833,40.79338667,4.5111850000146673e-07,0.0038944726072068347
8492,-73.94891833,40.79342833,4.5111850000146673e-07,0.0038944726072068347
8493,-73.94902,40.793475,4.5111850000146673e-07,0.0038944726072068347
8494,-73.94918667,40.793555,1.1473500000045392e-07,0.001717531742320919
8495,-73.94924,40.79358,1.1473500000045392e-07,0.001717531742320919
8496,-73.94927,40.793595,1.1473500000045392e-07,0.001717531742320919
8497,-73.94928667,40.79359833,1.1473500000045392e-07,0.001717531742320919
8498,-73.94932167,40.79366333,1.1473500000045392e-07,0.001717531742320919
8499,-73.949325,40.79372333,1.1473500000045392e-07,0.001717531742320919
8500,-73.94931167,40.79378,1.1473500000045392e-07,0.001717531742320919
8501,-73.94928833,40.79384167,4.5111850000146673e-07,0.0038944726072068347
8502,-73.94925167,40.79390667,4.5111850000146673e-07,0.0038944726072068347
8503,-73.949205,40.79397167,4.5111850000146673e-07,0.0038944726072068347
8504,-73.94916333,40.79403833,4.5111850000146673e-07,0.0038944726072068347
8505,-73.949115,40.79409833,4.5111850000146673e-07,0.0038944726072068347
8506,-73.949075,40.79417667,1.9820249999931224e-07,0.002071317288610633
8507,-73.94905167,40.79419667,1.9820249999931224e-07,0.002071317288610633
8508,-73.949015,40.79424167,1.9820249999931224e-07,0.002071317288610633
8509,-73.94897,40.79429667,1.9820249999931224e-07,0.002071317288610633
8510,-73.94882667,40.79448167,1.9820249999931224e-07,0.002071317288610633
8511,-73.94876833,40.794535,7.64859999990249e-08,0.001406930296253778
8512,-73.94872333,40.79459,7.64859999990249e-08,0.001406930296253778
8513,-73.94868667,40.79464167,7.64859999990249e-08,0.001406930296253778
8514,-73.94865,40.79467833,7.64859999990249e-08,0.001406930296253778
8515,-73.94861667,40.79470833,7.64859999990249e-08,0.001406930296253778
8516,-73.94858667,40.79473,7.64859999990249e-08,0.001406930296253778
8517,-73.94855333,40.79475333,7.64859999990249e-08,0.001406930296253778
8518,-73.94852333,40.79478333,7.64859999990249e-08,0.001406930296253778
8519,-73.94840667,40.79493167,3.57645000002895e-08,0.0007868249082895072
8520,-73.94836167,40.795,3.57645000002895e-08,0.0007868249082895072
8521,-73.94831167,40.79507167,3.57645000002895e-08,0.0007868249082895072
8522,-73.94816167,40.795285,3.062950000017666e-07,0.0032630517872934226
8523,-73.94811833,40.79535667,3.062950000017666e-07,0.0032630517872934226
8524,-73.947945,40.79566167,6.849549999974251e-08,0.0012653448911493436
8525,-73.94789167,40.79574167,6.849549999974251e-08,0.0012653448911493436
8526,-73.94783,40.79582,6.849549999974251e-08,0.0012653448911493436
8527,-73.94776167,40.79590167,6.849549999974251e-08,0.0012653448911493436
8528,-73.94771667,40.795975,6.849549999974251e-08,0.0012653448911493436
8529,-73.94767333,40.79604,6.849549999974251e-08,0.0012653448911493436
8530,-73.94763667,40.79609167,6.849549999974251e-08,0.0012653448911493436
8531,-73.947655,40.79618333,1.7230000000898106e-08,0.0006011063837308519
8532,-73.94769833,40.79620833,3.6623100000200905e-07,0.0025261841261840054
8533,-73.94775167,40.796235,3.6623100000200905e-07,0.0025261841261840054
8534,-73.94781833,40.79627,3.6623100000200905e-07,0.0025261841261840054
8535,-73.94789,40.796315,3.6623100000200905e-07,0.0025261841261840054
8536,-73.94798333,40.79636,3.6623100000200905e-07,0.0025261841261840054
8537,-73.94808667,40.79640167,3.6623100000200905e-07,0.0025261841261840054
8538,-73.94819333,40.79643833,3.6623100000200905e-07,0.0025261841261840054
8539,-73.948305,40.796475,6.905450000090953e-08,0.0010675674551817906
8540,-73.94841167,40.79649167,6.905450000090953e-08,0.0010675674551817906
8541,-73.94851333,40.79650667,6.905450000090953e-08,0.0010675674551817906
8542,-73.94859833,40.79652333,6.905450000090953e-08,0.0010675674551817906
8543,-73.94866167,40.79654,6.905450000090953e-08,0.0010675674551817906
8544,-73.948705,40.79656333,6.905450000090953e-08,0.0010675674551817906
8545,-73.94874667,40.79658667,6.905450000090953e-08,0.0010675674551817906
8546,-73.94878333,40.796605,6.905450000090953e-08,0.0010675674551817906
8547,-73.94880167,40.79665167,6.905450000090953e-08,0.0010675674551817906
8548,-73.94882,40.79670333,6.905450000090953e-08,0.0010675674551817906
8549,-73.948835,40.79681333,6.905450000090953e-08,0.0010675674551817906
8550,-73.94882667,40.79685667,6.905450000090953e-08,0.0010675674551817906
8551,-73.948845,40.79689333,7.22985000005552e-08,0.00111734925847882
8552,-73.948865,40.796905,7.22985000005552e-08,0.00111734925847882
8553,-73.94901,40.79691,7.22985000005552e-08,0.00111734925847882
8554,-73.94906833,40.79694667,7.22985000005552e-08,0.00111734925847882
8555,-73.94913333,40.79696667,4.6434999998903554e-08,0.0009466340118167055
8556,-73.94920833,40.79697667,4.6434999998903554e-08,0.0009466340118167055
8557,-73.94936,40.79699333,4.6434999998903554e-08,0.0009466340118167055
8558,-73.94944333,40.79699167,4.6434999998903554e-08,0.0009466340118167055
8559,-73.94952,40.79700333,4.6434999998903554e-08,0.0009466340118167055
8560,-73.94959333,40.797025,4.6434999998903554e-08,0.0009466340118167055
8561,-73.94967,40.79707167,4.6434999998903554e-08,0.0009466340118167055
8562,-73.949755,40.79711833,4.6434999998903554e-08,0.0009466340118167055
8563,-73.94984667,40.79717,4.6434999998903554e-08,0.0009466340118167055
8564,-73.94994833,40.79721667,4.6434999998903554e-08,0.0009466340118167055
8565,-73.950055,40.797265,4.6434999998903554e-08,0.0009466340118167055
8566,-73.95016833,40.79731333,1.0956865000016654e-06,0.01181401897524605
8567,-73.95028,40.79736167,1.0956865000016654e-06,0.01181401897524605
8568,-73.950395,40.79740667,1.0956865000016654e-06,0.01181401897524605
8569,-73.95051333,40.79745333,1.0956865000016654e-06,0.01181401897524605
8570,-73.95063333,40.79750333,1.0956865000016654e-06,0.01181401897524605
8571,-73.95087167,40.79760333,1.0956865000016654e-06,0.01181401897524605
8572,-73.95098833,40.79765333,1.0956865000016654e-06,0.01181401897524605
8573,-73.95125333,40.79776667,1.0956865000016654e-06,0.01181401897524605
8574,-73.9513,40.79778333,1.0956865000016654e-06,0.01181401897524605
8575,-73.95132333,40.797795,1.0956865000016654e-06,0.01181401897524605
8576,-73.9514,40.79784167,1.0956865000016654e-06,0.01181401897524605
8577,-73.95144667,40.79786167,1.0956865000016654e-06,0.01181401897524605
8578,-73.95151333,40.797885,1.0956865000016654e-06,0.01181401897524605
8579,-73.95158833,40.797915,3.735500000069594e-08,0.0008966738550622328
8580,-73.95166167,40.79794667,3.735500000069594e-08,0.0008966738550622328
8581,-73.95173833,40.79797833,3.735500000069594e-08,0.0008966738550622328
8582,-73.951805,40.798005,3.735500000069594e-08,0.0008966738550622328
8583,-73.95186167,40.798025,3.735500000069594e-08,0.0008966738550622328
8584,-73.95190167,40.79804167,3.735500000069594e-08,0.0008966738550622328
8585,-73.95206667,40.79812,3.0104849999845514e-07,0.0033207877297122147
8586,-73.95213167,40.79815167,3.0104849999845514e-07,0.0033207877297122147
8587,-73.95221333,40.79819167,1.478944999994414e-07,0.0017280137098794417
8588,-73.95230667,40.79823333,1.478944999994414e-07,0.0017280137098794417
8589,-73.95241,40.79827667,1.478944999994414e-07,0.0017280137098794417
8590,-73.95843833,40.80039333,3.0516549999974987e-07,0.00405728719732524
8591,-73.95844167,40.80033,2.665625000048833e-07,0.003253547232473555
8592,-73.95847,40.800265,2.665625000048833e-07,0.003253547232473555
8593,-73.95850833,40.80019667,2.665625000048833e-07,0.003253547232473555
8594,-73.95856833,40.80013,2.665625000048833e-07,0.003253547232473555
8595,-73.958625,40.80005667,2.665625000048833e-07,0.003253547232473555
8596,-73.95868667,40.79997667,2.665625000048833e-07,0.003253547232473555
8597,-73.95875333,40.799895,7.348289999960058e-07,0.005357605436712673
8598,-73.95888333,40.79973167,7.348289999960058e-07,0.005357605436712673
8599,-73.95895167,40.79964333,7.348289999960058e-07,0.005357605436712673
8600,-73.95901667,40.79955333,7.348289999960058e-07,0.005357605436712673
8601,-73.95909333,40.79946833,7.348289999960058e-07,0.005357605436712673
8602,-73.95916333,40.799385,3.536840000018463e-07,0.0030920531626180752
8603,-73.95923,40.7993,3.536840000018463e-07,0.0030920531626180752
8604,-73.959355,40.79913167,3.536840000018463e-07,0.0030920531626180752
8605,-73.95941667,40.79905167,3.536840000018463e-07,0.0030920531626180752
8606,-73.95947333,40.79897667,3.536840000018463e-07,0.0030920531626180752
8607,-73.95953167,40.798905,3.536840000018463e-07,0.0030920531626180752
8608,-73.95964667,40.798755,3.536840000018463e-07,0.0030920531626180752
8609,-73.95977167,40.79859,4.939085000026039e-07,0.004440489681464069
8610,-73.96003667,40.79825667,4.939085000026039e-07,0.004440489681464069
8611,-73.960105,40.798175,4.939085000026039e-07,0.004440489681464069
8612,-73.960165,40.798095,4.939085000026039e-07,0.004440489681464069
8613,-73.96022,40.79802,4.939085000026039e-07,0.004440489681464069
8614,-73.96031667,40.79789,4.542860000025717e-07,0.005466741987853943
8615,-73.96036167,40.79783667,4.542860000025717e-07,0.005466741987853943
8616,-73.96039667,40.79778833,4.542860000025717e-07,0.005466741987853943
8617,-73.96043,40.79774667,4.542860000025717e-07,0.005466741987853943
8618,-73.96046,40.79770667,4.542860000025717e-07,0.005466741987853943
8619,-73.960485,40.79767,4.542860000025717e-07,0.005466741987853943
8620,-73.96051,40.797635,4.542860000025717e-07,0.005466741987853943
8621,-73.96052833,40.79759833,4.542860000025717e-07,0.005466741987853943
8622,-73.960555,40.79756333,4.542860000025717e-07,0.005466741987853943
8623,-73.96065,40.79752,4.542860000025717e-07,0.005466741987853943
8624,-73.96071,40.79751833,4.542860000025717e-07,0.005466741987853943
8625,-73.96077,40.79753,4.542860000025717e-07,0.005466741987853943
8626,-73.96083167,40.79754833,4.542860000025717e-07,0.005466741987853943
8627,-73.960895,40.79757,4.542860000025717e-07,0.005466741987853943
8628,-73.96096333,40.79759167,4.542860000025717e-07,0.005466741987853943
8629,-73.961035,40.79761167,4.542860000025717e-07,0.005466741987853943
8630,-73.96110333,40.79763667,5.3755500000378936e-08,0.0011780906034223482
8631,-73.96117333,40.79766167,5.3755500000378936e-08,0.0011780906034223482
8632,-73.96123333,40.79767833,5.3755500000378936e-08,0.0011780906034223482
8633,-73.96128,40.79769167,5.3755500000378936e-08,0.0011780906034223482
8634,-73.96132667,40.79770667,5.3755500000378936e-08,0.0011780906034223482
8635,-73.96140833,40.79773167,5.3755500000378936e-08,0.0011780906034223482
8636,-73.96146667,40.79777,5.3755500000378936e-08,0.0011780906034223482
8637,-73.96149167,40.79778,5.3755500000378936e-08,0.0011780906034223482
8638,-73.96156333,40.79781167,5.3755500000378936e-08,0.0011780906034223482
8639,-73.96159667,40.79782833,5.3755500000378936e-08,0.0011780906034223482
8640,-73.96167167,40.79788333,5.3755500000378936e-08,0.0011780906034223482
8641,-73.96171333,40.79790333,5.3755500000378936e-08,0.0011780906034223482
8642,-73.96174667,40.79792,5.3755500000378936e-08,0.0011780906034223482
8643,-73.961915,40.79800833,5.3755500000378936e-08,0.0011780906034223482
8644,-73.962,40.79804167,1.1980350000222345e-07,0.0017277081484778456
8645,-73.96208667,40.79807833,1.1980350000222345e-07,0.0017277081484778456
8646,-73.96218167,40.79812,1.1980350000222345e-07,0.0017277081484778456
8647,-73.96239333,40.79820167,1.6949299999923817e-07,0.0019200376397914619
8648,-73.96250833,40.798235,1.6949299999923817e-07,0.0019200376397914619
8649,-73.96261167,40.798265,1.6949299999923817e-07,0.0019200376397914619
8650,-73.96271333,40.798295,1.6949299999923817e-07,0.0019200376397914619
8651,-73.96280667,40.79833833,1.6949299999923817e-07,0.0019200376397914619
8652,-73.962905,40.79838,1.6949299999923817e-07,0.0019200376397914619
8653,-73.962995,40.79842,1.6949299999923817e-07,0.0019200376397914619
8654,-73.96306333,40.79845833,2.561454999982603e-07,0.003114989430758831
8655,-73.96311333,40.79848167,2.561454999982603e-07,0.003114989430758831
8656,-73.96324333,40.79856,2.561454999982603e-07,0.003114989430758831
8657,-73.96333333,40.79859167,2.561454999982603e-07,0.003114989430758831
8658,-73.96343333,40.79863167,2.561454999982603e-07,0.003114989430758831
8659,-73.96354,40.79868,2.561454999982603e-07,0.003114989430758831
8660,-73.96373833,40.79876,1.1774864999955957e-06,0.0063703929789745055
8661,-73.96382167,40.79878667,1.1774864999955957e-06,0.0063703929789745055
8662,-73.963965,40.79883,1.1774864999955957e-06,0.0063703929789745055
8663,-73.96409667,40.79888,1.1774864999955957e-06,0.0063703929789745055
8664,-73.96416167,40.79891167,1.1774864999955957e-06,0.0063703929789745055
8665,-73.96430833,40.79897667,1.1774864999955957e-06,0.0063703929789745055
8666,-73.96438333,40.79900833,1.1774864999955957e-06,0.0063703929789745055
8667,-73.96446167,40.79904,1.1774864999955957e-06,0.0063703929789745055
8668,-73.96463667,40.79911333,1.2821674999958608e-06,0.010337292445761486
8669,-73.96491167,40.79922167,1.2821674999958608e-06,0.010337292445761486
8670,-73.965005,40.799245,1.2821674999958608e-06,0.010337292445761486
8671,-73.96507667,40.799275,1.2821674999958608e-06,0.010337292445761486
8672,-73.96514167,40.79928333,1.2821674999958608e-06,0.010337292445761486
8673,-73.96520667,40.79929167,1.2821674999958608e-06,0.010337292445761486
8674,-73.96536333,40.79934833,3.413250000088842e-08,0.0007736344776967055
8675,-73.96545,40.799385,3.413250000088842e-08,0.0007736344776967055
8676,-73.96554167,40.79941833,3.413250000088842e-08,0.0007736344776967055
8677,-73.96564,40.79945333,3.413250000088842e-08,0.0007736344776967055
8678,-73.965735,40.79949167,3.413250000088842e-08,0.0007736344776967055
8679,-73.96583167,40.799525,3.413250000088842e-08,0.0007736344776967055
8680,-73.965905,40.799575,3.413250000088842e-08,0.0007736344776967055
8681,-73.96596833,40.79961667,3.413250000088842e-08,0.0007736344776967055
8682,-73.96601167,40.79964667,3.413250000088842e-08,0.0007736344776967055
8683,-73.96604,40.79966667,3.413250000088842e-08,0.0007736344776967055
8684,-73.96606,40.79971167,3.413250000088842e-08,0.0007736344776967055
8685,-73.966115,40.79973667,3.413250000088842e-08,0.0007736344776967055
8686,-73.96617667,40.79976833,3.413250000088842e-08,0.0007736344776967055
8687,-73.96625167,40.799795,3.413250000088842e-08,0.0007736344776967055
8688,-73.96632833,40.79982,3.413250000088842e-08,0.0007736344776967055
8689,-73.96641,40.79983167,3.413250000088842e-08,0.0007736344776967055
8690,-73.966485,40.79983833,3.413250000088842e-08,0.0007736344776967055
8691,-73.96655333,40.79984333,3.413250000088842e-08,0.0007736344776967055
8692,-73.966605,40.79985167,3.413250000088842e-08,0.0007736344776967055
8693,-73.966685,40.79986833,7.771689999971342e-07,0.00498956620082569
8694,-73.96673667,40.79989333,7.771689999971342e-07,0.00498956620082569
8695,-73.966765,40.79990167,7.771689999971342e-07,0.00498956620082569
8696,-73.96679833,40.7999,7.771689999971342e-07,0.00498956620082569
8697,-73.96683833,40.799895,7.771689999971342e-07,0.00498956620082569
8698,-73.96689333,40.799895,7.771689999971342e-07,0.00498956620082569
8699,-73.966955,40.79990167,7.771689999971342e-07,0.00498956620082569
8700,-73.96702667,40.79990833,7.771689999971342e-07,0.00498956620082569
8701,-73.96711167,40.79991333,7.771689999971342e-07,0.00498956620082569
8702,-73.96720833,40.79992,7.771689999971342e-07,0.00498956620082569
8703,-73.96731,40.79992833,7.771689999971342e-07,0.00498956620082569
8704,-73.96741667,40.79994,7.771689999971342e-07,0.00498956620082569
8705,-73.96751333,40.79996333,7.771689999971342e-07,0.00498956620082569
8706,-73.967595,40.799995,7.771689999971342e-07,0.00498956620082569
8707,-73.96773167,40.80007,7.771689999971342e-07,0.00498956620082569
8708,-73.96778833,40.80015333,7.771689999971342e-07,0.00498956620082569
8709,-73.96779167,40.80017167,7.771689999971342e-07,0.00498956620082569
8710,-73.96782167,40.80023167,2.2539599999946697e-07,0.0027447418942703654
8711,-73.96784,40.80027333,2.2539599999946697e-07,0.0027447418942703654
8712,-73.967845,40.80037667,2.2539599999946697e-07,0.0027447418942703654
8713,-73.96784167,40.80042833,2.2539599999946697e-07,0.0027447418942703654
8714,-73.96784333,40.80047,2.2539599999946697e-07,0.0027447418942703654
8715,-73.96784167,40.80052333,2.2539599999946697e-07,0.0027447418942703654
8716,-73.967835,40.80059167,2.2539599999946697e-07,0.0027447418942703654
8717,-73.96783167,40.80066167,1.3171949999906387e-07,0.002231003991692198
8718,-73.967815,40.80073167,1.3171949999906387e-07,0.002231003991692198
8719,-73.96779667,40.80087333,1.3171949999906387e-07,0.002231003991692198
8720,-73.96779833,40.80093833,1.3062650000184736e-07,0.0014853904944992311
8721,-73.96780333,40.800995,1.3062650000184736e-07,0.0014853904944992311
8722,-73.96780833,40.80103667,1.3062650000184736e-07,0.0014853904944992311
8723,-73.96780833,40.80106833,1.3062650000184736e-07,0.0014853904944992311
8724,-73.96780167,40.801095,1.3062650000184736e-07,0.0014853904944992311
8725,-73.96776333,40.80126167,1.3062650000184736e-07,0.0014853904944992311
8726,-73.96775667,40.80134333,1.3062650000184736e-07,0.0014853904944992311
8727,-73.96775,40.801435,1.3062650000184736e-07,0.0014853904944992311
8728,-73.967745,40.80153,1.3062650000184736e-07,0.0014853904944992311
8729,-73.9677,40.80180167,1.3062650000184736e-07,0.0014853904944992311
8730,-73.96769167,40.80188,1.3062650000184736e-07,0.0014853904944992311
8731,-73.96767667,40.801945,1.3062650000184736e-07,0.0014853904944992311
8732,-73.96766,40.80207333,1.3062650000184736e-07,0.0014853904944992311
8733,-73.96765167,40.80214833,1.3062650000184736e-07,0.0014853904944992311
8734,-73.96764667,40.80222833,1.698725000032336e-07,0.002674364380260721
8735,-73.96760167,40.80251,1.698725000032336e-07,0.002674364380260721
8736,-73.967565,40.802615,1.698725000032336e-07,0.002674364380260721
8737,-73.96752,40.80272167,1.698725000032336e-07,0.002674364380260721
8738,-73.96746167,40.80282667,1.698725000032336e-07,0.002674364380260721
8739,-73.96740667,40.80293333,1.698725000032336e-07,0.002674364380260721
8740,-73.96734833,40.80304167,1.698725000032336e-07,0.002674364380260721
8741,-73.96728,40.80314333,1.698725000032336e-07,0.002674364380260721
8742,-73.967215,40.803245,1.698725000032336e-07,0.002674364380260721
8743,-73.96715,40.80334,1.698725000032336e-07,0.002674364380260721
8744,-73.96702333,40.803535,1.698725000032336e-07,0.002674364380260721
8745,-73.9669,40.80372667,1.698725000032336e-07,0.002674364380260721
8746,-73.96684,40.80381833,1.698725000032336e-07,0.002674364380260721
8747,-73.966675,40.80402833,2.9496599999634886e-07,0.0029035817525526956
8748,-73.96664,40.80408,2.9496599999634886e-07,0.0029035817525526956
8749,-73.96664,40.804135,2.9496599999634886e-07,0.0029035817525526956
8750,-73.96666333,40.80417667,2.9496599999634886e-07,0.0029035817525526956
8751,-73.966715,40.80420667,2.9496599999634886e-07,0.0029035817525526956
8752,-73.96679,40.80423333,2.9496599999634886e-07,0.0029035817525526956
8753,-73.96687667,40.804265,2.9496599999634886e-07,0.0029035817525526956
8754,-73.96764167,40.805555,2.394150000001407e-07,0.002168701417862743
8755,-73.96761,40.80563167,2.394150000001407e-07,0.002168701417862743
8756,-73.967585,40.80569833,2.394150000001407e-07,0.002168701417862743
8757,-73.96757,40.80575667,2.394150000001407e-07,0.002168701417862743
8758,-73.96752833,40.80580667,6.942694999985237e-07,0.0068820825554685525
8759,-73.96749667,40.805845,6.942694999985237e-07,0.0068820825554685525
8760,-73.96746667,40.80587667,6.942694999985237e-07,0.0068820825554685525
8761,-73.96744667,40.80591667,6.942694999985237e-07,0.0068820825554685525
8762,-73.96743167,40.80596,6.942694999985237e-07,0.0068820825554685525
8763,-73.96740833,40.80602667,4.2208150000606276e-07,0.005772426563235993
8764,-73.96739333,40.806095,4.2208150000606276e-07,0.005772426563235993
8765,-73.96735833,40.80626,4.2208150000606276e-07,0.005772426563235993
8766,-73.96734167,40.80634833,4.2208150000606276e-07,0.005772426563235993
8767,-73.967325,40.80643667,4.2208150000606276e-07,0.005772426563235993
8768,-73.9673,40.80652667,4.2208150000606276e-07,0.005772426563235993
8769,-73.96727333,40.80661333,4.2208150000606276e-07,0.005772426563235993
8770,-73.967185,40.80669667,4.2208150000606276e-07,0.005772426563235993
8771,-73.96715833,40.80678167,2.9054599999593034e-07,0.0038923453261008713
8772,-73.96714167,40.80686167,2.9054599999593034e-07,0.0038923453261008713
8773,-73.96711333,40.80694,2.9054599999593034e-07,0.0038923453261008713
8774,-73.967085,40.80701667,2.9054599999593034e-07,0.0038923453261008713
8775,-73.96704333,40.807145,2.9054599999593034e-07,0.0038923453261008713
8776,-73.96703,40.80719333,2.9054599999593034e-07,0.0038923453261008713
8777,-73.96702167,40.807235,2.9054599999593034e-07,0.0038923453261008713
8778,-73.96701833,40.80727167,2.9054599999593034e-07,0.0038923453261008713
8779,-73.96700333,40.807315,2.9054599999593034e-07,0.0038923453261008713
8780,-73.96699333,40.80736167,2.9054599999593034e-07,0.0038923453261008713
8781,-73.96695833,40.80741833,2.9054599999593034e-07,0.0038923453261008713
8782,-73.96691333,40.80754167,2.9054599999593034e-07,0.0038923453261008713
8783,-73.96686667,40.80765833,2.9054599999593034e-07,0.0038923453261008713
8784,-73.96684333,40.807705,2.9054599999593034e-07,0.0038923453261008713
8785,-73.966825,40.80773667,2.9054599999593034e-07,0.0038923453261008713
8786,-73.96681167,40.80776,2.9054599999593034e-07,0.0038923453261008713
8787,-73.96680333,40.80777333,2.9054599999593034e-07,0.0038923453261008713
8788,-73.96633667,40.80817333,1.1010824999975067e-06,0.005220972779105428
8789,-73.96625167,40.808235,6.431975000020487e-07,0.007187722804986153
8790,-73.96616333,40.8083,6.431975000020487e-07,0.007187722804986153
8791,-73.96608333,40.80836667,6.431975000020487e-07,0.007187722804986153
8792,-73.96601,40.80843667,6.431975000020487e-07,0.007187722804986153
8793,-73.96594167,40.80850167,6.431975000020487e-07,0.007187722804986153
8794,-73.96589333,40.808565,6.431975000020487e-07,0.007187722804986153
8795,-73.96584,40.80861333,6.431975000020487e-07,0.007187722804986153
8796,-73.965775,40.80863833,6.431975000020487e-07,0.007187722804986153
8797,-73.96570667,40.80864,6.431975000020487e-07,0.007187722804986153
8798,-73.96548333,40.80857167,6.431975000020487e-07,0.007187722804986153
8799,-73.965405,40.80853833,6.431975000020487e-07,0.007187722804986153
8800,-73.96532333,40.80852,6.431975000020487e-07,0.007187722804986153
8801,-73.965235,40.80849167,6.431975000020487e-07,0.007187722804986153
8802,-73.96514333,40.80846,6.431975000020487e-07,0.007187722804986153
8803,-73.96505,40.80842833,6.431975000020487e-07,0.007187722804986153
8804,-73.96494667,40.8084,6.431975000020487e-07,0.007187722804986153
8805,-73.96484,40.80836,6.431975000020487e-07,0.007187722804986153
8806,-73.96462667,40.80827,1.8656950000060234e-07,0.0025171091990165966
8807,-73.96453167,40.80822833,1.8656950000060234e-07,0.0025171091990165966
8808,-73.96446,40.80819333,1.8656950000060234e-07,0.0025171091990165966
8809,-73.964405,40.80816,1.8656950000060234e-07,0.0025171091990165966
8810,-73.96436167,40.80814333,1.8656950000060234e-07,0.0025171091990165966
8811,-73.96432,40.80816333,1.8656950000060234e-07,0.0025171091990165966
8812,-73.96412333,40.80804167,1.8656950000060234e-07,0.0025171091990165966
8813,-73.96407,40.808025,1.8656950000060234e-07,0.0025171091990165966
8814,-73.964005,40.80801667,1.8656950000060234e-07,0.0025171091990165966
8815,-73.96393,40.80802333,2.449210000004293e-07,0.002748790681029829
8816,-73.96386333,40.80804333,2.449210000004293e-07,0.002748790681029829
8817,-73.96380333,40.808075,2.449210000004293e-07,0.002748790681029829
8818,-73.96374333,40.80812167,2.4422499999455753e-07,0.0028727287621995697
8819,-73.96368833,40.80818,2.4422499999455753e-07,0.0028727287621995697
8820,-73.963635,40.80824333,2.4422499999455753e-07,0.0028727287621995697
8821,-73.96352833,40.808375,2.4422499999455753e-07,0.0028727287621995697
8822,-73.96347667,40.808435,2.4422499999455753e-07,0.0028727287621995697
8823,-73.96343833,40.80849167,2.4422499999455753e-07,0.0028727287621995697
8824,-73.963405,40.80854,2.4422499999455753e-07,0.0028727287621995697
8825,-73.96338167,40.80857667,2.4422499999455753e-07,0.0028727287621995697
8826,-73.963335,40.80862167,2.4422499999455753e-07,0.0028727287621995697
8827,-73.96331833,40.808645,2.4422499999455753e-07,0.0028727287621995697
8828,-73.96330167,40.80867,2.4422499999455753e-07,0.0028727287621995697
8829,-73.96328167,40.808695,2.4422499999455753e-07,0.0028727287621995697
8830,-73.96326167,40.80871333,2.4422499999455753e-07,0.0028727287621995697
8831,-73.96324833,40.80872667,5.7219999999994764e-08,0.0010628332214192094
8832,-73.96316,40.80880667,9.173999999962283e-08,0.0013149549551761284
8833,-73.96311333,40.80887333,9.173999999962283e-08,0.0013149549551761284
8834,-73.963055,40.80895,9.173999999962283e-08,0.0013149549551761284
8835,-73.96299,40.80902833,9.173999999962283e-08,0.0013149549551761284
8836,-73.96285667,40.80920167,9.173999999962283e-08,0.0013149549551761284
8837,-73.96279333,40.80928667,9.173999999962283e-08,0.0013149549551761284
8838,-73.96272,40.80937,9.173999999962283e-08,0.0013149549551761284
8839,-73.96264833,40.80945667,9.173999999962283e-08,0.0013149549551761284
8840,-73.96258167,40.80955833,1.2270999999649277e-07,0.0016441609552909475
8841,-73.962515,40.80965167,1.2270999999649277e-07,0.0016441609552909475
8842,-73.96243833,40.80973833,1.2270999999649277e-07,0.0016441609552909475
8843,-73.96236667,40.80982833,1.2270999999649277e-07,0.0016441609552909475
8844,-73.96228833,40.80991167,1.2270999999649277e-07,0.0016441609552909475
8845,-73.96221167,40.81,2.543304999967493e-07,0.002920913504191665
8846,-73.96215,40.81006667,2.543304999967493e-07,0.002920913504191665
8847,-73.96208833,40.81013167,2.543304999967493e-07,0.002920913504191665
8848,-73.96201833,40.81018667,2.543304999967493e-07,0.002920913504191665
8849,-73.961995,40.810255,2.543304999967493e-07,0.002920913504191665
8850,-73.96195833,40.810315,2.543304999967493e-07,0.002920913504191665
8851,-73.961865,40.81033,2.543304999967493e-07,0.002920913504191665
8852,-73.96180667,40.81032167,2.543304999967493e-07,0.002920913504191665
8853,-73.96166,40.81028833,2.543304999967493e-07,0.002920913504191665
8854,-73.961565,40.81027,2.518604000000316e-06,0.013572565390227765
8855,-73.961475,40.810235,2.518604000000316e-06,0.013572565390227765
8856,-73.96137167,40.81020167,1.5235340000029521e-06,0.006985302564320185
8857,-73.96126333,40.81016,1.5235340000029521e-06,0.006985302564320185
8858,-73.96115167,40.81011333,1.5235340000029521e-06,0.006985302564320185
8859,-73.96103833,40.810065,1.5235340000029521e-06,0.006985302564320185
8860,-73.96092333,40.81001667,1.5235340000029521e-06,0.006985302564320185
8861,-73.96081,40.80996167,1.5235340000029521e-06,0.006985302564320185
8862,-73.96069667,40.80990833,1.5235340000029521e-06,0.006985302564320185
8863,-73.96046833,40.80980833,1.5235340000029521e-06,0.006985302564320185
8864,-73.96035333,40.809765,1.5235340000029521e-06,0.006985302564320185
8865,-73.96024333,40.80971667,1.5235340000029521e-06,0.006985302564320185
8866,-73.96013667,40.80967167,1.5235340000029521e-06,0.006985302564320185
8867,-73.96004,40.80963,1.5235340000029521e-06,0.006985302564320185
8868,-73.95996333,40.80958333,1.5235340000029521e-06,0.006985302564320185
8869,-73.959895,40.80955,1.5235340000029521e-06,0.006985302564320185
8870,-73.95979333,40.80951,1.5235340000029521e-06,0.006985302564320185
8871,-73.95976667,40.80949667,2.0798300000148603e-07,0.0023756396713835214
8872,-73.95973667,40.80945667,2.0798300000148603e-07,0.0023756396713835214
8873,-73.95971,40.80944167,2.0798300000148603e-07,0.0023756396713835214
8874,-73.95965667,40.80941167,2.0798300000148603e-07,0.0023756396713835214
8875,-73.9596,40.80938333,2.0798300000148603e-07,0.0023756396713835214
8876,-73.95956667,40.80936833,2.0798300000148603e-07,0.0023756396713835214
8877,-73.95953,40.80935333,2.0798300000148603e-07,0.0023756396713835214
8878,-73.95949167,40.80933667,2.0798300000148603e-07,0.0023756396713835214
8879,-73.95945,40.80932333,2.0798300000148603e-07,0.0023756396713835214
8880,-73.95941333,40.80931,2.0798300000148603e-07,0.0023756396713835214
8881,-73.95936833,40.80930333,2.0798300000148603e-07,0.0023756396713835214
8882,-73.95931333,40.80931,2.0798300000148603e-07,0.0023756396713835214
8883,-73.95926667,40.80932167,2.0798300000148603e-07,0.0023756396713835214
8884,-73.959225,40.80933833,2.0798300000148603e-07,0.0023756396713835214
8885,-73.95908667,40.80946833,1.550295000005461e-07,0.0026880892241286473
8886,-73.959045,40.80950833,1.550295000005461e-07,0.0026880892241286473
8887,-73.95895667,40.809625,1.550295000005461e-07,0.0026880892241286473
8888,-73.95887167,40.80972333,1.550295000005461e-07,0.0026880892241286473
8889,-73.95885333,40.80977167,1.550295000005461e-07,0.0026880892241286473
8890,-73.958825,40.80981167,1.550295000005461e-07,0.0026880892241286473
8891,-73.95879833,40.809865,1.550295000005461e-07,0.0026880892241286473
8892,-73.958755,40.80991667,1.550295000005461e-07,0.0026880892241286473
8893,-73.95871,40.80997333,1.550295000005461e-07,0.0026880892241286473
8894,-73.95865833,40.81003167,1.550295000005461e-07,0.0026880892241286473
8895,-73.95860667,40.81009167,2.5145849999786846e-07,0.002620870276096212
8896,-73.958555,40.810155,2.5145849999786846e-07,0.002620870276096212
8897,-73.95839333,40.81034,2.5145849999786846e-07,0.002620870276096212
8898,-73.95836167,40.81039,2.5145849999786846e-07,0.002620870276096212
8899,-73.95833,40.810435,2.5145849999786846e-07,0.002620870276096212
8900,-73.95830667,40.81049833,2.5145849999786846e-07,0.002620870276096212
8901,-73.95827,40.81056,2.5145849999786846e-07,0.002620870276096212
8902,-73.95822833,40.81062333,2.5145849999786846e-07,0.002620870276096212
8903,-73.95818167,40.810675,2.5145849999786846e-07,0.002620870276096212
8904,-73.95813333,40.81072667,2.5145849999786846e-07,0.002620870276096212
8905,-73.95808667,40.81077833,7.257350000027146e-08,0.0011972377707874598
8906,-73.958045,40.81082333,7.257350000027146e-08,0.0011972377707874598
8907,-73.95800167,40.81087667,3.4862049999732663e-07,0.0032098527255121534
8908,-73.95799,40.81089833,3.4862049999732663e-07,0.0032098527255121534
8909,-73.95782167,40.81097,3.4862049999732663e-07,0.0032098527255121534
8910,-73.9578,40.81101167,3.4862049999732663e-07,0.0032098527255121534
8911,-73.95777167,40.81105333,3.4862049999732663e-07,0.0032098527255121534
8912,-73.95773667,40.811105,3.4862049999732663e-07,0.0032098527255121534
8913,-73.95764833,40.811225,3.4862049999732663e-07,0.0032098527255121534
8914,-73.95759667,40.811295,1.0040399999666255e-07,0.0016070935035223614
8915,-73.95755,40.811365,1.0040399999666255e-07,0.0016070935035223614
8916,-73.95750333,40.81143833,1.0040399999666255e-07,0.0016070935035223614
8917,-73.95745,40.81151167,1.0040399999666255e-07,0.0016070935035223614
8918,-73.957345,40.81165833,1.0040399999666255e-07,0.0016070935035223614
8919,-73.95725167,40.811815,1.0040399999666255e-07,0.0016070935035223614
8920,-73.957195,40.81190833,4.782644999991932e-07,0.0038872489308147923
8921,-73.95708167,40.81208667,4.782644999991932e-07,0.0038872489308147923
8922,-73.95702667,40.81217,4.782644999991932e-07,0.0038872489308147923
8923,-73.95691667,40.812345,2.8480649999865383e-07,0.0045793466230388165
8924,-73.95687333,40.81243833,2.8480649999865383e-07,0.0045793466230388165
8925,-73.95683333,40.81253667,2.8480649999865383e-07,0.0045793466230388165
8926,-73.95676167,40.81262667,2.8480649999865383e-07,0.0045793466230388165
8927,-73.956685,40.81270833,1.0404749999686311e-07,0.0016384297125935194
8928,-73.95662167,40.81278833,1.0404749999686311e-07,0.0016384297125935194
8929,-73.95656333,40.81286,1.0404749999686311e-07,0.0016384297125935194
8930,-73.95651167,40.812915,1.0404749999686311e-07,0.0016384297125935194
8931,-73.95646833,40.81296167,1.0404749999686311e-07,0.0016384297125935194
8932,-73.95642667,40.813,1.0404749999686311e-07,0.0016384297125935194
8933,-73.95638833,40.81303167,1.0404749999686311e-07,0.0016384297125935194
8934,-73.95620333,40.81309667,1.0404749999686311e-07,0.0016384297125935194
8935,-73.95615833,40.81307,1.0404749999686311e-07,0.0016384297125935194
8936,-73.956065,40.812985,2.8480649999865383e-07,0.0045793466230388165
8937,-73.95601,40.81293667,8.762545000047494e-07,0.008743082110334813
8938,-73.95594667,40.812885,8.762545000047494e-07,0.008743082110334813
8939,-73.95588667,40.81282667,8.762545000047494e-07,0.008743082110334813
8940,-73.95582333,40.81276167,8.762545000047494e-07,0.008743082110334813
8941,-73.95575667,40.81269167,8.762545000047494e-07,0.008743082110334813
8942,-73.95569167,40.81261667,8.762545000047494e-07,0.008743082110334813
8943,-73.95562833,40.81253167,8.762545000047494e-07,0.008743082110334813
8944,-73.95549167,40.81235,8.762545000047494e-07,0.008743082110334813
8945,-73.95541833,40.81225667,8.762545000047494e-07,0.008743082110334813
8946,-73.95534167,40.81216667,8.762545000047494e-07,0.008743082110334813
8947,-73.95517667,40.81199167,9.798900000039812e-08,0.0016057790249180367
8948,-73.95509833,40.81190167,9.798900000039812e-08,0.0016057790249180367
8949,-73.95501667,40.81181167,9.798900000039812e-08,0.0016057790249180367
8950,-73.95493667,40.811725,9.798900000039812e-08,0.0016057790249180367
8951,-73.9548,40.81156167,9.798900000039812e-08,0.0016057790249180367
8952,-73.95474167,40.81149333,9.798900000039812e-08,0.0016057790249180367
8953,-73.95468667,40.81142667,9.798900000039812e-08,0.0016057790249180367
8954,-73.95462333,40.81136,9.798900000039812e-08,0.0016057790249180367
8955,-73.95455833,40.81129333,9.798900000039812e-08,0.0016057790249180367
8956,-73.954495,40.81122,9.798900000039812e-08,0.0016057790249180367
8957,-73.95443167,40.81114667,2.4774399999752547e-07,0.002164545213615437
8958,-73.95437,40.81108,2.4774399999752547e-07,0.002164545213615437
8959,-73.954325,40.81102167,2.4774399999752547e-07,0.002164545213615437
8960,-73.95429333,40.81091667,2.4774399999752547e-07,0.002164545213615437
8961,-73.9543,40.81087167,2.4774399999752547e-07,0.002164545213615437
8962,-73.95433667,40.81083333,2.4774399999752547e-07,0.002164545213615437
8963,-73.954375,40.81079167,4.604759999997226e-07,0.00646075008331139
8964,-73.954415,40.810745,4.604759999997226e-07,0.00646075008331139
8965,-73.95446333,40.81068833,4.604759999997226e-07,0.00646075008331139
8966,-73.95451333,40.810625,4.604759999997226e-07,0.00646075008331139
8967,-73.95457167,40.810555,4.604759999997226e-07,0.00646075008331139
8968,-73.95463833,40.81048,4.604759999997226e-07,0.00646075008331139
8969,-73.95470167,40.81039833,4.604759999997226e-07,0.00646075008331139
8970,-73.95481667,40.810225,4.409269999970057e-07,0.004330670195087519
8971,-73.95486833,40.81014,4.409269999970057e-07,0.004330670195087519
8972,-73.95493333,40.81005,4.409269999970057e-07,0.004330670195087519
8973,-73.95498833,40.80996,4.409269999970057e-07,0.004330670195087519
8974,-73.95505667,40.809865,4.409269999970057e-07,0.004330670195087519
8975,-73.95513333,40.80976833,4.409269999970057e-07,0.004330670195087519
8976,-73.95521833,40.80967,4.409269999970057e-07,0.004330670195087519
8977,-73.9553,40.80956833,3.004505000008743e-07,0.0029928864395180814
8978,-73.95546167,40.80936333,3.004505000008743e-07,0.0029928864395180814
8979,-73.95554333,40.80925833,3.004505000008743e-07,0.0029928864395180814
8980,-73.95562667,40.80915,3.004505000008743e-07,0.0029928864395180814
8981,-73.95570333,40.80904167,3.004505000008743e-07,0.0029928864395180814
8982,-73.95578667,40.80893,3.004505000008743e-07,0.0029928864395180814
8983,-73.955865,40.80882333,4.147865000044657e-07,0.0043302528321316315
8984,-73.95594,40.80872167,4.147865000044657e-07,0.0043302528321316315
8985,-73.95601,40.808625,4.147865000044657e-07,0.0043302528321316315
8986,-73.95607333,40.80853667,4.147865000044657e-07,0.0043302528321316315
8987,-73.95613167,40.80845833,4.147865000044657e-07,0.0043302528321316315
8988,-73.95617667,40.80839333,4.147865000044657e-07,0.0043302528321316315
8989,-73.95621,40.80834833,4.147865000044657e-07,0.0043302528321316315
8990,-73.95624,40.80831667,4.147865000044657e-07,0.0043302528321316315
8991,-73.95625333,40.80830667,4.147865000044657e-07,0.0043302528321316315
8992,-73.95632667,40.80829,4.147865000044657e-07,0.0043302528321316315
8993,-73.95638,40.80820833,4.3217300000139026e-07,0.003007753352970111
8994,-73.95645167,40.80811,4.3217300000139026e-07,0.003007753352970111
8995,-73.956525,40.808,4.3217300000139026e-07,0.003007753352970111
8996,-73.95656,40.80794833,4.3217300000139026e-07,0.003007753352970111
8997,-73.95659833,40.80789,4.3217300000139026e-07,0.003007753352970111
8998,-73.95667833,40.80778167,4.3217300000139026e-07,0.003007753352970111
8999,-73.95671833,40.80772333,4.3217300000139026e-07,0.003007753352970111
9000,-73.95675667,40.80766667,4.3217300000139026e-07,0.003007753352970111
9001,-73.95679167,40.80760667,7.040330000008294e-07,0.004325617882686537
9002,-73.956825,40.80754667,7.040330000008294e-07,0.004325617882686537
9003,-73.95687,40.80748,7.040330000008294e-07,0.004325617882686537
9004,-73.95692167,40.80740833,7.040330000008294e-07,0.004325617882686537
9005,-73.956985,40.80732833,7.040330000008294e-07,0.004325617882686537
9006,-73.957045,40.80724667,1.7554449999734435e-07,0.002268376505439225
9007,-73.95717333,40.807075,1.7554449999734435e-07,0.002268376505439225
9008,-73.95723833,40.80698167,1.7554449999734435e-07,0.002268376505439225
9009,-73.957375,40.80679833,1.7554449999734435e-07,0.002268376505439225
9010,-73.95744,40.80671333,1.7554449999734435e-07,0.002268376505439225
9011,-73.95750833,40.806625,1.7554449999734435e-07,0.002268376505439225
9012,-73.95757833,40.80653333,1.7554449999734435e-07,0.002268376505439225
9013,-73.95764333,40.80644167,1.7554449999734435e-07,0.002268376505439225
9014,-73.957705,40.80635333,1.7554449999734435e-07,0.002268376505439225
9015,-73.95776333,40.80627333,1.7554449999734435e-07,0.002268376505439225
9016,-73.95782333,40.80618667,4.953540000029539e-07,0.005974953564699701
9017,-73.95787833,40.80610333,4.953540000029539e-07,0.005974953564699701
9018,-73.95798,40.80593833,4.953540000029539e-07,0.005974953564699701
9019,-73.95808333,40.80578,4.953540000029539e-07,0.005974953564699701
9020,-73.95813167,40.80570833,4.953540000029539e-07,0.005974953564699701
9021,-73.95817333,40.80564167,4.953540000029539e-07,0.005974953564699701
9022,-73.95819833,40.80559,5.167989999996248e-07,0.005637836285869805
9023,-73.958205,40.805545,5.167989999996248e-07,0.005637836285869805
9024,-73.958185,40.80551,5.167989999996248e-07,0.005637836285869805
9025,-73.958145,40.805485,5.167989999996248e-07,0.005637836285869805
9026,-73.95800667,40.80546,5.167989999996248e-07,0.005637836285869805
9027,-73.95793833,40.80543667,5.167989999996248e-07,0.005637836285869805
9028,-73.95786833,40.805405,5.167989999996248e-07,0.005637836285869805
9029,-73.9578,40.80537167,5.167989999996248e-07,0.005637836285869805
9030,-73.95773,40.80533833,5.167989999996248e-07,0.005637836285869805
9031,-73.95766167,40.80531,5.167989999996248e-07,0.005637836285869805
9032,-73.95759333,40.80528667,5.167989999996248e-07,0.005637836285869805
9033,-73.95753333,40.80526333,5.167989999996248e-07,0.005637836285869805
9034,-73.95748167,40.80524,5.167989999996248e-07,0.005637836285869805
9035,-73.95743833,40.80522333,5.167989999996248e-07,0.005637836285869805
9036,-73.95740333,40.80520667,5.167989999996248e-07,0.005637836285869805
9037,-73.95737333,40.80519167,5.167989999996248e-07,0.005637836285869805
9038,-73.957345,40.80518,5.167989999996248e-07,0.005637836285869805
9039,-73.95731833,40.80516667,5.167989999996248e-07,0.005637836285869805
9040,-73.95729333,40.80515333,5.167989999996248e-07,0.005637836285869805
9041,-73.95726667,40.80513833,5.167989999996248e-07,0.005637836285869805
9042,-73.95723667,40.80512333,5.167989999996248e-07,0.005637836285869805
9043,-73.95720833,40.805105,5.167989999996248e-07,0.005637836285869805
9044,-73.95714833,40.80507333,5.167989999996248e-07,0.005637836285869805
9045,-73.957125,40.805065,5.167989999996248e-07,0.005637836285869805
9046,-73.957115,40.80505833,8.520250000224767e-08,0.001478320551823221
9047,-73.95708333,40.80503667,8.520250000224767e-08,0.001478320551823221
9048,-73.95703167,40.80500667,8.520250000224767e-08,0.001478320551823221
9049,-73.95686167,40.80495333,2.751385000033052e-07,0.003958340980822915
9050,-73.95676833,40.804915,2.751385000033052e-07,0.003958340980822915
9051,-73.95667,40.80487333,2.751385000033052e-07,0.003958340980822915
9052,-73.95657333,40.80483333,2.751385000033052e-07,0.003958340980822915
9053,-73.95647667,40.804795,2.751385000033052e-07,0.003958340980822915
9054,-73.95624167,40.80470167,2.751385000033052e-07,0.003958340980822915
9055,-73.95618833,40.80467833,2.751385000033052e-07,0.003958340980822915
9056,-73.95615167,40.80466167,3.258619999997742e-07,0.0031205137985014604
9057,-73.95612667,40.80465167,3.258619999997742e-07,0.0031205137985014604
9058,-73.95582667,40.80457167,3.258619999997742e-07,0.0031205137985014604
9059,-73.95576,40.80453667,3.258619999997742e-07,0.0031205137985014604
9060,-73.95572,40.80451333,3.258619999997742e-07,0.0031205137985014604
9061,-73.95568,40.80449667,3.258619999997742e-07,0.0031205137985014604
9062,-73.955605,40.80446833,3.258619999997742e-07,0.0031205137985014604
9063,-73.95556167,40.80445667,3.258619999997742e-07,0.0031205137985014604
9064,-73.955515,40.80443667,3.258619999997742e-07,0.0031205137985014604
9065,-73.95545833,40.804415,3.258619999997742e-07,0.0031205137985014604
9066,-73.95532667,40.804365,3.258619999997742e-07,0.0031205137985014604
9067,-73.95526333,40.80433833,3.258619999997742e-07,0.0031205137985014604
9068,-73.95519667,40.80431333,3.258619999997742e-07,0.0031205137985014604
9069,-73.95512833,40.80427833,9.930250000056902e-08,0.0013274592425168191
9070,-73.95505167,40.80424,8.77061999993986e-07,0.008619427406987575
9071,-73.95497,40.80420333,8.77061999993986e-07,0.008619427406987575
9072,-73.95478667,40.80413167,8.77061999993986e-07,0.008619427406987575
9073,-73.954695,40.80409167,8.77061999993986e-07,0.008619427406987575
9074,-73.9546,40.80405333,8.77061999993986e-07,0.008619427406987575
9075,-73.95442667,40.80397667,8.77061999993986e-07,0.008619427406987575
9076,-73.95435667,40.803945,8.77061999993986e-07,0.008619427406987575
9077,-73.954295,40.80392,8.77061999993986e-07,0.008619427406987575
9078,-73.95423167,40.80391167,8.77061999993986e-07,0.008619427406987575
9079,-73.95418167,40.80389167,8.77061999993986e-07,0.008619427406987575
9080,-73.95413167,40.803875,1.5097755000107111e-06,0.008460283999615459
9081,-73.95408833,40.80385833,1.5097755000107111e-06,0.008460283999615459
9082,-73.95405167,40.80384667,1.5097755000107111e-06,0.008460283999615459
9083,-73.95399667,40.803825,1.5097755000107111e-06,0.008460283999615459
9084,-73.95396833,40.803815,1.5097755000107111e-06,0.008460283999615459
9085,-73.95394,40.80380167,1.5097755000107111e-06,0.008460283999615459
9086,-73.953905,40.803785,1.5097755000107111e-06,0.008460283999615459
9087,-73.953865,40.80376333,1.5097755000107111e-06,0.008460283999615459
9088,-73.95381833,40.80374,1.5097755000107111e-06,0.008460283999615459
9089,-73.95354833,40.80362167,6.084749999891898e-08,0.0011637150591319151
9090,-73.95350667,40.8036,6.084749999891898e-08,0.0011637150591319151
9091,-73.953475,40.80358167,6.084749999891898e-08,0.0011637150591319151
9092,-73.95345,40.80357,6.084749999891898e-08,0.0011637150591319151
9093,-73.95331333,40.80347833,6.084749999891898e-08,0.0011637150591319151
9094,-73.953255,40.80345333,6.084749999891898e-08,0.0011637150591319151
9095,-73.95319667,40.80342667,6.084749999891898e-08,0.0011637150591319151
9096,-73.95314,40.80340167,6.084749999891898e-08,0.0011637150591319151
9097,-73.95297333,40.80331333,6.084749999891898e-08,0.0011637150591319151
9098,-73.95291,40.803285,6.084749999891898e-08,0.0011637150591319151
9099,-73.95285,40.80325667,6.084749999891898e-08,0.0011637150591319151
9100,-73.95279333,40.80323167,6.084749999891898e-08,0.0011637150591319151
9101,-73.95271333,40.80319833,3.4144099999858534e-07,0.0023662319512380054
9102,-73.952535,40.80318,3.4144099999858534e-07,0.0023662319512380054
9103,-73.95245,40.80322167,3.4144099999858534e-07,0.0023662319512380054
9104,-73.95241833,40.80325333,3.4144099999858534e-07,0.0023662319512380054
9105,-73.95239167,40.80328833,3.4144099999858534e-07,0.0023662319512380054
9106,-73.95236833,40.803325,3.4144099999858534e-07,0.0023662319512380054
9107,-73.95230667,40.80341333,3.4144099999858534e-07,0.0023662319512380054
9108,-73.95227,40.80346167,3.4144099999858534e-07,0.0023662319512380054
9109,-73.95223,40.80351167,3.4144099999858534e-07,0.0023662319512380054
9110,-73.95218667,40.80356167,3.4144099999858534e-07,0.0023662319512380054
9111,-73.95210667,40.80365833,3.4144099999858534e-07,0.0023662319512380054
9112,-73.95206333,40.80370667,3.4144099999858534e-07,0.0023662319512380054
9113,-73.95201833,40.80375833,3.4144099999858534e-07,0.0023662319512380054
9114,-73.951965,40.80381,3.4144099999858534e-07,0.0023662319512380054
9115,-73.95191,40.80387333,3.4144099999858534e-07,0.0023662319512380054
9116,-73.95185333,40.80394167,2.877934999985599e-07,0.003490046602230191
9117,-73.95179667,40.80402,2.877934999985599e-07,0.003490046602230191
9118,-73.95173833,40.8041,2.877934999985599e-07,0.003490046602230191
9119,-73.95166833,40.80418167,2.877934999985599e-07,0.003490046602230191
9120,-73.951595,40.80426833,2.877934999985599e-07,0.003490046602230191
9121,-73.95152,40.80436,2.877934999985599e-07,0.003490046602230191
9122,-73.95145667,40.804455,2.877934999985599e-07,0.003490046602230191
9123,-73.95138333,40.80455,2.877934999985599e-07,0.003490046602230191
9124,-73.95125833,40.80473,6.495900000036946e-08,0.001033523389054361
9125,-73.951155,40.80488,6.495900000036946e-08,0.001033523389054361
9126,-73.95110333,40.80495167,6.495900000036946e-08,0.001033523389054361
9127,-73.95105667,40.80502833,6.495900000036946e-08,0.001033523389054361
9128,-73.950995,40.80511,6.495900000036946e-08,0.001033523389054361
9129,-73.95092833,40.80519333,6.495900000036946e-08,0.001033523389054361
9130,-73.95086,40.80528,5.39289000002537e-07,0.004415495833884494
9131,-73.95079333,40.805365,5.39289000002537e-07,0.004415495833884494
9132,-73.950735,40.80544333,5.39289000002537e-07,0.004415495833884494
9133,-73.950645,40.805575,5.39289000002537e-07,0.004415495833884494
9134,-73.95061833,40.80561167,5.39289000002537e-07,0.004415495833884494
9135,-73.950535,40.80566333,5.39289000002537e-07,0.004415495833884494
9136,-73.95049833,40.80571667,5.39289000002537e-07,0.004415495833884494
9137,-73.95045167,40.805775,5.39289000002537e-07,0.004415495833884494
9138,-73.95040333,40.80583833,5.39289000002537e-07,0.004415495833884494
9139,-73.95035667,40.80590167,5.39289000002537e-07,0.004415495833884494
9140,-73.95031167,40.80596333,6.229199999754022e-08,0.0011117026819536602
9141,-73.95026167,40.80602667,6.229199999754022e-08,0.0011117026819536602
9142,-73.95020667,40.80609667,6.229199999754022e-08,0.0011117026819536602
9143,-73.95015333,40.80617333,6.229199999754022e-08,0.0011117026819536602
9144,-73.95011,40.80626333,6.229199999754022e-08,0.0011117026819536602
9145,-73.95005333,40.80635333,6.229199999754022e-08,0.0011117026819536602
9146,-73.94999,40.80643833,6.229199999754022e-08,0.0011117026819536602
9147,-73.94992833,40.80652,6.229199999754022e-08,0.0011117026819536602
9148,-73.94987167,40.80659833,6.229199999754022e-08,0.0011117026819536602
9149,-73.949815,40.80667,6.229199999754022e-08,0.0011117026819536602
9150,-73.949765,40.80673333,6.229199999754022e-08,0.0011117026819536602
9151,-73.94972,40.806785,6.229199999754022e-08,0.0011117026819536602
9152,-73.94969,40.80682333,6.229199999754022e-08,0.0011117026819536602
9153,-73.94966667,40.80686,6.229199999754022e-08,0.0011117026819536602
9154,-73.94962167,40.80685333,6.229199999754022e-08,0.0011117026819536602
9155,-73.94958,40.80686333,6.229199999754022e-08,0.0011117026819536602
9156,-73.94952667,40.80686,6.229199999754022e-08,0.0011117026819536602
9157,-73.94946333,40.80684333,6.229199999754022e-08,0.0011117026819536602
9158,-73.94939167,40.80681833,6.229199999754022e-08,0.0011117026819536602
9159,-73.94931333,40.80678167,6.229199999754022e-08,0.0011117026819536602
9160,-73.94922667,40.80674167,6.229199999754022e-08,0.0011117026819536602
9161,-73.94913667,40.80670167,6.229199999754022e-08,0.0011117026819536602
9162,-73.948875,40.80658667,8.831604999966688e-07,0.008679881379181487
9163,-73.94878,40.806565,8.831604999966688e-07,0.008679881379181487
9164,-73.94869167,40.80653667,8.831604999966688e-07,0.008679881379181487
9165,-73.948605,40.80650833,8.831604999966688e-07,0.008679881379181487
9166,-73.94852667,40.80647667,8.831604999966688e-07,0.008679881379181487
9167,-73.94846167,40.80645,8.831604999966688e-07,0.008679881379181487
9168,-73.94840167,40.80642667,3.4734750000088407e-07,0.004389272372135535
9169,-73.94834167,40.80640667,3.4734750000088407e-07,0.004389272372135535
9170,-73.948275,40.80638333,3.4734750000088407e-07,0.004389272372135535
9171,-73.94820167,40.80635667,3.4734750000088407e-07,0.004389272372135535
9172,-73.94803333,40.80628667,3.4734750000088407e-07,0.004389272372135535
9173,-73.94793333,40.80624667,3.4734750000088407e-07,0.004389272372135535
9174,-73.94783167,40.806205,3.4734750000088407e-07,0.004389272372135535
9175,-73.94772667,40.80616333,3.4734750000088407e-07,0.004389272372135535
9176,-73.947625,40.80611833,4.122499999989488e-08,0.0008922730569267947
9177,-73.94741667,40.80603833,1.2006300000197891e-07,0.0016206847467162935
9178,-73.94732167,40.80600833,1.2006300000197891e-07,0.0016206847467162935
9179,-73.94724167,40.80598333,1.2006300000197891e-07,0.0016206847467162935
9180,-73.94718167,40.80597,1.2006300000197891e-07,0.0016206847467162935
9181,-73.947125,40.80595167,1.2006300000197891e-07,0.0016206847467162935
9182,-73.94712333,40.80594667,1.2006300000197891e-07,0.0016206847467162935
9183,-73.94712667,40.80594667,1.2006300000197891e-07,0.0016206847467162935
9184,-73.94711333,40.80594167,1.2006300000197891e-07,0.0016206847467162935
9185,-73.947095,40.80590833,1.2006300000197891e-07,0.0016206847467162935
9186,-73.94708833,40.80586,1.2006300000197891e-07,0.0016206847467162935
9187,-73.94710333,40.80580667,1.2006300000197891e-07,0.0016206847467162935
9188,-73.947135,40.80575167,1.2006300000197891e-07,0.0016206847467162935
9189,-73.94717667,40.80569333,1.2006300000197891e-07,0.0016206847467162935
9190,-73.94721833,40.805635,1.2006300000197891e-07,0.0016206847467162935
9191,-73.94725667,40.80557667,1.2006300000197891e-07,0.0016206847467162935
9192,-73.94728667,40.80553167,1.2006300000197891e-07,0.0016206847467162935
9193,-73.94731,40.805505,1.2006300000197891e-07,0.0016206847467162935
9194,-73.94732333,40.80548667,1.2006300000197891e-07,0.0016206847467162935
9195,-73.94743333,40.80534833,1.865525000003364e-07,0.00275559698869712
9196,-73.94746667,40.805295,1.865525000003364e-07,0.00275559698869712
9197,-73.94754167,40.80516333,1.865525000003364e-07,0.00275559698869712
9198,-73.94758333,40.80509333,1.865525000003364e-07,0.00275559698869712
9199,-73.94773167,40.80486833,1.196659999998802e-07,0.0017512380254591773
9200,-73.94779,40.80479,1.196659999998802e-07,0.0017512380254591773
9201,-73.94784833,40.80470833,1.196659999998802e-07,0.0017512380254591773
9202,-73.94791,40.80462333,1.196659999998802e-07,0.0017512380254591773
9203,-73.94797,40.80453833,1.196659999998802e-07,0.0017512380254591773
9204,-73.94802667,40.804455,1.196659999998802e-07,0.0017512380254591773
9205,-73.94809167,40.804365,1.196659999998802e-07,0.0017512380254591773
9206,-73.94816,40.80427333,1.196659999998802e-07,0.0017512380254591773
9207,-73.94822667,40.80417833,1.196659999998802e-07,0.0017512380254591773
9208,-73.94829667,40.80408167,1.196659999998802e-07,0.0017512380254591773
9209,-73.94837,40.80398333,1.196659999998802e-07,0.0017512380254591773
9210,-73.94843667,40.803885,1.196659999998802e-07,0.0017512380254591773
9211,-73.94856167,40.8037,1.196659999998802e-07,0.0017512380254591773
9212,-73.94862167,40.80362667,1.196659999998802e-07,0.0017512380254591773
9213,-73.948675,40.80356167,1.196659999998802e-07,0.0017512380254591773
9214,-73.94871167,40.80351833,1.196659999998802e-07,0.0017512380254591773
9215,-73.94872667,40.80349333,1.196659999998802e-07,0.0017512380254591773
9216,-73.94873333,40.803485,1.196659999998802e-07,0.0017512380254591773
9217,-73.94873667,40.80348333,1.196659999998802e-07,0.0017512380254591773
9218,-73.94876167,40.803415,4.739220000042916e-07,0.003967199164868211
9219,-73.94879,40.80336167,4.739220000042916e-07,0.003967199164868211
9220,-73.94882833,40.80330333,4.739220000042916e-07,0.003967199164868211
9221,-73.94893,40.80317167,4.739220000042916e-07,0.003967199164868211
9222,-73.94899667,40.80309,4.739220000042916e-07,0.003967199164868211
9223,-73.94905667,40.80301,6.557099999978456e-07,0.007876424327368044
9224,-73.94911167,40.80292833,6.557099999978456e-07,0.007876424327368044
9225,-73.94917167,40.80284333,6.557099999978456e-07,0.007876424327368044
9226,-73.949235,40.80275333,6.557099999978456e-07,0.007876424327368044
9227,-73.94930167,40.80266667,7.380140000002161e-07,0.004161273528732586
9228,-73.94936,40.80257667,7.380140000002161e-07,0.004161273528732586
9229,-73.94941,40.80248667,7.380140000002161e-07,0.004161273528732586
9230,-73.94945667,40.80240333,1.32591999996097e-07,0.00201149153646832
9231,-73.9495,40.80233167,1.32591999996097e-07,0.00201149153646832
9232,-73.94954167,40.80227,1.32591999996097e-07,0.00201149153646832
9233,-73.949585,40.80221667,1.32591999996097e-07,0.00201149153646832
9234,-73.94961667,40.802175,1.32591999996097e-07,0.00201149153646832
9235,-73.94965167,40.80214333,1.32591999996097e-07,0.00201149153646832
9236,-73.949645,40.80200167,1.32591999996097e-07,0.00201149153646832
9237,-73.949595,40.80197,1.32591999996097e-07,0.00201149153646832
9238,-73.94953667,40.801935,1.32591999996097e-07,0.00201149153646832
9239,-73.94929667,40.801825,2.1500500000135648e-07,0.002421627495596875
9240,-73.94920333,40.801785,2.1500500000135648e-07,0.002421627495596875
9241,-73.949005,40.80170833,2.1500500000135648e-07,0.002421627495596875
9242,-73.94880167,40.80162833,7.380140000002161e-07,0.004161273528732586
9243,-73.94870667,40.80159,7.380140000002161e-07,0.004161273528732586
9244,-73.94861667,40.801545,7.380140000002161e-07,0.004161273528732586
9245,-73.94852167,40.80150333,7.380140000002161e-07,0.004161273528732586
9246,-73.94842333,40.80146333,7.380140000002161e-07,0.004161273528732586
9247,-73.94832667,40.80141833,7.380140000002161e-07,0.004161273528732586
9248,-73.94822833,40.80137167,9.299309999958785e-07,0.0077495517344910985
9249,-73.94813,40.80132667,9.299309999958785e-07,0.0077495517344910985
9250,-73.94803,40.80129,9.299309999958785e-07,0.0077495517344910985
9251,-73.94793333,40.80125,9.299309999958785e-07,0.0077495517344910985
9252,-73.94774833,40.80118667,9.299309999958785e-07,0.0077495517344910985
9253,-73.94766833,40.80115667,9.299309999958785e-07,0.0077495517344910985
9254,-73.94760667,40.80113167,9.299309999958785e-07,0.0077495517344910985
9255,-73.94756833,40.80111,9.299309999958785e-07,0.0077495517344910985
9256,-73.947345,40.80101167,6.629014999960035e-07,0.006340861876632507
9257,-73.947295,40.800985,6.629014999960035e-07,0.006340861876632507
9258,-73.94724333,40.800955,6.629014999960035e-07,0.006340861876632507
9259,-73.94719667,40.80092333,6.629014999960035e-07,0.006340861876632507
9260,-73.94714667,40.80089167,6.629014999960035e-07,0.006340861876632507
9261,-73.94709833,40.80085833,6.629014999960035e-07,0.006340861876632507
9262,-73.94704,40.80083,6.629014999960035e-07,0.006340861876632507
9263,-73.94694,40.80077,6.629014999960035e-07,0.006340861876632507
9264,-73.94686,40.80072,6.629014999960035e-07,0.006340861876632507
9265,-73.94671333,40.80064667,9.031749999913546e-08,0.001232494206610966
9266,-73.94664667,40.80061167,9.031749999913546e-08,0.001232494206610966
9267,-73.94646833,40.80052833,9.031749999913546e-08,0.001232494206610966
9268,-73.94637167,40.80047667,4.039520000021145e-07,0.004369842902090153
9269,-73.94627,40.800425,4.039520000021145e-07,0.004369842902090153
9270,-73.94616167,40.80038167,4.039520000021145e-07,0.004369842902090153
9271,-73.946055,40.80033667,4.039520000021145e-07,0.004369842902090153
9272,-73.94594833,40.80029167,4.039520000021145e-07,0.004369842902090153
9273,-73.94583333,40.80024667,4.039520000021145e-07,0.004369842902090153
9274,-73.94571667,40.80020167,4.039520000021145e-07,0.004369842902090153
9275,-73.9455,40.80011,1.6473050000050293e-07,0.002324054534293814
9276,-73.94539333,40.80008,1.0953499999736243e-07,0.001557481795905573
9277,-73.94530833,40.80004833,1.0953499999736243e-07,0.001557481795905573
9278,-73.94523833,40.80002333,1.0953499999736243e-07,0.001557481795905573
9279,-73.94519,40.80000333,1.0953499999736243e-07,0.001557481795905573
9280,-73.944815,40.80002667,6.84219999997122e-08,0.0015670440787244769
9281,-73.94475167,40.80014,6.84219999997122e-08,0.0015670440787244769
9282,-73.94471333,40.80020333,6.84219999997122e-08,0.0015670440787244769
9283,-73.94466667,40.80026667,6.84219999997122e-08,0.0015670440787244769
9284,-73.944615,40.80032667,6.84219999997122e-08,0.0015670440787244769
9285,-73.94456667,40.80038333,6.84219999997122e-08,0.0015670440787244769
9286,-73.94452667,40.80043,6.84219999997122e-08,0.0015670440787244769
9287,-73.94449833,40.80046833,6.84219999997122e-08,0.0015670440787244769
9288,-73.94447833,40.80049333,6.84219999997122e-08,0.0015670440787244769
9289,-73.944405,40.80063167,6.84219999997122e-08,0.0015670440787244769
9290,-73.944365,40.80068167,6.84219999997122e-08,0.0015670440787244769
9291,-73.94432333,40.80073833,9.214500000020323e-08,0.0015205850523466835
9292,-73.94427333,40.80079667,9.214500000020323e-08,0.0015205850523466835
9293,-73.94422833,40.80085667,9.214500000020323e-08,0.0015205850523466835
9294,-73.94417833,40.80091333,9.214500000020323e-08,0.0015205850523466835
9295,-73.94407667,40.80103667,9.214500000020323e-08,0.0015205850523466835
9296,-73.94396167,40.80117667,9.214500000020323e-08,0.0015205850523466835
9297,-73.943905,40.80125333,9.214500000020323e-08,0.0015205850523466835
9298,-73.94378,40.80140667,2.985700000013034e-07,0.004149133995237309
9299,-73.94373,40.80148333,2.985700000013034e-07,0.004149133995237309
9300,-73.94368667,40.80156,2.985700000013034e-07,0.004149133995237309
9301,-73.94357333,40.80171,2.985700000013034e-07,0.004149133995237309
9302,-73.94351833,40.80179,2.985700000013034e-07,0.004149133995237309
9303,-73.94346333,40.80187,3.714315000029166e-07,0.005270953979299379
9304,-73.943405,40.80195333,3.714315000029166e-07,0.005270953979299379
9305,-73.94333833,40.80203,3.56547500000017e-07,0.004832185482189652
9306,-73.94328,40.80210833,3.56547500000017e-07,0.004832185482189652
9307,-73.943225,40.80218667,3.56547500000017e-07,0.004832185482189652
9308,-73.94305833,40.80243667,3.56547500000017e-07,0.004832185482189652
9309,-73.94299667,40.80252667,3.56547500000017e-07,0.004832185482189652
9310,-73.94293,40.80261833,3.56547500000017e-07,0.004832185482189652
9311,-73.94286333,40.802705,3.32095999994479e-07,0.002383788297212244
9312,-73.94280167,40.80278167,3.32095999994479e-07,0.002383788297212244
9313,-73.94275167,40.802845,3.32095999994479e-07,0.002383788297212244
9314,-73.942705,40.80290167,3.32095999994479e-07,0.002383788297212244
9315,-73.94265833,40.80295167,3.32095999994479e-07,0.002383788297212244
9316,-73.94254,40.80310333,3.32095999994479e-07,0.002383788297212244
9317,-73.94250167,40.80315,3.32095999994479e-07,0.002383788297212244
9318,-73.94246667,40.80319,3.32095999994479e-07,0.002383788297212244
9319,-73.94243333,40.80323,3.32095999994479e-07,0.002383788297212244
9320,-73.942405,40.803265,3.32095999994479e-07,0.002383788297212244
9321,-73.94236,40.80333167,3.32095999994479e-07,0.002383788297212244
9322,-73.94230333,40.80340833,3.32095999994479e-07,0.002383788297212244
9323,-73.94223333,40.80349833,3.32095999994479e-07,0.002383788297212244
9324,-73.94219333,40.80355167,6.559210000060596e-07,0.00437851914558453
9325,-73.94214833,40.80361167,6.559210000060596e-07,0.00437851914558453
9326,-73.94209667,40.80367667,6.559210000060596e-07,0.00437851914558453
9327,-73.94204667,40.80373833,3.462069999973988e-07,0.004307680192141755
9328,-73.941955,40.80385833,3.462069999973988e-07,0.004307680192141755
9329,-73.94191667,40.80391833,3.462069999973988e-07,0.004307680192141755
9330,-73.94188,40.80397667,3.462069999973988e-07,0.004307680192141755
9331,-73.94184667,40.80402667,3.462069999973988e-07,0.004307680192141755
9332,-73.941815,40.80407833,3.462069999973988e-07,0.004307680192141755
9333,-73.94178333,40.80412167,3.462069999973988e-07,0.004307680192141755
9334,-73.941755,40.80416,3.462069999973988e-07,0.004307680192141755
9335,-73.94173167,40.80419333,3.462069999973988e-07,0.004307680192141755
9336,-73.94171,40.804225,3.462069999973988e-07,0.004307680192141755
9337,-73.94169,40.80424833,3.462069999973988e-07,0.004307680192141755
9338,-73.94167167,40.80426833,3.462069999973988e-07,0.004307680192141755
9339,-73.94163833,40.80432333,3.462069999973988e-07,0.004307680192141755
9340,-73.94161667,40.80435667,3.462069999973988e-07,0.004307680192141755
9341,-73.94158833,40.80439333,3.462069999973988e-07,0.004307680192141755
9342,-73.94155833,40.804435,3.462069999973988e-07,0.004307680192141755
9343,-73.941525,40.80447667,3.462069999973988e-07,0.004307680192141755
9344,-73.94149833,40.80451667,3.0190550000288866e-07,0.004049221049562681
9345,-73.94146833,40.80455667,3.0190550000288866e-07,0.004049221049562681
9346,-73.94141,40.80464167,3.0190550000288866e-07,0.004049221049562681
9347,-73.94128667,40.80480667,3.0190550000288866e-07,0.004049221049562681
9348,-73.94125333,40.80484667,3.0190550000288866e-07,0.004049221049562681
9349,-73.94122,40.804885,3.0190550000288866e-07,0.004049221049562681
9350,-73.94118167,40.80492167,3.0190550000288866e-07,0.004049221049562681
9351,-73.94114667,40.80495833,3.0190550000288866e-07,0.004049221049562681
9352,-73.94110667,40.804985,3.0190550000288866e-07,0.004049221049562681
9353,-73.94106167,40.805,3.0190550000288866e-07,0.004049221049562681
9354,-73.94101,40.80499833,3.0190550000288866e-07,0.004049221049562681
9355,-73.94095,40.80498167,3.0190550000288866e-07,0.004049221049562681
9356,-73.94088667,40.80495,3.0190550000288866e-07,0.004049221049562681
9357,-73.940815,40.80491167,3.0190550000288866e-07,0.004049221049562681
9358,-73.94073167,40.80487,3.356070000021378e-07,0.00328126867642724
9359,-73.940645,40.80482667,3.356070000021378e-07,0.00328126867642724
9360,-73.94055833,40.80478167,3.356070000021378e-07,0.00328126867642724
9361,-73.940475,40.80473833,3.356070000021378e-07,0.00328126867642724
9362,-73.94039167,40.80469333,3.356070000021378e-07,0.00328126867642724
9363,-73.94030667,40.80465333,3.356070000021378e-07,0.00328126867642724
9364,-73.940225,40.80462167,3.356070000021378e-07,0.00328126867642724
9365,-73.94014833,40.804595,2.9599999995627198e-09,0.00023825489122730569
9366,-73.94009,40.80456833,2.9599999995627198e-09,0.00023825489122730569
9367,-73.94004667,40.80454833,2.9599999995627198e-09,0.00023825489122730569
9368,-73.94001167,40.80453667,2.9599999995627198e-09,0.00023825489122730569
9369,-73.93990167,40.80450167,2.9599999995627198e-09,0.00023825489122730569
9370,-73.93986833,40.804485,2.9599999995627198e-09,0.00023825489122730569
9371,-73.93982667,40.80446333,2.9599999995627198e-09,0.00023825489122730569
9372,-73.93977667,40.80444,2.9599999995627198e-09,0.00023825489122730569
9373,-73.93972167,40.804415,2.9599999995627198e-09,0.00023825489122730569
9374,-73.93960833,40.804365,2.9599999995627198e-09,0.00023825489122730569
9375,-73.93956,40.80434333,2.9599999995627198e-09,0.00023825489122730569
9376,-73.93951667,40.80432,2.9599999995627198e-09,0.00023825489122730569
9377,-73.93947833,40.804305,2.9599999995627198e-09,0.00023825489122730569
9378,-73.939445,40.80430667,2.9599999995627198e-09,0.00023825489122730569
9379,-73.939415,40.80429667,2.9599999995627198e-09,0.00023825489122730569
9380,-73.93923333,40.80421833,2.9599999995627198e-09,0.00023825489122730569
9381,-73.93918167,40.804195,1.0455800000077258e-07,0.0013137192556273965
9382,-73.939125,40.80417167,1.0455800000077258e-07,0.0013137192556273965
9383,-73.93881333,40.80405667,2.0846400000137712e-07,0.00222068928152022
9384,-73.93861667,40.80402,2.0846400000137712e-07,0.00222068928152022
9385,-73.938595,40.80400333,2.0846400000137712e-07,0.00222068928152022
9386,-73.93857333,40.803985,2.0846400000137712e-07,0.00222068928152022
9387,-73.93855,40.80396667,2.0846400000137712e-07,0.00222068928152022
9388,-73.93852833,40.80394833,2.0846400000137712e-07,0.00222068928152022
9389,-73.93840333,40.803835,2.0846400000137712e-07,0.00222068928152022
9390,-73.93835167,40.803815,2.0846400000137712e-07,0.00222068928152022
9391,-73.93828833,40.80378833,2.0846400000137712e-07,0.00222068928152022
9392,-73.93822667,40.80376,2.0846400000137712e-07,0.00222068928152022
9393,-73.93811167,40.80370667,3.730800000038971e-08,0.0008420438699240192
9394,-73.93807,40.803675,3.730800000038971e-08,0.0008420438699240192
9395,-73.93804667,40.80363833,3.730800000038971e-08,0.0008420438699240192
9396,-73.93804167,40.80360333,3.730800000038971e-08,0.0008420438699240192
9397,-73.93807,40.80356167,3.730800000038971e-08,0.0008420438699240192
9398,-73.93810833,40.80351,3.730800000038971e-08,0.0008420438699240192
9399,-73.93815,40.80345667,3.730800000038971e-08,0.0008420438699240192
9400,-73.93822,40.80333833,3.396349999836316e-08,0.0008283354986655211
9401,-73.93824667,40.80328667,3.396349999836316e-08,0.0008283354986655211
9402,-73.93829167,40.80322667,6.473300000173802e-08,0.0011289549646502587
9403,-73.93829833,40.80320667,6.473300000173802e-08,0.0011289549646502587
9404,-73.938345,40.80315,6.473300000173802e-08,0.0011289549646502587
9405,-73.93844167,40.803035,3.3647999999814173e-08,0.0008214877726621427
9406,-73.93849333,40.80296667,3.3647999999814173e-08,0.0008214877726621427
9407,-73.93854167,40.80289667,5.1815999998906823e-08,0.0011448382460378043
9408,-73.93859167,40.80282833,5.1815999998906823e-08,0.0011448382460378043
9409,-73.93863667,40.80276333,5.1815999998906823e-08,0.0011448382460378043
9410,-73.93871833,40.80264333,2.8300999999635666e-08,0.0006812557382869325
9411,-73.93875333,40.80259333,2.8300999999635666e-08,0.0006812557382869325
9412,-73.93878,40.80255,2.8300999999635666e-08,0.0006812557382869325
9413,-73.93877333,40.802505,2.8300999999635666e-08,0.0006812557382869325
9414,-73.93873,40.80246333,2.8300999999635666e-08,0.0006812557382869325
9415,-73.93866,40.80241833,2.8300999999635666e-08,0.0006812557382869325
9416,-73.93858333,40.80237833,2.8300999999635666e-08,0.0006812557382869325
9417,-73.93849833,40.80233833,2.8300999999635666e-08,0.0006812557382869325
9418,-73.938315,40.80225333,2.8300999999635666e-08,0.0006812557382869325
9419,-73.93822333,40.80221,4.23555000016329e-08,0.001196332160434061
9420,-73.93813833,40.80216167,4.23555000016329e-08,0.001196332160434061
9421,-73.93788,40.802045,2.82880500000883e-07,0.002637954307884594
9422,-73.93780167,40.80201167,2.82880500000883e-07,0.002637954307884594
9423,-73.93772833,40.801985,2.82880500000883e-07,0.002637954307884594
9424,-73.93766,40.80196,2.82880500000883e-07,0.002637954307884594
9425,-73.937605,40.80193167,2.65804500001481e-07,0.0024959683346310393
9426,-73.93756333,40.80191167,2.65804500001481e-07,0.0024959683346310393
9427,-73.93743667,40.80187167,2.65804500001481e-07,0.0024959683346310393
9428,-73.93739167,40.80185167,2.65804500001481e-07,0.0024959683346310393
9429,-73.93733167,40.80182333,2.65804500001481e-07,0.0024959683346310393
9430,-73.93726333,40.801795,2.65804500001481e-07,0.0024959683346310393
9431,-73.93718333,40.801765,2.65804500001481e-07,0.0024959683346310393
9432,-73.93709667,40.80172833,3.585999999981403e-07,0.0032235517585719
9433,-73.937005,40.80168833,3.585999999981403e-07,0.0032235517585719
9434,-73.93691167,40.80164333,3.585999999981403e-07,0.0032235517585719
9435,-73.936815,40.80159833,3.585999999981403e-07,0.0032235517585719
9436,-73.93671667,40.80155,3.585999999981403e-07,0.0032235517585719
9437,-73.93662167,40.8015,3.585999999981403e-07,0.0032235517585719
9438,-73.936525,40.80145667,3.585999999981403e-07,0.0032235517585719
9439,-73.936425,40.80141833,3.585999999981403e-07,0.0032235517585719
9440,-73.93633333,40.80137,6.154914999939801e-07,0.005133936905872557
9441,-73.93624833,40.80132,6.154914999939801e-07,0.005133936905872557
9442,-73.93616667,40.80126833,6.154914999939801e-07,0.005133936905872557
9443,-73.93607333,40.801235,2.4240600000065175e-07,0.003166864840150309
9444,-73.93597667,40.80120167,2.4240600000065175e-07,0.003166864840150309
9445,-73.93588,40.80116833,2.4240600000065175e-07,0.003166864840150309
9446,-73.93578167,40.80113167,2.4240600000065175e-07,0.003166864840150309
9447,-73.93568333,40.80109,2.4240600000065175e-07,0.003166864840150309
9448,-73.93558333,40.801045,2.4240600000065175e-07,0.003166864840150309
9449,-73.93548333,40.80099833,2.4240600000065175e-07,0.003166864840150309
9450,-73.93529833,40.80091667,2.4240600000065175e-07,0.003166864840150309
9451,-73.93522167,40.80088,3.746970000024608e-07,0.0033430794030308276
9452,-73.93516333,40.800845,3.746970000024608e-07,0.0033430794030308276
9453,-73.93512667,40.80080833,3.746970000024608e-07,0.0033430794030308276
9454,-73.93511833,40.800765,2.4240600000065175e-07,0.003166864840150309
9455,-73.93512667,40.80072,2.4240600000065175e-07,0.003166864840150309
9456,-73.93519167,40.80062333,2.4240600000065175e-07,0.003166864840150309
9457,-73.93523,40.80057667,2.4240600000065175e-07,0.003166864840150309
9458,-73.93526667,40.800535,2.4240600000065175e-07,0.003166864840150309
9459,-73.93529667,40.8005,2.4240600000065175e-07,0.003166864840150309
9460,-73.93531833,40.80047167,2.4240600000065175e-07,0.003166864840150309
9461,-73.93533,40.80045333,2.4240600000065175e-07,0.003166864840150309
9462,-73.93538667,40.80037,2.4240600000065175e-07,0.003166864840150309
9463,-73.93541333,40.80034,2.4240600000065175e-07,0.003166864840150309
9464,-73.935445,40.80030333,2.4240600000065175e-07,0.003166864840150309
9465,-73.93548167,40.800255,2.4240600000065175e-07,0.003166864840150309
9466,-73.93552,40.80020167,8.69400000015388e-08,0.0013577893675893202
9467,-73.93555667,40.80014333,8.69400000015388e-08,0.0013577893675893202
9468,-73.93559333,40.80008,8.69400000015388e-08,0.0013577893675893202
9469,-73.935665,40.799935,8.69400000015388e-08,0.0013577893675893202
9470,-73.93569833,40.79986167,8.69400000015388e-08,0.0013577893675893202
9471,-73.93572667,40.79978833,8.69400000015388e-08,0.0013577893675893202
9472,-73.93575333,40.79972167,8.69400000015388e-08,0.0013577893675893202
9473,-73.93578,40.79966333,8.69400000015388e-08,0.0013577893675893202
9474,-73.93579,40.79957167,8.791800000008914e-08,0.0013483858722372255
9475,-73.93575667,40.79954667,8.791800000008914e-08,0.0013483858722372255
9476,-73.9357,40.79952167,8.791800000008914e-08,0.0013483858722372255
9477,-73.93563167,40.799495,8.791800000008914e-08,0.0013483858722372255
9478,-73.93556333,40.799465,8.791800000008914e-08,0.0013483858722372255
9479,-73.935415,40.79940667,8.791800000008914e-08,0.0013483858722372255
9480,-73.935345,40.79937833,8.791800000008914e-08,0.0013483858722372255
9481,-73.93528,40.79934667,8.791800000008914e-08,0.0013483858722372255
9482,-73.93522333,40.79931833,8.791800000008914e-08,0.0013483858722372255
9483,-73.93516667,40.79929,2.637064999997859e-07,0.00381145626986838
9484,-73.935105,40.79926333,2.637064999997859e-07,0.00381145626986838
9485,-73.93497167,40.79919833,2.637064999997859e-07,0.00381145626986838
9486,-73.93489667,40.79916333,2.637064999997859e-07,0.00381145626986838
9487,-73.93482333,40.79912833,2.637064999997859e-07,0.00381145626986838
9488,-73.93470167,40.79907667,2.637064999997859e-07,0.00381145626986838
9489,-73.93460667,40.799035,2.637064999997859e-07,0.00381145626986838
9490,-73.93456167,40.79901333,2.637064999997859e-07,0.00381145626986838
9491,-73.93438,40.79894333,2.637064999997859e-07,0.00381145626986838
9492,-73.93435333,40.79893333,2.637064999997859e-07,0.00381145626986838
9493,-73.93428167,40.79892833,2.637064999997859e-07,0.00381145626986838
9494,-73.93423833,40.79892167,5.352765000023167e-07,0.004610301550609997
9495,-73.93418333,40.79891,5.352765000023167e-07,0.004610301550609997
9496,-73.93412,40.79888833,5.352765000023167e-07,0.004610301550609997
9497,-73.93405833,40.79886,5.352765000023167e-07,0.004610301550609997
9498,-73.93394,40.798805,5.352765000023167e-07,0.004610301550609997
9499,-73.93388167,40.79877667,5.352765000023167e-07,0.004610301550609997
9500,-73.93381833,40.798745,5.352765000023167e-07,0.004610301550609997
9501,-73.93375,40.79871167,5.352765000023167e-07,0.004610301550609997
9502,-73.93367333,40.79867833,5.352765000023167e-07,0.004610301550609997
9503,-73.93358833,40.79864333,5.352765000023167e-07,0.004610301550609997
9504,-73.93349833,40.79860667,5.352765000023167e-07,0.004610301550609997
9505,-73.93341,40.79857,4.1030549999977914e-07,0.005873753312130064
9506,-73.93331667,40.79852667,4.1030549999977914e-07,0.005873753312130064
9507,-73.933225,40.79848167,4.1030549999977914e-07,0.005873753312130064
9508,-73.93312833,40.798435,4.1030549999977914e-07,0.005873753312130064
9509,-73.93303167,40.79839333,4.1030549999977914e-07,0.005873753312130064
9510,-73.932935,40.79834833,4.1030549999977914e-07,0.005873753312130064
9511,-73.93284333,40.798305,4.1030549999977914e-07,0.005873753312130064
9512,-73.93275333,40.79826667,4.1030549999977914e-07,0.005873753312130064
9513,-73.93266333,40.798225,2.138104999998173e-07,0.0025935136368275286
9514,-73.932565,40.79818,2.138104999998173e-07,0.0025935136368275286
9515,-73.93238333,40.79807333,2.138104999998173e-07,0.0025935136368275286
9516,-73.93228,40.79802333,2.138104999998173e-07,0.0025935136368275286
9517,-73.93216833,40.797975,2.138104999998173e-07,0.0025935136368275286
9518,-73.93205833,40.79793,1.1662900000118946e-07,0.0014913317164689812
9519,-73.931955,40.79788333,1.1662900000118946e-07,0.0014913317164689812
9520,-73.93175167,40.79779667,1.1662900000118946e-07,0.0014913317164689812
9521,-73.93166833,40.79776333,1.1662900000118946e-07,0.0014913317164689812
9522,-73.93160167,40.797735,1.1662900000118946e-07,0.0014913317164689812
9523,-73.93155167,40.797715,1.1662900000118946e-07,0.0014913317164689812
9524,-73.93145167,40.797685,1.1662900000118946e-07,0.0014913317164689812
9525,-73.93143,40.79765667,1.1662900000118946e-07,0.0014913317164689812
9526,-73.93141833,40.79761833,1.1662900000118946e-07,0.0014913317164689812
9527,-73.93142,40.797575,1.1662900000118946e-07,0.0014913317164689812
9528,-73.93147167,40.79746833,1.1662900000118946e-07,0.0014913317164689812
9529,-73.93155333,40.79735333,1.1662900000118946e-07,0.0014913317164689812
9530,-73.931595,40.79730167,1.1662900000118946e-07,0.0014913317164689812
9531,-73.93163333,40.79725167,1.1662900000118946e-07,0.0014913317164689812
9532,-73.931665,40.79721333,1.1662900000118946e-07,0.0014913317164689812
9533,-73.93168833,40.79718667,1.1662900000118946e-07,0.0014913317164689812
9534,-73.9317,40.79716833,1.1662900000118946e-07,0.0014913317164689812
9535,-73.93180667,40.79699,2.0432999999958547e-08,0.0006716153328076873
9536,-73.931855,40.796925,2.0432999999958547e-08,0.0006716153328076873
9537,-73.93190333,40.79685333,2.0432999999958547e-08,0.0006716153328076873
9538,-73.93195167,40.79677833,2.0432999999958547e-08,0.0006716153328076873
9539,-73.93207333,40.79661833,3.832900000111745e-08,0.0011043345529254192
9540,-73.93220333,40.79645167,4.098200000190352e-08,0.0008282929571131129
9541,-73.93226833,40.796365,4.098200000190352e-08,0.0008282929571131129
9542,-73.93233167,40.79627667,4.098200000190352e-08,0.0008282929571131129
9543,-73.93239167,40.79619167,4.098200000190352e-08,0.0008282929571131129
9544,-73.932505,40.79602667,4.098200000190352e-08,0.0008282929571131129
9545,-73.93256167,40.79595,1.1612300000225591e-07,0.0015126547895418982
9546,-73.93262,40.795875,1.1612300000225591e-07,0.0015126547895418982
9547,-73.93267833,40.7958,1.1612300000225591e-07,0.0015126547895418982
9548,-73.932735,40.79572167,1.1612300000225591e-07,0.0015126547895418982
9549,-73.93279333,40.79564667,2.0759150000265286e-07,0.002347197955272779
9550,-73.93284833,40.795575,3.6624349999846774e-07,0.0035212087310817213
9551,-73.932895,40.79551333,3.6624349999846774e-07,0.0035212087310817213
9552,-73.93293333,40.79546333,3.6624349999846774e-07,0.0035212087310817213
9553,-73.93296833,40.79541667,3.6624349999846774e-07,0.0035212087310817213
9554,-73.933,40.79537167,3.6624349999846774e-07,0.0035212087310817213
9555,-73.93302833,40.79532833,3.6624349999846774e-07,0.0035212087310817213
9556,-73.93305167,40.79528833,3.6624349999846774e-07,0.0035212087310817213
9557,-73.93309,40.79523333,3.6624349999846774e-07,0.0035212087310817213
9558,-73.93318167,40.795165,3.6624349999846774e-07,0.0035212087310817213
9559,-73.93327333,40.79516167,3.6624349999846774e-07,0.0035212087310817213
9560,-73.93333333,40.79518167,3.6624349999846774e-07,0.0035212087310817213
9561,-73.93362167,40.79532,3.6624349999846774e-07,0.0035212087310817213
9562,-73.933695,40.79535333,3.6624349999846774e-07,0.0035212087310817213
9563,-73.93376667,40.79539167,3.6624349999846774e-07,0.0035212087310817213
9564,-73.93391833,40.795465,8.386244999986924e-07,0.006749344705660488
9565,-73.93399833,40.79549667,8.386244999986924e-07,0.006749344705660488
9566,-73.93407,40.79553,8.386244999986924e-07,0.006749344705660488
9567,-73.93419833,40.795585,8.386244999986924e-07,0.006749344705660488
9568,-73.93424667,40.79559667,8.386244999986924e-07,0.006749344705660488
9569,-73.93428,40.79560667,8.386244999986924e-07,0.006749344705660488
9570,-73.93430167,40.795615,2.6683749999847106e-07,0.004230811199482601
9571,-73.92811333,40.85670167,2.0129499999750954e-07,0.00266894928983808
9572,-73.928145,40.856725,2.0129499999750954e-07,0.00266894928983808
9573,-73.928175,40.85675333,2.0129499999750954e-07,0.00266894928983808
9574,-73.92819833,40.85679167,1.0843150000153834e-07,0.0019636014450382802
9575,-73.92821333,40.85683667,1.0843150000153834e-07,0.0019636014450382802
9576,-73.92822667,40.85688833,1.0843150000153834e-07,0.0019636014450382802
9577,-73.928225,40.85699667,1.0843150000153834e-07,0.0019636014450382802
9578,-73.928225,40.857045,1.0843150000153834e-07,0.0019636014450382802
9579,-73.92823833,40.85709,1.0843150000153834e-07,0.0019636014450382802
9580,-73.92827,40.85713333,1.0843150000153834e-07,0.0019636014450382802
9581,-73.92831833,40.857175,1.0843150000153834e-07,0.0019636014450382802
9582,-73.92838667,40.85720833,1.0843150000153834e-07,0.0019636014450382802
9583,-73.92856,40.857275,1.0843150000153834e-07,0.0019636014450382802
9584,-73.92864667,40.85731,1.0843150000153834e-07,0.0019636014450382802
9585,-73.92872833,40.857345,1.0843150000153834e-07,0.0019636014450382802
9586,-73.92881167,40.85737167,1.0843150000153834e-07,0.0019636014450382802
9587,-73.92888833,40.85739167,1.0843150000153834e-07,0.0019636014450382802
9588,-73.92895833,40.857415,1.0843150000153834e-07,0.0019636014450382802
9589,-73.92902667,40.85743167,1.6056750000085082e-07,0.0019831253902132225
9590,-73.92909667,40.85744333,1.6056750000085082e-07,0.0019831253902132225
9591,-73.92917333,40.85743833,1.6056750000085082e-07,0.0019831253902132225
9592,-73.929235,40.85745833,1.6056750000085082e-07,0.0019831253902132225
9593,-73.92930167,40.85745833,1.6056750000085082e-07,0.0019831253902132225
9594,-73.92936333,40.85745,1.6056750000085082e-07,0.0019831253902132225
9595,-73.92942,40.85746833,1.6056750000085082e-07,0.0019831253902132225
9596,-73.92947333,40.85747333,1.6056750000085082e-07,0.0019831253902132225
9597,-73.92953333,40.85747833,1.6056750000085082e-07,0.0019831253902132225
9598,-73.9296,40.85748333,1.6056750000085082e-07,0.0019831253902132225
9599,-73.92972333,40.85747833,1.6056750000085082e-07,0.0019831253902132225
9600,-73.92978333,40.85748333,1.6056750000085082e-07,0.0019831253902132225
9601,-73.92983833,40.85748667,1.6056750000085082e-07,0.0019831253902132225
9602,-73.92989667,40.85749167,1.6056750000085082e-07,0.0019831253902132225
9603,-73.92996167,40.857495,1.6056750000085082e-07,0.0019831253902132225
9604,-73.93003,40.85749667,1.6056750000085082e-07,0.0019831253902132225
9605,-73.93011833,40.85749,1.6056750000085082e-07,0.0019831253902132225
9606,-73.93021833,40.857465,6.145925000004205e-07,0.008403617885104476
9607,-73.93041167,40.857445,7.093549999956135e-08,0.0018158890646887513
9608,-73.93050667,40.85743,7.093549999956135e-08,0.0018158890646887513
9609,-73.93068833,40.85738333,7.093549999956135e-08,0.0018158890646887513
9610,-73.93078167,40.85735,7.093549999956135e-08,0.0018158890646887513
9611,-73.930875,40.85730667,7.093549999956135e-08,0.0018158890646887513
9612,-73.93097,40.85726333,7.093549999956135e-08,0.0018158890646887513
9613,-73.93112,40.85717833,7.093549999956135e-08,0.0018158890646887513
9614,-73.93118333,40.85714167,7.093549999956135e-08,0.0018158890646887513
9615,-73.93126333,40.85712333,7.093549999956135e-08,0.0018158890646887513
9616,-73.93128667,40.857125,7.093549999956135e-08,0.0018158890646887513
9617,-73.93129667,40.85725833,7.093549999956135e-08,0.0018158890646887513
9618,-73.93125667,40.85730333,7.093549999956135e-08,0.0018158890646887513
9619,-73.93122667,40.85735333,7.093549999956135e-08,0.0018158890646887513
9620,-73.93119167,40.857405,7.093549999956135e-08,0.0018158890646887513
9621,-73.93111667,40.85748833,7.093549999956135e-08,0.0018158890646887513
9622,-73.93108333,40.857495,7.093549999956135e-08,0.0018158890646887513
9623,-73.931035,40.85756833,7.093549999956135e-08,0.0018158890646887513
9624,-73.930985,40.85766833,7.093549999956135e-08,0.0018158890646887513
9625,-73.930955,40.85771,7.093549999956135e-08,0.0018158890646887513
9626,-73.93093167,40.85775333,7.093549999956135e-08,0.0018158890646887513
9627,-73.93089333,40.85778667,9.78953999990425e-07,0.007952674132075314
9628,-73.93089167,40.85786833,9.78953999990425e-07,0.007952674132075314
9629,-73.930925,40.85789833,9.78953999990425e-07,0.007952674132075314
9630,-73.93097833,40.85792833,9.78953999990425e-07,0.007952674132075314
9631,-73.93104,40.85795,9.78953999990425e-07,0.007952674132075314
9632,-73.93111833,40.85797,9.78953999990425e-07,0.007952674132075314
9633,-73.93120833,40.857995,9.78953999990425e-07,0.007952674132075314
9634,-73.93129667,40.85801833,9.78953999990425e-07,0.007952674132075314
9635,-73.93137667,40.85804167,9.78953999990425e-07,0.007952674132075314
9636,-73.93144167,40.85805833,9.78953999990425e-07,0.007952674132075314
9637,-73.93149,40.85807167,9.78953999990425e-07,0.007952674132075314
9638,-73.93158,40.858165,9.78953999990425e-07,0.007952674132075314
9639,-73.93160833,40.85819667,9.78953999990425e-07,0.007952674132075314
9640,-73.93164333,40.85821167,4.1348700000405e-07,0.006449857786098171
9641,-73.93167833,40.85822333,4.1348700000405e-07,0.006449857786098171
9642,-73.931695,40.85824167,4.1348700000405e-07,0.006449857786098171
9643,-73.93169333,40.85827333,4.1348700000405e-07,0.006449857786098171
9644,-73.93168,40.85831833,4.1348700000405e-07,0.006449857786098171
9645,-73.93165833,40.85837667,4.1348700000405e-07,0.006449857786098171
9646,-73.93163,40.85844333,4.1348700000405e-07,0.006449857786098171
9647,-73.931595,40.85851167,4.1348700000405e-07,0.006449857786098171
9648,-73.93156,40.85858,4.1348700000405e-07,0.006449857786098171
9649,-73.931525,40.85864667,1.9814000000167416e-08,0.0005894361558665452
9650,-73.93149,40.85871167,1.9814000000167416e-08,0.0005894361558665452
9651,-73.931435,40.85882667,1.9814000000167416e-08,0.0005894361558665452
9652,-73.93141333,40.85886667,1.9814000000167416e-08,0.0005894361558665452
9653,-73.93140167,40.85889333,1.9814000000167416e-08,0.0005894361558665452
9654,-73.931355,40.85897667,1.9814000000167416e-08,0.0005894361558665452
9655,-73.93133833,40.85902333,1.9814000000167416e-08,0.0005894361558665452
9656,-73.931325,40.85907,1.9814000000167416e-08,0.0005894361558665452
9657,-73.93131167,40.85910833,1.9814000000167416e-08,0.0005894361558665452
9658,-73.93130333,40.85913833,1.9814000000167416e-08,0.0005894361558665452
9659,-73.931345,40.85925333,1.9814000000167416e-08,0.0005894361558665452
9660,-73.93139167,40.85928333,1.9814000000167416e-08,0.0005894361558665452
9661,-73.93149667,40.859335,1.9814000000167416e-08,0.0005894361558665452
9662,-73.93152833,40.85935167,1.9814000000167416e-08,0.0005894361558665452
9663,-73.93155167,40.85936167,1.9814000000167416e-08,0.0005894361558665452
9664,-73.93171,40.8594,1.9814000000167416e-08,0.0005894361558665452
9665,-73.93177333,40.85942167,1.9814000000167416e-08,0.0005894361558665452
9666,-73.93184667,40.85944,1.9814000000167416e-08,0.0005894361558665452
9667,-73.93192,40.85946167,1.9814000000167416e-08,0.0005894361558665452
9668,-73.93205667,40.85949667,1.9814000000167416e-08,0.0005894361558665452
9669,-73.93213167,40.859495,1.9814000000167416e-08,0.0005894361558665452
9670,-73.93220167,40.85948167,1.9814000000167416e-08,0.0005894361558665452
9671,-73.932255,40.85944833,1.9814000000167416e-08,0.0005894361558665452
9672,-73.93233167,40.85935833,1.9814000000167416e-08,0.0005894361558665452
9673,-73.93236,40.85930167,1.9814000000167416e-08,0.0005894361558665452
9674,-73.932425,40.85918333,4.1348700000405e-07,0.006449857786098171
9675,-73.93245833,40.85912333,4.1348700000405e-07,0.006449857786098171
9676,-73.932495,40.85906667,4.1348700000405e-07,0.006449857786098171
9677,-73.932525,40.859015,4.1348700000405e-07,0.006449857786098171
9678,-73.93254667,40.85897667,4.1348700000405e-07,0.006449857786098171
9679,-73.932565,40.85895,4.1348700000405e-07,0.006449857786098171
9680,-73.93259,40.85891,4.1348700000405e-07,0.006449857786098171
9681,-73.93260333,40.858885,4.1348700000405e-07,0.006449857786098171
9682,-73.93262,40.85885167,4.1348700000405e-07,0.006449857786098171
9683,-73.932645,40.85880833,4.1348700000405e-07,0.006449857786098171
9684,-73.93267167,40.858755,4.1348700000405e-07,0.006449857786098171
9685,-73.93269333,40.85871,4.1348700000405e-07,0.006449857786098171
9686,-73.93270667,40.85866333,4.1348700000405e-07,0.006449857786098171
9687,-73.93273,40.85861333,4.1348700000405e-07,0.006449857786098171
9688,-73.93275833,40.85856167,4.1348700000405e-07,0.006449857786098171
9689,-73.932785,40.85851667,4.1348700000405e-07,0.006449857786098171
9690,-73.93280333,40.85848,4.1348700000405e-07,0.006449857786098171
9691,-73.93282333,40.85844833,4.1348700000405e-07,0.006449857786098171
9692,-73.932865,40.85836333,4.1348700000405e-07,0.006449857786098171
9693,-73.93288667,40.85831667,4.1348700000405e-07,0.006449857786098171
9694,-73.93290833,40.85827333,4.1348700000405e-07,0.006449857786098171
9695,-73.93293167,40.85823167,4.877225000017307e-07,0.004023929898381949
9696,-73.93295167,40.8582,4.877225000017307e-07,0.004023929898381949
9697,-73.93296833,40.85817167,4.877225000017307e-07,0.004023929898381949
9698,-73.93297833,40.85814833,4.877225000017307e-07,0.004023929898381949
9699,-73.932965,40.858095,4.877225000017307e-07,0.004023929898381949
9700,-73.93294167,40.85807667,4.877225000017307e-07,0.004023929898381949
9701,-73.93286667,40.85805667,4.877225000017307e-07,0.004023929898381949
9702,-73.93280833,40.85805167,4.877225000017307e-07,0.004023929898381949
9703,-73.93273833,40.85804,4.877225000017307e-07,0.004023929898381949
9704,-73.93267,40.85803167,4.877225000017307e-07,0.004023929898381949
9705,-73.93256333,40.858025,4.877225000017307e-07,0.004023929898381949
9706,-73.93252667,40.85802,4.877225000017307e-07,0.004023929898381949
9707,-73.93236,40.85800833,4.877225000017307e-07,0.004023929898381949
9708,-73.93232833,40.85798833,4.877225000017307e-07,0.004023929898381949
9709,-73.93229,40.85796667,4.877225000017307e-07,0.004023929898381949
9710,-73.93226333,40.857935,4.877225000017307e-07,0.004023929898381949
9711,-73.93225,40.85789667,4.877225000017307e-07,0.004023929898381949
9712,-73.93225,40.85785833,4.877225000017307e-07,0.004023929898381949
9713,-73.93226167,40.85781167,4.877225000017307e-07,0.004023929898381949
9714,-73.93228,40.85775167,4.877225000017307e-07,0.004023929898381949
9715,-73.93230333,40.85768333,4.877225000017307e-07,0.004023929898381949
9716,-73.932335,40.85761,4.877225000017307e-07,0.004023929898381949
9717,-73.93237167,40.85753333,4.877225000017307e-07,0.004023929898381949
9718,-73.93240333,40.857455,4.877225000017307e-07,0.004023929898381949
9719,-73.93244167,40.85737667,4.877225000017307e-07,0.004023929898381949
9720,-73.93247667,40.85729833,4.877225000017307e-07,0.004023929898381949
9721,-73.93250667,40.85722,4.877225000017307e-07,0.004023929898381949
9722,-73.93256,40.85707333,4.877225000017307e-07,0.004023929898381949
9723,-73.93258833,40.85700833,4.877225000017307e-07,0.004023929898381949
9724,-73.932615,40.85695167,4.877225000017307e-07,0.004023929898381949
9725,-73.932655,40.85687333,1.0479349999899012e-07,0.001640762150276626
9726,-73.93266,40.85685333,1.0479349999899012e-07,0.001640762150276626
9727,-73.93278,40.856825,1.0479349999899012e-07,0.001640762150276626
9728,-73.9328,40.85677667,1.0479349999899012e-07,0.001640762150276626
9729,-73.932805,40.85670667,1.0479349999899012e-07,0.001640762150276626
9730,-73.93280667,40.85662,1.1565650000072841e-07,0.001503361037690828
9731,-73.93283167,40.85653333,1.1565650000072841e-07,0.001503361037690828
9732,-73.93286667,40.85644667,1.1565650000072841e-07,0.001503361037690828
9733,-73.93293833,40.85628,1.1565650000072841e-07,0.001503361037690828
9734,-73.93297,40.85620667,1.1565650000072841e-07,0.001503361037690828
9735,-73.93299833,40.85613833,2.8014349999738056e-07,0.0031156300214481517
9736,-73.93301833,40.85607833,2.8014349999738056e-07,0.0031156300214481517
9737,-73.93304833,40.85599667,2.8014349999738056e-07,0.0031156300214481517
9738,-73.93305667,40.855975,2.8014349999738056e-07,0.0031156300214481517
9739,-73.93305667,40.85596,3.8263449999938177e-07,0.0036617313012934057
9740,-73.93308,40.855925,3.8263449999938177e-07,0.0036617313012934057
9741,-73.93312833,40.85582833,3.8263449999938177e-07,0.0036617313012934057
9742,-73.93315,40.85577833,3.8263449999938177e-07,0.0036617313012934057
9743,-73.93317333,40.85572167,8.557949999894423e-08,0.0015931925056317598
9744,-73.93319833,40.85565833,8.557949999894423e-08,0.0015931925056317598
9745,-73.93322667,40.85559667,8.557949999894423e-08,0.0015931925056317598
9746,-73.93325333,40.85553667,8.557949999894423e-08,0.0015931925056317598
9747,-73.93327333,40.85548,8.557949999894423e-08,0.0015931925056317598
9748,-73.93329333,40.85542667,8.557949999894423e-08,0.0015931925056317598
9749,-73.93332167,40.85537167,8.557949999894423e-08,0.0015931925056317598
9750,-73.93334833,40.85530833,8.557949999894423e-08,0.0015931925056317598
9751,-73.93337333,40.85523833,8.557949999894423e-08,0.0015931925056317598
9752,-73.933585,40.85466,5.554450000021648e-08,0.0011140495262387728
9753,-73.93361333,40.85457833,5.554450000021648e-08,0.0011140495262387728
9754,-73.93373667,40.85432333,5.554450000021648e-08,0.0011140495262387728
9755,-73.93374833,40.85430167,5.554450000021648e-08,0.0011140495262387728
9756,-73.93472,40.85456167,1.4211599999843617e-07,0.002252687481939108
9757,-73.93480333,40.85458167,1.4211599999843617e-07,0.002252687481939108
9758,-73.93489333,40.85460167,1.4211599999843617e-07,0.002252687481939108
9759,-73.93498833,40.854625,1.4211599999843617e-07,0.002252687481939108
9760,-73.93507,40.85464833,1.4211599999843617e-07,0.002252687481939108
9761,-73.93514333,40.854675,1.4211599999843617e-07,0.002252687481939108
9762,-73.93519333,40.85469333,1.4211599999843617e-07,0.002252687481939108
9763,-73.93522667,40.854705,2.4174649999919994e-07,0.003078664729337506
9764,-73.935255,40.85471833,2.4174649999919994e-07,0.003078664729337506
9765,-73.93529333,40.85473167,2.4174649999919994e-07,0.003078664729337506
9766,-73.93534667,40.85474667,2.4174649999919994e-07,0.003078664729337506
9767,-73.93541333,40.85476333,2.4174649999919994e-07,0.003078664729337506
9768,-73.935485,40.854795,2.4174649999919994e-07,0.003078664729337506
9769,-73.93556333,40.85481667,2.4174649999919994e-07,0.003078664729337506
9770,-73.935635,40.85484333,2.4174649999919994e-07,0.003078664729337506
9771,-73.93574667,40.85489,1.804595000016795e-07,0.0027492796170937948
9772,-73.935785,40.85491167,1.804595000016795e-07,0.0027492796170937948
9773,-73.93581333,40.85492833,1.804595000016795e-07,0.0027492796170937948
9774,-73.93585,40.85494667,1.804595000016795e-07,0.0027492796170937948
9775,-73.93591333,40.85500167,1.804595000016795e-07,0.0027492796170937948
9776,-73.935925,40.85502833,1.804595000016795e-07,0.0027492796170937948
9777,-73.93592167,40.855055,1.804595000016795e-07,0.0027492796170937948
9778,-73.93591333,40.85508667,1.804595000016795e-07,0.0027492796170937948
9779,-73.93589833,40.85511833,1.804595000016795e-07,0.0027492796170937948
9780,-73.93588333,40.85515667,1.804595000016795e-07,0.0027492796170937948
9781,-73.93585333,40.855245,1.804595000016795e-07,0.0027492796170937948
9782,-73.93581333,40.85533833,1.804595000016795e-07,0.0027492796170937948
9783,-73.93579167,40.855375,1.804595000016795e-07,0.0027492796170937948
9784,-73.935775,40.85540833,1.804595000016795e-07,0.0027492796170937948
9785,-73.935755,40.85544,1.804595000016795e-07,0.0027492796170937948
9786,-73.93573167,40.85547333,1.804595000016795e-07,0.0027492796170937948
9787,-73.93570167,40.85552167,1.804595000016795e-07,0.0027492796170937948
9788,-73.93563333,40.85564667,1.804595000016795e-07,0.0027492796170937948
9789,-73.93559833,40.85572167,1.804595000016795e-07,0.0027492796170937948
9790,-73.93555833,40.85579333,3.8710799999770753e-07,0.005271578981760636
9791,-73.93551,40.85586333,3.8710799999770753e-07,0.005271578981760636
9792,-73.93546167,40.85593167,3.8710799999770753e-07,0.005271578981760636
9793,-73.93541833,40.85599833,3.8710799999770753e-07,0.005271578981760636
9794,-73.93538667,40.85607,3.8710799999770753e-07,0.005271578981760636
9795,-73.93535167,40.85613667,2.5154949999674097e-07,0.002687299868961713
9796,-73.93531667,40.856205,2.5154949999674097e-07,0.002687299868961713
9797,-73.93527667,40.85626833,2.5154949999674097e-07,0.002687299868961713
9798,-73.93525,40.85633,1.3916999999847946e-07,0.002053715081467674
9799,-73.935215,40.85638,1.3916999999847946e-07,0.002053715081467674
9800,-73.935175,40.856425,1.3916999999847946e-07,0.002053715081467674
9801,-73.93514667,40.85645833,1.3916999999847946e-07,0.002053715081467674
9802,-73.935125,40.85648333,1.3916999999847946e-07,0.002053715081467674
9803,-73.93507667,40.85655167,1.3916999999847946e-07,0.002053715081467674
9804,-73.93504,40.856595,1.3916999999847946e-07,0.002053715081467674
9805,-73.93500167,40.85664167,1.3916999999847946e-07,0.002053715081467674
9806,-73.93496167,40.856685,1.3916999999847946e-07,0.002053715081467674
9807,-73.93491333,40.85677833,1.3916999999847946e-07,0.002053715081467674
9808,-73.9349,40.85682667,1.3916999999847946e-07,0.002053715081467674
9809,-73.93490333,40.85687333,1.3916999999847946e-07,0.002053715081467674
9810,-73.93493,40.856915,1.3916999999847946e-07,0.002053715081467674
9811,-73.935025,40.856975,1.3916999999847946e-07,0.002053715081467674
9812,-73.93508333,40.85699667,1.3916999999847946e-07,0.002053715081467674
9813,-73.93514167,40.85701667,1.3916999999847946e-07,0.002053715081467674
9814,-73.93519833,40.85704,1.3916999999847946e-07,0.002053715081467674
9815,-73.93525333,40.857065,1.3916999999847946e-07,0.002053715081467674
9816,-73.93536,40.85712167,1.3916999999847946e-07,0.002053715081467674
9817,-73.935385,40.857175,1.3916999999847946e-07,0.002053715081467674
9818,-73.93540333,40.85719833,1.3916999999847946e-07,0.002053715081467674
9819,-73.93549,40.857215,1.3916999999847946e-07,0.002053715081467674
9820,-73.93555,40.85720167,1.3916999999847946e-07,0.002053715081467674
9821,-73.93561333,40.85716167,1.3916999999847946e-07,0.002053715081467674
9822,-73.93566667,40.85710833,1.3916999999847946e-07,0.002053715081467674
9823,-73.93571167,40.85705167,3.8710799999770753e-07,0.005271578981760636
9824,-73.93574667,40.85699167,3.8710799999770753e-07,0.005271578981760636
9825,-73.93580333,40.85693833,3.8710799999770753e-07,0.005271578981760636
9826,-73.935855,40.85688333,3.8710799999770753e-07,0.005271578981760636
9827,-73.93590167,40.85683,3.8710799999770753e-07,0.005271578981760636
9828,-73.93595333,40.85677667,2.9460600000406773e-07,0.0032312411794339106
9829,-73.93601667,40.85672167,2.9460600000406773e-07,0.0032312411794339106
9830,-73.93608,40.85665833,2.9460600000406773e-07,0.0032312411794339106
9831,-73.93613833,40.85658167,2.9460600000406773e-07,0.0032312411794339106
9832,-73.93619667,40.8565,2.9460600000406773e-07,0.0032312411794339106
9833,-73.93632333,40.85633,2.9460600000406773e-07,0.0032312411794339106
9834,-73.93637833,40.856245,2.9460600000406773e-07,0.0032312411794339106
9835,-73.93643333,40.85616333,1.8808349999935225e-07,0.002333317884747621
9836,-73.93648833,40.85608333,2.710945000019403e-07,0.00420156418535588
9837,-73.93653833,40.85601,2.710945000019403e-07,0.00420156418535588
9838,-73.93659,40.85594333,2.710945000019403e-07,0.00420156418535588
9839,-73.93662667,40.85588667,2.710945000019403e-07,0.00420156418535588
9840,-73.9367,40.85578667,2.710945000019403e-07,0.00420156418535588
9841,-73.93675667,40.85570833,2.710945000019403e-07,0.00420156418535588
9842,-73.93677167,40.85567667,2.710945000019403e-07,0.00420156418535588
9843,-73.93678167,40.85565333,2.710945000019403e-07,0.00420156418535588
9844,-73.93678,40.85563833,2.710945000019403e-07,0.00420156418535588
9845,-73.93677333,40.85560167,2.710945000019403e-07,0.00420156418535588
9846,-73.93677,40.855565,2.710945000019403e-07,0.00420156418535588
9847,-73.93679,40.85547,2.710945000019403e-07,0.00420156418535588
9848,-73.93681167,40.855415,2.710945000019403e-07,0.00420156418535588
9849,-73.93683333,40.855365,2.892960000032903e-07,0.003192207840597239
9850,-73.936855,40.855325,2.892960000032903e-07,0.003192207840597239
9851,-73.93687333,40.85529667,2.892960000032903e-07,0.003192207840597239
9852,-73.93689333,40.85527,2.892960000032903e-07,0.003192207840597239
9853,-73.93691333,40.855235,2.892960000032903e-07,0.003192207840597239
9854,-73.93699833,40.85505333,2.892960000032903e-07,0.003192207840597239
9855,-73.93702667,40.85498167,2.892960000032903e-07,0.003192207840597239
9856,-73.937045,40.85492,2.892960000032903e-07,0.003192207840597239
9857,-73.93706167,40.85487167,2.892960000032903e-07,0.003192207840597239
9858,-73.93707167,40.85483333,9.432230000004897e-07,0.009522903817765637
9859,-73.93707833,40.85480833,9.432230000004897e-07,0.009522903817765637
9860,-73.93712167,40.854615,9.432230000004897e-07,0.009522903817765637
9861,-73.93713167,40.85459167,9.432230000004897e-07,0.009522903817765637
9862,-73.93714333,40.85457167,9.432230000004897e-07,0.009522903817765637
9863,-73.93731,40.85371833,1.2717705000205285e-06,0.01054154919935461
9864,-73.93732,40.85368667,1.2717705000205285e-06,0.01054154919935461
9865,-73.93733,40.853655,1.2717705000205285e-06,0.01054154919935461
9866,-73.93734167,40.85362833,1.2717705000205285e-06,0.01054154919935461
9867,-73.937515,40.85339667,1.2717705000205285e-06,0.01054154919935461
9868,-73.937565,40.85341833,1.2717705000205285e-06,0.01054154919935461
9869,-73.937625,40.85343833,1.2717705000205285e-06,0.01054154919935461
9870,-73.93769333,40.85345667,1.2717705000205285e-06,0.01054154919935461
9871,-73.93777,40.85347333,1.2717705000205285e-06,0.01054154919935461
9872,-73.937855,40.85348833,9.432230000004897e-07,0.009522903817765637
9873,-73.93793667,40.85350167,1.0490700000173524e-07,0.0017972195514845061
9874,-73.93801,40.85351667,1.0490700000173524e-07,0.0017972195514845061
9875,-73.93807167,40.85352667,1.0490700000173524e-07,0.0017972195514845061
9876,-73.93812167,40.853535,1.0490700000173524e-07,0.0017972195514845061
9877,-73.93816,40.85353833,1.0490700000173524e-07,0.0017972195514845061
9878,-73.93831667,40.85349833,3.7627849999697254e-07,0.005802528126695058
9879,-73.93833667,40.85346833,3.7627849999697254e-07,0.005802528126695058
9880,-73.93835167,40.85343333,3.7627849999697254e-07,0.005802528126695058
9881,-73.93836667,40.853395,3.7627849999697254e-07,0.005802528126695058
9882,-73.93838833,40.85335167,3.7627849999697254e-07,0.005802528126695058
9883,-73.938425,40.853155,3.7627849999697254e-07,0.005802528126695058
9884,-73.93844333,40.85308833,3.7627849999697254e-07,0.005802528126695058
9885,-73.93846167,40.85303167,3.7627849999697254e-07,0.005802528126695058
9886,-73.93847667,40.85299167,3.7627849999697254e-07,0.005802528126695058
9887,-73.93848833,40.852955,3.7627849999697254e-07,0.005802528126695058
9888,-73.93850167,40.85292167,3.7627849999697254e-07,0.005802528126695058
9889,-73.93851667,40.852885,3.7627849999697254e-07,0.005802528126695058
9890,-73.93853667,40.85283833,3.7627849999697254e-07,0.005802528126695058
9891,-73.93856333,40.85274333,3.7627849999697254e-07,0.005802528126695058
9892,-73.93857833,40.85269167,3.7627849999697254e-07,0.005802528126695058
9893,-73.93859167,40.85264833,3.7627849999697254e-07,0.005802528126695058
9894,-73.93861,40.85260667,3.7627849999697254e-07,0.005802528126695058
9895,-73.93862333,40.85257167,3.7627849999697254e-07,0.005802528126695058
9896,-73.93863667,40.85254,3.7627849999697254e-07,0.005802528126695058
9897,-73.93865167,40.85249,1.946959999976454e-07,0.002068490382673308
9898,-73.938655,40.85247667,1.946959999976454e-07,0.002068490382673308
9899,-73.93861,40.85232667,1.946959999976454e-07,0.002068490382673308
9900,-73.93856333,40.852315,1.946959999976454e-07,0.002068490382673308
9901,-73.93851667,40.85230333,1.946959999976454e-07,0.002068490382673308
9902,-73.93842167,40.85228167,8.566449999993257e-08,0.001479774288921374
9903,-73.93837833,40.85227167,8.566449999993257e-08,0.001479774288921374
9904,-73.93834333,40.85226333,8.566449999993257e-08,0.001479774288921374
9905,-73.94687833,40.82678667,9.39901999995399e-07,0.009629636469120104
9906,-73.94695667,40.82681167,9.39901999995399e-07,0.009629636469120104
9907,-73.94700667,40.82681667,9.39901999995399e-07,0.009629636469120104
9908,-73.94705,40.82683667,9.39901999995399e-07,0.009629636469120104
9909,-73.94711,40.82684,9.39901999995399e-07,0.009629636469120104
9910,-73.947165,40.826875,9.39901999995399e-07,0.009629636469120104
9911,-73.94721667,40.82691167,9.39901999995399e-07,0.009629636469120104
9912,-73.94728667,40.82697667,9.39901999995399e-07,0.009629636469120104
9913,-73.94732167,40.82700333,9.39901999995399e-07,0.009629636469120104
9914,-73.947335,40.82701,9.39901999995399e-07,0.009629636469120104
9915,-73.94750333,40.82703667,9.39901999995399e-07,0.009629636469120104
9916,-73.947555,40.82704167,9.39901999995399e-07,0.009629636469120104
9917,-73.94761333,40.82704667,9.39901999995399e-07,0.009629636469120104
9918,-73.94767667,40.82705,9.39901999995399e-07,0.009629636469120104
9919,-73.9478,40.827075,9.39901999995399e-07,0.009629636469120104
9920,-73.947855,40.82709333,9.39901999995399e-07,0.009629636469120104
9921,-73.94790833,40.82711333,1.716994999995752e-07,0.0019812410632966152
9922,-73.94795667,40.82713333,1.716994999995752e-07,0.0019812410632966152
9923,-73.94800667,40.82714333,1.716994999995752e-07,0.0019812410632966152
9924,-73.94805,40.82715667,1.716994999995752e-07,0.0019812410632966152
9925,-73.94809667,40.82716833,1.716994999995752e-07,0.0019812410632966152
9926,-73.948145,40.82718333,1.716994999995752e-07,0.0019812410632966152
9927,-73.94819667,40.827205,1.716994999995752e-07,0.0019812410632966152
9928,-73.948255,40.827225,1.716994999995752e-07,0.0019812410632966152
9929,-73.948315,40.82724833,1.716994999995752e-07,0.0019812410632966152
9930,-73.94838,40.82727333,1.716994999995752e-07,0.0019812410632966152
9931,-73.94844667,40.82729667,1.716994999995752e-07,0.0019812410632966152
9932,-73.94850667,40.827315,8.002800000159603e-08,0.0011927109995348432
9933,-73.948565,40.82731833,8.002800000159603e-08,0.0011927109995348432
9934,-73.94860833,40.82733667,8.002800000159603e-08,0.0011927109995348432
9935,-73.948645,40.82735333,8.002800000159603e-08,0.0011927109995348432
9936,-73.94870333,40.82737667,8.002800000159603e-08,0.0011927109995348432
9937,-73.94872333,40.82739167,8.002800000159603e-08,0.0011927109995348432
9938,-73.94874167,40.8274,8.002800000159603e-08,0.0011927109995348432
9939,-73.94891167,40.82748167,6.065249999982548e-08,0.0010047295282730598
9940,-73.94896667,40.82755,6.065249999982548e-08,0.0010047295282730598
9941,-73.948995,40.82756667,6.065249999982548e-08,0.0010047295282730598
9942,-73.94903333,40.82758,6.065249999982548e-08,0.0010047295282730598
9943,-73.94908,40.82759333,6.065249999982548e-08,0.0010047295282730598
9944,-73.94912333,40.82760667,6.065249999982548e-08,0.0010047295282730598
9945,-73.94920667,40.82765833,1.6165249999676832e-07,0.0018315051232607818
9946,-73.94925,40.82767,1.6165249999676832e-07,0.0018315051232607818
9947,-73.94930167,40.82769167,1.6165249999676832e-07,0.0018315051232607818
9948,-73.94934333,40.82774333,1.6165249999676832e-07,0.0018315051232607818
9949,-73.94939,40.82778,1.6165249999676832e-07,0.0018315051232607818
9950,-73.94949,40.827825,2.611184999992687e-07,0.002833491839506921
9951,-73.949545,40.82784,2.611184999992687e-07,0.002833491839506921
9952,-73.94960833,40.82785333,2.611184999992687e-07,0.002833491839506921
9953,-73.949675,40.82787333,2.611184999992687e-07,0.002833491839506921
9954,-73.94974333,40.82789333,2.611184999992687e-07,0.002833491839506921
9955,-73.94981667,40.82791333,2.611184999992687e-07,0.002833491839506921
9956,-73.95022333,40.82802,1.441269999994158e-07,0.002156595264029986
9957,-73.95029667,40.82803833,1.441269999994158e-07,0.002156595264029986
9958,-73.95035667,40.82807667,1.441269999994158e-07,0.002156595264029986
9959,-73.95048,40.82813333,1.2043700000203728e-07,0.0021961688688117544
9960,-73.95053667,40.828145,1.2043700000203728e-07,0.0021961688688117544
9961,-73.95057833,40.82815833,1.2043700000203728e-07,0.0021961688688117544
9962,-73.95061167,40.82817833,1.2043700000203728e-07,0.0021961688688117544
9963,-73.95069167,40.828305,1.2043700000203728e-07,0.0021961688688117544
9964,-73.95073167,40.82832833,1.2043700000203728e-07,0.0021961688688117544
9965,-73.95077333,40.82834167,1.2043700000203728e-07,0.0021961688688117544
9966,-73.95092667,40.82824667,1.2043700000203728e-07,0.0021961688688117544
9967,-73.95097833,40.828195,1.2799150000051924e-07,0.002532376603475399
9968,-73.95102833,40.82813667,1.2799150000051924e-07,0.002532376603475399
9969,-73.951135,40.82803167,1.2799150000051924e-07,0.002532376603475399
9970,-73.95118667,40.82797667,1.2799150000051924e-07,0.002532376603475399
9971,-73.951235,40.82792333,1.2799150000051924e-07,0.002532376603475399
9972,-73.95128167,40.82787,1.2799150000051924e-07,0.002532376603475399
9973,-73.95141667,40.82769333,1.490825000002176e-07,0.0023976451961486827
9974,-73.95146833,40.82763,1.2611000000362147e-07,0.0019184299906652392
9975,-73.951525,40.827565,1.2611000000362147e-07,0.0019184299906652392
9976,-73.95165,40.827455,1.2611000000362147e-07,0.0019184299906652392
9977,-73.95170667,40.82741667,1.2611000000362147e-07,0.0019184299906652392
9978,-73.95175333,40.82738333,1.2611000000362147e-07,0.0019184299906652392
9979,-73.95182667,40.82733833,1.2611000000362147e-07,0.0019184299906652392
9980,-73.95185333,40.82732,1.2611000000362147e-07,0.0019184299906652392
9981,-73.95186833,40.82731,1.2611000000362147e-07,0.0019184299906652392
9982,-73.95186,40.82721167,1.2611000000362147e-07,0.0019184299906652392
9983,-73.95180167,40.82719167,1.2611000000362147e-07,0.0019184299906652392
9984,-73.95172333,40.82716833,1.2611000000362147e-07,0.0019184299906652392
9985,-73.95164167,40.82714167,1.2611000000362147e-07,0.0019184299906652392
9986,-73.951565,40.82711333,1.2611000000362147e-07,0.0019184299906652392
9987,-73.95148333,40.82708333,1.2611000000362147e-07,0.0019184299906652392
9988,-73.95139667,40.82705333,1.2611000000362147e-07,0.0019184299906652392
9989,-73.95130667,40.82702333,1.2611000000362147e-07,0.0019184299906652392
9990,-73.95121167,40.82699333,1.2611000000362147e-07,0.0019184299906652392
9991,-73.95113167,40.82695333,1.2611000000362147e-07,0.0019184299906652392
9992,-73.95106,40.82691667,1.2611000000362147e-07,0.0019184299906652392
9993,-73.95099333,40.82688667,1.2611000000362147e-07,0.0019184299906652392
9994,-73.95093833,40.826855,1.8166049999852475e-07,0.0019325273549721422
9995,-73.95088333,40.82683,1.8166049999852475e-07,0.0019325273549721422
9996,-73.95083167,40.82679833,1.8166049999852475e-07,0.0019325273549721422
9997,-73.95078833,40.82676333,1.8166049999852475e-07,0.0019325273549721422
9998,-73.95075667,40.82672833,1.8166049999852475e-07,0.0019325273549721422
9999,-73.95072833,40.8267,1.8166049999852475e-07,0.0019325273549721422
10000,-73.95070833,40.82667833,1.8166049999852475e-07,0.0019325273549721422
10001,-73.95069167,40.82666,1.8166049999852475e-07,0.0019325273549721422
10002,-73.950665,40.82647333,1.8166049999852475e-07,0.0019325273549721422
10003,-73.95056333,40.82642833,1.8166049999852475e-07,0.0019325273549721422
10004,-73.950515,40.82641,1.8166049999852475e-07,0.0019325273549721422
10005,-73.95046333,40.82639167,1.8166049999852475e-07,0.0019325273549721422
10006,-73.95040833,40.82637,1.8166049999852475e-07,0.0019325273549721422
10007,-73.95033667,40.82635333,1.8166049999852475e-07,0.0019325273549721422
10008,-73.95018333,40.82631,1.8166049999852475e-07,0.0019325273549721422
10009,-73.95011333,40.82628,1.8166049999852475e-07,0.0019325273549721422
10010,-73.95003333,40.82626,1.8166049999852475e-07,0.0019325273549721422
10011,-73.94996667,40.82623167,1.8166049999852475e-07,0.0019325273549721422
10012,-73.9499,40.826205,1.8166049999852475e-07,0.0019325273549721422
10013,-73.94983833,40.82618,1.4149470000069235e-06,0.011540178562840484
10014,-73.94977667,40.82615667,1.4149470000069235e-06,0.011540178562840484
10015,-73.949715,40.82613333,1.4149470000069235e-06,0.011540178562840484
10016,-73.949655,40.82611167,1.2100715000059856e-06,0.009687813765414211
10017,-73.94959333,40.82608667,1.2100715000059856e-06,0.009687813765414211
10018,-73.94952667,40.82605667,1.2100715000059856e-06,0.009687813765414211
10019,-73.94945333,40.82602333,1.4149470000069235e-06,0.011540178562840484
10020,-73.94937167,40.82598833,1.4149470000069235e-06,0.011540178562840484
10021,-73.94918333,40.825915,1.2100715000059856e-06,0.009687813765414211
10022,-73.94907833,40.82588333,1.2100715000059856e-06,0.009687813765414211
10023,-73.94887667,40.825805,1.2100715000059856e-06,0.009687813765414211
10024,-73.94877,40.82577167,1.2100715000059856e-06,0.009687813765414211
10025,-73.94866,40.82573833,1.2100715000059856e-06,0.009687813765414211
10026,-73.94855833,40.82569833,1.2100715000059856e-06,0.009687813765414211
10027,-73.94845333,40.825665,1.2100715000059856e-06,0.009687813765414211
10028,-73.94835833,40.82562333,1.6085149999814844e-07,0.001848924659361702
10029,-73.94828167,40.82558,1.6085149999814844e-07,0.001848924659361702
10030,-73.94812833,40.82551,1.6085149999814844e-07,0.001848924659361702
10031,-73.948045,40.825465,1.6085149999814844e-07,0.001848924659361702
10032,-73.94801833,40.82544333,1.6085149999814844e-07,0.001848924659361702
10033,-73.94798667,40.82542167,1.6085149999814844e-07,0.001848924659361702
10034,-73.94791,40.82537833,1.6085149999814844e-07,0.001848924659361702
10035,-73.94786333,40.82535667,1.6085149999814844e-07,0.001848924659361702
10036,-73.947815,40.82533333,1.6085149999814844e-07,0.001848924659361702
10037,-73.94776667,40.82531333,1.6085149999814844e-07,0.001848924659361702
10038,-73.94772167,40.8253,1.6085149999814844e-07,0.001848924659361702
10039,-73.94768833,40.825285,1.6085149999814844e-07,0.001848924659361702
10040,-73.94767167,40.825195,1.6085149999814844e-07,0.001848924659361702
10041,-73.94768167,40.825165,1.6085149999814844e-07,0.001848924659361702
10042,-73.947695,40.82513333,1.6085149999814844e-07,0.001848924659361702
10043,-73.94771833,40.82510667,1.6085149999814844e-07,0.001848924659361702
10044,-73.94775667,40.82507333,1.6085149999814844e-07,0.001848924659361702
10045,-73.94780167,40.82499167,1.6085149999814844e-07,0.001848924659361702
10046,-73.94783667,40.82493333,6.749955000028911e-07,0.00370242948170934
10047,-73.94788833,40.82486667,6.749955000028911e-07,0.00370242948170934
10048,-73.94793833,40.82479333,4.0757750000004334e-07,0.00371329158261898
10049,-73.94798333,40.82471833,4.0757750000004334e-07,0.00371329158261898
10050,-73.94803667,40.82464667,4.0757750000004334e-07,0.00371329158261898
10051,-73.94808833,40.82457667,4.0757750000004334e-07,0.00371329158261898
10052,-73.94812,40.82452167,4.0757750000004334e-07,0.00371329158261898
10053,-73.948155,40.82446167,4.0757750000004334e-07,0.00371329158261898
10054,-73.94820667,40.824395,4.0757750000004334e-07,0.00371329158261898
10055,-73.94825833,40.82432833,4.0757750000004334e-07,0.00371329158261898
10056,-73.94831667,40.82426,4.0757750000004334e-07,0.00371329158261898
10057,-73.948375,40.82419333,4.0757750000004334e-07,0.00371329158261898
10058,-73.94842833,40.82412333,4.0757750000004334e-07,0.00371329158261898
10059,-73.94848167,40.82405167,1.1187149999851389e-07,0.0015811235585999474
10060,-73.94853333,40.82397833,1.1187149999851389e-07,0.0015811235585999474
10061,-73.948585,40.823905,1.1187149999851389e-07,0.0015811235585999474
10062,-73.94863333,40.82383,1.1187149999851389e-07,0.0015811235585999474
10063,-73.94868333,40.82375167,1.1187149999851389e-07,0.0015811235585999474
10064,-73.94872333,40.82367333,1.1187149999851389e-07,0.0015811235585999474
10065,-73.94876833,40.82359667,1.1187149999851389e-07,0.0015811235585999474
10066,-73.94882167,40.823525,1.1187149999851389e-07,0.0015811235585999474
10067,-73.94888833,40.82345333,1.1187149999851389e-07,0.0015811235585999474
10068,-73.94895833,40.82337833,1.1187149999851389e-07,0.0015811235585999474
10069,-73.94903833,40.82329833,1.1187149999851389e-07,0.0015811235585999474
10070,-73.94909667,40.82322167,1.1187149999851389e-07,0.0015811235585999474
10071,-73.94921667,40.82307,3.215635000024796e-07,0.0037945584188585468
10072,-73.94928167,40.822995,3.215635000024796e-07,0.0037945584188585468
10073,-73.94933833,40.82292167,3.215635000024796e-07,0.0037945584188585468
10074,-73.949395,40.82285167,3.215635000024796e-07,0.0037945584188585468
10075,-73.949455,40.82277667,3.215635000024796e-07,0.0037945584188585468
10076,-73.94951667,40.822705,3.215635000024796e-07,0.0037945584188585468
10077,-73.949575,40.82262667,3.215635000024796e-07,0.0037945584188585468
10078,-73.94963667,40.82254833,2.871380000048684e-07,0.004123863008737227
10079,-73.949745,40.82240167,2.871380000048684e-07,0.004123863008737227
10080,-73.94979667,40.82233333,2.871380000048684e-07,0.004123863008737227
10081,-73.94983833,40.82226667,2.871380000048684e-07,0.004123863008737227
10082,-73.94987667,40.82219667,2.871380000048684e-07,0.004123863008737227
10083,-73.94998833,40.82206,2.871380000048684e-07,0.004123863008737227
10084,-73.95003667,40.82199167,2.871380000048684e-07,0.004123863008737227
10085,-73.950095,40.82192,2.871380000048684e-07,0.004123863008737227
10086,-73.950155,40.82184833,2.871380000048684e-07,0.004123863008737227
10087,-73.950205,40.821785,2.871380000048684e-07,0.004123863008737227
10088,-73.95024833,40.82172667,3.897120000036155e-07,0.003749052186258795
10089,-73.950285,40.82167167,2.288960000041118e-07,0.002160823793302156
10090,-73.95031833,40.82162333,2.288960000041118e-07,0.002160823793302156
10091,-73.95034667,40.82157833,2.288960000041118e-07,0.002160823793302156
10092,-73.95037167,40.82154667,2.288960000041118e-07,0.002160823793302156
10093,-73.95041167,40.82153667,2.288960000041118e-07,0.002160823793302156
10094,-73.95049833,40.82152833,2.288960000041118e-07,0.002160823793302156
10095,-73.95055167,40.82153,6.980674999946825e-07,0.007842563411746521
10096,-73.95061667,40.82153167,6.980674999946825e-07,0.007842563411746521
10097,-73.95069167,40.821535,6.980674999946825e-07,0.007842563411746521
10098,-73.95077667,40.821535,6.980674999946825e-07,0.007842563411746521
10099,-73.95185833,40.82217833,1.2101249999977788e-07,0.0026351073997841427
10100,-73.951825,40.822355,1.993900000073349e-08,0.0006035992832994497
10101,-73.95188,40.82236833,1.2101249999977788e-07,0.0026351073997841427
10102,-73.95195333,40.82236667,1.2101249999977788e-07,0.0026351073997841427
10103,-73.95211833,40.82236667,1.2101249999977788e-07,0.0026351073997841427
10104,-73.952195,40.82238,1.2101249999977788e-07,0.0026351073997841427
10105,-73.95235833,40.822415,1.2101249999977788e-07,0.0026351073997841427
10106,-73.95243833,40.82243333,1.2101249999977788e-07,0.0026351073997841427
10107,-73.952515,40.82245,1.2101249999977788e-07,0.0026351073997841427
10108,-73.95258667,40.82246333,2.2370199999816204e-07,0.0025019370946851617
10109,-73.95265167,40.82248,2.2370199999816204e-07,0.0025019370946851617
10110,-73.95276667,40.822505,2.2370199999816204e-07,0.0025019370946851617
10111,-73.952825,40.82252,3.649285000029585e-07,0.0025551637608236845
10112,-73.95287667,40.822535,3.649285000029585e-07,0.0025551637608236845
10113,-73.95292167,40.822555,3.649285000029585e-07,0.0025551637608236845
10114,-73.952965,40.82257667,3.649285000029585e-07,0.0025551637608236845
10115,-73.95300833,40.82259833,3.649285000029585e-07,0.0025551637608236845
10116,-73.95305167,40.82262,3.649285000029585e-07,0.0025551637608236845
10117,-73.95309333,40.82264333,3.649285000029585e-07,0.0025551637608236845
10118,-73.95317833,40.82267333,2.4667700000345685e-07,0.0029784085285185858
10119,-73.95325167,40.82267667,2.4667700000345685e-07,0.0029784085285185858
10120,-73.95328833,40.82265833,2.4667700000345685e-07,0.0029784085285185858
10121,-73.953315,40.82264,2.4667700000345685e-07,0.0029784085285185858
10122,-73.95334,40.82261333,1.5761249999940126e-07,0.0031386433725896566
10123,-73.953365,40.82258167,1.5761249999940126e-07,0.0031386433725896566
10124,-73.95342667,40.82250333,1.5761249999940126e-07,0.0031386433725896566
10125,-73.95346,40.82246333,1.5761249999940126e-07,0.0031386433725896566
10126,-73.95348667,40.82243,1.5761249999940126e-07,0.0031386433725896566
10127,-73.95351333,40.82240167,1.5761249999940126e-07,0.0031386433725896566
10128,-73.95353833,40.82237333,1.5761249999940126e-07,0.0031386433725896566
10129,-73.95355833,40.822355,1.5761249999940126e-07,0.0031386433725896566
10130,-73.95357667,40.82233333,1.5761249999940126e-07,0.0031386433725896566
10131,-73.953595,40.82231667,1.5761249999940126e-07,0.0031386433725896566
10132,-73.95388167,40.82220833,1.5761249999940126e-07,0.0031386433725896566
10133,-73.95392167,40.82221167,1.5761249999940126e-07,0.0031386433725896566
10134,-73.95395833,40.82221667,1.5761249999940126e-07,0.0031386433725896566
10135,-73.95399,40.82222167,1.5761249999940126e-07,0.0031386433725896566
10136,-73.95414333,40.82227833,1.5761249999940126e-07,0.0031386433725896566
10137,-73.95418167,40.822295,1.5761249999940126e-07,0.0031386433725896566
10138,-73.95424,40.82230833,1.1445349999846829e-07,0.0017060713267678892
10139,-73.954315,40.82231667,1.1445349999846829e-07,0.0017060713267678892
10140,-73.95439333,40.82233667,1.1445349999846829e-07,0.0017060713267678892
10141,-73.95455833,40.82239667,1.1445349999846829e-07,0.0017060713267678892
10142,-73.95464167,40.822435,1.1445349999846829e-07,0.0017060713267678892
10143,-73.954825,40.822505,3.4704649999900043e-07,0.0040302490348186806
10144,-73.95492167,40.82253167,3.4704649999900043e-07,0.0040302490348186806
10145,-73.95502167,40.82255667,1.0696500000092143e-07,0.001669205141557586
10146,-73.95513,40.82257333,1.0696500000092143e-07,0.001669205141557586
10147,-73.95523833,40.82259667,1.0696500000092143e-07,0.001669205141557586
10148,-73.95535333,40.82261333,1.0696500000092143e-07,0.001669205141557586
10149,-73.95546667,40.82262833,1.0696500000092143e-07,0.001669205141557586
10150,-73.955575,40.82265167,1.5881699999723773e-07,0.0019265532080287424
10151,-73.955675,40.82268333,1.5881699999723773e-07,0.0019265532080287424
10152,-73.95577167,40.82271,1.5881699999723773e-07,0.0019265532080287424
10153,-73.955865,40.82274,1.5881699999723773e-07,0.0019265532080287424
10154,-73.95595167,40.822775,1.5881699999723773e-07,0.0019265532080287424
10155,-73.95603,40.82280333,1.5881699999723773e-07,0.0019265532080287424
10156,-73.956095,40.82283167,1.5881699999723773e-07,0.0019265532080287424
10157,-73.95615833,40.82285667,1.5881699999723773e-07,0.0019265532080287424
10158,-73.95620667,40.82287667,1.5881699999723773e-07,0.0019265532080287424
10159,-73.956285,40.822935,1.5881699999723773e-07,0.0019265532080287424
10160,-73.95633,40.82295833,1.5881699999723773e-07,0.0019265532080287424
10161,-73.956375,40.822975,1.5881699999723773e-07,0.0019265532080287424
10162,-73.95646333,40.82300167,1.5881699999723773e-07,0.0019265532080287424
10163,-73.956495,40.82299,1.5881699999723773e-07,0.0019265532080287424
10164,-73.95653667,40.82295167,1.5881699999723773e-07,0.0019265532080287424
10165,-73.9566,40.82289,1.5881699999723773e-07,0.0019265532080287424
10166,-73.95667,40.82281667,1.5881699999723773e-07,0.0019265532080287424
10167,-73.95682,40.822655,1.5881699999723773e-07,0.0019265532080287424
10168,-73.9569,40.82256667,3.995000000047815e-08,0.0008109516665259861
10169,-73.95697333,40.822485,3.995000000047815e-08,0.0008109516665259861
10170,-73.95704833,40.822405,2.0183199999923174e-07,0.002755913645943026
10171,-73.95712333,40.82231833,2.0183199999923174e-07,0.002755913645943026
10172,-73.95726833,40.82216667,2.0183199999923174e-07,0.002755913645943026
10173,-73.95741,40.82202667,2.0183199999923174e-07,0.002755913645943026
10174,-73.95746667,40.82196167,2.0183199999923174e-07,0.002755913645943026
10175,-73.95752,40.82189833,2.0183199999923174e-07,0.002755913645943026
10176,-73.95757333,40.82182667,2.0183199999923174e-07,0.002755913645943026
10177,-73.957625,40.82175833,2.0183199999923174e-07,0.002755913645943026
10178,-73.95767,40.82170333,2.0183199999923174e-07,0.002755913645943026
10179,-73.9577,40.82167167,2.0183199999923174e-07,0.002755913645943026
10180,-73.95784667,40.82161333,2.5980499999455026e-08,0.0006994227924610467
10181,-73.95788833,40.82158833,2.5980499999455026e-08,0.0006994227924610467
10182,-73.957935,40.82156,2.5980499999455026e-08,0.0006994227924610467
10183,-73.95803333,40.82151,2.5980499999455026e-08,0.0006994227924610467
10184,-73.95808167,40.821475,2.5980499999455026e-08,0.0006994227924610467
10185,-73.958175,40.82142333,2.5980499999455026e-08,0.0006994227924610467
10186,-73.95821667,40.82138333,2.5980499999455026e-08,0.0006994227924610467
10187,-73.958245,40.82134167,2.5980499999455026e-08,0.0006994227924610467
10188,-73.958265,40.82131333,2.5980499999455026e-08,0.0006994227924610467
10189,-73.958355,40.82125,2.5980499999455026e-08,0.0006994227924610467
10190,-73.95838833,40.821225,2.5980499999455026e-08,0.0006994227924610467
10191,-73.95841833,40.82116333,2.5980499999455026e-08,0.0006994227924610467
10192,-73.95844167,40.82112,2.5980499999455026e-08,0.0006994227924610467
10193,-73.95847667,40.82107167,2.5980499999455026e-08,0.0006994227924610467
10194,-73.95851167,40.82103167,2.5980499999455026e-08,0.0006994227924610467
10195,-73.95854667,40.82098167,2.5980499999455026e-08,0.0006994227924610467
10196,-73.95857167,40.82094167,2.5980499999455026e-08,0.0006994227924610467
10197,-73.958595,40.82091,2.5980499999455026e-08,0.0006994227924610467
10198,-73.95861167,40.82089,2.5980499999455026e-08,0.0006994227924610467
10199,-73.95893,40.82034667,1.0528949999884811e-07,0.0016616968085924394
10200,-73.95897833,40.82027,1.0528949999884811e-07,0.0016616968085924394
10201,-73.95899,40.82024667,1.0528949999884811e-07,0.0016616968085924394
10202,-73.95901167,40.82021833,1.0528949999884811e-07,0.0016616968085924394
10203,-73.95903833,40.820185,1.0528949999884811e-07,0.0016616968085924394
10204,-73.95906,40.82016167,1.0528949999884811e-07,0.0016616968085924394
10205,-73.95909333,40.82011667,1.0528949999884811e-07,0.0016616968085924394
10206,-73.95911833,40.82004833,1.4668399999710192e-07,0.001670788116485101
10207,-73.959145,40.81999833,1.4668399999710192e-07,0.001670788116485101
10208,-73.95917333,40.81995333,1.4668399999710192e-07,0.001670788116485101
10209,-73.95919667,40.81990667,1.4668399999710192e-07,0.001670788116485101
10210,-73.95922333,40.819865,1.4668399999710192e-07,0.001670788116485101
10211,-73.959255,40.81981333,1.4668399999710192e-07,0.001670788116485101
10212,-73.959295,40.81975333,1.4668399999710192e-07,0.001670788116485101
10213,-73.95933167,40.81970833,1.4668399999710192e-07,0.001670788116485101
10214,-73.95936333,40.819665,1.4668399999710192e-07,0.001670788116485101
10215,-73.95944333,40.81955167,1.4668399999710192e-07,0.001670788116485101
10216,-73.95948,40.81949667,6.751200000120218e-08,0.0010540975122633682
10217,-73.95951667,40.81944167,6.751200000120218e-08,0.0010540975122633682
10218,-73.95955167,40.81939,6.751200000120218e-08,0.0010540975122633682
10219,-73.959585,40.819335,6.751200000120218e-08,0.0010540975122633682
10220,-73.95960667,40.819295,6.751200000120218e-08,0.0010540975122633682
10221,-73.95962833,40.819255,6.751200000120218e-08,0.0010540975122633682
10222,-73.95966,40.81921333,6.751200000120218e-08,0.0010540975122633682
10223,-73.959755,40.819105,6.751200000120218e-08,0.0010540975122633682
10224,-73.95978,40.81906667,6.751200000120218e-08,0.0010540975122633682
10225,-73.95979333,40.819035,6.751200000120218e-08,0.0010540975122633682
10226,-73.95983167,40.818955,6.751200000120218e-08,0.0010540975122633682
10227,-73.95995167,40.81881,6.751200000120218e-08,0.0010540975122633682
10228,-73.95999333,40.818745,8.106799999926488e-08,0.0011560162802956638
10229,-73.960005,40.81871167,8.106799999926488e-08,0.0011560162802956638
10230,-73.960015,40.81868167,8.106799999926488e-08,0.0011560162802956638
10231,-73.959955,40.81841333,8.106799999926488e-08,0.0011560162802956638
10232,-73.95990667,40.81833167,8.106799999926488e-08,0.0011560162802956638
10233,-73.95985333,40.81824833,8.106799999926488e-08,0.0011560162802956638
10234,-73.95980667,40.81803,1.4369000000380736e-08,0.0005291227426481477
10235,-73.95979667,40.81795333,1.4369000000380736e-08,0.0005291227426481477
10236,-73.9598,40.81785333,1.4369000000380736e-08,0.0005291227426481477
10237,-73.95987,40.81743,1.4369000000380736e-08,0.0005291227426481477
10238,-73.959855,40.81737667,1.4369000000380736e-08,0.0005291227426481477
10239,-73.95982667,40.81732,1.4369000000380736e-08,0.0005291227426481477
10240,-73.95979167,40.81725667,1.4369000000380736e-08,0.0005291227426481477
10241,-73.95975167,40.81719,1.4369000000380736e-08,0.0005291227426481477
10242,-73.95970167,40.81712167,1.4369000000380736e-08,0.0005291227426481477
10243,-73.95959667,40.81698667,2.1218249999904243e-07,0.0037909104598501915
10244,-73.95954,40.81691333,2.1218249999904243e-07,0.0037909104598501915
10245,-73.95947667,40.81684167,6.497250000159448e-08,0.001032812438714689
10246,-73.95941333,40.81677167,6.497250000159448e-08,0.001032812438714689
10247,-73.95930333,40.81662833,3.8075149999879674e-07,0.0036582979894430262
10248,-73.95924,40.81655667,3.8075149999879674e-07,0.0036582979894430262
10249,-73.95917833,40.81648,3.8075149999879674e-07,0.0036582979894430262
10250,-73.959115,40.81640167,1.3708699999919213e-07,0.001516008511106178
10251,-73.95899167,40.816245,1.3708699999919213e-07,0.001516008511106178
10252,-73.95893,40.816175,1.3708699999919213e-07,0.001516008511106178
10253,-73.95886667,40.816105,1.3708699999919213e-07,0.001516008511106178
10254,-73.95868667,40.81591833,1.3708699999919213e-07,0.001516008511106178
10255,-73.95863,40.81585833,7.342999999831978e-08,0.001159610515549606
10256,-73.95857167,40.81579833,7.342999999831978e-08,0.001159610515549606
10257,-73.95851333,40.81574333,7.342999999831978e-08,0.001159610515549606
10258,-73.95845667,40.81569167,7.342999999831978e-08,0.001159610515549606
10259,-73.95839833,40.81564333,7.342999999831978e-08,0.001159610515549606
10260,-73.958335,40.81559,1.5735600000388325e-07,0.001747712101741298
10261,-73.95819333,40.815475,1.5735600000388325e-07,0.001747712101741298
10262,-73.95806833,40.815345,1.5735600000388325e-07,0.001747712101741298
10263,-73.95800667,40.815175,2.797895000002658e-07,0.0025087284980597254
10264,-73.95797667,40.815095,2.797895000002658e-07,0.0025087284980597254
10265,-73.95794333,40.81502167,2.797895000002658e-07,0.0025087284980597254
10266,-73.95790333,40.81495667,2.797895000002658e-07,0.0025087284980597254
10267,-73.95786,40.81489167,2.797895000002658e-07,0.0025087284980597254
10268,-73.95782,40.81482667,2.797895000002658e-07,0.0025087284980597254
10269,-73.95777333,40.81476667,2.797895000002658e-07,0.0025087284980597254
10270,-73.957725,40.814705,2.797895000002658e-07,0.0025087284980597254
10271,-73.95766833,40.81464,2.797895000002658e-07,0.0025087284980597254
10272,-73.95761167,40.81457833,2.797895000002658e-07,0.0025087284980597254
10273,-73.95754333,40.814525,2.797895000002658e-07,0.0025087284980597254
10274,-73.957345,40.814365,5.7378000000092227e-08,0.0010658762590344871
10275,-73.95728167,40.81430833,5.7378000000092227e-08,0.0010658762590344871
10276,-73.95715667,40.81419333,5.7378000000092227e-08,0.0010658762590344871
10277,-73.9571,40.81413167,5.7378000000092227e-08,0.0010658762590344871
10278,-73.95704333,40.814075,5.7378000000092227e-08,0.0010658762590344871
10279,-73.95691833,40.81397167,5.7378000000092227e-08,0.0010658762590344871
10280,-73.95686,40.81391667,5.7378000000092227e-08,0.0010658762590344871
10281,-73.95681167,40.81385667,5.7378000000092227e-08,0.0010658762590344871
10282,-73.95676833,40.81379167,5.7378000000092227e-08,0.0010658762590344871
10283,-73.95672667,40.81373,5.7378000000092227e-08,0.0010658762590344871
10284,-73.95669833,40.813665,5.7378000000092227e-08,0.0010658762590344871
10285,-73.95666833,40.81360333,5.7378000000092227e-08,0.0010658762590344871
10286,-73.95664,40.81354333,5.7378000000092227e-08,0.0010658762590344871
10287,-73.95660667,40.81350333,5.7378000000092227e-08,0.0010658762590344871
10288,-73.95657667,40.81347333,5.7378000000092227e-08,0.0010658762590344871
10289,-73.956425,40.81342833,1.0404749999686311e-07,0.0016384297125935194
10290,-73.95637333,40.813425,1.0404749999686311e-07,0.0016384297125935194
10291,-73.95631833,40.81343667,1.0404749999686311e-07,0.0016384297125935194
10292,-73.95626667,40.813465,5.7378000000092227e-08,0.0010658762590344871
10293,-73.95622167,40.813505,5.7378000000092227e-08,0.0010658762590344871
10294,-73.95618833,40.81355333,5.7378000000092227e-08,0.0010658762590344871
10295,-73.95615167,40.81359667,5.7378000000092227e-08,0.0010658762590344871
10296,-73.95611333,40.81363667,5.7378000000092227e-08,0.0010658762590344871
10297,-73.95608,40.81367,2.102399999951092e-08,0.0007354942444671085
10298,-73.95605,40.81369167,2.102399999951092e-08,0.0007354942444671085
10299,-73.955995,40.81374333,2.102399999951092e-08,0.0007354942444671085
10300,-73.95595833,40.81378167,2.102399999951092e-08,0.0007354942444671085
10301,-73.95592,40.81382667,2.102399999951092e-08,0.0007354942444671085
10302,-73.95588167,40.813875,2.102399999951092e-08,0.0007354942444671085
10303,-73.95584333,40.81391833,2.102399999951092e-08,0.0007354942444671085
10304,-73.95581167,40.81396333,2.102399999951092e-08,0.0007354942444671085
10305,-73.95578667,40.81400167,2.102399999951092e-08,0.0007354942444671085
10306,-73.95575333,40.81406167,2.102399999951092e-08,0.0007354942444671085
10307,-73.95575,40.81407833,2.102399999951092e-08,0.0007354942444671085
10308,-73.95576333,40.814155,2.102399999951092e-08,0.0007354942444671085
10309,-73.95577667,40.81418,2.102399999951092e-08,0.0007354942444671085
10310,-73.95579333,40.81420167,2.102399999951092e-08,0.0007354942444671085
10311,-73.95581333,40.81422167,2.102399999951092e-08,0.0007354942444671085
10312,-73.95583167,40.81424,2.102399999951092e-08,0.0007354942444671085
10313,-73.95585167,40.81426,2.102399999951092e-08,0.0007354942444671085
10314,-73.95587,40.814285,2.102399999951092e-08,0.0007354942444671085
10315,-73.95589167,40.81431167,2.102399999951092e-08,0.0007354942444671085
10316,-73.95591167,40.814335,2.102399999951092e-08,0.0007354942444671085
10317,-73.95592833,40.81436167,2.102399999951092e-08,0.0007354942444671085
10318,-73.95595,40.814395,2.102399999951092e-08,0.0007354942444671085
10319,-73.95599167,40.81444167,2.102399999951092e-08,0.0007354942444671085
10320,-73.95601167,40.814465,2.102399999951092e-08,0.0007354942444671085
10321,-73.95603167,40.81449167,2.102399999951092e-08,0.0007354942444671085
10322,-73.95605,40.81451167,2.102399999951092e-08,0.0007354942444671085
10323,-73.95607,40.814535,2.102399999951092e-08,0.0007354942444671085
10324,-73.95620833,40.81469667,6.863050000210906e-08,0.0014004106769396518
10325,-73.95623833,40.81474667,6.863050000210906e-08,0.0014004106769396518
10326,-73.956275,40.81479,6.863050000210906e-08,0.0014004106769396518
10327,-73.95631167,40.81482833,6.863050000210906e-08,0.0014004106769396518
10328,-73.95634667,40.81487333,6.863050000210906e-08,0.0014004106769396518
10329,-73.95638167,40.81491667,6.863050000210906e-08,0.0014004106769396518
10330,-73.95641,40.81495167,6.863050000210906e-08,0.0014004106769396518
10331,-73.95643833,40.81499,6.863050000210906e-08,0.0014004106769396518
10332,-73.95646333,40.81502667,6.863050000210906e-08,0.0014004106769396518
10333,-73.95650833,40.81510333,7.246650000003727e-08,0.001345434309245968
10334,-73.956545,40.815145,7.246650000003727e-08,0.001345434309245968
10335,-73.95658833,40.81518667,7.246650000003727e-08,0.001345434309245968
10336,-73.95666833,40.81528333,7.246650000003727e-08,0.001345434309245968
10337,-73.956695,40.81532,7.246650000003727e-08,0.001345434309245968
10338,-73.95675167,40.81543833,7.246650000003727e-08,0.001345434309245968
10339,-73.95676833,40.81547333,7.246650000003727e-08,0.001345434309245968
10340,-73.95679167,40.81551167,7.246650000003727e-08,0.001345434309245968
10341,-73.956825,40.81555,7.246650000003727e-08,0.001345434309245968
10342,-73.95696167,40.815695,9.017949999854266e-08,0.0016730209252629386
10343,-73.95700667,40.81574833,9.017949999854266e-08,0.0016730209252629386
10344,-73.95705667,40.81580167,9.017949999854266e-08,0.0016730209252629386
10345,-73.95711333,40.81585333,9.017949999854266e-08,0.0016730209252629386
10346,-73.95716333,40.81590167,9.017949999854266e-08,0.0016730209252629386
10347,-73.95721,40.81595,9.017949999854266e-08,0.0016730209252629386
10348,-73.957255,40.81599333,9.153249999806645e-08,0.002147250123301632
10349,-73.95729167,40.816035,9.153249999806645e-08,0.002147250123301632
10350,-73.957315,40.81606667,9.153249999806645e-08,0.002147250123301632
10351,-73.95733667,40.81609,9.153249999806645e-08,0.002147250123301632
10352,-73.95739833,40.81616167,9.153249999806645e-08,0.002147250123301632
10353,-73.95742333,40.816185,9.153249999806645e-08,0.002147250123301632
10354,-73.957455,40.81621667,9.153249999806645e-08,0.002147250123301632
10355,-73.95747167,40.81625,9.153249999806645e-08,0.002147250123301632
10356,-73.95747,40.81629667,9.153249999806645e-08,0.002147250123301632
10357,-73.95745667,40.81634167,9.153249999806645e-08,0.002147250123301632
10358,-73.95743333,40.81638833,9.153249999806645e-08,0.002147250123301632
10359,-73.95741,40.81643333,9.153249999806645e-08,0.002147250123301632
10360,-73.957385,40.81648167,9.153249999806645e-08,0.002147250123301632
10361,-73.95735833,40.81652667,1.1031750000257717e-07,0.0023112740695533105
10362,-73.95733167,40.81657,1.1031750000257717e-07,0.0023112740695533105
10363,-73.95731167,40.81661,1.1031750000257717e-07,0.0023112740695533105
10364,-73.95730667,40.81667833,1.1031750000257717e-07,0.0023112740695533105
10365,-73.95730833,40.81670167,1.1031750000257717e-07,0.0023112740695533105
10366,-73.957285,40.816795,1.1031750000257717e-07,0.0023112740695533105
10367,-73.95724333,40.81685,1.1031750000257717e-07,0.0023112740695533105
10368,-73.95718333,40.81691,1.9061249999975547e-07,0.003372992369605001
10369,-73.95712,40.81697667,1.9061249999975547e-07,0.003372992369605001
10370,-73.95706,40.81705167,1.9061249999975547e-07,0.003372992369605001
10371,-73.95700667,40.81713333,1.9061249999975547e-07,0.003372992369605001
10372,-73.95695333,40.817215,1.9061249999975547e-07,0.003372992369605001
10373,-73.95685167,40.81738,1.9061249999975547e-07,0.003372992369605001
10374,-73.95680667,40.81746333,1.9061249999975547e-07,0.003372992369605001
10375,-73.95675333,40.81754667,2.1123150000131143e-07,0.0026241686712019153
10376,-73.95669667,40.81762667,2.1123150000131143e-07,0.0026241686712019153
10377,-73.956635,40.81770333,2.1123150000131143e-07,0.0026241686712019153
10378,-73.95657667,40.81777833,2.1123150000131143e-07,0.0026241686712019153
10379,-73.95647,40.817925,2.1123150000131143e-07,0.0026241686712019153
10380,-73.95637333,40.818055,2.1123150000131143e-07,0.0026241686712019153
10381,-73.95632833,40.818115,3.058759999995267e-07,0.0022622376735168615
10382,-73.95624667,40.81823333,3.058759999995267e-07,0.0022622376735168615
10383,-73.95620667,40.818285,3.058759999995267e-07,0.0022622376735168615
10384,-73.95616333,40.81833667,3.058759999995267e-07,0.0022622376735168615
10385,-73.956075,40.81845167,3.058759999995267e-07,0.0022622376735168615
10386,-73.95603333,40.81851,3.058759999995267e-07,0.0022622376735168615
10387,-73.95599167,40.81856333,3.058759999995267e-07,0.0022622376735168615
10388,-73.955955,40.81861167,3.058759999995267e-07,0.0022622376735168615
10389,-73.95592833,40.81865,3.058759999995267e-07,0.0022622376735168615
10390,-73.955905,40.81868,3.058759999995267e-07,0.0022622376735168615
10391,-73.95588,40.8187,3.058759999995267e-07,0.0022622376735168615
10392,-73.95584333,40.818705,3.058759999995267e-07,0.0022622376735168615
10393,-73.95579667,40.818685,3.058759999995267e-07,0.0022622376735168615
10394,-73.955735,40.81866833,3.058759999995267e-07,0.0022622376735168615
10395,-73.955665,40.81864333,3.058759999995267e-07,0.0022622376735168615
10396,-73.955595,40.81860833,3.058759999995267e-07,0.0022622376735168615
10397,-73.95552333,40.81857333,3.058759999995267e-07,0.0022622376735168615
10398,-73.95545,40.81854833,3.058759999995267e-07,0.0022622376735168615
10399,-73.95538167,40.81851667,3.058759999995267e-07,0.0022622376735168615
10400,-73.95531333,40.81847833,3.058759999995267e-07,0.0022622376735168615
10401,-73.95524167,40.81843667,3.058759999995267e-07,0.0022622376735168615
10402,-73.955165,40.81839333,3.058759999995267e-07,0.0022622376735168615
10403,-73.95500833,40.81831667,2.0350199999704832e-07,0.003286599427508212
10404,-73.95493,40.81827833,2.0350199999704832e-07,0.003286599427508212
10405,-73.954855,40.818235,2.0350199999704832e-07,0.003286599427508212
10406,-73.95478833,40.81818333,2.0350199999704832e-07,0.003286599427508212
10407,-73.95465,40.81807833,2.0350199999704832e-07,0.003286599427508212
10408,-73.95457333,40.81803333,2.0350199999704832e-07,0.003286599427508212
10409,-73.95449833,40.81798833,2.0350199999704832e-07,0.003286599427508212
10410,-73.95442,40.81794833,2.0350199999704832e-07,0.003286599427508212
10411,-73.95426333,40.81787833,2.0350199999704832e-07,0.003286599427508212
10412,-73.95419,40.817845,1.1137850000250255e-07,0.0022692321644096885
10413,-73.95411833,40.81781667,1.1137850000250255e-07,0.0022692321644096885
10414,-73.95405,40.81779333,1.1137850000250255e-07,0.0022692321644096885
10415,-73.953995,40.81776833,1.1137850000250255e-07,0.0022692321644096885
10416,-73.95394667,40.81775167,1.1137850000250255e-07,0.0022692321644096885
10417,-73.95388,40.81773,1.1137850000250255e-07,0.0022692321644096885
10418,-73.95369167,40.81763333,1.1137850000250255e-07,0.0022692321644096885
10419,-73.95365167,40.81761167,1.1137850000250255e-07,0.0022692321644096885
10420,-73.95360833,40.81759,1.1137850000250255e-07,0.0022692321644096885
10421,-73.95357167,40.81756667,1.1137850000250255e-07,0.0022692321644096885
10422,-73.95347,40.81754333,1.1137850000250255e-07,0.0022692321644096885
10423,-73.95344333,40.817535,1.1137850000250255e-07,0.0022692321644096885
10424,-73.95339333,40.81752167,1.1137850000250255e-07,0.0022692321644096885
10425,-73.95336167,40.81752167,1.1137850000250255e-07,0.0022692321644096885
10426,-73.95332,40.81752667,1.1137850000250255e-07,0.0022692321644096885
10427,-73.95327667,40.81754,1.1137850000250255e-07,0.0022692321644096885
10428,-73.95323167,40.81757,3.059945000020334e-07,0.002266437955804673
10429,-73.95319,40.81761,3.059945000020334e-07,0.002266437955804673
10430,-73.95315,40.81765833,3.059945000020334e-07,0.002266437955804673
10431,-73.95311,40.81770833,3.059945000020334e-07,0.002266437955804673
10432,-73.95306833,40.81776167,3.059945000020334e-07,0.002266437955804673
10433,-73.95302667,40.81781833,3.059945000020334e-07,0.002266437955804673
10434,-73.952985,40.817875,3.059945000020334e-07,0.002266437955804673
10435,-73.95294667,40.81792667,3.059945000020334e-07,0.002266437955804673
10436,-73.952915,40.81796667,3.059945000020334e-07,0.002266437955804673
10437,-73.95288,40.81802,3.059945000020334e-07,0.002266437955804673
10438,-73.95277833,40.81815167,3.059945000020334e-07,0.002266437955804673
10439,-73.95273333,40.8182,3.059945000020334e-07,0.002266437955804673
10440,-73.95268833,40.818255,3.059945000020334e-07,0.002266437955804673
10441,-73.95264,40.818315,1.663750000138173e-08,0.0005413476131867477
10442,-73.95259167,40.81838,1.663750000138173e-08,0.0005413476131867477
10443,-73.95254,40.818445,1.663750000138173e-08,0.0005413476131867477
10444,-73.952485,40.81851,1.663750000138173e-08,0.0005413476131867477
10445,-73.95243667,40.818575,1.663750000138173e-08,0.0005413476131867477
10446,-73.95239167,40.818635,1.663750000138173e-08,0.0005413476131867477
10447,-73.95235167,40.81869333,1.663750000138173e-08,0.0005413476131867477
10448,-73.95230667,40.818745,1.663750000138173e-08,0.0005413476131867477
10449,-73.95223167,40.81881,1.663750000138173e-08,0.0005413476131867477
10450,-73.95221333,40.81883167,1.663750000138173e-08,0.0005413476131867477
10451,-73.95219333,40.81884167,1.663750000138173e-08,0.0005413476131867477
10452,-73.95208333,40.81885333,1.663750000138173e-08,0.0005413476131867477
10453,-73.951935,40.81880167,1.663750000138173e-08,0.0005413476131867477
10454,-73.95187,40.81877833,1.663750000138173e-08,0.0005413476131867477
10455,-73.9518,40.81875333,1.663750000138173e-08,0.0005413476131867477
10456,-73.95173,40.818725,6.016900000053673e-08,0.001202324296162677
10457,-73.95166167,40.818695,6.016900000053673e-08,0.001202324296162677
10458,-73.95159167,40.818665,6.016900000053673e-08,0.001202324296162677
10459,-73.95152,40.81863333,6.016900000053673e-08,0.001202324296162677
10460,-73.95144667,40.81860167,6.016900000053673e-08,0.001202324296162677
10461,-73.95137167,40.81857,6.016900000053673e-08,0.001202324296162677
10462,-73.95130333,40.81853833,6.016900000053673e-08,0.001202324296162677
10463,-73.95124333,40.81850833,6.016900000053673e-08,0.001202324296162677
10464,-73.95119167,40.81848333,6.016900000053673e-08,0.001202324296162677
10465,-73.95114833,40.81846333,6.016900000053673e-08,0.001202324296162677
10466,-73.95111667,40.81844667,6.016900000053673e-08,0.001202324296162677
10467,-73.95100333,40.81839667,6.016900000053673e-08,0.001202324296162677
10468,-73.95097,40.81837333,6.016900000053673e-08,0.001202324296162677
10469,-73.95086667,40.81831833,6.016900000053673e-08,0.001202324296162677
10470,-73.95080667,40.81829333,3.2296000000305205e-07,0.0022884989132270816
10471,-73.95074333,40.81826833,3.2296000000305205e-07,0.0022884989132270816
10472,-73.95067667,40.81824333,3.2296000000305205e-07,0.0022884989132270816
10473,-73.950535,40.818185,3.2296000000305205e-07,0.0022884989132270816
10474,-73.95046333,40.81815,3.2296000000305205e-07,0.0022884989132270816
10475,-73.950395,40.81811333,3.2296000000305205e-07,0.0022884989132270816
10476,-73.95033,40.81807333,3.2296000000305205e-07,0.0022884989132270816
10477,-73.95026333,40.81804,3.2296000000305205e-07,0.0022884989132270816
10478,-73.95020167,40.81800667,3.2296000000305205e-07,0.0022884989132270816
10479,-73.95014667,40.81797667,3.2296000000305205e-07,0.0022884989132270816
10480,-73.95008167,40.81796167,3.2136000000333304e-07,0.003669608198604969
10481,-73.95003,40.81793833,3.2136000000333304e-07,0.003669608198604969
10482,-73.94998333,40.81791667,3.2136000000333304e-07,0.003669608198604969
10483,-73.94994833,40.81789667,3.2136000000333304e-07,0.003669608198604969
10484,-73.94988333,40.81777167,5.290999999999425e-09,0.0002924398161376511
10485,-73.94994167,40.81768167,5.290999999999425e-09,0.0002924398161376511
10486,-73.94997333,40.81763,5.290999999999425e-09,0.0002924398161376511
10487,-73.95003833,40.81752167,5.290999999999425e-09,0.0002924398161376511
10488,-73.95008167,40.81746333,5.290999999999425e-09,0.0002924398161376511
10489,-73.95016167,40.81734667,5.290999999999425e-09,0.0002924398161376511
10490,-73.95017667,40.81728,5.290999999999425e-09,0.0002924398161376511
10491,-73.95019,40.81720833,5.290999999999425e-09,0.0002924398161376511
10492,-73.95019167,40.817135,5.290999999999425e-09,0.0002924398161376511
10493,-73.95019333,40.81707167,5.290999999999425e-09,0.0002924398161376511
10494,-73.95019333,40.81700833,5.290999999999425e-09,0.0002924398161376511
10495,-73.950185,40.81694833,5.290999999999425e-09,0.0002924398161376511
10496,-73.95017167,40.816885,5.290999999999425e-09,0.0002924398161376511
10497,-73.95016,40.81681667,5.290999999999425e-09,0.0002924398161376511
10498,-73.950145,40.81674667,5.290999999999425e-09,0.0002924398161376511
10499,-73.95012333,40.816675,5.290999999999425e-09,0.0002924398161376511
10500,-73.95009333,40.81661167,5.290999999999425e-09,0.0002924398161376511
10501,-73.950055,40.81655333,3.701150000004942e-07,0.0028703565065817268
10502,-73.95001333,40.81650333,3.701150000004942e-07,0.0028703565065817268
10503,-73.94996667,40.81645333,3.701150000004942e-07,0.0028703565065817268
10504,-73.94991833,40.81640833,3.701150000004942e-07,0.0028703565065817268
10505,-73.949875,40.81636333,3.701150000004942e-07,0.0028703565065817268
10506,-73.94983667,40.81630667,3.701150000004942e-07,0.0028703565065817268
10507,-73.949775,40.81612333,3.701150000004942e-07,0.0028703565065817268
10508,-73.94979667,40.81606167,3.701150000004942e-07,0.0028703565065817268
10509,-73.94982833,40.81600833,3.701150000004942e-07,0.0028703565065817268
10510,-73.94986667,40.81595,3.701150000004942e-07,0.0028703565065817268
10511,-73.94990833,40.81588833,3.701150000004942e-07,0.0028703565065817268
10512,-73.94994,40.81582333,3.701150000004942e-07,0.0028703565065817268
10513,-73.94996333,40.81575833,3.701150000004942e-07,0.0028703565065817268
10514,-73.949975,40.815695,3.701150000004942e-07,0.0028703565065817268
10515,-73.95002667,40.81557,3.701150000004942e-07,0.0028703565065817268
10516,-73.95008333,40.81549167,3.701150000004942e-07,0.0028703565065817268
10517,-73.95012833,40.81542,3.701150000004942e-07,0.0028703565065817268
10518,-73.95017333,40.81534667,3.701150000004942e-07,0.0028703565065817268
10519,-73.950215,40.815265,3.701150000004942e-07,0.0028703565065817268
10520,-73.95026833,40.81519667,3.701150000004942e-07,0.0028703565065817268
10521,-73.95042,40.81498,2.0764550000290598e-07,0.0029237860503837803
10522,-73.95047,40.81491333,2.0764550000290598e-07,0.0029237860503837803
10523,-73.95053333,40.81484333,2.0764550000290598e-07,0.0029237860503837803
10524,-73.950595,40.81476833,2.0764550000290598e-07,0.0029237860503837803
10525,-73.95065,40.81469333,2.0764550000290598e-07,0.0029237860503837803
10526,-73.95069833,40.81462167,2.0764550000290598e-07,0.0029237860503837803
10527,-73.95075167,40.81455333,2.0764550000290598e-07,0.0029237860503837803
10528,-73.95082,40.81449333,2.0764550000290598e-07,0.0029237860503837803
10529,-73.95086667,40.81444,2.0764550000290598e-07,0.0029237860503837803
10530,-73.95090167,40.81438667,2.0764550000290598e-07,0.0029237860503837803
10531,-73.95096667,40.81427833,2.0764550000290598e-07,0.0029237860503837803
10532,-73.950995,40.81422333,2.553075000017209e-07,0.003467534120838437
10533,-73.95102333,40.81416667,2.553075000017209e-07,0.003467534120838437
10534,-73.95105667,40.81411,2.553075000017209e-07,0.003467534120838437
10535,-73.95109,40.81405667,2.553075000017209e-07,0.003467534120838437
10536,-73.951145,40.81394,2.553075000017209e-07,0.003467534120838437
10537,-73.95117167,40.813885,2.553075000017209e-07,0.003467534120838437
10538,-73.95119833,40.81383667,2.553075000017209e-07,0.003467534120838437
10539,-73.95122333,40.81378833,2.553075000017209e-07,0.003467534120838437
10540,-73.95124833,40.813745,2.553075000017209e-07,0.003467534120838437
10541,-73.95127,40.8137,2.553075000017209e-07,0.003467534120838437
10542,-73.95129,40.81365333,2.553075000017209e-07,0.003467534120838437
10543,-73.95134833,40.81356833,2.553075000017209e-07,0.003467534120838437
10544,-73.95137333,40.81352833,1.9369150000085246e-07,0.0018453143683078315
10545,-73.95139833,40.81348333,1.9369150000085246e-07,0.0018453143683078315
10546,-73.95143,40.81343333,1.9369150000085246e-07,0.0018453143683078315
10547,-73.95146833,40.81338333,1.9369150000085246e-07,0.0018453143683078315
10548,-73.95150667,40.81333167,1.9369150000085246e-07,0.0018453143683078315
10549,-73.95154333,40.813275,1.9369150000085246e-07,0.0018453143683078315
10550,-73.951575,40.81321833,1.9369150000085246e-07,0.0018453143683078315
10551,-73.95160667,40.813165,1.9369150000085246e-07,0.0018453143683078315
10552,-73.95163667,40.81311667,1.9369150000085246e-07,0.0018453143683078315
10553,-73.95167,40.81307167,1.9369150000085246e-07,0.0018453143683078315
10554,-73.95170333,40.81302333,1.9369150000085246e-07,0.0018453143683078315
10555,-73.951745,40.81298167,1.9369150000085246e-07,0.0018453143683078315
10556,-73.95178167,40.81293333,1.3013049999971564e-07,0.001889764530799778
10557,-73.95181333,40.81288833,1.3013049999971564e-07,0.001889764530799778
10558,-73.95184333,40.81284167,1.3013049999971564e-07,0.001889764530799778
10559,-73.951875,40.812795,1.3013049999971564e-07,0.001889764530799778
10560,-73.95190333,40.81275333,1.3013049999971564e-07,0.001889764530799778
10561,-73.951935,40.81271667,1.3013049999971564e-07,0.001889764530799778
10562,-73.95196667,40.81267833,1.3013049999971564e-07,0.001889764530799778
10563,-73.95200167,40.812635,1.3013049999971564e-07,0.001889764530799778
10564,-73.95203333,40.8126,1.3013049999971564e-07,0.001889764530799778
10565,-73.95206833,40.81256667,1.3013049999971564e-07,0.001889764530799778
10566,-73.95209667,40.81254167,8.566799999956671e-08,0.0016805743480066489
10567,-73.95212833,40.81251667,8.566799999956671e-08,0.0016805743480066489
10568,-73.95216167,40.81247667,8.566799999956671e-08,0.0016805743480066489
10569,-73.95229167,40.81243667,8.566799999956671e-08,0.0016805743480066489
10570,-73.95232167,40.81243833,8.566799999956671e-08,0.0016805743480066489
10571,-73.95235833,40.81245,8.566799999956671e-08,0.0016805743480066489
10572,-73.95239667,40.81246,8.566799999956671e-08,0.0016805743480066489
10573,-73.95243667,40.81247167,8.566799999956671e-08,0.0016805743480066489
10574,-73.95247333,40.812485,8.566799999956671e-08,0.0016805743480066489
10575,-73.95250833,40.81249333,8.566799999956671e-08,0.0016805743480066489
10576,-73.952535,40.81250333,8.566799999956671e-08,0.0016805743480066489
10577,-73.952555,40.81251,8.566799999956671e-08,0.0016805743480066489
10578,-73.95269167,40.812575,1.1567699999922867e-07,0.0022968314816691413
10579,-73.95272333,40.81257833,1.1567699999922867e-07,0.0022968314816691413
10580,-73.95276,40.81258833,1.1567699999922867e-07,0.0022968314816691413
10581,-73.95280833,40.81260167,1.1567699999922867e-07,0.0022968314816691413
10582,-73.95286167,40.81261667,1.1567699999922867e-07,0.0022968314816691413
10583,-73.95291667,40.81263167,1.1567699999922867e-07,0.0022968314816691413
10584,-73.953025,40.81267667,1.1567699999922867e-07,0.0022968314816691413
10585,-73.953055,40.81268833,1.1567699999922867e-07,0.0022968314816691413
10586,-73.95308833,40.81269,1.1567699999922867e-07,0.0022968314816691413
10587,-73.953135,40.81266,1.1567699999922867e-07,0.0022968314816691413
10588,-73.95317167,40.81263,1.1567699999922867e-07,0.0022968314816691413
10589,-73.95320833,40.81258667,1.1567699999922867e-07,0.0022968314816691413
10590,-73.95329833,40.81249167,4.5753900000367467e-07,0.0026970626044747624
10591,-73.95333667,40.81243833,4.5753900000367467e-07,0.0026970626044747624
10592,-73.95337,40.81238833,4.5753900000367467e-07,0.0026970626044747624
10593,-73.95342833,40.812315,4.5753900000367467e-07,0.0026970626044747624
10594,-73.95344667,40.81229167,4.5753900000367467e-07,0.0026970626044747624
10595,-73.95351167,40.81221167,4.5753900000367467e-07,0.0026970626044747624
10596,-73.953535,40.81218333,4.5753900000367467e-07,0.0026970626044747624
10597,-73.95356167,40.81214667,1.7628500000932237e-08,0.0005606337825345394
10598,-73.95359167,40.81210167,1.7628500000932237e-08,0.0005606337825345394
10599,-73.95362833,40.81205667,1.7628500000932237e-08,0.0005606337825345394
10600,-73.95366667,40.81201,1.7628500000932237e-08,0.0005606337825345394
10601,-73.95370167,40.811955,1.7628500000932237e-08,0.0005606337825345394
10602,-73.95373333,40.81189667,1.7628500000932237e-08,0.0005606337825345394
10603,-73.95377,40.81184,1.7628500000932237e-08,0.0005606337825345394
10604,-73.95381333,40.81178333,1.7628500000932237e-08,0.0005606337825345394
10605,-73.95385833,40.81173167,1.7628500000932237e-08,0.0005606337825345394
10606,-73.95390333,40.81168333,1.7628500000932237e-08,0.0005606337825345394
10607,-73.95394167,40.81163833,1.7628500000932237e-08,0.0005606337825345394
10608,-73.953975,40.81159667,1.7628500000932237e-08,0.0005606337825345394
10609,-73.954005,40.81156167,1.7628500000932237e-08,0.0005606337825345394
10610,-73.95403667,40.81151,1.7628500000932237e-08,0.0005606337825345394
10611,-73.95400333,40.811395,2.4774399999752547e-07,0.002164545213615437
10612,-73.95398,40.81136833,2.4774399999752547e-07,0.002164545213615437
10613,-73.95388833,40.81131667,2.4774399999752547e-07,0.002164545213615437
10614,-73.95382333,40.81129167,2.4774399999752547e-07,0.002164545213615437
10615,-73.95375667,40.81126,2.4774399999752547e-07,0.002164545213615437
10616,-73.95369333,40.81122833,2.4774399999752547e-07,0.002164545213615437
10617,-73.95356833,40.811165,2.4774399999752547e-07,0.002164545213615437
10618,-73.95352,40.81112833,2.4774399999752547e-07,0.002164545213615437
10619,-73.95347,40.81109,2.4774399999752547e-07,0.002164545213615437
10620,-73.95342333,40.81105667,2.4774399999752547e-07,0.002164545213615437
10621,-73.953385,40.81103,2.4774399999752547e-07,0.002164545213615437
10622,-73.95336,40.81100667,2.4774399999752547e-07,0.002164545213615437
10623,-73.95326833,40.81092333,2.4774399999752547e-07,0.002164545213615437
10624,-73.95323833,40.81090667,2.2286550000297218e-07,0.002149900353599736
10625,-73.95320833,40.810885,2.2286550000297218e-07,0.002149900353599736
10626,-73.953145,40.810845,2.2286550000297218e-07,0.002149900353599736
10627,-73.953115,40.810825,2.2286550000297218e-07,0.002149900353599736
10628,-73.95309167,40.81081,2.2286550000297218e-07,0.002149900353599736
10629,-73.953015,40.81072,2.2286550000297218e-07,0.002149900353599736
10630,-73.95300333,40.8107,2.2286550000297218e-07,0.002149900353599736
10631,-73.95297667,40.81068667,2.2286550000297218e-07,0.002149900353599736
10632,-73.95295833,40.810665,2.2286550000297218e-07,0.002149900353599736
10633,-73.95293167,40.81064667,2.2286550000297218e-07,0.002149900353599736
10634,-73.952915,40.81063333,2.2286550000297218e-07,0.002149900353599736
10635,-73.95274667,40.81063667,2.2286550000297218e-07,0.002149900353599736
10636,-73.95271,40.810645,2.2286550000297218e-07,0.002149900353599736
10637,-73.952675,40.810665,2.2286550000297218e-07,0.002149900353599736
10638,-73.95263,40.81070333,2.2286550000297218e-07,0.002149900353599736
10639,-73.95258833,40.81074333,2.2286550000297218e-07,0.002149900353599736
10640,-73.95255,40.81078833,2.2286550000297218e-07,0.002149900353599736
10641,-73.95251667,40.81083167,2.2286550000297218e-07,0.002149900353599736
10642,-73.95249167,40.81087167,5.970279999992359e-07,0.0054215911277834695
10643,-73.95247,40.81091167,5.970279999992359e-07,0.0054215911277834695
10644,-73.952445,40.81095,5.970279999992359e-07,0.0054215911277834695
10645,-73.95242167,40.810985,5.970279999992359e-07,0.0054215911277834695
10646,-73.95228,40.81107333,6.46315499998547e-07,0.004150611307012615
10647,-73.95224,40.81113333,1.3239999999480697e-08,0.0005427594564637074
10648,-73.95220333,40.811195,1.3239999999480697e-08,0.0005427594564637074
10649,-73.95213,40.81131833,1.3239999999480697e-08,0.0005427594564637074
10650,-73.95208167,40.81137833,1.3239999999480697e-08,0.0005427594564637074
10651,-73.95203167,40.81144167,1.3239999999480697e-08,0.0005427594564637074
10652,-73.95196833,40.81150333,1.3239999999480697e-08,0.0005427594564637074
10653,-73.951905,40.811565,1.3239999999480697e-08,0.0005427594564637074
10654,-73.95184167,40.81162833,1.3239999999480697e-08,0.0005427594564637074
10655,-73.95178,40.81169333,1.3239999999480697e-08,0.0005427594564637074
10656,-73.95172167,40.81175667,1.3239999999480697e-08,0.0005427594564637074
10657,-73.951675,40.811825,1.2341999999957958e-08,0.0005659279235097017
10658,-73.95161667,40.81189833,1.2341999999957958e-08,0.0005659279235097017
10659,-73.95155167,40.81196,1.2341999999957958e-08,0.0005659279235097017
10660,-73.95149,40.81202667,1.2341999999957958e-08,0.0005659279235097017
10661,-73.95143667,40.81209333,1.374189999969117e-07,0.002324664140474437
10662,-73.95138,40.81215667,1.374189999969117e-07,0.002324664140474437
10663,-73.95131833,40.81222167,1.374189999969117e-07,0.002324664140474437
10664,-73.95125667,40.81228833,1.374189999969117e-07,0.002324664140474437
10665,-73.9512,40.81235167,1.374189999969117e-07,0.002324664140474437
10666,-73.95114667,40.81241333,1.374189999969117e-07,0.002324664140474437
10667,-73.95110333,40.81247167,1.374189999969117e-07,0.002324664140474437
10668,-73.95099167,40.812575,1.374189999969117e-07,0.002324664140474437
10669,-73.950925,40.812565,4.6183450000018155e-07,0.005233328855344828
10670,-73.95086667,40.81254833,4.6183450000018155e-07,0.005233328855344828
10671,-73.95077667,40.81251,4.6183450000018155e-07,0.005233328855344828
10672,-73.95073167,40.81248833,4.6183450000018155e-07,0.005233328855344828
10673,-73.95068667,40.81247167,4.6183450000018155e-07,0.005233328855344828
10674,-73.95063833,40.81244833,4.6183450000018155e-07,0.005233328855344828
10675,-73.95054833,40.81239667,4.6183450000018155e-07,0.005233328855344828
10676,-73.950505,40.812375,4.6183450000018155e-07,0.005233328855344828
10677,-73.95046833,40.81235167,4.6183450000018155e-07,0.005233328855344828
10678,-73.950435,40.81232833,4.6183450000018155e-07,0.005233328855344828
10679,-73.95039833,40.81231167,4.6183450000018155e-07,0.005233328855344828
10680,-73.950365,40.81229333,4.6183450000018155e-07,0.005233328855344828
10681,-73.950335,40.812275,4.6183450000018155e-07,0.005233328855344828
10682,-73.95031167,40.81225333,4.6183450000018155e-07,0.005233328855344828
10683,-73.95028667,40.81223667,4.6183450000018155e-07,0.005233328855344828
10684,-73.95012667,40.81213333,1.4100999999958714e-07,0.0016003653828707033
10685,-73.9501,40.81212,1.4100999999958714e-07,0.0016003653828707033
10686,-73.95006667,40.81210333,1.4100999999958714e-07,0.0016003653828707033
10687,-73.95002833,40.81208667,1.4100999999958714e-07,0.0016003653828707033
10688,-73.94998833,40.81206833,1.4100999999958714e-07,0.0016003653828707033
10689,-73.94994667,40.81205167,1.4100999999958714e-07,0.0016003653828707033
10690,-73.949855,40.812045,1.4100999999958714e-07,0.0016003653828707033
10691,-73.94981,40.81207667,1.4100999999958714e-07,0.0016003653828707033
10692,-73.94976833,40.81211833,1.4100999999958714e-07,0.0016003653828707033
10693,-73.94973333,40.81216,1.4100999999958714e-07,0.0016003653828707033
10694,-73.94970167,40.8122,1.4100999999958714e-07,0.0016003653828707033
10695,-73.94967167,40.81224333,1.4100999999958714e-07,0.0016003653828707033
10696,-73.94964167,40.81228667,1.4100999999958714e-07,0.0016003653828707033
10697,-73.94961333,40.81233167,1.4100999999958714e-07,0.0016003653828707033
10698,-73.949565,40.81241667,1.910900000065423e-08,0.000646902594955652
10699,-73.94950833,40.81254167,1.910900000065423e-08,0.000646902594955652
10700,-73.94946833,40.81261,1.910900000065423e-08,0.000646902594955652
10701,-73.94942667,40.81268167,1.910900000065423e-08,0.000646902594955652
10702,-73.949375,40.81275167,1.910900000065423e-08,0.000646902594955652
10703,-73.94926833,40.812905,1.910900000065423e-08,0.000646902594955652
10704,-73.949205,40.81298333,4.2241850000120623e-07,0.0026913181855735685
10705,-73.94914,40.813065,6.432449999999579e-08,0.0015252677979400932
10706,-73.94907667,40.813145,6.432449999999579e-08,0.0015252677979400932
10707,-73.94901667,40.81322667,7.029449999927732e-08,0.0012160095258101661
10708,-73.94896167,40.81330833,7.029449999927732e-08,0.0012160095258101661
10709,-73.948905,40.81338833,7.029449999927732e-08,0.0012160095258101661
10710,-73.94884333,40.81347,7.029449999927732e-08,0.0012160095258101661
10711,-73.94878333,40.81354833,7.029449999927732e-08,0.0012160095258101661
10712,-73.94872833,40.81363,4.0732499999024454e-08,0.000887332062488658
10713,-73.94861667,40.81377333,4.0732499999024454e-08,0.000887332062488658
10714,-73.94856,40.81384167,4.0732499999024454e-08,0.000887332062488658
10715,-73.94850667,40.81391167,4.0732499999024454e-08,0.000887332062488658
10716,-73.948455,40.813985,1.0321300000186206e-07,0.0013317568626695707
10717,-73.948405,40.81406167,1.0321300000186206e-07,0.0013317568626695707
10718,-73.94834333,40.81412333,1.0321300000186206e-07,0.0013317568626695707
10719,-73.94824,40.81423167,7.401850000096143e-08,0.0011902452931050397
10720,-73.94819333,40.81427833,7.401850000096143e-08,0.0011902452931050397
10721,-73.94815667,40.81432333,7.401850000096143e-08,0.0011902452931050397
10722,-73.94812,40.81436333,7.401850000096143e-08,0.0011902452931050397
10723,-73.94808667,40.81440167,7.401850000096143e-08,0.0011902452931050397
10724,-73.94805833,40.81444167,7.401850000096143e-08,0.0011902452931050397
10725,-73.94803667,40.81446833,7.401850000096143e-08,0.0011902452931050397
10726,-73.94793,40.81448333,7.401850000096143e-08,0.0011902452931050397
10727,-73.94789167,40.81448667,7.401850000096143e-08,0.0011902452931050397
10728,-73.94785833,40.81448667,7.401850000096143e-08,0.0011902452931050397
10729,-73.947825,40.81448167,7.401850000096143e-08,0.0011902452931050397
10730,-73.947785,40.81446667,7.401850000096143e-08,0.0011902452931050397
10731,-73.947735,40.81445,1.5953800000315383e-07,0.001736691045072832
10732,-73.94768167,40.81442667,1.5953800000315383e-07,0.001736691045072832
10733,-73.94763667,40.81438667,1.5953800000315383e-07,0.001736691045072832
10734,-73.947585,40.81434833,1.5953800000315383e-07,0.001736691045072832
10735,-73.94751833,40.81431667,1.5953800000315383e-07,0.001736691045072832
10736,-73.94745,40.81428333,1.5953800000315383e-07,0.001736691045072832
10737,-73.94737667,40.81424667,1.5953800000315383e-07,0.001736691045072832
10738,-73.94729167,40.81421667,1.5953800000315383e-07,0.001736691045072832
10739,-73.947215,40.81418167,1.5953800000315383e-07,0.001736691045072832
10740,-73.94705833,40.81411333,1.1991999999950356e-07,0.0017046410428204497
10741,-73.94698,40.81407833,8.089424999995035e-07,0.010478763427962416
10742,-73.94682333,40.81402167,8.089424999995035e-07,0.010478763427962416
10743,-73.94675,40.81399667,8.089424999995035e-07,0.010478763427962416
10744,-73.94668333,40.813975,8.089424999995035e-07,0.010478763427962416
10745,-73.94657167,40.813945,8.089424999995035e-07,0.010478763427962416
10746,-73.946535,40.81393333,8.089424999995035e-07,0.010478763427962416
10747,-73.94650667,40.813925,8.089424999995035e-07,0.010478763427962416
10748,-73.94647833,40.81391333,8.089424999995035e-07,0.010478763427962416
10749,-73.94644167,40.81390333,8.089424999995035e-07,0.010478763427962416
10750,-73.94639833,40.81388833,8.089424999995035e-07,0.010478763427962416
10751,-73.946345,40.81387667,8.089424999995035e-07,0.010478763427962416
10752,-73.94628333,40.81386167,8.089424999995035e-07,0.010478763427962416
10753,-73.94621833,40.81383833,8.891390000093437e-07,0.0072716706823619795
10754,-73.94615667,40.81381,8.891390000093437e-07,0.0072716706823619795
10755,-73.94609167,40.813785,8.891390000093437e-07,0.0072716706823619795
10756,-73.94602333,40.813755,8.891390000093437e-07,0.0072716706823619795
10757,-73.945955,40.81372333,8.891390000093437e-07,0.0072716706823619795
10758,-73.94588667,40.81369333,8.891390000093437e-07,0.0072716706823619795
10759,-73.94576667,40.81363667,8.891390000093437e-07,0.0072716706823619795
10760,-73.94571333,40.81361667,8.891390000093437e-07,0.0072716706823619795
10761,-73.94567167,40.813595,8.891390000093437e-07,0.0072716706823619795
10762,-73.94563333,40.81358167,8.891390000093437e-07,0.0072716706823619795
10763,-73.94560167,40.81357,8.891390000093437e-07,0.0072716706823619795
10764,-73.94558333,40.81355833,8.891390000093437e-07,0.0072716706823619795
10765,-73.94547167,40.81346667,8.891390000093437e-07,0.0072716706823619795
10766,-73.94541667,40.81345667,8.891390000093437e-07,0.0072716706823619795
10767,-73.94538,40.81343667,8.891390000093437e-07,0.0072716706823619795
10768,-73.94536,40.81341,8.891390000093437e-07,0.0072716706823619795
10769,-73.94534667,40.81339667,8.891390000093437e-07,0.0072716706823619795
10770,-73.945355,40.81334667,8.891390000093437e-07,0.0072716706823619795
10771,-73.94536833,40.81332,8.891390000093437e-07,0.0072716706823619795
10772,-73.94542167,40.81324667,2.9703649999906014e-07,0.0028244177519997325
10773,-73.9455,40.81316333,2.9703649999906014e-07,0.0028244177519997325
10774,-73.94553167,40.81312333,2.9703649999906014e-07,0.0028244177519997325
10775,-73.94555667,40.81309167,2.9703649999906014e-07,0.0028244177519997325
10776,-73.945575,40.81306667,6.430199999973992e-08,0.0015176061367396293
10777,-73.94560333,40.81301667,6.430199999973992e-08,0.0015176061367396293
10778,-73.94570167,40.81287833,6.430199999973992e-08,0.0015176061367396293
10779,-73.94574,40.81281833,6.430199999973992e-08,0.0015176061367396293
10780,-73.94578667,40.81275333,6.430199999973992e-08,0.0015176061367396293
10781,-73.94583333,40.81268333,6.430199999973992e-08,0.0015176061367396293
10782,-73.94588,40.81260833,6.430199999973992e-08,0.0015176061367396293
10783,-73.94593,40.81253333,6.430199999973992e-08,0.0015176061367396293
10784,-73.94598333,40.81246667,6.430199999973992e-08,0.0015176061367396293
10785,-73.94603833,40.8124,6.430199999973992e-08,0.0015176061367396293
10786,-73.94609333,40.81233,6.430199999973992e-08,0.0015176061367396293
10787,-73.94614667,40.81225667,6.430199999973992e-08,0.0015176061367396293
10788,-73.94619667,40.81217667,6.430199999973992e-08,0.0015176061367396293
10789,-73.94625,40.8121,6.430199999973992e-08,0.0015176061367396293
10790,-73.946305,40.81202333,1.5953200000127632e-07,0.001831613773457945
10791,-73.94636,40.81194667,1.5953200000127632e-07,0.001831613773457945
10792,-73.94641667,40.81186833,1.5953200000127632e-07,0.001831613773457945
10793,-73.94647333,40.81179167,1.5953200000127632e-07,0.001831613773457945
10794,-73.946635,40.81156,1.5953200000127632e-07,0.001831613773457945
10795,-73.94669167,40.81148,1.5953200000127632e-07,0.001831613773457945
10796,-73.94674667,40.811395,1.5953200000127632e-07,0.001831613773457945
10797,-73.946805,40.81131833,7.383249999861082e-08,0.001689792833187291
10798,-73.94687,40.81124167,7.383249999861082e-08,0.001689792833187291
10799,-73.94693667,40.81116,7.383249999861082e-08,0.001689792833187291
10800,-73.94699667,40.81107667,7.383249999861082e-08,0.001689792833187291
10801,-73.94712167,40.810905,1.245240000012738e-07,0.0015151392177571326
10802,-73.947185,40.81082,8.00229999991877e-08,0.0018293717960186774
10803,-73.94724833,40.81073667,8.00229999991877e-08,0.0018293717960186774
10804,-73.94730833,40.81065,8.00229999991877e-08,0.0018293717960186774
10805,-73.94736333,40.81055667,8.00229999991877e-08,0.0018293717960186774
10806,-73.947415,40.81046667,8.00229999991877e-08,0.0018293717960186774
10807,-73.947465,40.810375,1.1023500000129913e-07,0.001360114195538061
10808,-73.94751833,40.81028667,1.1023500000129913e-07,0.001360114195538061
10809,-73.94758,40.81020667,1.1023500000129913e-07,0.001360114195538061
10810,-73.94763667,40.810125,1.1023500000129913e-07,0.001360114195538061
10811,-73.94769333,40.81005333,1.1023500000129913e-07,0.001360114195538061
10812,-73.94774167,40.80998667,1.1023500000129913e-07,0.001360114195538061
10813,-73.947785,40.80993,1.1023500000129913e-07,0.001360114195538061
10814,-73.94782,40.80988167,1.1023500000129913e-07,0.001360114195538061
10815,-73.94784333,40.80984667,1.1023500000129913e-07,0.001360114195538061
10816,-73.947885,40.80978167,1.1023500000129913e-07,0.001360114195538061
10817,-73.947905,40.80974333,1.1023500000129913e-07,0.001360114195538061
10818,-73.94793333,40.80969667,1.1023500000129913e-07,0.001360114195538061
10819,-73.94797167,40.80964833,1.1023500000129913e-07,0.001360114195538061
10820,-73.94801,40.80959333,1.1023500000129913e-07,0.001360114195538061
10821,-73.94808667,40.80947,1.1023500000129913e-07,0.001360114195538061
10822,-73.94822333,40.80929667,1.1023500000129913e-07,0.001360114195538061
10823,-73.94826,40.80924333,1.1023500000129913e-07,0.001360114195538061
10824,-73.94830833,40.809205,1.1023500000129913e-07,0.001360114195538061
10825,-73.94834333,40.80917333,1.1023500000129913e-07,0.001360114195538061
10826,-73.94838167,40.80901,1.1382969999959528e-06,0.006227019728109311
10827,-73.94835667,40.80897333,1.1382969999959528e-06,0.006227019728109311
10828,-73.94830167,40.808945,1.1382969999959528e-06,0.006227019728109311
10829,-73.94822333,40.80892167,1.1382969999959528e-06,0.006227019728109311
10830,-73.94815333,40.80889167,1.1382969999959528e-06,0.006227019728109311
10831,-73.948075,40.80885667,1.1382969999959528e-06,0.006227019728109311
10832,-73.947995,40.80881833,1.1382969999959528e-06,0.006227019728109311
10833,-73.94791167,40.80878167,1.1382969999959528e-06,0.006227019728109311
10834,-73.94776667,40.80870333,1.1382969999959528e-06,0.006227019728109311
10835,-73.94768667,40.80866833,1.1382969999959528e-06,0.006227019728109311
10836,-73.9476,40.80863167,1.1382969999959528e-06,0.006227019728109311
10837,-73.947515,40.808595,1.1382969999959528e-06,0.006227019728109311
10838,-73.94742667,40.80855667,1.1382969999959528e-06,0.006227019728109311
10839,-73.947335,40.80852167,1.1382969999959528e-06,0.006227019728109311
10840,-73.94725,40.80848833,1.1382969999959528e-06,0.006227019728109311
10841,-73.94707167,40.80841,1.1382969999959528e-06,0.006227019728109311
10842,-73.94702167,40.80839,1.1382969999959528e-06,0.006227019728109311
10843,-73.946975,40.80837333,1.1382969999959528e-06,0.006227019728109311
10844,-73.94692667,40.80835167,1.1382969999959528e-06,0.006227019728109311
10845,-73.946875,40.80832333,1.1382969999959528e-06,0.006227019728109311
10846,-73.94675,40.80827333,1.1295504999938943e-06,0.006398138926066048
10847,-73.94669167,40.80824667,1.1295504999938943e-06,0.006398138926066048
10848,-73.94664167,40.808225,1.1295504999938943e-06,0.006398138926066048
10849,-73.94660667,40.80821167,1.1295504999938943e-06,0.006398138926066048
10850,-73.96384833,40.80309833,1.3387249999980959e-07,0.0027184262316039837
10851,-73.963805,40.80307667,1.3387249999980959e-07,0.0027184262316039837
10852,-73.96377333,40.80305333,1.3387249999980959e-07,0.0027184262316039837
10853,-73.96374667,40.80302833,9.812050000039135e-08,0.0014201782662929129
10854,-73.96366,40.80299333,9.812050000039135e-08,0.0014201782662929129
10855,-73.96361167,40.80297833,9.812050000039135e-08,0.0014201782662929129
10856,-73.96349833,40.80294167,9.812050000039135e-08,0.0014201782662929129
10857,-73.96343667,40.80291667,9.812050000039135e-08,0.0014201782662929129
10858,-73.96337,40.80289167,9.812050000039135e-08,0.0014201782662929129
10859,-73.963305,40.80285833,9.812050000039135e-08,0.0014201782662929129
10860,-73.96323667,40.80282667,9.812050000039135e-08,0.0014201782662929129
10861,-73.96317,40.80279333,9.812050000039135e-08,0.0014201782662929129
10862,-73.9631,40.80276,9.812050000039135e-08,0.0014201782662929129
10863,-73.96303,40.80273167,9.812050000039135e-08,0.0014201782662929129
10864,-73.96296333,40.80269667,9.812050000039135e-08,0.0014201782662929129
10865,-73.962835,40.80261833,9.812050000039135e-08,0.0014201782662929129
10866,-73.96276333,40.80258833,9.812050000039135e-08,0.0014201782662929129
10867,-73.96269167,40.80256167,9.812050000039135e-08,0.0014201782662929129
10868,-73.96262,40.80253833,9.006500000022571e-08,0.0016689340684675846
10869,-73.96255,40.802505,9.006500000022571e-08,0.0016689340684675846
10870,-73.96234167,40.80239333,9.006500000022571e-08,0.0016689340684675846
10871,-73.962265,40.80235333,9.006500000022571e-08,0.0016689340684675846
10872,-73.96210167,40.80228,3.0599300000084013e-07,0.0037399448980087024
10873,-73.96201833,40.80224333,3.0599300000084013e-07,0.0037399448980087024
10874,-73.961935,40.802205,3.0599300000084013e-07,0.0037399448980087024
10875,-73.961855,40.80216667,6.853099999973733e-08,0.0014557774911840111
10876,-73.961775,40.80212833,6.853099999973733e-08,0.0014557774911840111
10877,-73.96168833,40.80209667,6.853099999973733e-08,0.0014557774911840111
10878,-73.96160167,40.80207,6.853099999973733e-08,0.0014557774911840111
10879,-73.96151333,40.80204167,2.1853000000318213e-07,0.0033336759465632474
10880,-73.96144833,40.80198167,2.1853000000318213e-07,0.0033336759465632474
10881,-73.96136833,40.80194833,2.1853000000318213e-07,0.0033336759465632474
10882,-73.961285,40.80193333,2.1853000000318213e-07,0.0033336759465632474
10883,-73.96122,40.80197,2.1853000000318213e-07,0.0033336759465632474
10884,-73.961175,40.80199667,2.1853000000318213e-07,0.0033336759465632474
10885,-73.96112667,40.80200833,2.1853000000318213e-07,0.0033336759465632474
10886,-73.9609,40.80192667,2.1853000000318213e-07,0.0033336759465632474
10887,-73.960865,40.801915,4.6659299999915003e-07,0.0038029206863243992
10888,-73.96082833,40.801895,4.6659299999915003e-07,0.0038029206863243992
10889,-73.96078833,40.80188,4.6659299999915003e-07,0.0038029206863243992
10890,-73.96064667,40.80184,4.6659299999915003e-07,0.0038029206863243992
10891,-73.96060167,40.80182167,4.6659299999915003e-07,0.0038029206863243992
10892,-73.960515,40.80175,4.6659299999915003e-07,0.0038029206863243992
10893,-73.96047167,40.801715,4.6659299999915003e-07,0.0038029206863243992
10894,-73.96034833,40.801655,4.6659299999915003e-07,0.0038029206863243992
10895,-73.96027833,40.80162167,4.6659299999915003e-07,0.0038029206863243992
10896,-73.96021667,40.80158833,4.6659299999915003e-07,0.0038029206863243992
10897,-73.96016167,40.80154833,4.6659299999915003e-07,0.0038029206863243992
10898,-73.96010167,40.80151333,4.6659299999915003e-07,0.0038029206863243992
10899,-73.960025,40.801495,4.6659299999915003e-07,0.0038029206863243992
10900,-73.95996,40.80147333,4.6659299999915003e-07,0.0038029206863243992
10901,-73.959895,40.80144167,4.6659299999915003e-07,0.0038029206863243992
10902,-73.95984333,40.80142167,1.9236099999948843e-07,0.0018997476062538705
10903,-73.95971333,40.80137667,1.9236099999948843e-07,0.0018997476062538705
10904,-73.95965833,40.80134333,1.9236099999948843e-07,0.0018997476062538705
10905,-73.95280167,40.79805,8.146404999958138e-07,0.006725474209447449
10906,-73.95283167,40.798045,8.146404999958138e-07,0.006725474209447449
10907,-73.95289833,40.79804,8.146404999958138e-07,0.006725474209447449
10908,-73.95293,40.798035,8.146404999958138e-07,0.006725474209447449
10909,-73.95296,40.79803167,8.146404999958138e-07,0.006725474209447449
10910,-73.95301833,40.79803667,8.146404999958138e-07,0.006725474209447449
10911,-73.95304667,40.79803833,8.146404999958138e-07,0.006725474209447449
10912,-73.953075,40.79804167,8.146404999958138e-07,0.006725474209447449
10913,-73.953105,40.79804333,8.146404999958138e-07,0.006725474209447449
10914,-73.95313667,40.798045,8.146404999958138e-07,0.006725474209447449
10915,-73.953165,40.79804667,8.146404999958138e-07,0.006725474209447449
10916,-73.95319167,40.79805,8.146404999958138e-07,0.006725474209447449
10917,-73.95322,40.798055,8.146404999958138e-07,0.006725474209447449
10918,-73.95325333,40.79806333,8.146404999958138e-07,0.006725474209447449
10919,-73.95328,40.798075,8.146404999958138e-07,0.006725474209447449
10920,-73.95330333,40.79809,8.146404999958138e-07,0.006725474209447449
10921,-73.95333,40.79811,8.146404999958138e-07,0.006725474209447449
10922,-73.95336167,40.79813167,8.146404999958138e-07,0.006725474209447449
10923,-73.95339333,40.79815,8.146404999958138e-07,0.006725474209447449
10924,-73.95342667,40.79816333,8.146404999958138e-07,0.006725474209447449
10925,-73.953465,40.79816833,8.146404999958138e-07,0.006725474209447449
10926,-73.95350333,40.79817167,8.146404999958138e-07,0.006725474209447449
10927,-73.95353833,40.79817,8.146404999958138e-07,0.006725474209447449
10928,-73.95357,40.79817167,8.146404999958138e-07,0.006725474209447449
10929,-73.95360333,40.79817667,8.146404999958138e-07,0.006725474209447449
10930,-73.953635,40.79818167,8.146404999958138e-07,0.006725474209447449
10931,-73.95366833,40.79818167,8.146404999958138e-07,0.006725474209447449
10932,-73.95370167,40.798185,8.146404999958138e-07,0.006725474209447449
10933,-73.95373167,40.79819,8.146404999958138e-07,0.006725474209447449
10934,-73.95380333,40.79819333,8.146404999958138e-07,0.006725474209447449
10935,-73.95384,40.798195,8.146404999958138e-07,0.006725474209447449
10936,-73.95445833,40.798505,1.5765100000150188e-07,0.0022085056586652286
10937,-73.95441333,40.798475,8.146404999958138e-07,0.006725474209447449
10938,-73.95437,40.798445,8.146404999958138e-07,0.006725474209447449
10939,-73.95432667,40.798415,8.146404999958138e-07,0.006725474209447449
10940,-73.95428333,40.79838333,8.146404999958138e-07,0.006725474209447449
10941,-73.95423667,40.79835333,8.146404999958138e-07,0.006725474209447449
10942,-73.95419333,40.798325,8.146404999958138e-07,0.006725474209447449
10943,-73.95398833,40.79823667,8.146404999958138e-07,0.006725474209447449
10944,-73.95395667,40.79823667,8.146404999958138e-07,0.006725474209447449
10945,-73.95406667,40.79809333,8.146404999958138e-07,0.006725474209447449
10946,-73.95408667,40.79807167,8.146404999958138e-07,0.006725474209447449
10947,-73.954105,40.79804833,8.146404999958138e-07,0.006725474209447449
10948,-73.95412667,40.79802667,8.146404999958138e-07,0.006725474209447449
10949,-73.95415167,40.79800833,8.146404999958138e-07,0.006725474209447449
10950,-73.95421333,40.79794833,8.146404999958138e-07,0.006725474209447449
10951,-73.95423333,40.79792667,8.146404999958138e-07,0.006725474209447449
10952,-73.95424667,40.79790333,8.146404999958138e-07,0.006725474209447449
10953,-73.954255,40.79788167,8.146404999958138e-07,0.006725474209447449
10954,-73.954265,40.79785833,8.146404999958138e-07,0.006725474209447449
10955,-73.95427667,40.79783833,8.146404999958138e-07,0.006725474209447449
10956,-73.954295,40.797815,8.146404999958138e-07,0.006725474209447449
10957,-73.95431833,40.79779333,8.146404999958138e-07,0.006725474209447449
10958,-73.95434167,40.79777167,8.146404999958138e-07,0.006725474209447449
10959,-73.95436167,40.79774833,8.146404999958138e-07,0.006725474209447449
10960,-73.95438167,40.79772833,8.146404999958138e-07,0.006725474209447449
10961,-73.954395,40.797715,1.217855000016691e-07,0.001771355480800076
10962,-73.95444833,40.79758833,1.217855000016691e-07,0.001771355480800076
10963,-73.95445667,40.79755833,1.217855000016691e-07,0.001771355480800076
10964,-73.95446667,40.79752167,1.217855000016691e-07,0.001771355480800076
10965,-73.95447833,40.797485,1.217855000016691e-07,0.001771355480800076
10966,-73.954525,40.797385,1.217855000016691e-07,0.001771355480800076
10967,-73.95453667,40.79735333,1.217855000016691e-07,0.001771355480800076
10968,-73.95455667,40.79732333,1.217855000016691e-07,0.001771355480800076
10969,-73.954575,40.79729333,1.217855000016691e-07,0.001771355480800076
10970,-73.9546,40.79723333,1.217855000016691e-07,0.001771355480800076
10971,-73.95461833,40.79720333,1.217855000016691e-07,0.001771355480800076
10972,-73.954635,40.79717333,1.217855000016691e-07,0.001771355480800076
10973,-73.954655,40.79714667,1.217855000016691e-07,0.001771355480800076
10974,-73.95467333,40.79712,1.217855000016691e-07,0.001771355480800076
10975,-73.95468667,40.79709333,1.217855000016691e-07,0.001771355480800076
10976,-73.95469833,40.79706833,1.217855000016691e-07,0.001771355480800076
10977,-73.95470833,40.79704333,1.217855000016691e-07,0.001771355480800076
10978,-73.954715,40.79702,1.217855000016691e-07,0.001771355480800076
10979,-73.95471833,40.79699667,1.217855000016691e-07,0.001771355480800076
10980,-73.95473167,40.79697667,1.217855000016691e-07,0.001771355480800076
10981,-73.95474833,40.79695833,1.217855000016691e-07,0.001771355480800076
10982,-73.95481333,40.79688667,1.217855000016691e-07,0.001771355480800076
10983,-73.95482833,40.796865,1.217855000016691e-07,0.001771355480800076
10984,-73.95484667,40.796845,1.217855000016691e-07,0.001771355480800076
10985,-73.954865,40.79682667,1.217855000016691e-07,0.001771355480800076
10986,-73.954885,40.79680667,1.217855000016691e-07,0.001771355480800076
10987,-73.95494667,40.796745,1.217855000016691e-07,0.001771355480800076
10988,-73.95497333,40.79672667,1.217855000016691e-07,0.001771355480800076
10989,-73.95499833,40.79671,1.217855000016691e-07,0.001771355480800076
10990,-73.95502667,40.79669167,1.217855000016691e-07,0.001771355480800076
10991,-73.95504833,40.79666833,1.217855000016691e-07,0.001771355480800076
10992,-73.95507167,40.796645,1.217855000016691e-07,0.001771355480800076
10993,-73.95509667,40.796625,1.217855000016691e-07,0.001771355480800076
10994,-73.95512333,40.796605,1.217855000016691e-07,0.001771355480800076
10995,-73.95515333,40.796585,1.217855000016691e-07,0.001771355480800076
10996,-73.95518167,40.79656333,1.217855000016691e-07,0.001771355480800076
10997,-73.95521167,40.79654333,1.217855000016691e-07,0.001771355480800076
10998,-73.955235,40.79652167,1.217855000016691e-07,0.001771355480800076
10999,-73.95525167,40.7965,1.217855000016691e-07,0.001771355480800076
11000,-73.95527833,40.79648167,1.217855000016691e-07,0.001771355480800076
11001,-73.95530333,40.79646667,1.217855000016691e-07,0.001771355480800076
11002,-73.95532167,40.79644667,1.217855000016691e-07,0.001771355480800076
11003,-73.95534,40.79642833,1.217855000016691e-07,0.001771355480800076
11004,-73.955355,40.79641,1.217855000016691e-07,0.001771355480800076
11005,-73.955395,40.796375,1.217855000016691e-07,0.001771355480800076
11006,-73.95542,40.796355,1.217855000016691e-07,0.001771355480800076
11007,-73.95544333,40.79633667,1.217855000016691e-07,0.001771355480800076
11008,-73.95546333,40.79631667,1.217855000016691e-07,0.001771355480800076
11009,-73.95550667,40.796285,1.217855000016691e-07,0.001771355480800076
11010,-73.95554167,40.79624667,1.217855000016691e-07,0.001771355480800076
11011,-73.95556,40.79622833,1.217855000016691e-07,0.001771355480800076
11012,-73.95557667,40.79620667,1.217855000016691e-07,0.001771355480800076
11013,-73.95560667,40.796165,1.217855000016691e-07,0.001771355480800076
11014,-73.95561833,40.79614167,1.217855000016691e-07,0.001771355480800076
11015,-73.95563,40.79612,1.217855000016691e-07,0.001771355480800076
11016,-73.95563833,40.79609833,1.217855000016691e-07,0.001771355480800076
11017,-73.95564667,40.79607333,1.217855000016691e-07,0.001771355480800076
11018,-73.95566,40.79604833,1.217855000016691e-07,0.001771355480800076
11019,-73.95567333,40.79602333,1.217855000016691e-07,0.001771355480800076
11020,-73.955685,40.795995,1.217855000016691e-07,0.001771355480800076
11021,-73.95569667,40.79596833,1.217855000016691e-07,0.001771355480800076
11022,-73.9557,40.79590333,1.217855000016691e-07,0.001771355480800076
11023,-73.95569667,40.79586667,1.217855000016691e-07,0.001771355480800076
11024,-73.95568667,40.79583167,1.217855000016691e-07,0.001771355480800076
11025,-73.95566667,40.7958,1.217855000016691e-07,0.001771355480800076
11026,-73.95564833,40.79576833,1.217855000016691e-07,0.001771355480800076
11027,-73.95561333,40.79570167,1.217855000016691e-07,0.001771355480800076
11028,-73.95559333,40.79566667,1.217855000016691e-07,0.001771355480800076
11029,-73.95557167,40.79563333,1.217855000016691e-07,0.001771355480800076
11030,-73.95554667,40.79560333,1.217855000016691e-07,0.001771355480800076
11031,-73.95551667,40.79557667,1.217855000016691e-07,0.001771355480800076
11032,-73.95548,40.79555667,1.217855000016691e-07,0.001771355480800076
11033,-73.95544167,40.79554167,1.217855000016691e-07,0.001771355480800076
11034,-73.95540333,40.79552833,1.217855000016691e-07,0.001771355480800076
11035,-73.95536833,40.795515,1.217855000016691e-07,0.001771355480800076
11036,-73.95533333,40.79550167,1.217855000016691e-07,0.001771355480800076
11037,-73.95529833,40.79549,1.217855000016691e-07,0.001771355480800076
11038,-73.95526833,40.79548167,1.217855000016691e-07,0.001771355480800076
11039,-73.95523833,40.795475,1.217855000016691e-07,0.001771355480800076
11040,-73.95505333,40.79549667,1.217855000016691e-07,0.001771355480800076
11041,-73.95502167,40.795505,1.217855000016691e-07,0.001771355480800076
11042,-73.95498333,40.79551333,1.217855000016691e-07,0.001771355480800076
11043,-73.954945,40.79552167,1.217855000016691e-07,0.001771355480800076
11044,-73.95489833,40.79553167,1.217855000016691e-07,0.001771355480800076
11045,-73.95485667,40.79554,1.217855000016691e-07,0.001771355480800076
11046,-73.95477167,40.79556167,1.217855000016691e-07,0.001771355480800076
11047,-73.95473,40.79557667,1.217855000016691e-07,0.001771355480800076
11048,-73.95469,40.79559167,1.217855000016691e-07,0.001771355480800076
11049,-73.95465167,40.79560833,1.217855000016691e-07,0.001771355480800076
11050,-73.954515,40.795685,1.217855000016691e-07,0.001771355480800076
11051,-73.95448167,40.79570167,1.217855000016691e-07,0.001771355480800076
11052,-73.954445,40.795715,1.217855000016691e-07,0.001771355480800076
11053,-73.95437667,40.79574833,1.217855000016691e-07,0.001771355480800076
11054,-73.954345,40.79576667,1.217855000016691e-07,0.001771355480800076
11055,-73.95431667,40.79578667,1.217855000016691e-07,0.001771355480800076
11056,-73.95428667,40.795805,1.217855000016691e-07,0.001771355480800076
11057,-73.954255,40.795815,1.217855000016691e-07,0.001771355480800076
11058,-73.95422333,40.79582833,1.217855000016691e-07,0.001771355480800076
11059,-73.95419167,40.79584167,1.217855000016691e-07,0.001771355480800076
11060,-73.95416,40.79585333,1.217855000016691e-07,0.001771355480800076
11061,-73.954125,40.79586,1.217855000016691e-07,0.001771355480800076
11062,-73.95409333,40.79586667,1.217855000016691e-07,0.001771355480800076
11063,-73.95403667,40.79588833,1.217855000016691e-07,0.001771355480800076
11064,-73.95400667,40.79589667,1.217855000016691e-07,0.001771355480800076
11065,-73.95397167,40.7959,1.217855000016691e-07,0.001771355480800076
11066,-73.95394,40.79590667,1.217855000016691e-07,0.001771355480800076
11067,-73.95386667,40.79591667,1.217855000016691e-07,0.001771355480800076
11068,-73.95383333,40.79591833,1.217855000016691e-07,0.001771355480800076
11069,-73.95380167,40.795915,1.217855000016691e-07,0.001771355480800076
11070,-73.95377167,40.79591167,1.217855000016691e-07,0.001771355480800076
11071,-73.95374167,40.79591167,1.217855000016691e-07,0.001771355480800076
11072,-73.95371333,40.79591,1.217855000016691e-07,0.001771355480800076
11073,-73.953475,40.79577,1.217855000016691e-07,0.001771355480800076
11074,-73.95346333,40.79575167,1.217855000016691e-07,0.001771355480800076
11075,-73.95335167,40.79558833,1.217855000016691e-07,0.001771355480800076
11076,-73.95334667,40.79556833,1.217855000016691e-07,0.001771355480800076
11077,-73.95334167,40.79554667,1.217855000016691e-07,0.001771355480800076
11078,-73.95333833,40.79552667,1.217855000016691e-07,0.001771355480800076
11079,-73.95334,40.79541667,1.217855000016691e-07,0.001771355480800076
11080,-73.954015,40.79499667,1.217855000016691e-07,0.001771355480800076
11081,-73.95404333,40.794985,1.217855000016691e-07,0.001771355480800076
11082,-73.95407167,40.79497167,1.217855000016691e-07,0.001771355480800076
11083,-73.954125,40.79494167,1.217855000016691e-07,0.001771355480800076
11084,-73.95414833,40.79493,1.217855000016691e-07,0.001771355480800076
11085,-73.95424167,40.79488167,1.217855000016691e-07,0.001771355480800076
11086,-73.954315,40.79484833,1.217855000016691e-07,0.001771355480800076
11087,-73.95435667,40.79481333,1.217855000016691e-07,0.001771355480800076
11088,-73.95437667,40.79479833,1.217855000016691e-07,0.001771355480800076
11089,-73.95439833,40.79478333,1.217855000016691e-07,0.001771355480800076
11090,-73.95442333,40.79477167,1.217855000016691e-07,0.001771355480800076
11091,-73.954445,40.794755,1.217855000016691e-07,0.001771355480800076
11092,-73.95446667,40.79473667,1.217855000016691e-07,0.001771355480800076
11093,-73.95448667,40.79472,1.217855000016691e-07,0.001771355480800076
11094,-73.95450667,40.79470333,1.217855000016691e-07,0.001771355480800076
11095,-73.95458667,40.79465167,1.217855000016691e-07,0.001771355480800076
11096,-73.95461833,40.79461833,1.217855000016691e-07,0.001771355480800076
11097,-73.95462667,40.79459667,1.217855000016691e-07,0.001771355480800076
11098,-73.95463167,40.79457833,1.217855000016691e-07,0.001771355480800076
11099,-73.95464,40.79455833,1.217855000016691e-07,0.001771355480800076
11100,-73.95467667,40.79452333,1.217855000016691e-07,0.001771355480800076
11101,-73.95469667,40.794505,1.217855000016691e-07,0.001771355480800076
11102,-73.95471667,40.79448667,1.217855000016691e-07,0.001771355480800076
11103,-73.95477333,40.79441667,1.217855000016691e-07,0.001771355480800076
11104,-73.95478667,40.79439167,1.217855000016691e-07,0.001771355480800076
11105,-73.95479833,40.79437,1.217855000016691e-07,0.001771355480800076
11106,-73.95480833,40.79434833,1.217855000016691e-07,0.001771355480800076
11107,-73.95481833,40.79432333,1.217855000016691e-07,0.001771355480800076
11108,-73.95482833,40.7943,1.217855000016691e-07,0.001771355480800076
11109,-73.95485167,40.79422,1.217855000016691e-07,0.001771355480800076
11110,-73.95486,40.794195,1.217855000016691e-07,0.001771355480800076
11111,-73.95486667,40.79417,1.217855000016691e-07,0.001771355480800076
11112,-73.95487667,40.79414167,1.217855000016691e-07,0.001771355480800076
11113,-73.95488667,40.79411333,1.217855000016691e-07,0.001771355480800076
11114,-73.95489667,40.79408667,1.217855000016691e-07,0.001771355480800076
11115,-73.954905,40.79405667,1.217855000016691e-07,0.001771355480800076
11116,-73.954915,40.794025,1.217855000016691e-07,0.001771355480800076
11117,-73.95493167,40.793995,1.217855000016691e-07,0.001771355480800076
11118,-73.95495667,40.79392833,1.217855000016691e-07,0.001771355480800076
11119,-73.95497,40.79389167,1.217855000016691e-07,0.001771355480800076
11120,-73.95498333,40.793855,1.217855000016691e-07,0.001771355480800076
11121,-73.954995,40.793815,1.217855000016691e-07,0.001771355480800076
11122,-73.95500667,40.79377667,1.217855000016691e-07,0.001771355480800076
11123,-73.955015,40.79373667,1.217855000016691e-07,0.001771355480800076
11124,-73.955025,40.79366167,1.217855000016691e-07,0.001771355480800076
11125,-73.95502667,40.79362667,1.217855000016691e-07,0.001771355480800076
11126,-73.95502833,40.79358833,1.217855000016691e-07,0.001771355480800076
11127,-73.95503167,40.79351167,1.217855000016691e-07,0.001771355480800076
11128,-73.955035,40.79347167,1.217855000016691e-07,0.001771355480800076
11129,-73.95504167,40.79343333,1.217855000016691e-07,0.001771355480800076
11130,-73.95505167,40.793395,1.217855000016691e-07,0.001771355480800076
11131,-73.95506333,40.79336,1.217855000016691e-07,0.001771355480800076
11132,-73.95507833,40.79332667,1.217855000016691e-07,0.001771355480800076
11133,-73.95509,40.79329,1.217855000016691e-07,0.001771355480800076
11134,-73.95510667,40.79325833,1.217855000016691e-07,0.001771355480800076
11135,-73.95512333,40.79322333,1.217855000016691e-07,0.001771355480800076
11136,-73.95514,40.79318667,1.217855000016691e-07,0.001771355480800076
11137,-73.95515167,40.79314667,1.217855000016691e-07,0.001771355480800076
11138,-73.95516,40.79310833,1.217855000016691e-07,0.001771355480800076
11139,-73.95516333,40.79307,1.217855000016691e-07,0.001771355480800076
11140,-73.95516167,40.79303333,1.217855000016691e-07,0.001771355480800076
11141,-73.95515833,40.793,1.217855000016691e-07,0.001771355480800076
11142,-73.95515333,40.79293,1.217855000016691e-07,0.001771355480800076
11143,-73.95514833,40.792895,1.217855000016691e-07,0.001771355480800076
11144,-73.95514833,40.79285833,1.217855000016691e-07,0.001771355480800076
11145,-73.95514,40.79278667,7.561679999974788e-07,0.004985596955384116
11146,-73.95513,40.79275333,7.561679999974788e-07,0.004985596955384116
11147,-73.95511,40.79265167,7.561679999974788e-07,0.004985596955384116
11148,-73.95510833,40.79261833,7.561679999974788e-07,0.004985596955384116
11149,-73.95510833,40.79258333,7.561679999974788e-07,0.004985596955384116
11150,-73.95510833,40.79254833,7.561679999974788e-07,0.004985596955384116
11151,-73.95510667,40.79251333,7.561679999974788e-07,0.004985596955384116
11152,-73.95509667,40.79248333,7.561679999974788e-07,0.004985596955384116
11153,-73.95508667,40.79245333,7.561679999974788e-07,0.004985596955384116
11154,-73.95507833,40.79242667,7.561679999974788e-07,0.004985596955384116
11155,-73.95508,40.79240333,7.561679999974788e-07,0.004985596955384116
11156,-73.95508667,40.79235167,7.561679999974788e-07,0.004985596955384116
11157,-73.95509667,40.79232667,7.561679999974788e-07,0.004985596955384116
11158,-73.955105,40.79230167,7.561679999974788e-07,0.004985596955384116
11159,-73.955115,40.79227667,7.561679999974788e-07,0.004985596955384116
11160,-73.95512833,40.79225333,7.561679999974788e-07,0.004985596955384116
11161,-73.95514667,40.79223,7.561679999974788e-07,0.004985596955384116
11162,-73.955165,40.792205,7.561679999974788e-07,0.004985596955384116
11163,-73.95518167,40.79218167,7.561679999974788e-07,0.004985596955384116
11164,-73.95521167,40.79213167,1.0469049999969141e-07,0.001560037859857589
11165,-73.955225,40.79210333,1.0469049999969141e-07,0.001560037859857589
11166,-73.95524,40.792075,1.0469049999969141e-07,0.001560037859857589
11167,-73.95526167,40.79205,1.0469049999969141e-07,0.001560037859857589
11168,-73.95528,40.79202667,1.0469049999969141e-07,0.001560037859857589
11169,-73.9553,40.79200333,1.0469049999969141e-07,0.001560037859857589
11170,-73.95534167,40.79196,1.0469049999969141e-07,0.001560037859857589
11171,-73.955365,40.79193833,1.0469049999969141e-07,0.001560037859857589
11172,-73.95541833,40.7919,1.0469049999969141e-07,0.001560037859857589
11173,-73.95544667,40.79188,1.0469049999969141e-07,0.001560037859857589
11174,-73.95547167,40.79185833,1.0469049999969141e-07,0.001560037859857589
11175,-73.9555,40.79183833,1.0469049999969141e-07,0.001560037859857589
11176,-73.95552833,40.79181833,1.0469049999969141e-07,0.001560037859857589
11177,-73.95555667,40.791795,1.0469049999969141e-07,0.001560037859857589
11178,-73.955585,40.79177167,1.0469049999969141e-07,0.001560037859857589
11179,-73.955615,40.79175167,1.0469049999969141e-07,0.001560037859857589
11180,-73.95564167,40.79173,1.0469049999969141e-07,0.001560037859857589
11181,-73.95567,40.791705,1.0469049999969141e-07,0.001560037859857589
11182,-73.95572667,40.79166,1.0469049999969141e-07,0.001560037859857589
11183,-73.95575833,40.79164,1.0469049999969141e-07,0.001560037859857589
11184,-73.95579,40.79162167,1.0469049999969141e-07,0.001560037859857589
11185,-73.95581667,40.79160333,1.0469049999969141e-07,0.001560037859857589
11186,-73.95589,40.79153833,1.0469049999969141e-07,0.001560037859857589
11187,-73.95591667,40.79151667,1.0469049999969141e-07,0.001560037859857589
11188,-73.955945,40.79149833,1.0469049999969141e-07,0.001560037859857589
11189,-73.95597,40.79148,1.0469049999969141e-07,0.001560037859857589
11190,-73.95599333,40.79146333,1.0469049999969141e-07,0.001560037859857589
11191,-73.95602,40.79144833,1.0469049999969141e-07,0.001560037859857589
11192,-73.95616167,40.791375,1.0469049999969141e-07,0.001560037859857589
11193,-73.95618833,40.791355,1.0469049999969141e-07,0.001560037859857589
11194,-73.956215,40.79133167,1.0469049999969141e-07,0.001560037859857589
11195,-73.95626167,40.79128333,1.0469049999969141e-07,0.001560037859857589
11196,-73.95629,40.79126,1.0469049999969141e-07,0.001560037859857589
11197,-73.95631833,40.79123833,1.0469049999969141e-07,0.001560037859857589
11198,-73.95634667,40.79121667,1.0469049999969141e-07,0.001560037859857589
11199,-73.95639333,40.79116,1.0469049999969141e-07,0.001560037859857589
11200,-73.956415,40.79112667,1.0469049999969141e-07,0.001560037859857589
11201,-73.95643667,40.79109667,1.0469049999969141e-07,0.001560037859857589
11202,-73.95649667,40.79104167,1.0469049999969141e-07,0.001560037859857589
11203,-73.9566,40.790965,1.0469049999969141e-07,0.001560037859857589
11204,-73.95663167,40.790935,1.0469049999969141e-07,0.001560037859857589
11205,-73.95665833,40.79090167,1.0469049999969141e-07,0.001560037859857589
11206,-73.956685,40.79087333,1.0469049999969141e-07,0.001560037859857589
11207,-73.95671167,40.79084667,1.0469049999969141e-07,0.001560037859857589
11208,-73.95673833,40.79082,1.0469049999969141e-07,0.001560037859857589
11209,-73.95676333,40.79079167,1.2382249999873733e-07,0.0025738913088353328
11210,-73.95678667,40.79076333,1.2382249999873733e-07,0.0025738913088353328
11211,-73.95682667,40.790705,1.2382249999873733e-07,0.0025738913088353328
11212,-73.95685,40.79067833,1.2382249999873733e-07,0.0025738913088353328
11213,-73.956875,40.790655,1.2382249999873733e-07,0.0025738913088353328
11214,-73.95689333,40.79062667,1.2382249999873733e-07,0.0025738913088353328
11215,-73.95690833,40.79060167,1.2382249999873733e-07,0.0025738913088353328
11216,-73.95692167,40.79057667,1.2382249999873733e-07,0.0025738913088353328
11217,-73.956935,40.79055167,1.2382249999873733e-07,0.0025738913088353328
11218,-73.95694667,40.79052667,1.2382249999873733e-07,0.0025738913088353328
11219,-73.95695667,40.79050333,1.2382249999873733e-07,0.0025738913088353328
11220,-73.95697333,40.79048167,1.2382249999873733e-07,0.0025738913088353328
11221,-73.95700333,40.790435,1.2382249999873733e-07,0.0025738913088353328
11222,-73.95701667,40.79041333,1.2382249999873733e-07,0.0025738913088353328
11223,-73.95703833,40.79036,1.2382249999873733e-07,0.0025738913088353328
11224,-73.95705,40.79033333,1.2382249999873733e-07,0.0025738913088353328
11225,-73.95706333,40.79030833,1.2382249999873733e-07,0.0025738913088353328
11226,-73.95709333,40.79027,1.2382249999873733e-07,0.0025738913088353328
11227,-73.95711167,40.79025333,1.2382249999873733e-07,0.0025738913088353328
11228,-73.95712833,40.79023667,1.2382249999873733e-07,0.0025738913088353328
