Longitude,Latitude,polygon_area,polygon_perimeter,polygon_density
-1.2899583057967534,0.7123230893591589,7.619243212382207e-12,1.3972662449494209e-05,32.0
-1.2899586548626036,0.7123220130146092,7.619243212382207e-12,1.3972662449494209e-05,31.0
-1.289959149314381,0.7123208494035967,2.0104064316932894e-10,0.00011703483027046506,32.0
-1.2899596147936923,0.7123196276731204,2.0104064316932894e-10,0.00011703483027046506,32.0
-1.2899598765930802,0.7123185223561052,2.0104064316932894e-10,0.00011703483027046506,32.0
-1.2899602837783946,0.7123173297726271,2.0104064316932894e-10,0.00011703483027046506,32.0
-1.2899608365241686,0.712316166161615,3.602527453332781e-11,3.3311888692066985e-05,31.0
-1.2899613309759457,0.7123150025506025,3.602527453332781e-11,3.3311888692066985e-05,32.0
-1.2899617381612603,0.7123135773147355,3.602527453332781e-11,3.3311888692066985e-05,31.0
-1.2899620872271107,0.712312239170798,3.602527453332781e-11,3.3311888692066985e-05,30.0
-1.289962261760036,0.7123108137603978,3.602527453332781e-11,3.3311888692066985e-05,31.0
-1.2899627272393475,0.7123095339104574,3.602527453332781e-11,3.3311888692066985e-05,32.0
-1.2899633089575873,0.7123079049946665,2.217767124945041e-12,6.336339267315362e-06,33.0
-1.2899637163174345,0.712306624970193,2.217767124945041e-12,6.336339267315362e-06,33.0
-1.289964007089288,0.7123054032397167,2.217767124945041e-12,6.336339267315362e-06,32.0
-1.2899645017155978,0.7123043270696999,2.217767124945041e-12,6.336339267315362e-06,30.0
-1.2899646471015247,0.7123034544050739,2.217767124945041e-12,6.336339267315362e-06,30.0
-1.2899649670203766,0.7123027271263745,2.217767124945041e-12,6.336339267315362e-06,31.0
-1.289965228819764,0.7123020289946738,2.217767124945041e-12,6.336339267315362e-06,30.0
-1.289965548913149,0.712301388982437,2.217767124945041e-12,6.336339267315362e-06,29.0
-1.2899658688320008,0.7123004873453455,2.217767124945041e-12,6.336339267315362e-06,29.0
-1.2899661306313888,0.7122994691202599,2.217767124945041e-12,6.336339267315362e-06,29.0
-1.289966421577775,0.7122985383361697,2.217767124945041e-12,6.336339267315362e-06,27.0
-1.2899666833771628,0.7122975492580828,2.217767124945041e-12,6.336339267315362e-06,27.0
-1.2899669451765507,0.7122964147940689,2.217767124945041e-12,6.336339267315362e-06,27.0
-1.2899671778289397,0.712295222210591,3.7753521465751446e-11,3.7253744535657773e-05,27.0
-1.2899674977477917,0.7122940296271131,3.7753521465751446e-11,3.7253744535657773e-05,29.0
-1.2899677014277156,0.7122928951630993,3.7753521465751446e-11,3.7253744535657773e-05,29.0
-1.2899678468136422,0.7122919060850122,2.0615120961681468e-10,5.9357532034285505e-05,28.0
-1.2899683995594164,0.7122903352886855,2.0615120961681468e-10,5.9357532034285505e-05,27.0
-1.2899685740923417,0.7122898698093738,2.0615120961681468e-10,5.9357532034285505e-05,27.0
-1.2899688358917294,0.7122891427052074,2.0615120961681468e-10,5.9357532034285505e-05,27.0
-1.2899691268381157,0.7122883862795096,2.0615120961681468e-10,5.9357532034285505e-05,26.0
-1.2899695048764317,0.712287368228957,2.0615120961681468e-10,5.9357532034285505e-05,27.0
-1.289970668487444,0.7122839648369156,3.327427461601076e-11,3.509238825576464e-05,27.0
-1.2899711048197569,0.712283004905827,3.520158903226097e-12,8.892862886837341e-06,27.0
-1.289971599271534,0.7122820158277399,3.520158903226097e-12,8.892862886837341e-06,27.0
-1.2899722392837707,0.7122811723101125,3.520158903226097e-12,8.892862886837341e-06,27.0
-1.2899720066313813,0.7122798341661749,3.520158903226097e-12,8.892862886837341e-06,27.0
-1.289971337472146,0.7122793397143978,3.520158903226097e-12,8.892862886837341e-06,28.0
-1.2899683704124179,0.7122778561845337,2.7509085329407637e-11,2.8539162016492337e-05,29.0
-1.289967032443013,0.7122775071186833,2.7509085329407637e-11,2.8539162016492337e-05,29.0
-1.2899657234460742,0.7122771289058344,3.5885455139906787e-12,1.0343488894080819e-05,30.0
-1.2899644434216009,0.7122766344540573,3.5885455139906787e-12,1.0343488894080819e-05,30.0
-1.289963076305198,0.7122762562412084,3.5885455139906787e-12,1.0343488894080819e-05,30.0
-1.289962116374109,0.7122758490558938,3.5885455139906787e-12,1.0343488894080819e-05,30.0
-1.2899614182424084,0.7122754999900435,3.5885455139906787e-12,1.0343488894080819e-05,30.0
-1.289959818299083,0.7122746854448816,3.5885455139906787e-12,1.0343488894080819e-05,30.0
-1.2899592947003076,0.7122742201401031,3.5885455139906787e-12,1.0343488894080819e-05,30.0
-1.2899584220356815,0.7122739873131808,3.5885455139906787e-12,1.0343488894080819e-05,31.0
-1.2899574621045928,0.7122737546607915,3.5885455139906787e-12,1.0343488894080819e-05,31.0
-1.2899563567875776,0.7122734347419396,3.5885455139906787e-12,1.0343488894080819e-05,32.0
-1.28995501864364,0.7122730273820921,1.0092782353612114e-10,7.492935751624197e-05,34.0
-1.2899535642607745,0.7122726783162417,1.0092782353612114e-10,7.492935751624197e-05,34.0
-1.2899503935211223,0.7122718929180784,3.106031520918323e-12,8.444772481733842e-06,37.0
-1.28994879375233,0.7122715729992265,3.106031520918323e-12,8.444772481733842e-06,36.0
-1.289947310222466,0.7122712820528402,3.106031520918323e-12,8.444772481733842e-06,36.0
-1.2899461466114535,0.7122710785474494,3.106031520918323e-12,8.444772481733842e-06,37.0
-1.2899454776267512,0.7122710494004508,3.106031520918323e-12,8.444772481733842e-06,38.0
-1.2899411432760866,0.7122705549486738,3.106031520918323e-12,8.444772481733842e-06,37.0
-1.289939688893221,0.7122702348552891,3.106031520918323e-12,8.444772481733842e-06,37.0
-1.2899380889498957,0.712269914936437,3.106031520918323e-12,8.444772481733842e-06,36.0
-1.2899365181535691,0.7122695658705867,1.404444706250907e-10,7.746699085033787e-05,35.0
-1.2899348600907794,0.7122693040711989,1.404444706250907e-10,7.746699085033787e-05,36.0
-1.2899296532500222,0.7122684895260369,1.6190811864329448e-10,5.5267264808905094e-05,33.0
-1.289927588001918,0.7122672096760965,1.404444706250907e-10,7.746699085033787e-05,31.0
-1.2899274134689929,0.7122665988108583,1.404444706250907e-10,7.746699085033787e-05,29.0
-1.2899274424414586,0.712265871532159,1.404444706250907e-10,7.746699085033787e-05,28.0
-1.2899276752683808,0.7122649698950674,1.404444706250907e-10,7.746699085033787e-05,29.0
-1.289928606052471,0.7122626426730428,1.404444706250907e-10,7.746699085033787e-05,27.0
-1.2899290715317824,0.7122613919701006,1.404444706250907e-10,7.746699085033787e-05,26.0
-1.289929536836561,0.7122601702396245,1.404444706250907e-10,7.746699085033787e-05,25.0
-1.2899298859024113,0.7122591230420732,1.404444706250907e-10,7.746699085033787e-05,25.0
-1.2899300895823351,0.7122583666163753,1.404444706250907e-10,7.746699085033787e-05,27.0
-1.2899311948993504,0.712254963224334,1.404444706250907e-10,7.746699085033787e-05,26.0
-1.2899316312316633,0.7122538287603203,1.404444706250907e-10,7.746699085033787e-05,26.0
-1.2899320094445124,0.7122525780573783,1.404444706250907e-10,7.746699085033787e-05,27.0
-1.2899323585103628,0.7122512399134407,1.30901111483384e-10,6.629605542532849e-05,27.0
-1.2899327367232114,0.7122498727970377,1.30901111483384e-10,6.629605542532849e-05,27.0
-1.2899331730555246,0.7122483601201749,1.30901111483384e-10,6.629605542532849e-05,25.0
-1.2899336966543,0.7122467893238481,1.30901111483384e-10,6.629605542532849e-05,24.0
-1.2899341911060773,0.712245189380523,1.30901111483384e-10,6.629605542532849e-05,22.0
-1.289934772824317,0.7122435604647319,1.30901111483384e-10,6.629605542532849e-05,18.0
-1.289935441983552,0.7122419315489411,1.30901111483384e-10,6.629605542532849e-05,18.0
-1.289936081821256,0.7122402443391531,1.30901111483384e-10,6.629605542532849e-05,18.0
-1.2899366926864944,0.7122385281568997,1.30901111483384e-10,6.629605542532849e-05,17.0
-1.2899380889498957,0.7122351247648584,1.160219213042278e-10,4.357883845157725e-05,17.0
-1.2899384090432806,0.7122335539685316,1.160219213042278e-10,4.357883845157725e-05,17.0
-1.289938758109131,0.7122319540252061,1.160219213042278e-10,4.357883845157725e-05,17.0
-1.2899394562408317,0.7122302668154183,1.160219213042278e-10,4.357883845157725e-05,16.0
-1.2899402124919968,0.7122285797801633,1.160219213042278e-10,4.357883845157725e-05,17.0
-1.2899409687431613,0.7122269217173739,1.0981457983123188e-11,1.3933893550369196e-05,16.0
-1.2899416668748622,0.712225234507586,1.0981457983123188e-11,1.3933893550369196e-05,16.0
-1.2899422196206365,0.7122237218307234,1.0981457983123188e-11,1.3933893550369196e-05,16.0
-1.2899426559529494,0.7122222383008591,1.0981457983123188e-11,1.3933893550369196e-05,15.0
-1.2899431504047263,0.7122206675045323,1.0981457983123188e-11,1.3933893550369196e-05,15.0
-1.2899442848687404,0.7122173513789535,1.0981457983123188e-11,1.3933893550369196e-05,14.0
-1.289944866761513,0.7122157224631626,1.0981457983123188e-11,1.3933893550369196e-05,14.0
-1.2899454193327542,0.712214268080297,7.741242489816538e-12,1.2658826830416745e-05,14.0
-1.2899458848120657,0.7122129590833579,7.741242489816538e-12,1.2658826830416745e-05,14.0
-1.2899463211443787,0.7122119700052708,7.741242489816538e-12,1.2658826830416745e-05,12.0
-1.289946612090765,0.712211213754106,7.741242489816538e-12,1.2658826830416745e-05,12.0
-1.2899471938090046,0.7122101082625576,7.741242489816538e-12,1.2658826830416745e-05,12.0
-1.28994829912602,0.7122085084937654,7.741242489816538e-12,1.2658826830416745e-05,11.0
-1.2899489972577207,0.7122074902686797,7.741242489816538e-12,1.2658826830416745e-05,10.0
-1.28994972453642,0.7122065594845896,0.0,0.0,11.0
-1.2899503935211223,0.7122058322058903,0.0,0.0,11.0
-1.289951091652823,0.7122051051017241,0.0,0.0,11.0
-1.289951906197985,0.7122044942364858,0.0,0.0,11.0
-1.2899528080096097,0.7122039996101758,0.0,0.0,10.0
-1.2899536223802384,0.7122035924248613,0.0,0.0,10.0
-1.2899542915394737,0.7122033887449376,0.0,0.0,11.0
-1.2899547568442524,0.7122033014784749,0.0,0.0,11.0
-1.2899582766497548,0.7122028361736963,0.0,0.0,12.0
-1.2899593238473062,0.7122022834279222,0.0,0.0,13.0
-1.2899606619912436,0.7122016725626842,0.0,0.0,13.0
-1.2899637163174345,0.712200741778594,0.0,0.0,14.0
-1.2899649380479108,0.7122002471522839,0.0,0.0,14.0
-1.2899657815655383,0.7121996945810428,0.0,0.0,14.0
-1.2899666833771628,0.7121992872211954,0.0,0.0,14.0
-1.2899676141612528,0.7121988800358809,0.0,0.0,14.0
-1.2899686613588042,0.712198560117029,0.0,0.0,14.0
-1.2899706103679798,0.7121975129194779,0.0,0.0,14.0
-1.2899712502056835,0.7121973673590183,0.0,0.0,13.0
-1.2899719193649188,0.7121972219730914,0.0,0.0,13.0
-1.2899725592026228,0.7121970765871648,0.0,0.0,13.0
-1.2899729374154716,0.7121946620986777,0.0,0.0,11.0
-1.2899712502056835,0.7121940222609738,0.0,0.0,12.0
-1.2899692141045784,0.7121925387311095,0.0,0.0,11.0
-1.2899665669637017,0.7121912587066361,2.349526343492851e-10,7.075186923888881e-05,12.0
-1.2899625235594236,0.7121884080603689,2.349526343492851e-10,7.075186923888881e-05,8.0
-1.2899608073771702,0.7121870699164314,1.6295813489037902e-10,7.972370351091479e-05,8.0
-1.2899590911949168,0.7121857319470268,1.6295813489037902e-10,7.972370351091479e-05,7.0
-1.2899574621045928,0.7121845102165504,1.6295813489037902e-10,7.972370351091479e-05,7.0
-1.2899558623358005,0.7121833174585397,1.6295813489037902e-10,7.972370351091479e-05,7.0
-1.2899545823113272,0.7121821540220602,1.6295813489037902e-10,7.972370351091479e-05,5.0
-1.2899535061413103,0.7121813975963625,1.6295813489037902e-10,7.972370351091479e-05,5.0
-1.2899524589437592,0.7121808158781227,1.6295813489037902e-10,7.972370351091479e-05,3.0
-1.2899501900157315,0.7121797105611075,1.6295813489037902e-10,7.972370351091479e-05,3.0
-1.2899490845241834,0.712179186962332,1.6295813489037902e-10,7.972370351091479e-05,3.0
-1.2899480664736307,0.7121787506300189,1.6295813489037902e-10,7.972370351091479e-05,3.0
-1.2899471356895407,0.71217837241717,1.6295813489037902e-10,7.972370351091479e-05,3.0
-1.2899462047309176,0.7121780524983181,1.6295813489037902e-10,7.972370351091479e-05,3.0
-1.2899453320662917,0.7121777615519318,1.6295813489037902e-10,7.972370351091479e-05,3.0
-1.2899444594016656,0.7121775288995424,1.6295813489037902e-10,7.972370351091479e-05,3.0
-1.2899434413511128,0.7121770634202309,1.6295813489037902e-10,7.972370351091479e-05,3.0
-1.289942132354174,0.712175259971515,1.6295813489037902e-10,7.972370351091479e-05,3.0
-1.2899400379590715,0.7121738345611147,0.0,0.0,3.0
-1.2899388162285952,0.7121728454830277,0.0,0.0,3.0
-1.2899374491121918,0.7121721764983254,0.0,0.0,3.0
-1.2899360237017918,0.712171332980698,0.0,0.0,3.0
-1.2899335221213748,0.712169703890374,0.0,0.0,3.0
-1.289932329363364,0.7121689476392092,0.0,0.0,3.0
-1.2899310495134237,0.7121682495075083,0.0,0.0,3.0
-1.289929478717097,0.7121677840281969,0.0,0.0,5.0
-1.2899283734000817,0.7121672023099573,0.0,0.0,6.0
-1.289926802603755,0.7121665041782564,0.0,0.0,5.0
-1.289924300848805,0.7121658351935541,0.0,0.0,5.0
-1.2899236318641027,0.7121665333252549,0.0,0.0,5.0
-1.2899228464659391,0.7121672604294212,0.0,0.0,5.0
-1.289922061067776,0.7121680458275848,0.0,0.0,5.0
-1.289921246522614,0.7121688895197451,0.0,0.0,5.0
-1.2899202284720614,0.7121698494508337,0.0,0.0,5.0
-1.2899192685409726,0.7121707802349238,0.0,0.0,5.0
-1.2899183086098842,0.7121715947800856,0.0,0.0,6.0
-1.2899174940647222,0.7121723218842521,0.0,0.0,6.0
-1.2899167086665586,0.7121728746300262,0.0,0.0,6.0
-1.2899159815623924,0.7121731072824156,0.0,0.0,6.0
-1.2899152542836931,0.7121730491629514,0.0,0.0,6.0
-1.2899144980325283,0.7121726709501025,0.0,0.0,6.0
-1.2899136253679022,0.7121720600848642,0.0,0.0,5.0
-1.2899127527032763,0.712171332980698,0.0,0.0,6.0
-1.289911589092264,0.7121705475825345,0.0,0.0,5.0
-1.2899102800953248,0.7121697911568368,0.0,0.0,6.0
-1.2899087965654608,0.7121689476392092,0.0,0.0,6.0
-1.2899072549161323,0.7121680458275848,0.0,0.0,6.0
-1.2899040841764804,0.7121662423788686,0.0,0.0,7.0
-1.2899025133801534,0.7121653697142427,0.0,0.0,7.0
-1.289898382709413,0.7121631589056792,0.0,0.0,7.0
-1.2898974810723214,0.7121626644539021,0.0,0.0,7.0
-1.2898965792606967,0.7121622572685875,2.8036987318994613e-12,6.964857731813555e-06,7.0
-1.2898965211412328,0.7121619663222012,2.8036987318994613e-12,6.964857731813555e-06,7.0
-1.2898961429283837,0.7121610645105767,2.8036987318994613e-12,6.964857731813555e-06,7.0
-1.2898965501136983,0.7121603955258744,2.8036987318994613e-12,6.964857731813555e-06,7.0
-1.289897248245399,0.7121595809807124,5.3824984223180576e-11,3.3965990560755976e-05,7.0
-1.2898981792040223,0.712158679343621,5.3824984223180576e-11,3.3965990560755976e-05,7.0
-1.2898991391351107,0.7121577483849979,5.3824984223180576e-11,3.3965990560755976e-05,7.0
-1.2899000990661993,0.7121567884539093,5.3824984223180576e-11,3.3965990560755976e-05,7.0
-1.2899010007032907,0.7121559157892833,5.3824984223180576e-11,3.3965990560755976e-05,7.0
-1.2899017571289888,0.7121551303911199,5.3824984223180576e-11,3.3965990560755976e-05,7.0
-1.2899024552606895,0.7121544322594191,5.3824984223180576e-11,3.3965990560755976e-05,7.0
-1.2899030369789293,0.712153821394181,5.3824984223180576e-11,3.3965990560755976e-05,8.0
-1.2899034441642436,0.712153385061868,5.3824984223180576e-11,3.3965990560755976e-05,8.0
-1.2899042587094056,0.7121522216253886,5.3824984223180576e-11,3.3965990560755976e-05,7.0
-1.2899046658947202,0.7121515816131518,5.3824984223180576e-11,3.3965990560755976e-05,8.0
-1.2899060040386576,0.7121501272302861,5.3824984223180576e-11,3.3965990560755976e-05,8.0
-1.2899075167155203,0.7121487309668846,1.898040681044014e-11,3.651294352877154e-05,10.0
-1.289909087511847,0.7121473055564845,1.898040681044014e-11,3.651294352877154e-05,10.0
-1.2899105127477142,0.712146025706544,1.898040681044014e-11,3.651294352877154e-05,11.0
-1.2899118217446532,0.7121448620955317,1.898040681044014e-11,3.651294352877154e-05,11.0
-1.2899144107660658,0.7121422732486522,1.2345976484361183e-10,5.94492654978442e-05,10.0
-1.289915690616006,0.7121409932241788,1.2345976484361183e-10,5.94492654978442e-05,10.0
-1.2899169996129451,0.7121397133742382,1.2345976484361183e-10,5.94492654978442e-05,12.0
-1.2899182794628854,0.7121384624967634,1.2345976484361183e-10,5.94492654978442e-05,12.0
-1.2899195884598247,0.7121371534998243,1.2345976484361183e-10,5.94492654978442e-05,12.0
-1.2899208393372996,0.7121358445028855,1.2345976484361183e-10,5.94492654978442e-05,14.0
-1.2899220902147746,0.7121346227724091,1.2345976484361183e-10,5.94492654978442e-05,14.0
-1.289923050145863,0.7121336338688548,1.2345976484361183e-10,5.94492654978442e-05,14.0
-1.2899236318641027,0.712132993856618,1.2345976484361183e-10,5.94492654978442e-05,14.0
-1.2899240681964157,0.7121325866713036,1.368767914083755e-11,1.495845255767578e-05,14.0
-1.28992555172628,0.7121325866713036,1.368767914083755e-11,1.495845255767578e-05,15.0
-1.28992648251037,0.7121330230036166,1.368767914083755e-11,1.495845255767578e-05,14.0
-1.2899275297079211,0.7121336338688548,1.368767914083755e-11,1.495845255767578e-05,14.0
-1.2899286933189336,0.7121344192670183,1.368767914083755e-11,1.495845255767578e-05,14.0
-1.2899300604353365,0.7121352336376472,1.368767914083755e-11,1.495845255767578e-05,14.0
-1.2899316312316633,0.7121361354492717,1.368767914083755e-11,1.495845255767578e-05,15.0
-1.2899332892944526,0.7121370372608963,0.0,0.0,15.0
-1.289935005651239,0.7121380261644503,0.0,0.0,14.0
-1.289938496309743,0.7121399751736261,0.0,0.0,13.0
-1.2899401543725326,0.7121409059577163,0.0,0.0,13.0
-1.2899414923419372,0.7121416913558796,0.0,0.0,13.0
-1.2899430050187997,0.7121424767540431,0.0,0.0,10.0
-1.2899444304291998,0.712143407712666,0.0,0.0,9.0
-1.2899449540279757,0.7121437276315179,0.0,0.0,10.0
-1.2899456521596764,0.7121440766973682,0.0,0.0,9.0
-1.2899465248243025,0.7121444838826828,0.0,0.0,8.0
-1.2899485028059436,0.712145647493695,0.0,0.0,7.0
-1.289949608122959,0.7121463456253958,0.0,0.0,7.0
-1.2899508008809697,0.7121471310235593,0.0,0.0,6.0
-1.2899521971443713,0.7121479455687213,0.0,0.0,6.0
-1.2899536806742355,0.7121487890863487,0.0,0.0,5.0
-1.2899551642040998,0.7121496617509747,0.0,0.0,5.0
-1.2899567350004266,0.7121505344156007,0.0,0.0,4.0
-1.2899583639162173,0.7121514362272252,0.0,0.0,3.0
-1.2899600219790068,0.7121523088918512,0.0,0.0,3.0
-1.2899616800417963,0.7121532688229397,0.0,0.0,3.0
-1.2899633381045854,0.7121542577264939,0.0,0.0,3.0
-1.2899650253143735,0.7121552468045809,0.0,0.0,3.0
-1.2899666542301644,0.7121562648551337,0.0,0.0,3.0
-1.289968544945343,0.7121570502532971,0.0,0.0,4.0
-1.2899704066880562,0.7121578939454575,0.0,0.0,4.0
-1.2899721811643066,0.7121587083160866,0.0,0.0,5.0
-1.2899739846130227,0.7121594937142499,0.0,0.0,5.0
-1.289975759089273,0.7121602209929492,0.0,0.0,5.0
-1.2899775333909906,0.7121609482716486,0.0,0.0,5.0
-1.2899792497477773,0.7121616753758149,0.0,0.0,4.0
-1.2899809659300308,0.7121624607739782,0.0,0.0,6.0
-1.2899827404062811,0.7121631880526776,0.0,0.0,6.0
-1.2899844857355331,0.7121639734508409,0.0,0.0,7.0
-1.2899862891842493,0.712164729702006,0.0,0.0,7.0
-1.2899880345135013,0.7121654861277037,0.0,0.0,8.0
-1.2899910596926938,0.7121670858964961,2.1245541943771205e-12,6.072713617071329e-06,10.0
-1.2899925142500923,0.7121678131751954,2.1245541943771205e-12,6.072713617071329e-06,10.0
-1.289993968632958,0.7121684240404337,2.1245541943771205e-12,6.072713617071329e-06,11.0
-1.2899953067768957,0.7121688895197451,2.1245541943771205e-12,6.072713617071329e-06,11.0
-1.2899963248274482,0.7121692967050597,2.1245541943771205e-12,6.072713617071329e-06,11.0
-1.289997022959149,0.7121695876514459,2.1245541943771205e-12,6.072713617071329e-06,11.0
-1.2899974011719981,0.7121697621843711,2.1245541943771205e-12,6.072713617071329e-06,11.0
-1.2900001354048043,0.7121706057019985,2.1245541943771205e-12,6.072713617071329e-06,12.0
-1.2900008626835033,0.7121708675013865,2.1245541943771205e-12,6.072713617071329e-06,13.0
-1.2900022880939035,0.7121714492196259,2.1245541943771205e-12,6.072713617071329e-06,13.0
-1.2900029862256042,0.7121717110190139,2.1245541943771205e-12,6.072713617071329e-06,14.0
-1.2900048477937844,0.7121725255641758,2.1245541943771205e-12,6.072713617071329e-06,13.0
-1.2900056042194823,0.7121728454830277,2.1245541943771205e-12,6.072713617071329e-06,13.0
-1.290006302351183,0.7121731364294139,2.1245541943771205e-12,6.072713617071329e-06,14.0
-1.2900070294553496,0.7121734563482658,2.1245541943771205e-12,6.072713617071329e-06,14.0
-1.290007814853513,0.7121738054141163,2.1245541943771205e-12,6.072713617071329e-06,15.0
-1.2900085421322123,0.7121740672135041,2.1245541943771205e-12,6.072713617071329e-06,15.0
-1.2900090365839894,0.7121741255075011,2.1245541943771205e-12,6.072713617071329e-06,15.0
-1.290010258314466,0.7121746199592782,2.1245541943771205e-12,6.072713617071329e-06,17.0
-1.2900111309790916,0.71217493987813,5.974461454053391e-11,4.207577426217772e-05,18.0
-1.2900125563894917,0.7121754053574416,5.974461454053391e-11,4.207577426217772e-05,18.0
-1.2900141563328171,0.7121763361415318,5.974461454053391e-11,4.207577426217772e-05,19.0
-1.290015668835147,0.7121769761537684,5.974461454053391e-11,4.207577426217772e-05,20.0
-1.2900172687784721,0.7121778488183944,5.974461454053391e-11,4.207577426217772e-05,20.0
-1.2900187523083362,0.7121785760970937,3.291117065139466e-11,2.6325966273275562e-05,20.0
-1.2900202939576648,0.7121792450817959,3.291117065139466e-11,2.6325966273275562e-05,20.0
-1.2900218939009898,0.7121800013329609,3.291117065139466e-11,2.6325966273275562e-05,20.0
-1.2900236100832434,0.7121807867311243,3.291117065139466e-11,2.6325966273275562e-05,21.0
-1.2900254426789581,0.7121817176897471,3.291117065139466e-11,2.6325966273275562e-05,23.0
-1.2900273044216712,0.7121825612073748,3.291117065139466e-11,2.6325966273275562e-05,23.0
-1.2900291661643841,0.7121833174585397,3.291117065139466e-11,2.6325966273275562e-05,23.0
-1.2900308242271736,0.7121840738842373,3.291117065139466e-11,2.6325966273275562e-05,24.0
-1.2900343148856774,0.7121855574141016,8.895407430947149e-11,4.7060444213904416e-05,26.0
-1.2900361183343938,0.7121864009317292,8.895407430947149e-11,4.7060444213904416e-05,28.0
-1.290039783525823,0.7121879717280559,1.2521557965066014e-10,6.265590719011975e-05,28.0
-1.2900415580020734,0.7121886990067553,5.640463684432407e-11,3.4887990475863626e-05,29.0
-1.2900431869178641,0.7121893679914575,5.640463684432407e-11,3.4887990475863626e-05,29.0
-1.2900446123282643,0.7121899788566958,5.640463684432407e-11,3.4887990475863626e-05,29.0
-1.2900457176452798,0.7121904443360072,5.640463684432407e-11,3.4887990475863626e-05,28.0
-1.2900463576575165,0.7121907642548593,5.640463684432407e-11,3.4887990475863626e-05,28.0
-1.2900467356958325,0.7121909387877843,5.640463684432407e-11,3.4887990475863626e-05,28.0
-1.2900491210373213,0.7121916950389492,5.640463684432407e-11,3.4887990475863626e-05,30.0
-1.2900500228489455,0.712191520506024,5.640463684432407e-11,3.4887990475863626e-05,31.0
-1.2900504300342601,0.7121913751200973,5.640463684432407e-11,3.4887990475863626e-05,30.0
-1.2900513899653487,0.7121907351078606,1.1694110436988223e-11,1.4528043137817483e-05,28.0
-1.2900518554446603,0.7121899497096973,1.1694110436988223e-11,1.4528043137817483e-05,28.0
-1.2900524952823638,0.7121890480726056,1.1694110436988223e-11,1.4528043137817483e-05,28.0
-1.2900531644415991,0.7121880008750543,1.1694110436988223e-11,1.4528043137817483e-05,28.0
-1.2900539498397625,0.7121868664110407,1.1694110436988223e-11,1.4528043137817483e-05,27.0
-1.2900548225043886,0.7121857319470268,1.1694110436988223e-11,1.4528043137817483e-05,27.0
-1.2900556079025518,0.7121846264554788,1.1694110436988223e-11,1.4528043137817483e-05,26.0
-1.2900563060342527,0.71218366652439,1.1694110436988223e-11,1.4528043137817483e-05,25.0
-1.2900567423665659,0.7121829102732252,1.1694110436988223e-11,1.4528043137817483e-05,25.0
-1.29005822589643,0.7121812813574342,1.1694110436988223e-11,1.4528043137817483e-05,25.0
-1.2900588076146695,0.7121805540787349,1.1694110436988223e-11,1.4528043137817483e-05,23.0
-1.2900596221598315,0.7121796522671104,1.1694110436988223e-11,1.4528043137817483e-05,23.0
-1.2900605237969232,0.7121785469500952,1.1694110436988223e-11,1.4528043137817483e-05,21.0
-1.2900614547555462,0.7121773252196187,1.1694110436988223e-11,1.4528043137817483e-05,19.0
-1.2900625309255631,0.7121758416897546,1.1694110436988223e-11,1.4528043137817483e-05,17.0
-1.2900638109500364,0.7121742417464292,2.0554212709256405e-11,2.427115334674133e-05,16.0
-1.290065061652978,0.7121726709501025,2.2739995003859422e-11,2.6925077987973657e-05,15.0
-1.2900662252639907,0.7121711584477726,2.2739995003859422e-11,2.6925077987973657e-05,14.0
-1.2900698904554198,0.7121664460587922,2.2739995003859422e-11,2.6925077987973657e-05,13.0
-1.2900710249194338,0.7121650206483922,2.2739995003859422e-11,2.6925077987973657e-05,12.0
-1.2900722175029116,0.712163595237992,2.410056870923535e-11,2.6525418343672215e-05,12.0
-1.2900734102609221,0.7121623153880515,2.410056870923535e-11,2.6525418343672215e-05,12.0
-1.290074311898014,0.7121611809240378,2.410056870923535e-11,2.6525418343672215e-05,11.0
-1.290075010029715,0.712160424672873,2.410056870923535e-11,2.6525418343672215e-05,11.0
-1.2900754755090262,0.7121600173130255,2.410056870923535e-11,2.6525418343672215e-05,11.0
-1.2900760282548003,0.7121598138076346,2.410056870923535e-11,2.6525418343672215e-05,11.0
-1.290077918969979,0.7121600756070225,2.410056870923535e-11,2.6525418343672215e-05,10.0
-1.2900793443803793,0.712160540911801,2.410056870923535e-11,2.6525418343672215e-05,11.0
-1.2900810314156341,0.7121611809240378,2.410056870923535e-11,2.6525418343672215e-05,11.0
-1.2900828640113489,0.7121619954691997,2.410056870923535e-11,2.6525418343672215e-05,12.0
-1.2900847549010603,0.7121627517203646,2.410056870923535e-11,2.6525418343672215e-05,12.0
-1.2900867328827015,0.712163595237992,2.410056870923535e-11,2.6525418343672215e-05,12.0
-1.2900887981308056,0.7121644389301526,2.410056870923535e-11,2.6525418343672215e-05,11.0
-1.2900955759424226,0.7121671731629586,0.0,0.0,11.0
-1.2900979029899142,0.7121680458275848,2.5663560690896815e-11,2.550615222159699e-05,13.0
-1.290100171917942,0.7121689184922108,2.5663560690896815e-11,2.550615222159699e-05,13.0
-1.2901023827265052,0.7121697911568368,2.5306396763452855e-11,2.545558196306412e-05,14.0
-1.2901045352410718,0.7121706348489971,2.5306396763452855e-11,2.545558196306412e-05,13.0
-1.2901066296361743,0.7121714783666246,2.5306396763452855e-11,2.545558196306412e-05,13.0
-1.290108520351353,0.7121722637647879,2.5306396763452855e-11,2.545558196306412e-05,12.0
-1.2901102367081392,0.7121729910434873,2.3794732819612243e-11,2.744354395011953e-05,12.0
-1.2901117492104692,0.7121736019087255,2.3794732819612243e-11,2.744354395011953e-05,12.0
-1.2901130582074083,0.7121740672135041,2.3794732819612243e-11,2.744354395011953e-05,12.0
-1.2901140764324937,0.712174445426353,2.3794732819612243e-11,2.744354395011953e-05,12.0
-1.2901147454171962,0.7121747072257408,2.3794732819612243e-11,2.744354395011953e-05,13.0
-1.2901154726958954,0.71217543450444,2.3794732819612243e-11,2.744354395011953e-05,14.0
-1.290116258094059,0.7121757835702905,2.3794732819612243e-11,2.744354395011953e-05,15.0
-1.2901170724646878,0.7121761907556049,2.3794732819612243e-11,2.744354395011953e-05,15.0
-1.2901179451293139,0.7121765979409195,2.3794732819612243e-11,2.744354395011953e-05,15.0
-1.2901188760879367,0.7121770053007669,2.3794732819612243e-11,2.744354395011953e-05,15.0
-1.290119923285488,0.7121773543666173,2.3794732819612243e-11,2.744354395011953e-05,15.0
-1.2901209994555047,0.7121777034324677,2.3794732819612243e-11,2.744354395011953e-05,15.0
-1.2901220758000542,0.712177994204321,2.3794732819612243e-11,2.744354395011953e-05,14.0
-1.2901231521446042,0.7121782270312432,2.3794732819612243e-11,2.744354395011953e-05,13.0
-1.2901252465397066,0.7121782270312432,2.3794732819612243e-11,2.744354395011953e-05,13.0
-1.2901259155244087,0.7121780524983181,2.3794732819612243e-11,2.744354395011953e-05,13.0
-1.2901264099761858,0.7121776742854692,2.3794732819612243e-11,2.744354395011953e-05,13.0
-1.2901268173360332,0.7121772379531562,2.3794732819612243e-11,2.744354395011953e-05,13.0
-1.2901271372548853,0.7121768307678417,2.3794732819612243e-11,2.744354395011953e-05,13.0
-1.2901274282012716,0.7121761907556049,2.3794732819612243e-11,2.744354395011953e-05,13.0
-1.2901274571737373,0.7121759581032155,3.34188155819241e-11,2.7839716870707885e-05,12.0
-1.2901276027341968,0.7121754926239043,3.34188155819241e-11,2.7839716870707885e-05,12.0
-1.2901279518000472,0.7121743581598905,3.34188155819241e-11,2.7839716870707885e-05,11.0
-1.2901282425719007,0.7121733982288018,3.34188155819241e-11,2.7839716870707885e-05,11.0
-1.2901292316499877,0.7121707510879252,3.34188155819241e-11,2.7839716870707885e-05,11.0
-1.2901301624340777,0.7121695585044474,3.34188155819241e-11,2.7839716870707885e-05,12.0
-1.2901343512242827,0.7121705475825345,3.34188155819241e-11,2.7839716870707885e-05,12.0
-1.290134874823058,0.7121699656897619,3.34188155819241e-11,2.7839716870707885e-05,12.0
-1.290135078502982,0.7121691802915985,3.34188155819241e-11,2.7839716870707885e-05,12.0
-1.2901361257005328,0.7121671150434946,3.34188155819241e-11,2.7839716870707885e-05,12.0
-1.2901367074187726,0.7121659514324822,3.34188155819241e-11,2.7839716870707885e-05,12.0
-1.2901375219639346,0.7121646424355432,3.34188155819241e-11,2.7839716870707885e-05,11.0
-1.2901378418827865,0.712164293369693,3.34188155819241e-11,2.7839716870707885e-05,11.0
-1.2901393837066477,0.7121626936009005,2.7523859272881434e-11,2.7835997381708883e-05,11.0
-1.2901400818383486,0.7121618790557387,2.7523859272881434e-11,2.7835997381708883e-05,10.0
-1.2901408380895134,0.7121610063911127,2.7523859272881434e-11,2.7835997381708883e-05,10.0
-1.2901414198077532,0.7121601918459507,2.7523859272881434e-11,2.7835997381708883e-05,10.0
-1.2901420017005258,0.7121594937142499,5.723152082712161e-12,1.1415468715995278e-05,10.0
-1.2901426998322267,0.7121589411430087,5.723152082712161e-12,1.1415468715995278e-05,10.0
-1.2901433979639274,0.7121586210496239,5.723152082712161e-12,1.1415468715995278e-05,10.0
-1.290146393996121,0.7121592319148622,5.723152082712161e-12,1.1415468715995278e-05,11.0
-1.2901477029930604,0.7121597265411722,5.723152082712161e-12,1.1415468715995278e-05,11.0
-1.2901492448169214,0.7121602209929492,5.723152082712161e-12,1.1415468715995278e-05,12.0
-1.2901527354754256,0.7121615881093523,5.723152082712161e-12,1.1415468715995278e-05,13.0
-1.2901565460527813,0.7121632461721417,2.480898698126486e-10,9.222643465539534e-05,15.0
-1.2901585531814213,0.7121640315703051,2.480898698126486e-10,9.222643465539534e-05,15.0
-1.2901624220527739,0.7121655442471677,1.1575766569305217e-11,1.5248101282154266e-05,16.0
-1.290164167382026,0.7121663587923297,1.1575766569305217e-11,1.5248101282154266e-05,16.0
-1.2901657381783527,0.7121670569240305,1.1575766569305217e-11,1.5248101282154266e-05,16.0
-1.2901671344417542,0.7121676677892685,1.1575766569305217e-11,1.5248101282154266e-05,17.0
-1.290170479539799,0.7121689767862076,1.1575766569305217e-11,1.5248101282154266e-05,19.0
-1.2901713232319592,0.7121693258520582,1.1575766569305217e-11,1.5248101282154266e-05,17.0
-1.2901724866684388,0.7121698494508337,1.1575766569305217e-11,1.5248101282154266e-05,17.0
-1.290173766692912,0.7121704603160719,1.1575766569305217e-11,1.5248101282154266e-05,17.0
-1.290175191928779,0.7121710711813102,7.13392673916158e-11,5.057192907893135e-05,18.0
-1.2901767918721043,0.712171769313011,7.13392673916158e-11,5.057192907893135e-05,18.0
-1.2901784790818924,0.7121725255641758,7.13392673916158e-11,5.057192907893135e-05,18.0
-1.290182057006859,0.7121740382410384,5.568558742312026e-12,1.1048631913267969e-05,19.0
-1.290183860455575,0.7121747944922033,5.568558742312026e-12,1.1048631913267969e-05,19.0
-1.2901856930512896,0.7121755798903666,5.568558742312026e-12,1.1048631913267969e-05,19.0
-1.2901875256470043,0.7121763361415318,1.5756336038082882e-11,1.643068433391369e-05,19.0
-1.2901893873897174,0.712177121539695,1.5756336038082882e-11,1.643068433391369e-05,19.0
-1.290191278104896,0.7121779069378585,1.5756336038082882e-11,1.643068433391369e-05,19.0
-1.2901932560865372,0.7121787214830203,1.5756336038082882e-11,1.643068433391369e-05,18.0
-1.2901972703438167,0.7121803503988112,4.138836882216863e-12,8.765128418793304e-06,17.0
-1.2901992484999911,0.7121810776775105,4.138836882216863e-12,8.765128418793304e-06,16.0
-1.2902011392151698,0.7121818049562099,4.138836882216863e-12,8.765128418793304e-06,16.0
-1.2902029136914204,0.7121825612073748,4.138836882216863e-12,8.765128418793304e-06,15.0
-1.2902064624693883,0.7121842484171625,4.138836882216863e-12,8.765128418793304e-06,16.0
-1.2902083242121014,0.7121851210817887,4.138836882216863e-12,8.765128418793304e-06,14.0
-1.2902102440742786,0.7121859064799522,3.158442470968309e-10,0.00014684734849177474,13.0
-1.2902121347894573,0.7121867499975796,3.158442470968309e-10,0.00014684734849177474,14.0
-1.290215829127885,0.7121884080603689,3.158442470968309e-10,0.00014684734849177474,13.0
-1.2902177198430638,0.7121892226055309,3.158442470968309e-10,0.00014684734849177474,14.0
-1.2902195815857769,0.7121899788566958,3.158442470968309e-10,0.00014684734849177474,14.0
-1.290221443153957,0.7121907642548593,3.158442470968309e-10,0.00014684734849177474,12.0
-1.2902232757496717,0.7121915496530226,3.158442470968309e-10,0.00014684734849177474,13.0
-1.2902251956118487,0.7121923641981843,3.158442470968309e-10,0.00014684734849177474,13.0
-1.290227057354562,0.7121931495963478,0.0,0.0,12.0
-1.2902286862703527,0.7121938477280486,0.0,0.0,11.0
-1.290230053561289,0.7121944002992898,0.0,0.0,12.0
-1.2902311588783042,0.7121948366316029,0.0,0.0,11.0
-1.2902319734234657,0.7121951275779891,0.0,0.0,10.0
-1.2902325842887044,0.712195389377377,0.0,0.0,11.0
-1.2902330787404812,0.7121955930573007,0.0,0.0,11.0
-1.2902334859257958,0.7121957965626914,1.4189536340409224e-11,1.5796921088149294e-05,11.0
-1.290235842120286,0.7121964365749281,1.4189536340409224e-11,1.5796921088149294e-05,10.0
-1.2902382566087731,0.7121971638536274,1.4189536340409224e-11,1.5796921088149294e-05,10.0
-1.290238954740474,0.7121980365182534,1.4189536340409224e-11,1.5796921088149294e-05,10.0
-1.2902401181769532,0.7121985018230319,1.4189536340409224e-11,1.5796921088149294e-05,8.0
-1.2902409327221152,0.7121989091828793,1.4189536340409224e-11,1.5796921088149294e-05,8.0
-1.2902483212244378,0.712201498029759,1.4189536340409224e-11,1.5796921088149294e-05,11.0
-1.290248990383673,0.7122017306821482,1.4189536340409224e-11,1.5796921088149294e-05,10.0
-1.29025041561954,0.7122022253084582,1.4189536340409224e-11,1.5796921088149294e-05,9.0
-1.2902510847787754,0.7122023998413834,1.4189536340409224e-11,1.5796921088149294e-05,9.0
-1.2902517246164793,0.7122026033467743,1.4189536340409224e-11,1.5796921088149294e-05,9.0
-1.2902523065092515,0.7122027778796993,1.4189536340409224e-11,1.5796921088149294e-05,9.0
-1.2902527718140302,0.712202981559623,1.4189536340409224e-11,1.5796921088149294e-05,9.0
-1.2902532372933417,0.712203243359011,1.4189536340409224e-11,1.5796921088149294e-05,8.0
-1.2902537608921174,0.7122034178919361,1.4189536340409224e-11,1.5796921088149294e-05,8.0
-1.2902543136378917,0.712203679691324,2.7602618107421207e-10,0.00011108615302794542,8.0
-1.290255477074371,0.7122041451706353,2.7602618107421207e-10,0.00011108615302794542,9.0
-1.2902561170866078,0.7122043197035607,2.7602618107421207e-10,0.00011108615302794542,9.0
-1.2902567279518458,0.7122045815029483,2.7602618107421207e-10,0.00011108615302794542,9.0
-1.290257396936548,0.7122048141553377,2.7602618107421207e-10,0.00011108615302794542,9.0
-1.2902580369487848,0.7122051632211881,2.7602618107421207e-10,0.00011108615302794542,9.0
-1.2902587350804855,0.7122054250205759,2.7602618107421207e-10,0.00011108615302794542,9.0
-1.2902593750927223,0.7122057449394278,2.7602618107421207e-10,0.00011108615302794542,9.0
-1.2902600149304262,0.7122059194723529,2.7602618107421207e-10,0.00011108615302794542,9.0
-1.2902605968231988,0.7122061522992752,2.7602618107421207e-10,0.00011108615302794542,9.0
-1.2902612076884368,0.7122062685382033,2.7602618107421207e-10,0.00011108615302794542,10.0
-1.2902616729932155,0.7122064430711286,2.7602618107421207e-10,0.00011108615302794542,11.0
-1.2902621676195256,0.7122066467510523,2.7602618107421207e-10,0.00011108615302794542,11.0
-1.2902626620713025,0.7122068794034416,1.266891664207238e-10,9.628631284554256e-05,11.0
-1.2902630984036156,0.7122071122303637,1.266891664207238e-10,9.628631284554256e-05,11.0
-1.290263331056005,0.7122076939486034,1.266891664207238e-10,9.628631284554256e-05,12.0
-1.2902646400529438,0.7122094973973195,1.266891664207238e-10,9.628631284554256e-05,12.0
-1.2902651636517195,0.7122097591967074,1.266891664207238e-10,9.628631284554256e-05,12.0
-1.2902659200774174,0.7122101082625576,1.266891664207238e-10,9.628631284554256e-05,12.0
-1.290266880008506,0.7122105156224052,1.266891664207238e-10,9.628631284554256e-05,12.0
-1.290267927206057,0.7122110100741823,1.266891664207238e-10,9.628631284554256e-05,12.0
-1.2902702834005473,0.7122120281247349,1.266891664207238e-10,9.628631284554256e-05,13.0
-1.2902715341034892,0.7122125517235105,1.266891664207238e-10,9.628631284554256e-05,14.0
-1.2902728722474266,0.7122130753222862,1.0826560025506253e-11,1.3646051779775357e-05,14.0
-1.2902743266302925,0.7122137734539871,1.0826560025506253e-11,1.3646051779775357e-05,14.0
-1.2902758684541535,0.7122145007326862,1.0826560025506253e-11,1.3646051779775357e-05,14.0
-1.290277468222946,0.7122152569838511,1.0826560025506253e-11,1.3646051779775357e-05,14.0
-1.2902790973132698,0.7122159842625504,1.0826560025506253e-11,1.3646051779775357e-05,14.0
-1.29028095888145,0.7122167696607139,1.0826560025506253e-11,1.3646051779775357e-05,13.0
-1.290285118699189,0.7122183404570407,1.0826560025506253e-11,1.3646051779775357e-05,13.0
-1.2902872712137556,0.7122191550022027,4.3139614375179486e-11,2.7841170876254224e-05,13.0
-1.2902893947558565,0.7122200276668286,4.3139614375179486e-11,2.7841170876254224e-05,14.0
-1.2902955906747011,0.7122224711277814,4.3139614375179486e-11,2.7841170876254224e-05,14.0
-1.290297539509344,0.7122232565259448,4.3139614375179486e-11,2.7841170876254224e-05,14.0
-1.290299517665518,0.7122241291905708,5.460906946373539e-11,4.809226654766761e-05,14.0
-1.2903014665001609,0.7122249727081982,5.460906946373539e-11,4.809226654766761e-05,13.0
-1.2903034155093365,0.7122258162258256,5.460906946373539e-11,4.809226654766761e-05,14.0
-1.29030527725205,0.712226543504525,5.460906946373539e-11,4.809226654766761e-05,14.0
-1.2903070225813016,0.7122272416362259,5.460906946373539e-11,4.809226654766761e-05,14.0
-1.2903085642306302,0.712227852501464,5.460906946373539e-11,4.809226654766761e-05,13.0
-1.2903099313470332,0.7122283469532411,5.460906946373539e-11,4.809226654766761e-05,14.0
-1.2903111530775093,0.7122286960190914,5.460906946373539e-11,4.809226654766761e-05,14.0
-1.290311938475673,0.7122291906454016,5.460906946373539e-11,4.809226654766761e-05,14.0
-1.29031199676967,0.7122300050160305,5.460906946373539e-11,4.809226654766761e-05,15.0
-1.2903118512092104,0.712230790414194,5.460906946373539e-11,4.809226654766761e-05,15.0
-1.2903115604373572,0.7122316630788199,5.460906946373539e-11,4.809226654766761e-05,15.0
-1.2903110076915827,0.7122325940374429,5.460906946373539e-11,4.809226654766761e-05,17.0
-1.2903102222934193,0.7122336120879956,5.460906946373539e-11,4.809226654766761e-05,16.0
-1.2903092915093293,0.7122347465520094,5.460906946373539e-11,4.809226654766761e-05,16.0
-1.2903083024312423,0.7122359391354872,5.460906946373539e-11,4.809226654766761e-05,16.0
-1.2903064698355275,0.7122380918245866,5.460906946373539e-11,4.809226654766761e-05,18.0
-1.2903056263179,0.7122391098751393,1.9730679513776106e-11,2.040857464375702e-05,19.0
-1.2903049281861994,0.7122400406592294,1.9730679513776106e-11,2.040857464375702e-05,20.0
-1.2903042590269642,0.7122409133238554,1.9730679513776106e-11,2.040857464375702e-05,20.0
-1.2903035900422617,0.7122416987220189,1.9730679513776106e-11,2.040857464375702e-05,20.0
-1.2903031245629504,0.7122423968537196,1.9730679513776106e-11,2.040857464375702e-05,20.0
-1.2903028337910971,0.7122428914800297,1.9730679513776106e-11,2.040857464375702e-05,20.0
-1.2903025428447106,0.7122432986653441,1.9730679513776106e-11,2.040857464375702e-05,20.0
-1.2903022229258587,0.7122437058506587,1.9730679513776106e-11,2.040857464375702e-05,20.0
-1.2903015537666236,0.7122446949287459,1.9730679513776106e-11,2.040857464375702e-05,21.0
-1.2903012047007731,0.7122453057939839,1.9730679513776106e-11,2.040857464375702e-05,21.0
-1.2903007975154588,0.7122459458062207,1.9730679513776106e-11,2.040857464375702e-05,20.0
-1.2903002739166831,0.712246614790923,1.9730679513776106e-11,2.040857464375702e-05,20.0
-1.290299779464906,0.7122471965091626,1.9730679513776106e-11,2.040857464375702e-05,20.0
-1.2902994593715211,0.7122475747220116,1.9730679513776106e-11,2.040857464375702e-05,19.0
-1.2902992558661301,0.7122504545152772,1.9730679513776106e-11,2.040857464375702e-05,20.0
-1.2903026009641747,0.712254206973169,5.266682879289171e-11,3.056480283761545e-05,18.0
-1.290303706455723,0.7122552250237218,5.266682879289171e-11,3.056480283761545e-05,17.0
-1.2903049281861994,0.7122563013682716,5.266682879289171e-11,3.056480283761545e-05,17.0
-1.2903061788891415,0.7122574066852868,5.266682879289171e-11,3.056480283761545e-05,18.0
-1.2903073425001534,0.7122585411493005,5.266682879289171e-11,3.056480283761545e-05,17.0
-1.2903086514970925,0.7122595883468519,5.266682879289171e-11,3.056480283761545e-05,18.0
-1.2903099023745677,0.7122607228108657,5.266682879289171e-11,3.056480283761545e-05,18.0
-1.2903112694909706,0.7122617991554154,5.028395902767538e-11,3.1933352735902045e-05,20.0
-1.2903126949013708,0.7122628754999651,5.028395902767538e-11,3.1933352735902045e-05,21.0
-1.2903141784312349,0.7122639808169803,1.605729804961646e-11,1.7161014036970456e-05,20.0
-1.2903171454909632,0.712266366158469,1.605729804961646e-11,1.7161014036970456e-05,22.0
-1.2903186871402916,0.7122675295949483,1.605729804961646e-11,1.7161014036970456e-05,23.0
-1.2903202287896198,0.7122687804724234,1.605729804961646e-11,1.7161014036970456e-05,22.0
-1.290323341409808,0.7122712820528402,1.605729804961646e-11,1.7161014036970456e-05,25.0
-1.2903249703255988,0.7122725037833166,1.605729804961646e-11,1.7161014036970456e-05,27.0
-1.2903265992413897,0.7122737546607915,1.605729804961646e-11,1.7161014036970456e-05,28.0
-1.2903282283317135,0.7122750055382664,0.0,0.0,26.0
-1.2903299445139669,0.7122763145352053,0.0,0.0,26.0
-1.2903316025767564,0.7122775943851457,5.990880333088711e-11,3.855172354873898e-05,23.0
-1.2903332314925473,0.7122788742350863,5.990880333088711e-11,3.855172354873898e-05,23.0
-1.2903346569029472,0.7122801832320254,5.990880333088711e-11,3.855172354873898e-05,22.0
-1.290335936752888,0.7122815505229614,5.990880333088711e-11,3.855172354873898e-05,20.0
-1.29033817670845,0.7122844884356913,5.990880333088711e-11,3.855172354873898e-05,19.0
-1.290339223906001,0.7122860883790164,5.990880333088711e-11,3.855172354873898e-05,19.0
-1.2903402711035523,0.7122876591753433,5.990880333088711e-11,3.855172354873898e-05,18.0
-1.290341172740644,0.7122892880911341,5.990880333088711e-11,3.855172354873898e-05,18.0
-1.2903417254864178,0.7122909461539235,5.990880333088711e-11,3.855172354873898e-05,18.0
-1.2903418127528805,0.7122926623361769,1.6474760992204327e-10,6.661770972206282e-05,17.0
-1.2903418127528805,0.7122942914265009,1.6474760992204327e-10,6.661770972206282e-05,17.0
-1.2903415801004914,0.7122958911952934,1.6474760992204327e-10,6.661770972206282e-05,17.0
-1.2903411146211798,0.7122972001922324,1.6474760992204327e-10,6.661770972206282e-05,18.0
-1.2903402128095551,0.7122984219227086,1.6474760992204327e-10,6.661770972206282e-05,16.0
-1.2903388748401508,0.7122996146807195,1.6474760992204327e-10,6.661770972206282e-05,17.0
-1.2903371876303629,0.7123007199977348,1.6474760992204327e-10,6.661770972206282e-05,17.0
-1.290335296915184,0.7123018253147501,1.6474760992204327e-10,6.661770972206282e-05,18.0
-1.290333260639546,0.7123028143928372,1.6474760992204327e-10,6.661770972206282e-05,18.0
-1.2903312243639076,0.7123037162044616,1.6474760992204327e-10,6.661770972206282e-05,18.0
-1.2903292463822662,0.7123045597220892,1.6474760992204327e-10,6.661770972206282e-05,19.0
-1.2903273265200892,0.7123054032397167,1.7287038572809462e-12,5.387088178667299e-06,19.0
-1.290325523071373,0.7123062177848785,1.7287038572809462e-12,5.387088178667299e-06,20.0
-1.290323893981049,0.712307003183042,1.7287038572809462e-12,5.387088178667299e-06,20.0
-1.2903224104511848,0.7123077594342069,1.7287038572809462e-12,5.387088178667299e-06,21.0
-1.290321101454246,0.7123084575659077,1.7287038572809462e-12,5.387088178667299e-06,20.0
-1.290320025284229,0.7123090684311457,1.7287038572809462e-12,5.387088178667299e-06,20.0
-1.290318425340904,0.7123099702427702,1.7287038572809462e-12,5.387088178667299e-06,20.0
-1.2903176399427403,0.7123103774280848,1.7287038572809462e-12,5.387088178667299e-06,20.0
-1.2903168545445771,0.7123108720543949,1.7287038572809462e-12,5.387088178667299e-06,20.0
-1.2903153418677142,0.7123117447190209,1.7287038572809462e-12,5.387088178667299e-06,20.0
-1.290314498350087,0.7123121519043353,3.714657125800158e-12,8.318205652720907e-06,20.0
-1.2903136548324594,0.7123126173836468,3.714657125800158e-12,8.318205652720907e-06,21.0
-1.2903128984067616,0.7123130826884254,3.714657125800158e-12,8.318205652720907e-06,22.0
-1.2903118512092104,0.7123141298859765,3.714657125800158e-12,8.318205652720907e-06,22.0
-1.290311618556821,0.7123147117787492,3.714657125800158e-12,8.318205652720907e-06,22.0
-1.290311618556821,0.712315293496989,3.714657125800158e-12,8.318205652720907e-06,22.0
-1.2903119095032072,0.7123159335092257,3.714657125800158e-12,8.318205652720907e-06,21.0
-1.2903125784879097,0.7123165152274653,3.714657125800158e-12,8.318205652720907e-06,19.0
-1.2903133347390747,0.7123170388262409,3.714657125800158e-12,8.318205652720907e-06,20.0
-1.290314062017774,0.7123177078109433,3.1700011790147566e-11,2.6645821954119144e-05,21.0
-1.290314614763548,0.7123184350896424,3.1700011790147566e-11,2.6645821954119144e-05,21.0
-1.2903169709580382,0.712320645898206,3.1700011790147566e-11,2.6645821954119144e-05,20.0
-1.29031822166098,0.7123217803622198,3.1700011790147566e-11,2.6645821954119144e-05,21.0
-1.2903192107390673,0.71232271114631,3.1700011790147566e-11,2.6645821954119144e-05,21.0
-1.290320025284229,0.7123233801310123,3.1700011790147566e-11,2.6645821954119144e-05,22.0
-1.290320665121933,0.7123238456103238,3.1700011790147566e-11,2.6645821954119144e-05,22.0
-1.290325144858524,0.7123285288523055,7.294673351524655e-12,1.2384471985201877e-05,21.0
-1.2903257557237624,0.7123291107450781,7.294673351524655e-12,1.2384471985201877e-05,21.0
-1.2903262793225379,0.7123293725444658,7.294673351524655e-12,1.2384471985201877e-05,21.0
-1.2903267737743147,0.7123296051968552,7.294673351524655e-12,1.2384471985201877e-05,21.0
-1.2903273846395533,0.7123298378492445,7.294673351524655e-12,1.2384471985201877e-05,20.0
-1.2903280827712538,0.7123300996486323,7.294673351524655e-12,1.2384471985201877e-05,19.0
-1.2903297118615775,0.7123307977803333,7.294673351524655e-12,1.2384471985201877e-05,19.0
-1.2903304681127425,0.7123310887267195,7.294673351524655e-12,1.2384471985201877e-05,19.0
-1.2903319807896052,0.7123316704449592,7.294673351524655e-12,1.2384471985201877e-05,19.0
-1.290332678921306,0.7123319613913455,7.294673351524655e-12,1.2384471985201877e-05,16.0
-1.2903343951035597,0.7123326595230461,7.294673351524655e-12,1.2384471985201877e-05,16.0
-1.2903351513547245,0.7123331539748234,7.294673351524655e-12,1.2384471985201877e-05,17.0
-1.2903359077804222,0.7123337648400615,7.294673351524655e-12,1.2384471985201877e-05,18.0
-1.2903364603516634,0.7123345212657594,7.294673351524655e-12,1.2384471985201877e-05,18.0
-1.29033675129805,0.7123354520498495,7.294673351524655e-12,1.2384471985201877e-05,17.0
-1.2903368094175138,0.7123365283943992,7.294673351524655e-12,1.2384471985201877e-05,16.0
-1.2903363149657368,0.7123391753607428,7.294673351524655e-12,1.2384471985201877e-05,15.0
-1.2903357913669613,0.7123406588906069,3.2965240244140544e-11,3.231252558050837e-05,16.0
-1.2903341333041718,0.7123452840131247,3.2965240244140544e-11,3.231252558050837e-05,18.0
-1.2903334932919353,0.7123469712229127,3.2965240244140544e-11,3.231252558050837e-05,19.0
-1.2903328824266969,0.7123487746716288,3.2965240244140544e-11,3.231252558050837e-05,20.0
-1.290332446094384,0.7123505782948777,6.95715725048761e-11,3.552381061270225e-05,20.0
-1.290332242588993,0.7123524108905923,6.95715725048761e-11,3.552381061270225e-05,21.0
-1.2903321261755318,0.7123542724587725,6.95715725048761e-11,3.552381061270225e-05,21.0
-1.2903320970285335,0.7123560177880244,6.95715725048761e-11,3.552381061270225e-05,22.0
-1.2903320970285335,0.7123576758508139,6.95715725048761e-11,3.552381061270225e-05,22.0
-1.2903320970285335,0.7123592176746751,6.95715725048761e-11,3.552381061270225e-05,22.0
-1.290332009762071,0.7123623009733318,6.95715725048761e-11,3.552381061270225e-05,22.0
-1.2903319516426068,0.7123638717696584,6.95715725048761e-11,3.552381061270225e-05,20.0
-1.2903315734297578,0.7123668971233839,6.95715725048761e-11,3.552381061270225e-05,20.0
-1.2903312826579045,0.7123687586915639,3.240853667780001e-10,9.181754364896132e-05,20.0
-1.290331078977981,0.7123706785537411,3.240853667780001e-10,9.181754364896132e-05,20.0
-1.2903304389657442,0.7123724821769902,3.240853667780001e-10,9.181754364896132e-05,22.0
-1.290329828100506,0.7123739657068544,3.240853667780001e-10,9.181754364896132e-05,22.0
-1.2903288100499533,0.7123755654756468,3.240853667780001e-10,9.181754364896132e-05,22.0
-1.2903281991847149,0.7123769617390484,3.240853667780001e-10,9.181754364896132e-05,22.0
-1.290327762852402,0.7123778926976714,3.240853667780001e-10,9.181754364896132e-05,22.0
-1.2903276174664753,0.7123788816012255,1.026600304963897e-10,4.1228072731003666e-05,23.0
-1.2903274719060158,0.7123797834128502,1.026600304963897e-10,4.1228072731003666e-05,23.0
-1.2903271228401654,0.7123814414756395,1.026600304963897e-10,4.1228072731003666e-05,22.0
-1.2903269193347746,0.7123823141402654,1.026600304963897e-10,4.1228072731003666e-05,23.0
-1.2903266575353867,0.7123830995384288,1.026600304963897e-10,4.1228072731003666e-05,22.0
-1.2903263084695362,0.7123838268171282,1.026600304963897e-10,4.1228072731003666e-05,22.0
-1.2903259594036858,0.7123844376823665,1.026600304963897e-10,4.1228072731003666e-05,22.0
-1.2903256103378355,0.7123848157206824,1.026600304963897e-10,4.1228072731003666e-05,22.0
-1.2903256103378355,0.7123851939335313,1.026600304963897e-10,4.1228072731003666e-05,22.0
-1.2903255811908372,0.7123854265859206,1.026600304963897e-10,4.1228072731003666e-05,22.0
-1.2903252321249865,0.7123862702780811,1.026600304963897e-10,4.1228072731003666e-05,22.0
-1.2903249411786004,0.712386648316397,1.026600304963897e-10,4.1228072731003666e-05,23.0
-1.2903241849274354,0.712388015607333,1.026600304963897e-10,4.1228072731003666e-05,22.0
-1.2903237777421208,0.7123887427114994,1.026600304963897e-10,4.1228072731003666e-05,23.0
-1.2903237777421208,0.7123895572566613,1.026600304963897e-10,4.1228072731003666e-05,23.0
-1.290322905077495,0.7123911571999866,1.026600304963897e-10,4.1228072731003666e-05,22.0
-1.2903223523317209,0.7123920879840766,1.1447080940499277e-10,4.3556925633039314e-05,23.0
-1.2903218578799436,0.7123931643286263,1.1447080940499277e-10,4.3556925633039314e-05,23.0
-1.2903213051341695,0.7123943569121042,1.1447080940499277e-10,4.3556925633039314e-05,23.0
-1.2903201706701557,0.7123966258401319,1.1447080940499277e-10,4.3556925633039314e-05,23.0
-1.2903196179243819,0.7123976438906845,1.1447080940499277e-10,4.3556925633039314e-05,23.0
-1.2903191234726046,0.7123985748493076,7.506230149965477e-12,1.2116532320839615e-05,23.0
-1.2903186290208275,0.7123994475139336,7.506230149965477e-12,1.2116532320839615e-05,22.0
-1.2903172617298917,0.7124011636961871,7.506230149965477e-12,1.2116532320839615e-05,23.0
-1.2903169709580382,0.7124018618278879,7.506230149965477e-12,1.2116532320839615e-05,22.0
-1.2903162145323404,0.7124039270759916,7.506230149965477e-12,1.2116532320839615e-05,24.0
-1.2903157782000274,0.7124050906870041,7.506230149965477e-12,1.2116532320839615e-05,24.0
-1.2903152837482503,0.7124062832704818,7.506230149965477e-12,1.2116532320839615e-05,25.0
-1.290314789296473,0.7124075050009583,7.506230149965477e-12,1.2116532320839615e-05,25.0
-1.29031435296416,0.7124087558784333,2.0888850175438326e-10,7.387888862459357e-05,24.0
-1.2903138583378502,0.7124099484619112,2.0888850175438326e-10,7.387888862459357e-05,23.0
-1.2903133638860729,0.712411199339386,2.0888850175438326e-10,7.387888862459357e-05,23.0
-1.2903129275537601,0.7124123919228639,2.0888850175438326e-10,7.387888862459357e-05,22.0
-1.2903122002750607,0.7124146027314274,1.1907830018556948e-10,4.633137314347044e-05,23.0
-1.2903118512092104,0.7124154753960533,1.1907830018556948e-10,4.633137314347044e-05,23.0
-1.2903117639427477,0.7124160862612915,1.1907830018556948e-10,4.633137314347044e-05,24.0
-1.290312054889134,0.7124174533776947,1.1907830018556948e-10,4.633137314347044e-05,25.0
-1.2903117639427477,0.7124183260423207,1.1907830018556948e-10,4.633137314347044e-05,26.0
-1.2903114731708945,0.7124193151204079,1.1907830018556948e-10,4.633137314347044e-05,26.0
-1.2903112113715065,0.7124203914649575,1.1907830018556948e-10,4.633137314347044e-05,27.0
-1.2903103968263445,0.7124225148325255,1.1907830018556948e-10,4.633137314347044e-05,24.0
-1.2903099023745677,0.7124235039106125,1.0678668267440102e-11,1.4494734226815404e-05,24.0
-1.2903093787757918,0.712424405722237,1.0678668267440102e-11,1.4494734226815404e-05,24.0
-1.290308942443479,0.7124253656533257,1.0678668267440102e-11,1.4494734226815404e-05,24.0
-1.2903085350836316,0.712426470970341,1.0678668267440102e-11,1.4494734226815404e-05,23.0
-1.2903081570453154,0.7124276054343548,1.0678668267440102e-11,1.4494734226815404e-05,23.0
-1.2903076334465402,0.7124287980178327,1.0678668267440102e-11,1.4494734226815404e-05,22.0
-1.290307080700766,0.7124300488953076,1.0678668267440102e-11,1.4494734226815404e-05,24.0
-1.2903064989825261,0.7124313287452481,1.0678668267440102e-11,1.4494734226815404e-05,26.0
-1.2903053062245153,0.7124340340055885,8.416335614867584e-11,4.4257893655482656e-05,24.0
-1.2903046953592772,0.7124355466824512,8.416335614867584e-11,4.4257893655482656e-05,24.0
-1.290304084494039,0.7124370883317797,8.416335614867584e-11,4.4257893655482656e-05,25.0
-1.2903034736288006,0.7124386010086422,8.416335614867584e-11,4.4257893655482656e-05,25.0
-1.2903029210575596,0.7124401718049691,8.416335614867584e-11,4.4257893655482656e-05,24.0
-1.290302397458784,0.7124416553348334,8.416335614867584e-11,4.4257893655482656e-05,26.0
-1.2903017282995488,0.712443109717699,8.416335614867584e-11,4.4257893655482656e-05,26.0
-1.290301088461845,0.712444535128099,1.2316580903429142e-10,4.619031361976285e-05,26.0
-1.2903005065690725,0.7124459895109649,1.2316580903429142e-10,4.619031361976285e-05,26.0
-1.2902999248508327,0.712447473040829,1.2316580903429142e-10,4.619031361976285e-05,26.0
-1.2902993431325929,0.7124488693042306,1.0844760916327716e-10,5.3081739552823436e-05,26.0
-1.2902988195338174,0.7124501783011695,1.0844760916327716e-10,5.3081739552823436e-05,25.0
-1.2902983832015043,0.7124512546457192,1.0844760916327716e-10,5.3081739552823436e-05,25.0
-1.2902979758416568,0.7124521273103452,1.0844760916327716e-10,5.3081739552823436e-05,25.0
-1.2902976850698036,0.712452767322582,1.0844760916327716e-10,5.3081739552823436e-05,24.0
-1.2902974232704159,0.7124534363072843,1.0844760916327716e-10,5.3081739552823436e-05,24.0
-1.2902971323240293,0.7124543089719103,1.0844760916327716e-10,5.3081739552823436e-05,24.0
-1.290296928644106,0.712455327022463,1.0844760916327716e-10,5.3081739552823436e-05,24.0
-1.2902966378722525,0.7124564033670128,1.0844760916327716e-10,5.3081739552823436e-05,24.0
-1.2902962015399393,0.7124576250974891,1.0844760916327716e-10,5.3081739552823436e-05,24.0
-1.2902955906747011,0.7124587887085013,1.0844760916327716e-10,5.3081739552823436e-05,24.0
-1.2902950087819285,0.7124599521449808,1.0844760916327716e-10,5.3081739552823436e-05,23.0
-1.2902945143301516,0.7124610866089947,1.0844760916327716e-10,5.3081739552823436e-05,23.0
-1.2902935543990628,0.7124633846840207,8.794914143956104e-12,1.3916187829960002e-05,24.0
-1.2902932053332123,0.7124644900010358,8.794914143956104e-12,1.3916187829960002e-05,24.0
-1.2902930308002871,0.7124652464267337,8.794914143956104e-12,1.3916187829960002e-05,24.0
-1.2902927981478982,0.7124664971296757,8.794914143956104e-12,1.3916187829960002e-05,22.0
-1.290292739853901,0.7124679225400757,8.794914143956104e-12,1.3916187829960002e-05,22.0
-1.2902925944679744,0.7124688824711645,8.794914143956104e-12,1.3916187829960002e-05,23.0
-1.2902895401417833,0.7124726640760547,4.6074907829184165e-12,1.0268575335441395e-05,23.0
-1.2902889873960093,0.7124721985967433,4.6074907829184165e-12,1.0268575335441395e-05,23.0
-1.2902877948125313,0.7124711222521936,4.6074907829184165e-12,1.0268575335441395e-05,22.0
-1.2902868640284413,0.7124700460821766,4.6074907829184165e-12,1.0268575335441395e-05,21.0
-1.290286573082055,0.7124694933364026,4.6074907829184165e-12,1.0268575335441395e-05,21.0
-1.2902860494832793,0.7124682716059263,8.794914143956104e-12,1.3916187829960002e-05,22.0
-1.2902854967375053,0.7124676026212241,8.794914143956104e-12,1.3916187829960002e-05,22.0
-1.2902823261723861,0.7124651591602712,3.722181175705001e-11,3.8038186634833724e-05,25.0
-1.2902812789748348,0.7124644027345733,3.722181175705001e-11,3.8038186634833724e-05,24.0
-1.2902796209120453,0.7124625411663933,3.722181175705001e-11,3.8038186634833724e-05,22.0
-1.2902789227803444,0.7124615229413076,4.269517755806886e-12,8.309720752786975e-06,23.0
-1.2902780790881843,0.7124605921572175,4.269517755806886e-12,8.309720752786975e-06,23.0
-1.2902772064235581,0.7124596030791304,4.269517755806886e-12,8.309720752786975e-06,24.0
-1.29027566477423,0.7124576542444875,4.269517755806886e-12,8.309720752786975e-06,25.0
-1.2902749957895274,0.7124567232858646,4.269517755806886e-12,8.309720752786975e-06,25.0
-1.2902742685108282,0.7124557925017745,4.269517755806886e-12,8.309720752786975e-06,25.0
-1.2902736284985916,0.7124549198371485,4.269517755806886e-12,8.309720752786975e-06,25.0
-1.290272988660888,0.7124540471725226,4.269517755806886e-12,8.309720752786975e-06,25.0
-1.2902723195016526,0.7124531163884325,9.91142837278264e-11,4.532848095268306e-05,25.0
-1.2902716213699519,0.7124523018432705,9.91142837278264e-11,4.532848095268306e-05,26.0
-1.2902710687987105,0.7124516037115697,9.91142837278264e-11,4.532848095268306e-05,27.0
-1.2902708359717885,0.7124511092597926,9.91142837278264e-11,4.532848095268306e-05,27.0
-1.2902690616700707,0.7124479676671389,6.504800382161949e-12,1.0838521252283705e-05,29.0
-1.290268799870683,0.712447153121977,6.504800382161949e-12,1.0838521252283705e-05,29.0
-1.2902683635383703,0.7124463968708122,9.903112316905088e-12,1.3896950935834048e-05,29.0
-1.290267810792596,0.7124454369397235,9.903112316905088e-12,1.3896950935834048e-05,28.0
-1.2902671126608953,0.712444535128099,9.903112316905088e-12,1.3896950935834048e-05,28.0
-1.2902651055322554,0.7124434006640853,9.903112316905088e-12,1.3896950935834048e-05,28.0
-1.2902641164541684,0.712443546050012,9.903112316905088e-12,1.3896950935834048e-05,28.0
-1.2902632148170765,0.7124440115293235,6.439155328122527e-12,1.2985263256051104e-05,28.0
-1.290262400271915,0.7124447096610242,6.439155328122527e-12,1.2985263256051104e-05,28.0
-1.2902617312872124,0.7124455823256504,6.439155328122527e-12,1.2985263256051104e-05,27.0
-1.2902610040085132,0.7124464258432779,6.439155328122527e-12,1.2985263256051104e-05,27.0
-1.2902602477573484,0.7124472985079038,6.504800382161949e-12,1.0838521252283705e-05,27.0
-1.2902595496256475,0.7124480549336016,6.504800382161949e-12,1.0838521252283705e-05,26.0
-1.2902590260268718,0.7124486947713053,6.504800382161949e-12,1.0838521252283705e-05,26.0
-1.2902585605475605,0.7124491311036184,6.504800382161949e-12,1.0838521252283705e-05,26.0
-1.2902564370054597,0.7124512837927177,6.504800382161949e-12,1.0838521252283705e-05,25.0
-1.2902560006731465,0.7124519819244186,6.504800382161949e-12,1.0838521252283705e-05,25.0
-1.290255418954907,0.7124527381755835,6.504800382161949e-12,1.0838521252283705e-05,25.0
-1.2902543717573556,0.712453639987208,6.504800382161949e-12,1.0838521252283705e-05,24.0
-1.2902532372933417,0.712454512651834,6.504800382161949e-12,1.0838521252283705e-05,23.0
-1.2902521609487922,0.7124553561694614,1.7312245664330481e-10,6.36355783265813e-05,23.0
-1.2902509975123126,0.7124560543011622,1.7312245664330481e-10,6.36355783265813e-05,22.0
-1.2902496302213768,0.7124569269657883,1.7312245664330481e-10,6.36355783265813e-05,21.0
-1.2902483503714364,0.7124581486962647,1.7312245664330481e-10,6.36355783265813e-05,21.0
-1.2902471286409598,0.7124592831602784,1.6619926421466077e-12,5.431598984919117e-06,21.0
-1.2902460233239443,0.7124599521449808,1.7312245664330481e-10,6.36355783265813e-05,20.0
-1.2902448888599307,0.7124603303578297,1.7312245664330481e-10,6.36355783265813e-05,20.0
-1.2902425326654405,0.7124603595048282,1.7312245664330481e-10,6.36355783265813e-05,18.0
-1.2902410491355765,0.7124600977054404,1.7312245664330481e-10,6.36355783265813e-05,18.0
-1.290237703862999,0.7124597194925915,1.7312245664330481e-10,6.36355783265813e-05,17.0
-1.2902360458002096,0.7124596322261287,3.257974689866269e-11,3.327943018019217e-05,18.0
-1.2902343585904217,0.7124594576932037,3.257974689866269e-11,3.327943018019217e-05,17.0
-1.2902326132611697,0.7124593995737396,3.257974689866269e-11,3.327943018019217e-05,17.0
-1.2902309551983804,0.7124592831602784,3.257974689866269e-11,3.327943018019217e-05,17.0
-1.2902269409411007,0.7124603595048282,3.257974689866269e-11,3.327943018019217e-05,16.0
-1.2902262719563984,0.7124614648218436,3.257974689866269e-11,3.327943018019217e-05,15.0
-1.2902256610911604,0.7124626284328557,3.257974689866269e-11,3.327943018019217e-05,15.0
-1.290224992106458,0.7124638210163337,3.257974689866269e-11,3.327943018019217e-05,14.0
-1.2902241484142976,0.71246504274681,3.257974689866269e-11,3.327943018019217e-05,14.0
-1.2902233340436686,0.7124662644772864,4.47741914458164e-12,8.766401830122758e-06,13.0
-1.2902227231784305,0.7124673697943018,4.47741914458164e-12,8.766401830122758e-06,14.0
-1.2902222868461175,0.7124683588723888,4.47741914458164e-12,8.766401830122758e-06,15.0
-1.290221995899731,0.7124692023900162,4.47741914458164e-12,8.766401830122758e-06,15.0
-1.2902215304204196,0.7124699005217171,4.47741914458164e-12,8.766401830122758e-06,15.0
-1.2902209778491784,0.712470715066879,4.47741914458164e-12,8.766401830122758e-06,15.0
-1.290220337836942,0.7124716749979677,4.47741914458164e-12,8.766401830122758e-06,15.0
-1.2902196105582426,0.7124727513425172,4.47741914458164e-12,8.766401830122758e-06,13.0
-1.2902189124265417,0.7124738566595326,4.47741914458164e-12,8.766401830122758e-06,13.0
-1.2902182434418392,0.7124749619765479,4.47741914458164e-12,8.766401830122758e-06,14.0
-1.29021751616314,0.7124761255875602,4.47741914458164e-12,8.766401830122758e-06,15.0
-1.2902167599119752,0.7124772600515741,4.47741914458164e-12,8.766401830122758e-06,15.0
-1.2902160036608104,0.7124782781021267,4.47741914458164e-12,8.766401830122758e-06,15.0
-1.2902152472351125,0.7124791799137512,4.47741914458164e-12,8.766401830122758e-06,15.0
-1.2902146363698743,0.7124800817253757,4.47741914458164e-12,8.766401830122758e-06,15.0
-1.2902139965321704,0.7124808671235392,4.47741914458164e-12,8.766401830122758e-06,14.0
-1.290213472933395,0.7124814779887773,4.47741914458164e-12,8.766401830122758e-06,14.0
-1.2902129493346193,0.712482176120478,4.47741914458164e-12,8.766401830122758e-06,15.0
-1.2902124547083094,0.712482932371643,3.703538589963649e-12,8.235439831434896e-06,17.0
-1.2902116111906818,0.7124843577820431,3.703538589963649e-12,8.235439831434896e-06,17.0
-1.2902112329778328,0.7124851431802065,3.703538589963649e-12,8.235439831434896e-06,16.0
-1.2902107676730543,0.7124860158448325,3.703538589963649e-12,8.235439831434896e-06,16.0
-1.29021021492728,0.7124868885094584,3.703538589963649e-12,8.235439831434896e-06,16.0
-1.2902096332090405,0.7124878192935485,3.703538589963649e-12,8.235439831434896e-06,16.0
-1.2902090804632664,0.7124887792246373,3.703538589963649e-12,8.235439831434896e-06,16.0
-1.2902079459992524,0.7124906409673503,3.703538589963649e-12,8.235439831434896e-06,17.0
-1.2902070733346265,0.7124920662032175,3.703538589963649e-12,8.235439831434896e-06,17.0
-1.2902067534157748,0.7124926480959901,3.703538589963649e-12,8.235439831434896e-06,17.0
-1.2902063170834617,0.712493520760616,3.703538589963649e-12,8.235439831434896e-06,17.0
-1.2902063170834617,0.7124948587300207,7.001936011660526e-12,1.1957221163934057e-05,17.0
-1.2902059097236143,0.7124954695952588,7.001936011660526e-12,1.1957221163934057e-05,17.0
-1.2902054152718374,0.7124962841404208,1.354080785168403e-10,6.420147938500916e-05,17.0
-1.290204804406599,0.7124972149245109,1.354080785168403e-10,6.420147938500916e-05,18.0
-1.2902041935413606,0.7124982331495964,1.354080785168403e-10,6.420147938500916e-05,18.0
-1.2902028264249576,0.7125002402782362,1.354080785168403e-10,6.420147938500916e-05,18.0
-1.290202302826182,0.7125011710623264,1.354080785168403e-10,6.420147938500916e-05,18.0
-1.290201866493869,0.7125018983410257,1.354080785168403e-10,6.420147938500916e-05,19.0
-1.290201575547483,0.7125024509122667,1.354080785168403e-10,6.420147938500916e-05,19.0
-1.290201255628631,0.7125028872445798,1.354080785168403e-10,6.420147938500916e-05,19.0
-1.2901990739670661,0.7125037890562043,1.354080785168403e-10,6.420147938500916e-05,19.0
-1.2901980557419803,0.7125036726427433,1.354080785168403e-10,6.420147938500916e-05,19.0
-1.2901967758920398,0.7125034981098181,1.354080785168403e-10,6.420147938500916e-05,20.0
-1.29019535048164,0.7125032073379648,2.2066485886434844e-12,6.3414593073508225e-06,21.0
-1.2901936342993863,0.7125029455385768,2.2066485886434844e-12,6.3414593073508225e-06,21.0
-1.2901901727878806,0.7125020437269524,2.2066485886434844e-12,6.3414593073508225e-06,20.0
-1.2901848785061278,0.7125002402782362,2.2066485886434844e-12,6.3414593073508225e-06,19.0
-1.2901830750574115,0.7124996002659995,2.2066485886434844e-12,6.3414593073508225e-06,20.0
-1.2901811551952347,0.7124989312812972,2.2066485886434844e-12,6.3414593073508225e-06,19.0
-1.2901792061860586,0.712498204002598,2.2066485886434844e-12,6.3414593073508225e-06,18.0
-1.290177199057419,0.7124975058708971,1.787910822078683e-10,6.965383526437477e-05,16.0
-1.2901751046623167,0.7124968658586603,1.787910822078683e-10,6.965383526437477e-05,16.0
-1.2901730394142126,0.7124962260209566,1.787910822078683e-10,6.965383526437477e-05,15.0
-1.2901710031385745,0.7124955568617215,1.787910822078683e-10,6.965383526437477e-05,15.0
-1.2901689960099345,0.7124948878770192,1.787910822078683e-10,6.965383526437477e-05,13.0
-1.2901669599088295,0.712494218892317,1.787910822078683e-10,6.965383526437477e-05,15.0
-1.2901650108996534,0.7124936080270787,4.182869330680693e-11,3.469027414381054e-05,15.0
-1.2901628873575526,0.712493084428303,4.182869330680693e-11,3.469027414381054e-05,16.0
-1.2901607929624501,0.7124924735630649,4.182869330680693e-11,3.469027414381054e-05,16.0
-1.2901587858338104,0.7124918335508282,4.182869330680693e-11,3.469027414381054e-05,17.0
-1.2901569242656301,0.7124911935385915,4.182869330680693e-11,3.469027414381054e-05,14.0
-1.2901553534693033,0.7124906118203517,4.182869330680693e-11,3.469027414381054e-05,15.0
-1.2901538699394393,0.7124901754880386,4.182869330680693e-11,3.469027414381054e-05,16.0
-1.2901525609425002,0.7124897391557257,4.182869330680693e-11,3.469027414381054e-05,15.0
-1.290151513744949,0.7124893609428768,4.182869330680693e-11,3.469027414381054e-05,15.0
-1.2901508156132482,0.712489157437486,4.182869330680693e-11,3.469027414381054e-05,14.0
-1.2901513392120239,0.7124872375753089,4.182869330680693e-11,3.469027414381054e-05,15.0
-1.2901518045168023,0.7124862484972216,4.182869330680693e-11,3.469027414381054e-05,17.0
-1.2901528517143537,0.7124836886228079,2.3675018174283125e-11,2.6153175511315874e-05,17.0
-1.290153026247279,0.7124831650240323,2.3675018174283125e-11,2.6153175511315874e-05,17.0
-1.2901531135137414,0.712482874252179,2.3675018174283125e-11,2.6153175511315874e-05,17.0
-1.290153637112517,0.7124822050929437,2.3675018174283125e-11,2.6153175511315874e-05,16.0
-1.2901538699394393,0.7124818560270932,0.0,0.0,16.0
-1.2901532880466666,0.712480314377765,2.3675018174283125e-11,2.6153175511315874e-05,16.0
-1.2901510482656375,0.7124791217942871,2.3675018174283125e-11,2.6153175511315874e-05,17.0
-1.2901495647357732,0.7124784817820504,2.3675018174283125e-11,2.6153175511315874e-05,18.0
-1.2901461032242678,0.7124773181710381,2.3675018174283125e-11,2.6153175511315874e-05,20.0
-1.290144096095628,0.7124767364527985,2.3675018174283125e-11,2.6153175511315874e-05,21.0
-1.2901419725535272,0.7124761547345587,2.546190395969658e-11,3.2266866047094735e-05,19.0
-1.2901398490114264,0.7124755728417861,2.546190395969658e-11,3.2266866047094735e-05,19.0
-1.2901377256438584,0.7124749911235464,2.546190395969658e-11,3.2266866047094735e-05,21.0
-1.2901356602212215,0.7124742929918456,2.546190395969658e-11,3.2266866047094735e-05,21.0
-1.2901297552487632,0.7124721985967433,2.0754498662032534e-11,2.3295556380267765e-05,24.0
-1.2901277189731248,0.7124716458509691,2.5055696628931026e-11,3.083580315249657e-05,23.0
-1.2901236174493826,0.7124704532674914,2.5055696628931026e-11,3.083580315249657e-05,23.0
-1.290117683329926,0.7124686498187752,2.3365069951640297e-11,2.3981436847456585e-05,31.0
-1.2901158217617459,0.7124681843394637,2.535163245270481e-11,3.146539631165677e-05,33.0
-1.2901140472854955,0.7124678061266148,2.535163245270481e-11,3.146539631165677e-05,33.0
-1.290111080225767,0.7124671952613765,2.535163245270481e-11,3.146539631165677e-05,37.0
-1.2901092767770508,0.7124666426901354,2.535163245270481e-11,3.146539631165677e-05,36.0
-1.2901075604202643,0.7124664971296757,2.535163245270481e-11,3.146539631165677e-05,37.0
-1.290106775022101,0.7124663225967507,4.4208059972736657e-11,3.713205673341726e-05,38.0
-1.2901056988520843,0.7124661190913596,4.4208059972736657e-11,3.713205673341726e-05,38.0
-1.2901045060940735,0.7124658281449735,2.4212058685768638e-11,2.2208577693164476e-05,38.0
-1.2901033716300594,0.7124654499321246,2.4212058685768638e-11,2.2208577693164476e-05,41.0
-1.2901021498995833,0.71246504274681,2.4212058685768638e-11,2.2208577693164476e-05,41.0
-1.290100986463104,0.7124646936809595,2.4212058685768638e-11,2.2208577693164476e-05,41.0
-1.2900996191721676,0.7124644318815718,2.4212058685768638e-11,2.2208577693164476e-05,41.0
-1.2900980775228394,0.7124641409351855,2.4212058685768638e-11,2.2208577693164476e-05,43.0
-1.2900964194600502,0.7124638210163337,2.4212058685768638e-11,2.2208577693164476e-05,42.0
-1.2900946741307981,0.7124634138310191,2.4212058685768638e-11,2.2208577693164476e-05,42.0
-1.290092870682082,0.7124630064711718,2.4212058685768638e-11,2.2208577693164476e-05,44.0
-1.2900911253528302,0.7124625701388587,1.1685428839962503e-11,1.4228983860013586e-05,46.0
-1.2900874891338665,0.7124616393547686,1.1685428839962503e-11,1.4228983860013586e-05,50.0
-1.2900859183375397,0.7124612030224556,1.1685428839962503e-11,1.4228983860013586e-05,49.0
-1.2900845803681351,0.7124608539566053,1.1685428839962503e-11,1.4228983860013586e-05,50.0
-1.2900835040235856,0.7124605340377534,1.1685428839962503e-11,1.4228983860013586e-05,50.0
-1.2900816714278707,0.7124600685584418,1.1685428839962503e-11,1.4228983860013586e-05,52.0
-1.2900807114967823,0.712459806759054,1.1685428839962503e-11,1.4228983860013586e-05,51.0
-1.2900796934462293,0.7124594868402021,1.1685428839962503e-11,1.4228983860013586e-05,53.0
-1.2900785879546812,0.7124591667468173,3.6357459830964884e-11,3.1463669260079254e-05,53.0
-1.2900775699041285,0.712458875974964,3.6357459830964884e-11,3.1463669260079254e-05,52.0
-1.2900767263865012,0.7124586431480417,1.3419006577026531e-11,1.757244612766579e-05,51.0
-1.290076173640727,0.712458439642651,1.3419006577026531e-11,1.757244612766579e-05,53.0
-1.2900732357279974,0.7124579741633396,1.3419006577026531e-11,1.757244612766579e-05,56.0
-1.2900726538352245,0.7124577704834159,1.3419006577026531e-11,1.757244612766579e-05,56.0
-1.290073119314536,0.7124558506212385,3.6357459830964884e-11,3.1463669260079254e-05,56.0
-1.2900733229944596,0.7124551235170723,3.6357459830964884e-11,3.1463669260079254e-05,55.0
-1.2900739628321636,0.7124535527207455,3.6357459830964884e-11,3.1463669260079254e-05,54.0
-1.2900742829255483,0.712452709028585,3.6357459830964884e-11,3.1463669260079254e-05,55.0
-1.290074748230327,0.712451836363959,3.6357459830964884e-11,3.1463669260079254e-05,53.0
-1.2900751264431756,0.7124509055798689,3.6357459830964884e-11,3.1463669260079254e-05,54.0
-1.2900754755090262,0.7124498875293163,3.6357459830964884e-11,3.1463669260079254e-05,54.0
-1.2900759699608033,0.7124487820377681,3.6357459830964884e-11,3.1463669260079254e-05,53.0
-1.290076551853576,0.71244758945429,3.6357459830964884e-11,3.1463669260079254e-05,52.0
-1.2900772499852766,0.7124463677238136,3.6357459830964884e-11,3.1463669260079254e-05,53.0
-1.2900778898229806,0.7124450587268748,3.312531669702312e-11,3.7010737238632575e-05,51.0
-1.2900784717157532,0.7124437497299357,3.312531669702312e-11,3.7010737238632575e-05,51.0
-1.2900790242869944,0.7124424407329967,1.8681424812446334e-11,1.8864387203185558e-05,51.0
-1.2900796351522326,0.7124411317360578,1.8681424812446334e-11,1.8864387203185558e-05,53.0
-1.2900802170450052,0.7124398518861174,1.8681424812446334e-11,1.8864387203185558e-05,51.0
-1.2900807696162462,0.7124386882751049,1.8681424812446334e-11,1.8864387203185558e-05,50.0
-1.2900821077601836,0.7124362739611507,1.8681424812446334e-11,1.8864387203185558e-05,51.0
-1.2900829223053456,0.7124352267635996,1.3798559881451023e-11,1.753899555975939e-05,52.0
-1.2900834459041215,0.7124340922995855,1.3798559881451023e-11,1.753899555975939e-05,50.0
-1.2900838822364342,0.7124329578355718,1.3798559881451023e-11,1.753899555975939e-05,50.0
-1.2900843766882115,0.712431823371558,1.3798559881451023e-11,1.753899555975939e-05,49.0
-1.290084900286987,0.7124306597605459,1.3798559881451023e-11,1.753899555975939e-05,48.0
-1.2900854238857624,0.7124294380300693,1.3798559881451023e-11,1.753899555975939e-05,51.0
-1.2900864710833138,0.7124269945691166,1.5162636687451537e-11,1.6085630126127024e-05,53.0
-1.2900869074156267,0.7124258892521013,1.5162636687451537e-11,1.6085630126127024e-05,53.0
-1.290087634694326,0.7124243474282401,1.5162636687451537e-11,1.6085630126127024e-05,52.0
-1.2900884782119535,0.7124228349259103,1.5162636687451537e-11,1.6085630126127024e-05,50.0
-1.2900886235978803,0.7124223694465989,1.5162636687451537e-11,1.6085630126127024e-05,51.0
-1.2900888564248025,0.7124216713148981,3.4105270937921145e-11,3.485955547986871e-05,51.0
-1.290089205490653,0.7124207695032734,3.4105270937921145e-11,3.485955547986871e-05,50.0
-1.290089641822966,0.7124196933332567,3.4105270937921145e-11,3.485955547986871e-05,52.0
-1.290090136274743,0.7124185297222444,3.4105270937921145e-11,3.485955547986871e-05,49.0
-1.290090689020517,0.7124173371387665,3.4105270937921145e-11,3.485955547986871e-05,49.0
-1.2900911834722943,0.7124162026747527,3.4105270937921145e-11,3.485955547986871e-05,48.0
-1.2900915325381443,0.7124152717161296,3.4105270937921145e-11,3.485955547986871e-05,48.0
-1.290093801466172,0.7124111701923875,5.01088040121742e-11,2.9119413240776366e-05,45.0
-1.2900941505320225,0.7124103558217586,5.01088040121742e-11,2.9119413240776366e-05,45.0
-1.2900946449837998,0.7124095121295981,5.01088040121742e-11,2.9119413240776366e-05,46.0
-1.2900951396101097,0.712408581345508,5.01088040121742e-11,2.9119413240776366e-05,43.0
-1.2900956921813507,0.7124075922674209,5.01088040121742e-11,2.9119413240776366e-05,42.0
-1.2900967104064365,0.7124042180223781,5.01088040121742e-11,2.9119413240776366e-05,42.0
-1.2900973212716746,0.7124034326242146,5.427459953533594e-11,3.603259600456078e-05,42.0
-1.2900977576039876,0.7124028798784405,5.427459953533594e-11,3.603259600456078e-05,42.0
-1.29009784487045,0.7124011636961871,5.427459953533594e-11,3.603259600456078e-05,39.0
-1.2901977939425926,0.7122542650926331,4.7093091554267695e-11,3.46741036048042e-05,27.0
-1.2901973286378141,0.7122548178384073,4.7093091554267695e-11,3.46741036048042e-05,26.0
-1.290196892305501,0.7122554287036456,4.7093091554267695e-11,3.46741036048042e-05,26.0
-1.2901964268261894,0.7122559231554226,4.7093091554267695e-11,3.46741036048042e-05,25.0
-1.2901959613468779,0.7122563886347341,4.7093091554267695e-11,3.46741036048042e-05,25.0
-1.29019569954749,0.712256766847583,4.7093091554267695e-11,3.46741036048042e-05,23.0
-1.2901933433529997,0.7122583957633738,4.7093091554267695e-11,3.46741036048042e-05,24.0
-1.2901928780482212,0.7122591520145388,4.7093091554267695e-11,3.46741036048042e-05,24.0
-1.2901915399042836,0.7122594138139267,4.7093091554267695e-11,3.46741036048042e-05,24.0
-1.2901908709195815,0.7122601410926259,4.7093091554267695e-11,3.46741036048042e-05,24.0
-1.2901902890268089,0.7122610137572519,4.7093091554267695e-11,3.46741036048042e-05,24.0
-1.2901900272274212,0.7122622063407298,2.1828731993437565e-11,2.6853496061287494e-05,25.0
-1.2901893582427186,0.7122633118322781,2.1828731993437565e-11,2.6853496061287494e-05,25.0
-1.2901880783927784,0.7122654643468445,2.1828731993437565e-11,2.6853496061287494e-05,23.0
-1.290187409233543,0.7122666569303223,1.1603745679363852e-10,4.3664910026064705e-05,24.0
-1.2901866238353799,0.7122678205413346,1.1603745679363852e-10,4.3664910026064705e-05,24.0
-1.2901857803177523,0.71226892585835,1.1603745679363852e-10,4.3664910026064705e-05,24.0
-1.2901849657725903,0.7122700603223637,1.1603745679363852e-10,4.3664910026064705e-05,26.0
-1.2901840349885003,0.7122713111998386,1.1603745679363852e-10,4.3664910026064705e-05,25.0
-1.2901831042044103,0.7122725910497791,1.1603745679363852e-10,4.3664910026064705e-05,23.0
-1.2901808642488481,0.712275092804729,1.746676285100288e-11,1.6939981059082556e-05,27.0
-1.2901788571202084,0.7122777980650694,1.746676285100288e-11,1.6939981059082556e-05,25.0
-1.290177751803193,0.7122791360344741,1.746676285100288e-11,1.6939981059082556e-05,26.0
-1.2901768210191031,0.7122805614448743,1.746676285100288e-11,1.6939981059082556e-05,27.0
-1.290175948354477,0.7122818995888118,1.746676285100288e-11,1.6939981059082556e-05,28.0
-1.290175133809315,0.7122832375582163,1.746676285100288e-11,1.6939981059082556e-05,27.0
-1.290174261144689,0.7122845465551554,1.746676285100288e-11,1.6939981059082556e-05,26.0
-1.290173213947138,0.7122858265796288,1.746676285100288e-11,1.6939981059082556e-05,27.0
-1.290171206818498,0.7122883573070441,1.746676285100288e-11,1.6939981059082556e-05,27.0
-1.290170217740411,0.7122896952764487,1.746676285100288e-11,1.6939981059082556e-05,26.0
-1.2901694033697821,0.7122910042733877,7.963308587959933e-12,1.4482664960446984e-05,25.0
-1.290168530705156,0.7122922842978611,7.963308587959933e-12,1.4482664960446984e-05,25.0
-1.2901679198399179,0.7122935350008031,7.963308587959933e-12,1.4482664960446984e-05,26.0
-1.2901664652825193,0.7122955712764413,7.963308587959933e-12,1.4482664960446984e-05,27.0
-1.2901657090313543,0.7122962694081423,7.963308587959933e-12,1.4482664960446984e-05,27.0
-1.2901651273131145,0.7122967348874537,7.963308587959933e-12,1.4482664960446984e-05,26.0
-1.290164749100266,0.7122969966868415,7.963308587959933e-12,1.4482664960446984e-05,27.0
-1.2901630618904778,0.712298334656246,7.963308587959933e-12,1.4482664960446984e-05,27.0
-1.290162596585699,0.7122990910819439,7.963308587959933e-12,1.4482664960446984e-05,27.0
-1.2901621311063878,0.712300021866034,7.963308587959933e-12,1.4482664960446984e-05,26.0
-1.2901616656270762,0.7123009526501239,7.963308587959933e-12,1.4482664960446984e-05,26.0
-1.2901612875887603,0.7123018253147501,7.963308587959933e-12,1.4482664960446984e-05,26.0
-1.290160618429525,0.7123027271263745,7.963308587959933e-12,1.4482664960446984e-05,26.0
-1.2901604149241344,0.7123036579104647,3.751911836040761e-11,4.40888925795622e-05,27.0
-1.290159193193658,0.7123045305750907,3.751911836040761e-11,4.40888925795622e-05,26.0
-1.2901581749685722,0.712305374267251,3.751911836040761e-11,4.40888925795622e-05,27.0
-1.290157302303946,0.7123061596654144,3.751911836040761e-11,4.40888925795622e-05,27.0
-1.2901566041722452,0.7123067995031183,3.751911836040761e-11,4.40888925795622e-05,27.0
-1.2901561678399325,0.7123073231018938,3.751911836040761e-11,4.40888925795622e-05,27.0
-1.2901559060405448,0.7123076431952787,3.751911836040761e-11,4.40888925795622e-05,27.0
-1.2901357185152187,0.71233673189979,7.519176390072792e-11,3.54760567728132e-05,31.0
-1.2901347294371313,0.7123381864571886,7.519176390072792e-11,3.54760567728132e-05,29.0
-1.2901337403590445,0.7123395827205902,7.519176390072792e-11,3.54760567728132e-05,31.0
-1.2901326641890276,0.7123410079564573,3.080519812017742e-11,2.2528174959026947e-05,30.0
-1.290130569793925,0.712343771510795,3.080519812017742e-11,2.2528174959026947e-05,27.0
-1.2901295515688396,0.7123450513607356,3.080519812017742e-11,2.2528174959026947e-05,27.0
-1.2901286499317481,0.7123462439442133,3.080519812017742e-11,2.2528174959026947e-05,27.0
-1.2901261773237966,0.7123491820314762,3.080519812017742e-11,2.2528174959026947e-05,28.0
-1.2901255664585585,0.7123497346027172,3.080519812017742e-11,2.2528174959026947e-05,28.0
-1.290125100979247,0.7123500836685678,3.080519812017742e-11,2.2528174959026947e-05,28.0
-1.2901239375427678,0.7123504910284151,3.080519812017742e-11,2.2528174959026947e-05,28.0
-1.2901235012104546,0.712350374614954,3.080519812017742e-11,2.2528174959026947e-05,28.0
-1.2901209121890422,0.7123508400942654,2.4967205269701522e-11,2.5826367726030598e-05,28.0
-1.2901200395244161,0.7123513345460427,2.4967205269701522e-11,2.5826367726030598e-05,29.0
-1.2901183233421625,0.712352556276519,2.4967205269701522e-11,2.5826367726030598e-05,29.0
-1.290117625210462,0.7123530507282961,2.4967205269701522e-11,2.5826367726030598e-05,29.0
-1.2901171888781489,0.712353428941145,2.4967205269701522e-11,2.5826367726030598e-05,29.0
-1.2901167816928343,0.7123537488599969,2.4967205269701522e-11,2.5826367726030598e-05,29.0
-1.2901147745641945,0.7123561633484842,2.4967205269701522e-11,2.5826367726030598e-05,29.0
-1.2901135236867196,0.7123569777191131,2.4967205269701522e-11,2.5826367726030598e-05,28.0
-1.2901127382885562,0.712357414051426,2.4967205269701522e-11,2.5826367726030598e-05,25.0
-1.2901119237433942,0.7123578795307376,2.4967205269701522e-11,2.5826367726030598e-05,25.0
-1.2901110510787686,0.7123583739825148,2.4967205269701522e-11,2.5826367726030598e-05,26.0
-1.2901101494416767,0.7123586357819025,2.4967205269701522e-11,2.5826367726030598e-05,26.0
-1.2901093057495165,0.7123587521953637,8.202905419535745e-11,5.435986977635086e-05,26.0
-1.2901083168459624,0.7123584903959758,8.202905419535745e-11,5.435986977635086e-05,26.0
-1.2901072113544139,0.7123580249166642,8.202905419535745e-11,5.435986977635086e-05,27.0
-1.29009784487045,0.712363959036121,1.1013305734419002e-10,4.5997448225992035e-05,22.0
-1.29009700117829,0.7123645409288936,1.1013305734419002e-10,4.5997448225992035e-05,21.0
-1.290096361340586,0.7123652099135959,1.1013305734419002e-10,4.5997448225992035e-05,21.0
-1.29009499404965,0.7123660244587579,1.1013305734419002e-10,4.5997448225992035e-05,21.0
-1.2900944123314104,0.7123661989916831,1.1013305734419002e-10,4.5997448225992035e-05,21.0
-1.2900937723191737,0.7123664897635364,1.2446302231602697e-10,5.092583981512297e-05,21.0
-1.2900931614539353,0.7123668679763854,1.2446302231602697e-10,5.092583981512297e-05,21.0
-1.2900925216162316,0.7123671878952371,1.2446302231602697e-10,5.092583981512297e-05,21.0
-1.2900918234845309,0.7123678279074739,1.2446302231602697e-10,5.092583981512297e-05,21.0
-1.2900913871522177,0.7123686133056373,1.2446302231602697e-10,5.092583981512297e-05,21.0
-1.290089816355891,0.7123692241708756,1.2446302231602697e-10,5.092583981512297e-05,19.0
-1.2900884200924894,0.7123699514495748,1.2446302231602697e-10,5.092583981512297e-05,17.0
-1.2900868782686281,0.7123706204342771,1.2446302231602697e-10,5.092583981512297e-05,17.0
-1.2900853657662985,0.7123711440330527,1.2446302231602697e-10,5.092583981512297e-05,16.0
-1.290084347541213,0.7123717548982909,1.2446302231602697e-10,5.092583981512297e-05,16.0
-1.2900835331705838,0.7123723366165307,1.2446302231602697e-10,5.092583981512297e-05,15.0
-1.2900829223053456,0.7123728893623047,1.2446302231602697e-10,5.092583981512297e-05,15.0
-1.2900823987065702,0.7123732675751536,1.2446302231602697e-10,5.092583981512297e-05,15.0
-1.290081526041944,0.7123743147727049,1.2446302231602697e-10,5.092583981512297e-05,16.0
-1.290080856882709,0.7123750129044056,1.2446302231602697e-10,5.092583981512297e-05,15.0
-1.290079780712692,0.7123756818891078,1.2446302231602697e-10,5.092583981512297e-05,16.0
-1.2900788497540692,0.7123762636073476,1.2446302231602697e-10,5.092583981512297e-05,17.0
-1.290077918969979,0.7123767582336575,2.207562441062375e-11,2.0518927842540472e-05,18.0
-1.2900772789577424,0.712377107299508,2.207562441062375e-11,2.0518927842540472e-05,18.0
-1.2900767845059653,0.7123773980713615,2.207562441062375e-11,2.0518927842540472e-05,17.0
-1.2900755046560248,0.7123791434006135,2.207562441062375e-11,2.0518927842540472e-05,19.0
-1.290074981057249,0.7123798998263112,2.207562441062375e-11,2.0518927842540472e-05,19.0
-1.2900743410450124,0.7123804815445508,2.207562441062375e-11,2.0518927842540472e-05,19.0
-1.290073991979162,0.7123811505292532,2.207562441062375e-11,2.0518927842540472e-05,20.0
-1.2900734683803863,0.7123816741280288,2.207562441062375e-11,2.0518927842540472e-05,18.0
-1.2900727993956842,0.7123816160085646,2.207562441062375e-11,2.0518927842540472e-05,16.0
-1.2900721593834474,0.712381470622638,2.207562441062375e-11,2.0518927842540472e-05,16.0
-1.2900715776652079,0.7123816451555632,2.207562441062375e-11,2.0518927842540472e-05,16.0
-1.2900705885871206,0.7123825467926548,2.207562441062375e-11,2.0518927842540472e-05,16.0
-1.2900696578030304,0.7123835939902059,1.409423677995409e-10,6.515627313549878e-05,16.0
-1.2900687851384045,0.7123845830682932,1.409423677995409e-10,6.515627313549878e-05,16.0
-1.2900679705932427,0.7123855721463802,1.409423677995409e-10,6.515627313549878e-05,16.0
-1.2900659634646028,0.7123877827804108,1.409423677995409e-10,6.515627313549878e-05,18.0
-1.290064654467664,0.7123889755384215,1.409423677995409e-10,6.515627313549878e-05,20.0
-1.2900634908566515,0.7123901100024354,1.409423677995409e-10,6.515627313549878e-05,20.0
-1.29006209459325,0.7123909243730645,1.409423677995409e-10,6.515627313549878e-05,21.0
-1.2900607566238456,0.7123914189993744,1.409423677995409e-10,6.515627313549878e-05,19.0
-1.2900599420786836,0.7123919715706156,1.409423677995409e-10,6.515627313549878e-05,19.0
-1.290059273093981,0.7123924951693912,1.409423677995409e-10,6.515627313549878e-05,19.0
-1.290058720348207,0.7123931643286263,1.409423677995409e-10,6.515627313549878e-05,20.0
-1.290057789564117,0.7123937460468661,2.2289526764209033e-10,6.782588971843724e-05,20.0
-1.2900558405549412,0.7123952587237289,2.2289526764209033e-10,6.782588971843724e-05,22.0
-1.290054851476854,0.7123961022413563,2.2289526764209033e-10,6.782588971843724e-05,21.0
-1.2900534552134526,0.7123972658523685,2.2289526764209033e-10,6.782588971843724e-05,22.0
-1.290052058950051,0.7123984584358465,2.2289526764209033e-10,6.782588971843724e-05,21.0
-1.2900504008872615,0.7123997965797839,2.2289526764209033e-10,6.782588971843724e-05,23.0
-1.2900488592379333,0.7124009018967993,2.2289526764209033e-10,6.782588971843724e-05,22.0
-1.2900473175886051,0.7124020072138145,2.2289526764209033e-10,6.782588971843724e-05,21.0
-1.2900457176452798,0.7124031127053628,2.2289526764209033e-10,6.782588971843724e-05,21.0
-1.2900440887294888,0.7124041888753796,2.2289526764209033e-10,6.782588971843724e-05,23.0
-1.2900426633190887,0.7124053524863918,2.2289526764209033e-10,6.782588971843724e-05,22.0
-1.2900411797892244,0.7124066033638669,2.2289526764209033e-10,6.782588971843724e-05,22.0
-1.290039899939284,0.7124076214144195,2.2289526764209033e-10,6.782588971843724e-05,23.0
-1.290038910861197,0.7124086104925067,2.2289526764209033e-10,6.782588971843724e-05,23.0
-1.2900380963160352,0.7124093667436714,2.2289526764209033e-10,6.782588971843724e-05,23.0
-1.2900375437447937,0.712409832222983,0.0,0.0,23.0
-1.290035972948467,0.7124107921540715,0.0,0.0,22.0
-1.2900353620832288,0.7124106465936119,0.0,0.0,21.0
-1.2900346929239934,0.7124103266747601,0.0,0.0,22.0
-1.2900321913435766,0.712409134091282,1.5102931671391308e-12,5.356186090900816e-06,19.0
-1.2900313186789507,0.712408697758969,1.5102931671391308e-12,5.356186090900816e-06,19.0
-1.2900303587478623,0.712407708680882,1.5102931671391308e-12,5.356186090900816e-06,21.0
-1.2900303587478623,0.7124069814021827,1.5102931671391308e-12,5.356186090900816e-06,20.0
-1.2900321621965785,0.7124036652766038,1.5102931671391308e-12,5.356186090900816e-06,18.0
-1.2900337621399036,0.7124010183102603,0.0,0.0,18.0
-1.290034605657531,0.7123996220468588,0.0,0.0,19.0
-1.2900354493496915,0.7123981966364586,0.0,0.0,19.0
-1.290036292867319,0.7123967712260586,0.0,0.0,19.0
-1.2900370782654822,0.7123954332566539,0.0,0.0,18.0
-1.290037718277719,0.7123942115261775,0.0,0.0,17.0
-1.2900383291429571,0.7123931351816278,0.0,0.0,18.0
-1.2900388817141983,0.712392320636466,0.0,0.0,17.0
-1.2900393180465113,0.7123915643853012,0.0,0.0,17.0
-1.2900396962593603,0.7123909826670614,0.0,0.0,17.0
-1.290039958058748,0.7123906625736766,0.0,0.0,17.0
-1.290043012384939,0.7123846122152915,0.0,0.0,14.0
-1.2900437396636384,0.7123833904848151,0.0,0.0,12.0
-1.2900445540342675,0.7123823141402654,0.0,0.0,12.0
-1.2900462120970568,0.7123797252933861,1.6862965431875789e-10,7.051692243091404e-05,13.0
-1.2900474048550676,0.7123771362719736,1.6862965431875789e-10,7.051692243091404e-05,12.0
-1.2900481611062327,0.7123759436884958,1.6862965431875789e-10,7.051692243091404e-05,13.0
-1.2900488592379333,0.7123746055445581,1.6862965431875789e-10,7.051692243091404e-05,14.0
-1.2900511281659608,0.7123706785537411,1.6862965431875789e-10,7.051692243091404e-05,15.0
-1.2900518554446603,0.7123695440897274,1.6862965431875789e-10,7.051692243091404e-05,16.0
-1.2900524952823638,0.712368642452636,1.2139308795323279e-11,1.605763055246702e-05,17.0
-1.2900529026422116,0.7123679443209352,1.2139308795323279e-11,1.605763055246702e-05,18.0
-1.290055171570239,0.7123654135935196,1.3961195122108123e-10,5.6601959337610195e-05,18.0
-1.2900554914890907,0.7123648608477455,1.3961195122108123e-10,5.6601959337610195e-05,19.0
-1.2900559569684025,0.7123641918630432,1.3961195122108123e-10,5.6601959337610195e-05,20.0
-1.290056480567178,0.7123633481708829,1.3961195122108123e-10,5.6601959337610195e-05,21.0
-1.2900570041659534,0.7123623882397943,1.3961195122108123e-10,5.6601959337610195e-05,23.0
-1.2900575567371948,0.7123613701892416,1.3961195122108123e-10,5.6601959337610195e-05,23.0
-1.2900581386299674,0.7123602648722263,1.3961195122108123e-10,5.6601959337610195e-05,23.0
-1.290058778467671,0.7123593049411376,1.3961195122108123e-10,5.6601959337610195e-05,24.0
-1.2900593020664468,0.7123580540636627,1.3961195122108123e-10,5.6601959337610195e-05,24.0
-1.2900598256652223,0.7123567742137222,1.3961195122108123e-10,5.6601959337610195e-05,26.0
-1.2900603202915324,0.7123554652167834,1.3961195122108123e-10,5.6601959337610195e-05,26.0
-1.2900609311567703,0.7123541270728457,1.3961195122108123e-10,5.6601959337610195e-05,26.0
-1.290061542022009,0.7123528472229053,1.3961195122108123e-10,5.6601959337610195e-05,25.0
-1.2900629672578758,0.7123506364143417,1.2072445272516452e-11,1.4846853293726669e-05,27.0
-1.2900636072701126,0.7123498218691799,1.2072445272516452e-11,1.4846853293726669e-05,27.0
-1.2900640436024258,0.7123492692979387,1.2072445272516452e-11,1.4846853293726669e-05,28.0
-1.2900658180786762,0.71234688395645,1.2072445272516452e-11,1.4846853293726669e-05,30.0
-1.2900663125304532,0.712345894878363,1.2072445272516452e-11,1.4846853293726669e-05,31.0
-1.2900668069822303,0.7123447895613476,1.2072445272516452e-11,1.4846853293726669e-05,32.0
-1.2900674761414654,0.7123435386838728,1.2072445272516452e-11,1.4846853293726669e-05,32.0
-1.290068319659093,0.7123422296869337,1.2072445272516452e-11,1.4846853293726669e-05,33.0
-1.290069134204255,0.7123409789839917,1.2072445272516452e-11,1.4846853293726669e-05,34.0
-1.2900706758535834,0.7123383609901137,1.2072445272516452e-11,1.4846853293726669e-05,33.0
-1.2900713448382854,0.7123369355797137,1.2072445272516452e-11,1.4846853293726669e-05,35.0
-1.2900721593834474,0.7123355101693134,1.2072445272516452e-11,1.4846853293726669e-05,37.0
-1.2900729156346122,0.7123339685199852,1.298858216206645e-11,1.6602066039698014e-05,37.0
-1.29007367206031,0.7123325431095852,1.298858216206645e-11,1.6602066039698014e-05,37.0
-1.2900745736974017,0.712331059579721,1.298858216206645e-11,1.6602066039698014e-05,40.0
-1.2900759118413392,0.7123281797864551,1.298858216206645e-11,1.6602066039698014e-05,40.0
-1.2900766680925042,0.7123267835230536,1.298858216206645e-11,1.6602066039698014e-05,39.0
-1.290077366224205,0.7123252999931894,1.298858216206645e-11,1.6602066039698014e-05,39.0
-1.290078238888831,0.7123237291968626,2.741983242328398e-11,2.7883762380528987e-05,40.0
-1.2900789080480661,0.7123221002810717,2.741983242328398e-11,2.7883762380528987e-05,41.0
-1.2900796934462293,0.7123205876042091,2.741983242328398e-11,2.7883762380528987e-05,41.0
-1.2900805661108554,0.7123190751018792,1.808178542149989e-11,2.2192616990745875e-05,41.0
-1.2900839403558984,0.712313169954888,6.862573541376129e-12,1.0640569132727823e-05,39.0
-1.2900847549010603,0.7123117155720223,6.862573541376129e-12,1.0640569132727823e-05,39.0
-1.290085889365074,0.7123087485122941,6.862573541376129e-12,1.0640569132727823e-05,38.0
-1.2900865002303123,0.7123074103683564,6.862573541376129e-12,1.0640569132727823e-05,39.0
-1.2900877800802526,0.712304821521477,3.101005334127385e-13,2.2883503291095198e-06,37.0
-1.2900887400113414,0.7123033961110768,3.101005334127385e-13,2.2883503291095198e-06,38.0
-1.290089641822966,0.7123019708752097,3.101005334127385e-13,2.2883503291095198e-06,38.0
-1.290090572607056,0.7123004873453455,3.101005334127385e-13,2.2883503291095198e-06,38.0
-1.290091328858221,0.7122990619349453,3.101005334127385e-13,2.2883503291095198e-06,39.0
-1.2900921142563841,0.7122977237910078,3.101005334127385e-13,2.2883503291095198e-06,37.0
-1.290093743346708,0.7122952803300551,4.4583805559791586e-11,5.207388320415638e-05,37.0
-1.2900943831844118,0.7122941750130397,4.4583805559791586e-11,5.207388320415638e-05,37.0
-1.2900950231966486,0.7122931569624871,4.4583805559791586e-11,5.207388320415638e-05,36.0
-1.290096099541198,0.7122910915398504,4.4583805559791586e-11,5.207388320415638e-05,35.0
-1.290096623139974,0.7122901607557602,4.4583805559791586e-11,5.207388320415638e-05,34.0
-1.2900972629776777,0.7122892880911341,4.4583805559791586e-11,5.207388320415638e-05,35.0
-1.2900978738429156,0.7122885318399693,4.4583805559791586e-11,5.207388320415638e-05,35.0
-1.2900983974416915,0.7122878337082685,4.4583805559791586e-11,5.207388320415638e-05,35.0
-1.2900988920680014,0.7122870772825707,4.4583805559791586e-11,5.207388320415638e-05,35.0
-1.2900998228520917,0.7122854775137784,6.090398844267693e-11,5.1189673925688645e-05,35.0
-1.2901003755978655,0.7122844592886927,6.090398844267693e-11,5.1189673925688645e-05,33.0
-1.2901015100618793,0.7122825104540499,5.572198920571886e-11,5.155340365219422e-05,34.0
-1.2901018881001953,0.7122815213759627,5.572198920571886e-11,5.155340365219422e-05,32.0
-1.290102469992968,0.712280328792485,5.572198920571886e-11,5.155340365219422e-05,33.0
-1.2901040989087589,0.7122781761033855,5.572198920571886e-11,5.155340365219422e-05,30.0
-1.290104709773997,0.7122770416393718,5.572198920571886e-11,5.155340365219422e-05,27.0
-1.290105407905698,0.712276023588819,5.572198920571886e-11,5.155340365219422e-05,29.0
-1.2901060187709361,0.7122749763912678,5.572198920571886e-11,5.155340365219422e-05,29.0
-1.2901073277678752,0.7122725910497791,8.267103540876127e-11,5.1387445640122034e-05,27.0
-1.2901081712855025,0.7122712530803745,8.267103540876127e-11,5.1387445640122034e-05,25.0
-1.2901087821507407,0.7122696239900508,8.267103540876127e-11,5.1387445640122034e-05,25.0
-1.290109567548904,0.712268111487721,8.267103540876127e-11,5.1387445640122034e-05,25.0
-1.2901104112410646,0.7122665988108583,8.267103540876127e-11,5.1387445640122034e-05,25.0
-1.2901114001446188,0.7122651734004583,1.9369448947230318e-10,6.705230993122516e-05,26.0
-1.2901123019562433,0.7122638062840551,1.9369448947230318e-10,6.705230993122516e-05,25.0
-1.2901131746208694,0.7122624681401176,1.166019128728843e-10,7.576225736583738e-05,27.0
-1.2901140472854955,0.7122611591431787,3.0462960448468235e-11,2.331260713691571e-05,27.0
-1.2901148326836587,0.7122599084402366,3.0462960448468235e-11,2.331260713691571e-05,28.0
-1.290115501668361,0.7122587156822259,3.0462960448468235e-11,2.331260713691571e-05,25.0
-1.2901160835611338,0.7122576103652105,3.0462960448468235e-11,2.331260713691571e-05,25.0
-1.2901165780129107,0.7122566212871233,3.0462960448468235e-11,2.331260713691571e-05,24.0
-1.2901176543574604,0.7122548178384073,3.0462960448468235e-11,2.331260713691571e-05,24.0
-1.2901182360757,0.7122539451737814,3.0462960448468235e-11,2.331260713691571e-05,24.0
-1.2901194578061765,0.7122522289915278,3.0462960448468235e-11,2.331260713691571e-05,26.0
-1.2901199814049522,0.7122513852993674,3.0462960448468235e-11,2.331260713691571e-05,26.0
-1.290120795950114,0.7122496982641124,3.0462960448468235e-11,2.331260713691571e-05,24.0
-1.29012117398843,0.7122489418384147,3.0462960448468235e-11,2.331260713691571e-05,24.0
-1.2901214357878177,0.7122482437067139,3.0462960448468235e-11,2.331260713691571e-05,22.0
-1.2901217558812024,0.7122476328414756,4.428223431340781e-11,2.7568719308816653e-05,23.0
-1.2912161062946685,0.71182095813336,2.0803998993552053e-11,2.4803844979122065e-05,15.0
-1.291216513654516,0.7118208125729004,2.0803998993552053e-11,2.4803844979122065e-05,15.0
-1.291217008106293,0.7118206963339723,2.0803998993552053e-11,2.4803844979122065e-05,15.0
-1.2912175898245326,0.7118202600016592,2.0803998993552053e-11,2.4803844979122065e-05,15.0
-1.2912179388903833,0.7118197653753493,2.0803998993552053e-11,2.4803844979122065e-05,15.0
-1.29121857890262,0.7118191255376455,2.0803998993552053e-11,2.4803844979122065e-05,16.0
-1.2912193351537846,0.7118184855254087,2.0803998993552053e-11,2.4803844979122065e-05,15.0
-1.291219946019023,0.7118177873937079,2.0803998993552053e-11,2.4803844979122065e-05,14.0
-1.2912208478306475,0.7118160129174574,1.6106097759780816e-10,5.218727906451597e-05,14.0
-1.291221371429423,0.711815285813291,1.6106097759780816e-10,5.218727906451597e-05,14.0
-1.2912218077617361,0.7118144712681291,1.6106097759780816e-10,5.218727906451597e-05,14.0
-1.291222127680588,0.7118139476693535,1.6106097759780816e-10,5.218727906451597e-05,15.0
-1.2912232912916002,0.7118121442206374,5.6578421082001826e-11,3.927467569924686e-05,15.0
-1.29122529842024,0.7118093516938342,5.6578421082001826e-11,3.927467569924686e-05,15.0
-1.2912260256989394,0.711808624415135,5.6578421082001826e-11,3.927467569924686e-05,15.0
-1.2912267819501044,0.7118080716693609,5.6578421082001826e-11,3.927467569924686e-05,15.0
-1.2912274219623412,0.711807257298732,5.6578421082001826e-11,3.927467569924686e-05,15.0
-1.2912290217311335,0.7118044064779316,1.5397329178510238e-10,7.314202478228594e-05,15.0
-1.2912294580634462,0.7118033592803805,1.5397329178510238e-10,7.314202478228594e-05,15.0
-1.2912300689286844,0.7118021958439011,1.5397329178510238e-10,7.314202478228594e-05,16.0
-1.2912306216744587,0.7118010322328888,1.5397329178510238e-10,7.314202478228594e-05,16.0
-1.2912310580067716,0.7117997523829482,1.5397329178510238e-10,7.314202478228594e-05,16.0
-1.2912316980190082,0.7117984433860092,1.6112951651758223e-10,9.477772016294001e-05,15.0
-1.2912324834171718,0.7117972506279985,1.6112951651758223e-10,9.477772016294001e-05,14.0
-1.291233210521338,0.711796087191519,1.6112951651758223e-10,9.477772016294001e-05,15.0
-1.2912339959195014,0.7117948071670456,1.6112951651758223e-10,9.477772016294001e-05,14.0
-1.2912348685841275,0.7117935564641038,1.6112951651758223e-10,9.477772016294001e-05,14.0
-1.2912357412487534,0.7117923637060929,1.6112951651758223e-10,9.477772016294001e-05,13.0
-1.2912366722073767,0.7117912002696135,1.6112951651758223e-10,9.477772016294001e-05,13.0
-1.2912376902579294,0.7117900075116027,1.6112951651758223e-10,9.477772016294001e-05,14.0
-1.2912389119884058,0.7117887857811264,2.1331718211199197e-10,0.00011936260273462889,14.0
-1.291239959185957,0.7117875931976485,2.1331718211199197e-10,0.00011936260273462889,15.0
-1.2912407445841203,0.7117863133477079,1.1077214469219051e-10,7.719518749305053e-05,14.0
-1.291241559129282,0.7117850916172316,1.1077214469219051e-10,7.719518749305053e-05,14.0
-1.2912432461645373,0.7117829389281322,1.1077214469219051e-10,7.719518749305053e-05,13.0
-1.291245195173713,0.7117806118806403,1.1077214469219051e-10,7.719518749305053e-05,13.0
-1.2912469113559664,0.7117781103002234,1.1077214469219051e-10,7.719518749305053e-05,13.0
-1.2912477840205923,0.7117769466892113,1.1077214469219051e-10,7.719518749305053e-05,13.0
-1.2912488022456778,0.711775841372196,2.8912153164242002e-11,2.1824625441112295e-05,13.0
-1.291249907562693,0.7117746486141852,2.8912153164242002e-11,2.1824625441112295e-05,13.0
-1.291250867493782,0.7117731942313195,2.8912153164242002e-11,2.1824625441112295e-05,13.0
-1.291251972810797,0.7117717398484538,2.8912153164242002e-11,2.1824625441112295e-05,12.0
-1.2912531945412735,0.7117700817856644,2.8912153164242002e-11,2.1824625441112295e-05,12.0
-1.2912541254998964,0.7117685109893376,2.8912153164242002e-11,2.1824625441112295e-05,12.0
-1.291254969017524,0.7117671147259361,2.8912153164242002e-11,2.1824625441112295e-05,12.0
-1.291255899801614,0.7117658929954597,2.8912153164242002e-11,2.1824625441112295e-05,12.0
-1.2912564816943866,0.7117646712649832,2.8912153164242002e-11,2.1824625441112295e-05,11.0
-1.2912572670925502,0.7117641766386732,2.8912153164242002e-11,2.1824625441112295e-05,12.0
-1.2912580233437152,0.7117635949204335,2.8912153164242002e-11,2.1824625441112295e-05,12.0
-1.2912588668613425,0.7117628967887327,2.8912153164242002e-11,2.1824625441112295e-05,13.0
-1.2912595649930434,0.7117616169387924,2.8912153164242002e-11,2.1824625441112295e-05,13.0
-1.2912601758582813,0.7117606859801692,1.623936788112573e-10,8.985302601834229e-05,12.0
-1.291260757751054,0.7117595515161554,1.623936788112573e-10,8.985302601834229e-05,12.0
-1.2912613394692938,0.7117587079985278,1.623936788112573e-10,8.985302601834229e-05,12.0
-1.2912619794815303,0.7117581552527538,1.623936788112573e-10,8.985302601834229e-05,12.0
-1.2912623285473808,0.7117578644809004,1.623936788112573e-10,8.985302601834229e-05,12.0
-1.2912653537265735,0.7117551881930254,1.623936788112573e-10,8.985302601834229e-05,12.0
-1.29126599373881,0.7117548391271751,1.623936788112573e-10,8.985302601834229e-05,12.0
-1.291267186322288,0.7117548101547094,1.623936788112573e-10,8.985302601834229e-05,12.0
-1.2912679717204514,0.7117544900613247,1.934626756154404e-10,6.034634142388708e-05,12.0
-1.2912683207863016,0.7117537919296238,1.934626756154404e-10,6.034634142388708e-05,12.0
-1.2912684371997627,0.711753093797923,1.934626756154404e-10,6.034634142388708e-05,13.0
-1.291268815238079,0.7117522794272942,1.934626756154404e-10,6.034634142388708e-05,12.0
-1.2912691934509277,0.7117514648821321,1.934626756154404e-10,6.034634142388708e-05,12.0
-1.2912695425167782,0.7117507086309673,1.934626756154404e-10,6.034634142388708e-05,12.0
-1.2912700079960897,0.7117499232328038,1.934626756154404e-10,6.034634142388708e-05,12.0
-1.2912703860344055,0.7117492251011031,1.934626756154404e-10,6.034634142388708e-05,12.0
-1.291270735100256,0.7117485269694023,1.934626756154404e-10,6.034634142388708e-05,11.0
-1.2912709968996439,0.7117479161041642,1.934626756154404e-10,6.034634142388708e-05,10.0
-1.2912710551936408,0.7117474506248526,1.934626756154404e-10,6.034634142388708e-05,10.0
-1.2912713169930286,0.7117469851455411,1.934626756154404e-10,6.034634142388708e-05,11.0
-1.291271549645418,0.7117465779602266,1.934626756154404e-10,6.034634142388708e-05,11.0
-1.291271666058879,0.7117460252144524,1.934626756154404e-10,6.034634142388708e-05,11.0
-1.291272102391192,0.7117459379479898,1.934626756154404e-10,6.034634142388708e-05,11.0
-1.2912755057832335,0.7117465779602266,1.934626756154404e-10,6.034634142388708e-05,12.0
-1.2912767564861753,0.7117466943736876,1.934626756154404e-10,6.034634142388708e-05,12.0
-1.2912779492441864,0.7117471015590021,1.934626756154404e-10,6.034634142388708e-05,12.0
-1.2912792290941266,0.7117474797718512,1.934626756154404e-10,6.034634142388708e-05,12.0
-1.2912816725550795,0.7117484686754052,1.934626756154404e-10,6.034634142388708e-05,12.0
-1.2912836215642554,0.7117492832205672,1.934626756154404e-10,6.034634142388708e-05,11.0
-1.291284494228881,0.711749603139419,1.934626756154404e-10,6.034634142388708e-05,10.0
-1.2912858032258203,0.7117499522052694,1.934626756154404e-10,6.034634142388708e-05,9.0
-1.2912864140910583,0.7117500394717321,1.934626756154404e-10,6.034634142388708e-05,8.0
-1.2912917663177426,0.7117515230015962,2.692304710573413e-10,8.505493661613705e-05,8.0
-1.2912916500788143,0.7117518430949812,2.692304710573413e-10,8.505493661613705e-05,8.0
-1.2912909809195792,0.7117537919296238,2.692304710573413e-10,8.505493661613705e-05,8.0
-1.2912906318537287,0.7117545483553217,1.934626756154404e-10,6.034634142388708e-05,8.0
-1.2912901082549533,0.711756206418111,1.934626756154404e-10,6.034634142388708e-05,7.0
-1.291289875602564,0.7117572244686637,1.934626756154404e-10,6.034634142388708e-05,7.0
-1.2912895265367135,0.7117581262802883,1.934626756154404e-10,6.034634142388708e-05,7.0
-1.2912892066178614,0.7117593480107646,1.934626756154404e-10,6.034634142388708e-05,7.0
-1.2912888284050126,0.7117603079418533,1.934626756154404e-10,6.034634142388708e-05,7.0
-1.2912883339532357,0.7117616169387924,1.934626756154404e-10,6.034634142388708e-05,8.0
-1.291287752060463,0.7117627514028061,1.934626756154404e-10,6.034634142388708e-05,8.0
-1.2912870830757606,0.711764060399745,1.934626756154404e-10,6.034634142388708e-05,10.0
-1.291285628692895,0.7117665328331634,1.623936788112573e-10,8.985302601834229e-05,9.0
-1.291284814147733,0.7117679290965649,1.623936788112573e-10,8.985302601834229e-05,9.0
-1.2912840287495695,0.7117692963875011,1.623936788112573e-10,8.985302601834229e-05,9.0
-1.2912826033391696,0.7117716525819913,1.623936788112573e-10,8.985302601834229e-05,9.0
-1.2912828942855559,0.7117725833660813,1.623936788112573e-10,8.985302601834229e-05,9.0
-1.2912826033391696,0.7117736886830965,1.623936788112573e-10,8.985302601834229e-05,9.0
-1.2912821088873927,0.7117749976800356,1.623936788112573e-10,8.985302601834229e-05,9.0
-1.2912810616898414,0.7117777612343731,2.2910504605139161e-10,0.00012012339500046004,8.0
-1.2912804799716018,0.7117792156172388,2.2910504605139161e-10,0.00012012339500046004,8.0
-1.2912797526929023,0.711780641027639,2.2910504605139161e-10,0.00012012339500046004,7.0
-1.291278967294739,0.7117821535299688,2.2910504605139161e-10,0.00012012339500046004,7.0
-1.2912781237771116,0.7117839861256834,2.2910504605139161e-10,0.00012012339500046004,8.0
-1.2912774256454107,0.7117857024824699,2.2910504605139161e-10,0.00012012339500046004,8.0
-1.2912767564861753,0.7117873313982606,1.4352506658783759e-10,7.102198327179916e-05,8.0
-1.291276087501473,0.7117888440751233,1.4352506658783759e-10,7.102198327179916e-05,8.0
-1.2912755057832335,0.7117901820445278,1.4352506658783759e-10,7.102198327179916e-05,9.0
-1.2912745458521446,0.7117925092665526,1.4352506658783759e-10,7.102198327179916e-05,8.0
-1.2912741967862946,0.7117935273171052,1.4352506658783759e-10,7.102198327179916e-05,8.0
-1.2912739931063706,0.7117943418622671,1.4352506658783759e-10,7.102198327179916e-05,8.0
-1.291273847720444,0.711795098113432,1.4352506658783759e-10,7.102198327179916e-05,8.0
-1.2912736440405204,0.7117958543645969,1.4352506658783759e-10,7.102198327179916e-05,7.0
-1.2912734403605968,0.711796523523832,1.4352506658783759e-10,7.102198327179916e-05,7.0
-1.2912730623222806,0.7117972216555328,1.4352506658783759e-10,7.102198327179916e-05,7.0
-1.2912720732441938,0.7117989959572506,1.4352506658783759e-10,7.102198327179916e-05,7.0
-1.2912704443284024,0.711801206765814,1.4352506658783759e-10,7.102198327179916e-05,7.0
-1.291269426103317,0.7118022831103639,1.4352506658783759e-10,7.102198327179916e-05,8.0
-1.2912683499333002,0.7118031847474553,1.4352506658783759e-10,7.102198327179916e-05,8.0
-1.2912672154692866,0.7118043192114691,1.4352506658783759e-10,7.102198327179916e-05,7.0
-1.2912661682717352,0.7118053955560188,1.4352506658783759e-10,7.102198327179916e-05,7.0
-1.291265004660723,0.7118065591670312,2.9546914943615715e-10,7.963346802696483e-05,7.0
-1.2912638701967092,0.7118076936310449,2.9546914943615715e-10,7.963346802696483e-05,8.0
-1.2912615431492176,0.7118110678760877,2.9546914943615715e-10,7.963346802696483e-05,8.0
-1.2912603795382052,0.7118122023401016,2.9546914943615715e-10,7.963346802696483e-05,8.0
-1.291259215927193,0.7118133368041154,2.9546914943615715e-10,7.963346802696483e-05,8.0
-1.2912566851997773,0.7118156638516071,2.4740630832218374e-10,0.00012978622810563904,8.0
-1.2912555798827623,0.7118166820766927,2.4740630832218374e-10,0.00012978622810563904,8.0
-1.2912538345535103,0.7118178455131721,2.4740630832218374e-10,0.00012978622810563904,9.0
-1.291252351023646,0.7118189799771858,2.4740630832218374e-10,0.00012978622810563904,9.0
-1.291251274679096,0.711820085468734,2.4740630832218374e-10,0.00012978622810563904,9.0
-1.2912492094309924,0.7118218597704515,2.4740630832218374e-10,0.00012978622810563904,10.0
-1.2912482494999038,0.7118227034626119,2.4740630832218374e-10,0.00012978622810563904,10.0
-1.2912479004340534,0.7118234888607754,2.4740630832218374e-10,0.00012978622810563904,9.0
-1.2912474349547418,0.7118241869924762,2.4740630832218374e-10,0.00012978622810563904,10.0
-1.2912469113559664,0.7118246814442534,5.6578421082001826e-11,3.927467569924686e-05,10.0
-1.2912464750236532,0.7118253504289556,1.4702740537772973e-10,0.0001006388404908093,10.0
-1.2912462132242655,0.7118259323217283,1.4702740537772973e-10,0.0001006388404908093,10.0
-1.2912459805718761,0.7118264267735053,1.4702740537772973e-10,0.0001006388404908093,9.0
-1.2912457768919523,0.7118269503722809,1.4702740537772973e-10,0.0001006388404908093,9.0
-1.2912456606530243,0.7118271830246703,1.4702740537772973e-10,0.0001006388404908093,9.0
-1.2912456023590275,0.7118272413186671,1.4702740537772973e-10,0.0001006388404908093,9.0
-1.2912434498444607,0.7118301792313971,1.4702740537772973e-10,0.0001006388404908093,9.0
-1.2912434498444607,0.7118312555759467,1.4702740537772973e-10,0.0001006388404908093,9.0
-1.2912438861767739,0.7118320699465759,1.4702740537772973e-10,0.0001006388404908093,8.0
-1.2912447007219356,0.7118326226923498,0.0,0.0,8.0
-1.2912455150925648,0.7118339316892889,0.0,0.0,8.0
-1.2912467368230411,0.7118347170874523,0.0,0.0,8.0
-1.2912479877005159,0.7118353279526904,0.0,0.0,9.0
-1.2912493258444533,0.7118359679649272,0.0,0.0,9.0
-1.2912507510803206,0.7118364042972403,0.0,0.0,9.0
-1.2912521183712566,0.7118369860154798,0.0,0.0,9.0
-1.2912534273681957,0.7118375096142556,0.0,0.0,8.0
-1.2912547363651348,0.711838033213031,0.0,0.0,7.0
-1.291256016215075,0.7118385568118067,0.0,0.0,6.0
-1.2912572379455516,0.7118389639971211,0.0,0.0,6.0
-1.2912585469424906,0.7118394586234312,2.664183953470745e-12,6.690918135298935e-06,6.0
-1.291259826792431,0.7118399530752083,2.664183953470745e-12,6.690918135298935e-06,6.0
-1.291261019550442,0.7118404475269854,2.664183953470745e-12,6.690918135298935e-06,6.0
-1.2912620957204588,0.7118408838592982,2.664183953470745e-12,6.690918135298935e-06,5.0
-1.29126314291801,0.7118412912191457,2.664183953470745e-12,6.690918135298935e-06,5.0
-1.291264190115561,0.7118415819909992,2.664183953470745e-12,6.690918135298935e-06,5.0
-1.291264626447874,0.7118422801227,2.664183953470745e-12,6.690918135298935e-06,5.0
-1.2912652664601107,0.711844083745949,2.664183953470745e-12,6.690918135298935e-06,2.0
-1.2912657609118878,0.7118451309435002,2.664183953470745e-12,6.690918135298935e-06,2.0
-1.2912666046040482,0.7118458871946649,2.664183953470745e-12,6.690918135298935e-06,2.0
-1.2912674189746773,0.7118466144733644,2.664183953470745e-12,6.690918135298935e-06,2.0
-1.2912682626668375,0.7118472543110681,2.664183953470745e-12,6.690918135298935e-06,2.0
-1.2912691643039291,0.7118476906433812,2.664183953470745e-12,6.690918135298935e-06,2.0
-1.2912700952625522,0.711848010736766,2.664183953470745e-12,6.690918135298935e-06,2.0
-1.291271171432569,0.7118480980032285,2.664183953470745e-12,6.690918135298935e-06,2.0
-1.2912723641905797,0.711848010736766,2.664183953470745e-12,6.690918135298935e-06,2.0
-1.2912734986545937,0.7118477779098438,2.664183953470745e-12,6.690918135298935e-06,2.0
-1.2912745748246104,0.7118473126050652,2.664183953470745e-12,6.690918135298935e-06,2.0
-1.2912754766362349,0.711846759859291,2.664183953470745e-12,6.690918135298935e-06,2.0
-1.2912766692197128,0.711843269200787,2.664183953470745e-12,6.690918135298935e-06,2.0
-1.291276407420325,0.7118420766173092,2.664183953470745e-12,6.690918135298935e-06,2.0
-1.291276087501473,0.71183934220997,2.664183953470745e-12,6.690918135298935e-06,2.0
-1.2912761456209374,0.7118378295331073,2.664183953470745e-12,6.690918135298935e-06,2.0
-1.2912763784478594,0.7118359969373929,2.664183953470745e-12,6.690918135298935e-06,2.0
-1.2912766111002487,0.7118342516081407,2.664183953470745e-12,6.690918135298935e-06,3.0
-1.291277541884339,0.7118307609496368,2.664183953470745e-12,6.690918135298935e-06,3.0
-1.2912781818965757,0.7118289283539222,0.0,0.0,3.0
-1.291278967294739,0.711827124905206,0.0,0.0,5.0
-1.2912797818399007,0.71182532145649,0.0,0.0,5.0
-1.2912806253575284,0.711823634246702,0.0,0.0,5.0
-1.2912814107556918,0.7118220053309111,0.0,0.0,5.0
-1.2912822542733193,0.7118204926540486,0.0,0.0,5.0
-1.291283010699017,0.7118191836571095,0.0,0.0,5.0
-1.291283766950182,0.7118180200460973,0.0,0.0,5.0
-1.2912845523483454,0.711817031142543,0.0,0.0,5.0
-1.291285134066585,0.7118162165973811,0.0,0.0,5.0
-1.2912855995458965,0.7118157511180696,0.0,0.0,5.0
-1.2912858904922828,0.7118153730797536,0.0,0.0,5.0
-1.2912861522916705,0.7118149076004422,0.0,0.0,5.0
-1.291286501357521,0.7118141513492772,0.0,0.0,5.0
-1.291286879395837,0.7118131622711902,0.0,0.0,5.0
-1.2912881011263133,0.7118106023967763,0.0,0.0,4.0
-1.2912889448184737,0.7118090898944465,0.0,0.0,3.0
-1.2912899047495625,0.7118074608041226,0.0,0.0,4.0
-1.291291301012964,0.7118055992359426,0.0,0.0,3.0
-1.2912928135152937,0.7118036210797684,2.360785003406379e-12,6.253480279583415e-06,3.0
-1.291294413458619,0.7118014977122004,2.360785003406379e-12,6.253480279583415e-06,3.0
-1.2912976423177354,0.7117971633615358,0.0,0.0,3.0
-1.291299213114062,0.7117950399939679,0.0,0.0,3.0
-1.2913007547633903,0.711792916451867,0.0,0.0,3.0
-1.2913023547067157,0.711790734790302,0.0,0.0,3.0
-1.291304012769505,0.7117884367152759,0.0,0.0,2.0
-1.2913055835658318,0.7117861388147828,0.0,0.0,2.0
-1.2913071543621586,0.7117838115927582,0.0,0.0,3.0
-1.291308812424948,0.7117814845452665,0.0,0.0,3.0
-1.2913105577542,0.7117791574977749,0.0,0.0,3.0
-1.291313670199855,0.7117749395605715,0.0,0.0,3.0
-1.2913155027955696,0.7117728743124676,0.0,0.0,4.0
-1.2913174518047452,0.7117707799173651,0.0,0.0,4.0
-1.291319400813921,0.7117687144947284,0.0,0.0,4.0
-1.2913214369150265,0.7117666492466245,0.0,0.0,5.0
-1.291325509466303,0.7117624313094211,0.0,0.0,4.0
-1.2913275165949427,0.7117603369143188,0.0,0.0,4.0
-1.29132943645712,0.7117581262802883,0.0,0.0,4.0
-1.2913313852917627,0.7117558282052621,0.0,0.0,5.0
-1.2913348759502667,0.7117514067626681,0.0,0.0,5.0
-1.2913901156210925,0.7116775501883102,1.5684750944665244e-12,5.024943733540996e-06,5.0
-1.2913917155644177,0.7116753393797467,1.5684750944665244e-12,5.024943733540996e-06,5.0
-1.2913950025429979,0.7116708598176885,1.5684750944665244e-12,5.024943733540996e-06,5.0
-1.2913966024863233,0.7116686781561236,1.5684750944665244e-12,5.024943733540996e-06,5.0
-1.29139817328265,0.7116665837610212,1.5684750944665244e-12,5.024943733540996e-06,5.0
-1.2913999477589007,0.7116644020994561,0.0,0.0,4.0
-1.2914050092137312,0.711657682581836,0.0,0.0,7.0
-1.2914066962489863,0.711655500920271,0.0,0.0,7.0
-1.2914082380728475,0.7116535519110953,0.0,0.0,6.0
-1.2914097505751774,0.7116515447824555,0.0,0.0,6.0
-1.2914112341050417,0.7116495668008141,0.0,0.0,6.0
-1.2914127467819045,0.7116475013781772,0.0,0.0,6.0
-1.2914140266318448,0.7116453780106095,0.0,0.0,6.0
-1.2914152483623211,0.7116434290014338,0.0,0.0,5.0
-1.2914165573592602,0.7116413637533298,0.0,0.0,5.0
-1.2914179827696604,0.7116391529447663,0.0,0.0,5.0
-1.2914209206823901,0.7116349060350975,2.131712703738649e-12,6.615667358002002e-06,9.0
-1.2914240914220423,0.7116304844179704,2.131712703738649e-12,6.615667358002002e-06,9.0
-1.2914257786318302,0.7116282154899429,2.131712703738649e-12,6.615667358002002e-06,9.0
-1.291427407547621,0.7116260048559124,0.0,0.0,9.0
-1.2914289491969493,0.7116238521668129,0.0,0.0,9.0
-1.2914303164878853,0.7116217577717104,0.0,0.0,9.0
-1.291431770870751,0.7116196633766082,0.0,0.0,9.0
-1.2914330507206915,0.7116176562479684,0.0,0.0,9.0
-1.2914342434787023,0.7116157363857911,0.0,0.0,10.0
-1.2914366869396552,0.7116124785542094,1.9795563022200263e-12,5.758799665868506e-06,10.0
-1.2914377341372063,0.7116111112632734,1.9795563022200263e-12,5.758799665868506e-06,10.0
-1.2914385485078355,0.7116099767992594,1.9795563022200263e-12,5.758799665868506e-06,11.0
-1.291439682971849,0.7116083770304671,1.9795563022200263e-12,5.758799665868506e-06,11.0
-1.2914401193041622,0.7116077661652288,1.9795563022200263e-12,5.758799665868506e-06,11.0
-1.2914404683700125,0.7116072715389189,1.9795563022200263e-12,5.758799665868506e-06,11.0
-1.2914407884633972,0.7116067770871418,1.9795563022200263e-12,5.758799665868506e-06,10.0
-1.2914410792352504,0.7116063407548288,1.9795563022200263e-12,5.758799665868506e-06,10.0
-1.2914413993286356,0.7116059335695143,1.9795563022200263e-12,5.758799665868506e-06,10.0
-1.2914417192474872,0.711605584503664,1.9795563022200263e-12,5.758799665868506e-06,10.0
-1.2914428245645024,0.7116041009737998,1.9795563022200263e-12,5.758799665868506e-06,10.0
-1.291443173630353,0.7116037519079493,1.9795563022200263e-12,5.758799665868506e-06,10.0
-1.291443609962666,0.7116031700151767,1.9795563022200263e-12,5.758799665868506e-06,10.0
-1.2914443080943667,0.7116016864853125,0.0,0.0,9.0
-1.2914446281877519,0.7116009593811461,0.0,0.0,8.0
-1.291445035373066,0.7116002029554485,0.0,0.0,7.0
-1.291445355291918,0.7115995048237475,0.0,0.0,7.0
-1.2914456170913058,0.7115988358390453,0.0,0.0,7.0
-1.291445908037692,0.7115982541208057,0.0,0.0,7.0
-1.29144616983708,0.7115977013750315,0.0,0.0,7.0
-1.2914464316364678,0.7115972358957199,0.0,0.0,7.0
-1.291446664288857,0.7115967995634068,0.0,0.0,7.0
-1.2914468971157793,0.7115963632310939,0.0,0.0,7.0
-1.2914322944695267,0.7115912728037975,3.103242748411524e-10,8.944795865046549e-05,10.0
-1.291430403754348,0.7115905163780997,3.103242748411524e-10,8.944795865046549e-05,11.0
-1.2914284255981738,0.7115898473933975,3.103242748411524e-10,8.944795865046549e-05,11.0
-1.2914264184695339,0.7115890328482356,3.103242748411524e-10,8.944795865046549e-05,10.0
-1.2914221715598648,0.7115870840135928,3.103242748411524e-10,8.944795865046549e-05,8.0
-1.291419931778836,0.7115861530549696,3.103242748411524e-10,8.944795865046549e-05,9.0
-1.2914176628508083,0.7115850185909559,8.367528288641554e-10,0.0001553846866781804,8.0
-1.291415306656318,0.71158414592633,8.367528288641554e-10,0.0001553846866781804,8.0
-1.2914131539672187,0.7115831570227757,7.433030583587036e-11,4.022085305635474e-05,6.0
-1.2914110595721164,0.7115822552111513,7.433030583587036e-11,4.022085305635474e-05,7.0
-1.2914091980039362,0.7115815570794505,7.433030583587036e-11,4.022085305635474e-05,7.0
-1.2914057654648963,0.7115798698696627,7.433030583587036e-11,4.022085305635474e-05,8.0
-1.2914042527880338,0.7115792590044244,7.433030583587036e-11,4.022085305635474e-05,8.0
-1.2914016930881524,0.7115782701008703,7.433030583587036e-11,4.022085305635474e-05,9.0
-1.2914005875966044,0.7115777754745601,7.433030583587036e-11,4.022085305635474e-05,10.0
-1.2913999767313662,0.7115771356368564,7.433030583587036e-11,4.022085305635474e-05,11.0
-1.2913992496271998,0.7115764083581572,7.433030583587036e-11,4.022085305635474e-05,11.0
-1.2913989586808134,0.7115757102264564,7.433030583587036e-11,4.022085305635474e-05,11.0
-1.2913986387619616,0.7115755356935312,7.433030583587036e-11,4.022085305635474e-05,11.0
-1.2913984642290366,0.7115755648405296,7.433030583587036e-11,4.022085305635474e-05,11.0
-1.2913982024296486,0.7115746921759035,7.433030583587036e-11,4.022085305635474e-05,11.0
-1.2913947117711446,0.7115734121514301,7.433030583587036e-11,4.022085305635474e-05,12.0
-1.2913934608936697,0.7115732959125022,7.433030583587036e-11,4.022085305635474e-05,13.0
-1.2913920646302681,0.7115732086460395,7.433030583587036e-11,4.022085305635474e-05,13.0
-1.2913908428997918,0.7115730049661158,7.433030583587036e-11,4.022085305635474e-05,13.0
-1.291387846693065,0.7115722195679524,0.0,0.0,13.0
-1.2913861013638128,0.7115717540886408,0.0,0.0,13.0
-1.2913843270620953,0.7115712887838623,0.0,0.0,13.0
-1.291382407199918,0.7115707941575522,4.824975436033181e-10,0.00011710106710353642,12.0
-1.291380603576669,0.711570241586311,4.824975436033181e-10,0.00011710106710353642,12.0
-1.2913787709809545,0.7115697761069996,4.824975436033181e-10,0.00011710106710353642,13.0
-1.2913770256517023,0.7115691943887599,4.824975436033181e-10,0.00011710106710353642,13.0
-1.2913736514066598,0.7115680016307491,4.824975436033181e-10,0.00011710106710353642,13.0
-1.2913680955000515,0.7115657909967185,4.2334236376588033e-10,0.0001326240753830759,12.0
-1.291367019155502,0.7115653546644054,4.2334236376588033e-10,0.0001326240753830759,12.0
-1.2913660592244134,0.7115650055985552,4.2334236376588033e-10,0.0001326240753830759,11.0
-1.2913652446792514,0.7115645982387078,4.2334236376588033e-10,0.0001326240753830759,11.0
-1.2913643430421597,0.7115643364393198,4.2334236376588033e-10,0.0001326240753830759,11.0
-1.2913619868476696,0.7115637547210801,4.2334236376588033e-10,0.0001326240753830759,10.0
-1.2913605322902713,0.7115635510411564,4.2334236376588033e-10,0.0001326240753830759,11.0
-1.2913589906409428,0.7115633183887672,4.2334236376588033e-10,0.0001326240753830759,10.0
-1.2913574198446158,0.7115629693229166,4.2334236376588033e-10,0.0001326240753830759,10.0
-1.291355849048289,0.7115623584576786,4.2334236376588033e-10,0.0001326240753830759,9.0
-1.2913542782519625,0.7115616603259778,4.2334236376588033e-10,0.0001326240753830759,10.0
-1.2913527366026343,0.7115610494607395,4.2334236376588033e-10,0.0001326240753830759,11.0
-1.291351311192234,0.7115604967149655,0.0,0.0,12.0
-1.2913493332105925,0.7115595950778738,0.0,0.0,12.0
-1.2913484313989683,0.7115585187333241,0.0,0.0,11.0
-1.2913482860130416,0.7115581988144722,0.0,0.0,11.0
-1.2913485478124294,0.7115579078680858,0.0,0.0,11.0
-1.2913431662642139,0.7115561916858324,0.0,0.0,11.0
-1.2913422063331252,0.7115572678558492,0.0,0.0,11.0
-1.2913416827343496,0.7115579370150845,0.0,0.0,11.0
-1.2913404610038732,0.7115593913979501,0.0,0.0,11.0
-1.2913397628721723,0.711560089529651,0.0,0.0,11.0
-1.2913391230344688,0.7115608168083504,0.0,0.0,10.0
-1.2913383666087708,0.7115614566460541,0.0,0.0,10.0
-1.2913376684770699,0.7115620966582908,0.0,0.0,11.0
-1.2913371740252928,0.7115627075235289,0.0,0.0,11.0
-1.2913367958124442,0.7115630857363778,0.0,0.0,12.0
-1.2913364758935921,0.7115634348022283,0.0,0.0,12.0
-1.291335719642427,0.7115643074668543,0.0,0.0,13.0
-1.2913349923637278,0.711565383636871,0.0,0.0,13.0
-1.291334614150879,0.7115659655296436,0.0,0.0,12.0
-1.2913341488461005,0.7115664308344222,0.0,0.0,13.0
-1.2913338870467126,0.7115669835801963,0.0,0.0,11.0
-1.2913335669533277,0.7115675071789719,0.0,0.0,11.0
-1.291332490783311,0.7115684962570591,0.0,0.0,12.0
-1.2913321125704622,0.7115702997057752,0.0,0.0,12.0
-1.2913317343576132,0.7115707941575522,0.0,0.0,12.0
-1.2913313852917627,0.7115712015173996,5.726914108106573e-11,3.601844304510735e-05,12.0
-1.2913279818997214,0.7115745176429785,5.726914108106573e-11,3.601844304510735e-05,14.0
-1.2913271675290925,0.7115757393734549,5.726914108106573e-11,3.601844304510735e-05,15.0
-1.291325887504619,0.7115773101697817,5.726914108106573e-11,3.601844304510735e-05,15.0
-1.2913242004693641,0.7115793172984214,5.726914108106573e-11,3.601844304510735e-05,16.0
-1.2913228914724248,0.7115808589477497,5.726914108106573e-11,3.601844304510735e-05,16.0
-1.291321960513802,0.71158228435815,5.726914108106573e-11,3.601844304510735e-05,16.0
-1.2913202443315486,0.7115855713367302,5.726914108106573e-11,3.601844304510735e-05,18.0
-1.2913183825888352,0.7115881601836095,1.74798613986081e-11,1.7670926873487733e-05,20.0
-1.2913173064188186,0.7115897020074708,1.74798613986081e-11,1.7670926873487733e-05,20.0
-1.2913162592212675,0.7115912436567992,1.74798613986081e-11,1.7670926873487733e-05,18.0
-1.2913142520926277,0.7115943852494526,1.74798613986081e-11,1.7670926873487733e-05,21.0
-1.2913130012151526,0.711595985192778,1.74798613986081e-11,1.7670926873487733e-05,22.0
-1.2913109649395145,0.7115988358390453,1.113955442453836e-11,1.4981700411063823e-05,23.0
-1.2913099760359603,0.7116002029554485,1.113955442453836e-11,1.4981700411063823e-05,24.0
-1.2913085214785616,0.7116016864853125,1.113955442453836e-11,1.4981700411063823e-05,23.0
-1.291307387014548,0.7116032572816394,1.113955442453836e-11,1.4981700411063823e-05,23.0
-1.2913059034846837,0.7116045662785783,1.113955442453836e-11,1.4981700411063823e-05,24.0
-1.2913049145811293,0.7116059625419798,1.113955442453836e-11,1.4981700411063823e-05,25.0
-1.291303460023731,0.7116075333383067,1.113955442453836e-11,1.4981700411063823e-05,23.0
-1.2913021220543264,0.7116092786675586,1.113955442453836e-11,1.4981700411063823e-05,23.0
-1.2913006966439262,0.7116111112632734,2.45367808546775e-11,2.3402627458292864e-05,23.0
-1.2912981367695122,0.7116147183352384,2.45367808546775e-11,2.3402627458292864e-05,20.0
-1.2912968569195717,0.7116165217839545,2.45367808546775e-11,2.3402627458292864e-05,21.0
-1.291295547922633,0.7116183543796691,2.45367808546775e-11,2.3402627458292864e-05,21.0
-1.2912942970451577,0.7116203033888449,2.45367808546775e-11,2.3402627458292864e-05,20.0
-1.2912930171952175,0.7116221359845594,2.45367808546775e-11,2.3402627458292864e-05,21.0
-1.29129167905128,0.7116240849937351,3.484777589725659e-11,4.369259635822726e-05,21.0
-1.2912903119348766,0.7116259757089137,3.484777589725659e-11,4.369259635822726e-05,18.0
-1.2912889156714753,0.7116277791576299,3.484777589725659e-11,4.369259635822726e-05,17.0
-1.291287752060463,0.7116294372204193,3.484777589725659e-11,4.369259635822726e-05,19.0
-1.2912863557970613,0.7116312698161339,3.484777589725659e-11,4.369259635822726e-05,19.0
-1.2912849595336597,0.7116330442923843,5.277635398741912e-10,0.00014346207352422178,19.0
-1.2912837378031834,0.7116347023551738,5.277635398741912e-10,0.00014346207352422178,15.0
-1.291282690605632,0.7116362150320366,5.277635398741912e-10,0.00014346207352422178,16.0
-1.2912816434080807,0.711637669414902,5.277635398741912e-10,0.00014346207352422178,15.0
-1.291280829037452,0.7116394438911525,1.1703766809229874e-10,4.734456529203445e-05,16.0
-1.2912797526929023,0.7116419163245711,1.1703766809229874e-10,4.734456529203445e-05,17.0
-1.2912760583544747,0.7116467159800139,1.1703766809229874e-10,4.734456529203445e-05,17.0
-1.2912745748246104,0.7116484323368003,1.1703766809229874e-10,4.734456529203445e-05,16.0
-1.291273614893522,0.7116498575726676,1.1703766809229874e-10,4.734456529203445e-05,15.0
-1.2912725095765065,0.7116511957166051,1.1703766809229874e-10,4.734456529203445e-05,14.0
-1.291271985977731,0.7116521847946923,1.1703766809229874e-10,4.734456529203445e-05,15.0
-1.291270182529015,0.7116548027885702,1.1703766809229874e-10,4.734456529203445e-05,14.0
-1.291269048065001,0.7116560826385107,8.201626026370178e-11,4.1187572132531134e-05,14.0
-1.2912688443850773,0.7116574789019122,8.201626026370178e-11,4.1187572132531134e-05,13.0
-1.291268175400375,0.7116584096860024,8.201626026370178e-11,4.1187572132531134e-05,13.0
-1.2912666918705107,0.711660300575714,8.201626026370178e-11,4.1187572132531134e-05,13.0
-1.2912655282594987,0.711661231359804,8.201626026370178e-11,4.1187572132531134e-05,15.0
-1.2912640155826358,0.7116622785573553,8.201626026370178e-11,4.1187572132531134e-05,15.0
-1.2912625320527715,0.7116649838176957,4.730510528055861e-11,3.105511863319703e-05,14.0
-1.2912619211875336,0.7116652164700851,4.730510528055861e-11,3.105511863319703e-05,14.0
-1.2912611357893702,0.7116665254670241,4.730510528055861e-11,3.105511863319703e-05,14.0
-1.2912600013253561,0.7116682418238105,4.730510528055861e-11,3.105511863319703e-05,13.0
-1.2912588668613425,0.7116698126201374,4.730510528055861e-11,3.105511863319703e-05,13.0
-1.2912576742778645,0.7116715288023908,4.730510528055861e-11,3.105511863319703e-05,14.0
-1.2912570634126264,0.7116726924134031,4.730510528055861e-11,3.105511863319703e-05,13.0
-1.2912563652809257,0.7116738558498825,4.730510528055861e-11,3.105511863319703e-05,13.0
-1.2912555798827623,0.7116754849402063,1.0502873555062037e-10,5.6546193559410243e-05,13.0
-1.2912552016699133,0.7116760085389819,1.0502873555062037e-10,5.6546193559410243e-05,13.0
-1.2912544745657468,0.711676444871295,1.0502873555062037e-10,5.6546193559410243e-05,14.0
-1.2912533690741987,0.7116752231408185,4.730510528055861e-11,3.105511863319703e-05,15.0
-1.291252845475423,0.7116748157809711,4.730510528055861e-11,3.105511863319703e-05,15.0
-1.2912522637571833,0.7116742921821956,4.730510528055861e-11,3.105511863319703e-05,15.0
-1.2912513038260949,0.7116741759432672,4.730510528055861e-11,3.105511863319703e-05,15.0
-1.2912505184279313,0.7116737977304185,4.730510528055861e-11,3.105511863319703e-05,16.0
-1.291249907562693,0.7116734778115664,4.730510528055861e-11,3.105511863319703e-05,16.0
-1.2912493839639176,0.7116731577181817,4.730510528055861e-11,3.105511863319703e-05,16.0
-1.291248918484606,0.7116729250657924,4.730510528055861e-11,3.105511863319703e-05,17.0
-1.2912392319072576,0.7116750194608948,1.1306698002405002e-10,5.170196027512493e-05,17.0
-1.2912387083084818,0.7116741467962687,1.1306698002405002e-10,5.170196027512493e-05,17.0
-1.291238068470778,0.7116733032786413,1.1306698002405002e-10,5.170196027512493e-05,16.0
-1.2912376611109306,0.7116724887334794,1.1306698002405002e-10,5.170196027512493e-05,16.0
-1.2912373120450802,0.711671645215852,1.1306698002405002e-10,5.170196027512493e-05,16.0
-1.29123696297923,0.7116709760566167,1.1306698002405002e-10,5.170196027512493e-05,16.0
-1.291235479449366,0.7116692017548991,1.233665519117776e-10,4.5372249625030294e-05,16.0
-1.2912349268781247,0.7116676018115738,1.233665519117776e-10,4.5372249625030294e-05,15.0
-1.2912345195182773,0.7116664964945585,1.233665519117776e-10,4.5372249625030294e-05,15.0
-1.291234083185964,0.7116655655359355,1.233665519117776e-10,4.5372249625030294e-05,15.0
-1.2912339086530389,0.7116653620305446,1.233665519117776e-10,4.5372249625030294e-05,15.0
-1.2912373411920788,0.7116576242878391,1.233665519117776e-10,4.5372249625030294e-05,15.0
-1.2912375738444681,0.7116566062372863,1.233665519117776e-10,4.5372249625030294e-05,15.0
-1.2912378066713903,0.7116554426262739,1.233665519117776e-10,4.5372249625030294e-05,15.0
-1.2912379812043155,0.7116541627763335,1.233665519117776e-10,4.5372249625030294e-05,14.0
-1.2912379812043155,0.7116529118988585,1.233665519117776e-10,4.5372249625030294e-05,14.0
-1.291238766602479,0.7116513993965288,3.0022270426802387e-10,7.948550584331914e-05,14.0
-1.2912379812043155,0.7116502066385181,3.0022270426802387e-10,7.948550584331914e-05,14.0
-1.2912380393237797,0.7116488103751163,3.0022270426802387e-10,7.948550584331914e-05,12.0
-1.2912383592426315,0.711645959728849,2.52201748055587e-10,7.102349186738436e-05,10.0
-1.2912386793360164,0.7116430218161193,2.52201748055587e-10,7.102349186738436e-05,11.0
-1.2912385920695537,0.7116414510197924,2.52201748055587e-10,7.102349186738436e-05,11.0
-1.2912384756560926,0.7116383966936014,2.52201748055587e-10,7.102349186738436e-05,10.0
-1.2912383883896301,0.7116368258972746,2.52201748055587e-10,7.102349186738436e-05,10.0
-1.291238271976169,0.7116353132204118,2.52201748055587e-10,7.102349186738436e-05,10.0
-1.2912381847097063,0.7116338296905478,2.52201748055587e-10,7.102349186738436e-05,10.0
-1.291238213856705,0.7116324625741446,2.52201748055587e-10,7.102349186738436e-05,10.0
-1.291238213856705,0.7116311244302072,2.52201748055587e-10,7.102349186738436e-05,10.0
-1.2912381847097063,0.711629757313804,1.5195824755415764e-10,4.9990280093508704e-05,12.0
-1.2912381847097063,0.711628390022868,1.5195824755415764e-10,4.9990280093508704e-05,12.0
-1.291238213856705,0.7116270520534635,1.5195824755415764e-10,4.9990280093508704e-05,12.0
-1.291238213856705,0.7116257430565245,1.5195824755415764e-10,4.9990280093508704e-05,12.0
-1.2912375738444681,0.7116229505297212,1.5195824755415764e-10,4.9990280093508704e-05,11.0
-1.2912374284585415,0.7116215542663197,1.5195824755415764e-10,4.9990280093508704e-05,12.0
-1.2912372247786175,0.7116202161223821,1.5195824755415764e-10,4.9990280093508704e-05,12.0
-1.2912370793926908,0.7116188779784447,1.5195824755415764e-10,4.9990280093508704e-05,11.0
-1.2912370793926908,0.71161754000904,1.5195824755415764e-10,4.9990280093508704e-05,12.0
-1.2912368757127675,0.7116121584608245,1.5195824755415764e-10,4.9990280093508704e-05,10.0
-1.2912367303268406,0.7116109077578825,1.5195824755415764e-10,4.9990280093508704e-05,10.0
-1.2912363521139918,0.711609686027406,1.5195824755415764e-10,4.9990280093508704e-05,10.0
-1.2912359449286772,0.7116085224163939,0.0,0.0,10.0
-1.2912355958628268,0.7116073879523801,0.0,0.0,12.0
-1.2912353340634393,0.711606195368902,0.0,0.0,12.0
-1.2912350722640513,0.7116050609048882,1.1760760728041406e-10,4.597807165761557e-05,12.0
-1.291234839611662,0.7116038972938761,1.1760760728041406e-10,4.597807165761557e-05,11.0
-1.2912347231982009,0.7116026755633996,1.1760760728041406e-10,4.597807165761557e-05,11.0
-1.2912345195182773,0.7116015992188499,1.1760760728041406e-10,4.597807165761557e-05,11.0
-1.2912343741323504,0.7116008138206865,1.1760760728041406e-10,4.597807165761557e-05,11.0
-1.2912342287464238,0.7115999994500576,1.1760760728041406e-10,4.597807165761557e-05,11.0
-1.2912341704524266,0.7115989812249719,1.1760760728041406e-10,4.597807165761557e-05,12.0
-1.2912343741323504,0.7115981085603459,1.1760760728041406e-10,4.597807165761557e-05,13.0
-1.2912346359317382,0.711597294189717,1.1760760728041406e-10,4.597807165761557e-05,14.0
-1.2912345195182773,0.7115965960580162,1.1760760728041406e-10,4.597807165761557e-05,14.0
-1.2912343741323504,0.7115961597257031,1.1760760728041406e-10,4.597807165761557e-05,14.0
-1.2912343160128863,0.7115957523658557,1.1760760728041406e-10,4.597807165761557e-05,14.0
-1.2912344322518146,0.7115954033000054,1.1760760728041406e-10,4.597807165761557e-05,13.0
-1.2912323670037107,0.7115929598390526,1.1760760728041406e-10,4.597807165761557e-05,13.0
-1.2912321924707855,0.711592058201961,1.1760760728041406e-10,4.597807165761557e-05,13.0
-1.2912323088842466,0.7115912728037975,1.1760760728041406e-10,4.597807165761557e-05,13.0
-1.2912324542701732,0.7115904582586356,1.1760760728041406e-10,4.597807165761557e-05,13.0
-1.291221255015962,0.7115827788099268,6.061749575820644e-11,4.055092096174184e-05,10.0
-1.2912223313605116,0.7115821098252245,6.061749575820644e-11,4.055092096174184e-05,10.0
-1.2912230294922122,0.7115815570794505,6.061749575820644e-11,4.055092096174184e-05,10.0
-1.2912230876116764,0.7115807425342886,6.061749575820644e-11,4.055092096174184e-05,10.0
-1.2912234077050615,0.7115796080702748,6.061749575820644e-11,4.055092096174184e-05,11.0
-1.2912235530909881,0.7115781828344075,6.061749575820644e-11,4.055092096174184e-05,11.0
-1.29122387300984,0.7115773391422471,6.061749575820644e-11,4.055092096174184e-05,11.0
-1.2912241639562263,0.7115761174117707,6.408632662638165e-11,4.284478525423131e-05,11.0
-1.2912241348092277,0.7115753611606059,6.408632662638165e-11,4.284478525423131e-05,11.0
-1.291224687555002,0.7115731794990409,6.408632662638165e-11,4.284478525423131e-05,12.0
-1.291225734752553,0.7115702705587766,6.408632662638165e-11,4.284478525423131e-05,11.0
-1.291227247429416,0.7115684671100605,6.408632662638165e-11,4.284478525423131e-05,12.0
-1.2912266655366433,0.71156718726012,6.408632662638165e-11,4.284478525423131e-05,12.0
-1.291226491003718,0.7115654419308681,6.408632662638165e-11,4.284478525423131e-05,12.0
-1.2912263456177913,0.7115637255740818,6.408632662638165e-11,4.284478525423131e-05,13.0
-1.291226432884254,0.7115617767394389,4.060519744090264e-11,2.737963943489499e-05,13.0
-1.2912311452732343,0.7115492684882887,4.060519744090264e-11,2.737963943489499e-05,15.0
-1.2912328906024864,0.7115486867700489,4.060519744090264e-11,2.737963943489499e-05,16.0
-1.291234344985352,0.7115469704132624,4.44538709992014e-10,9.501842052539489e-05,15.0
-1.2912347813176648,0.7115454868833984,4.44538709992014e-10,9.501842052539489e-05,14.0
-1.291235479449366,0.7115440033535341,4.44538709992014e-10,9.501842052539489e-05,14.0
-1.2912362648475293,0.7115421126383555,4.44538709992014e-10,9.501842052539489e-05,15.0
-1.2912367884463047,0.7115408036414165,4.44538709992014e-10,9.501842052539489e-05,15.0
-1.29123696297923,0.7115394073780149,4.44538709992014e-10,9.501842052539489e-05,15.0
-1.291236584940914,0.7115337350579458,1.405032617830112e-11,1.725924163255206e-05,12.0
-1.2912362648475293,0.7115327459798588,1.405032617830112e-11,1.725924163255206e-05,12.0
-1.2912356250098254,0.7115319605816953,1.405032617830112e-11,1.725924163255206e-05,11.0
-1.2912340542134986,0.7115310589446038,1.405032617830112e-11,1.725924163255206e-05,10.0
-1.2912332396683366,0.7115311462110665,1.405032617830112e-11,1.725924163255206e-05,10.0
-1.2912324542701732,0.7115311170640679,1.405032617830112e-11,1.725924163255206e-05,10.0
-1.2912266074171792,0.7115315533963809,1.405032617830112e-11,1.725924163255206e-05,12.0
-1.2912250074738538,0.7115316987823075,1.405032617830112e-11,1.725924163255206e-05,12.0
-1.2912232621446016,0.711532164261619,1.405032617830112e-11,1.725924163255206e-05,11.0
-1.2912219241751972,0.7115325714469336,1.405032617830112e-11,1.725924163255206e-05,11.0
-1.2912205860312596,0.7115331241927078,1.405032617830112e-11,1.725924163255206e-05,11.0
-1.2912195096867098,0.71153379317741,1.1663663925712917e-10,6.410687221703121e-05,11.0
-1.2912186953160811,0.7115344913091108,1.1663663925712917e-10,6.410687221703121e-05,11.0
-1.2912181134233085,0.7115351313213476,1.1663663925712917e-10,6.410687221703121e-05,11.0
-1.2912177935044564,0.7115358003060498,1.1663663925712917e-10,6.410687221703121e-05,11.0
-1.2912177643574578,0.7115365275847491,1.1663663925712917e-10,6.410687221703121e-05,10.0
-1.2912178516239206,0.7115371675969857,1.1663663925712917e-10,6.410687221703121e-05,11.0
-1.2912181134233085,0.7115376620487628,1.1663663925712917e-10,6.410687221703121e-05,11.0
-1.2912184335166932,0.7115380402616117,1.1663663925712917e-10,6.410687221703121e-05,10.0
-1.2912187534355453,0.7115383601804636,0.0,0.0,10.0
-1.2912194807142445,0.7115392909645537,0.0,0.0,10.0
-1.2912198297800948,0.7115396110579386,0.0,0.0,10.0
-1.2912188698490061,0.7115442361804564,4.060519744090264e-11,2.737963943489499e-05,10.0
-1.2912184916361573,0.7115450796980838,4.060519744090264e-11,2.737963943489499e-05,10.0
-1.2912181425703069,0.7115462141620976,4.060519744090264e-11,2.737963943489499e-05,11.0
-1.291217822651455,0.7115471449461878,4.060519744090264e-11,2.737963943489499e-05,11.0
-1.2912176481185298,0.7115475231590367,4.060519744090264e-11,2.737963943489499e-05,11.0
-1.291217444438606,0.7115479013718856,4.060519744090264e-11,2.737963943489499e-05,11.0
-1.291217211786217,0.7115482794102015,4.060519744090264e-11,2.737963943489499e-05,11.0
-1.2912170372532916,0.7115486867700489,4.060519744090264e-11,2.737963943489499e-05,11.0
-1.2912169208398305,0.7115490939553635,4.060519744090264e-11,2.737963943489499e-05,11.0
-1.291216746306905,0.7115494721682124,4.060519744090264e-11,2.737963943489499e-05,11.0
-1.2912164845075176,0.7115499374729909,4.060519744090264e-11,2.737963943489499e-05,11.0
-1.2912161062946685,0.7115504902187649,4.060519744090264e-11,2.737963943489499e-05,11.0
-1.2912151755105783,0.711552119134556,4.060519744090264e-11,2.737963943489499e-05,9.0
-1.2912145065258762,0.7115529336797177,4.060519744090264e-11,2.737963943489499e-05,9.0
-1.2912139829271005,0.7115537482248797,4.060519744090264e-11,2.737963943489499e-05,9.0
-1.291213401034328,0.7115544753290461,4.060519744090264e-11,2.737963943489499e-05,9.0
-1.2912130229960121,0.7115552607272094,4.060519744090264e-11,2.737963943489499e-05,10.0
-1.2912126156361647,0.7115561044193699,4.060519744090264e-11,2.737963943489499e-05,10.0
-1.291212150331386,0.7115569770839959,5.110261834423294e-11,3.051950540175395e-05,10.0
-1.2912116267326104,0.7115578497486219,5.110261834423294e-11,3.051950540175395e-05,9.0
-1.2912109867203738,0.7115587805327119,5.110261834423294e-11,3.051950540175395e-05,9.0
-1.2912103177356713,0.7115597113168021,5.110261834423294e-11,3.051950540175395e-05,9.0
-1.2912088050588089,0.7115615730595153,5.110261834423294e-11,3.051950540175395e-05,8.0
-1.2912081360741063,0.7115625329906038,5.110261834423294e-11,3.051950540175395e-05,8.0
-1.2912074669148712,0.7115634637746939,5.110261834423294e-11,3.051950540175395e-05,7.0
-1.2912067687831703,0.7115643947333169,5.110261834423294e-11,3.051950540175395e-05,7.0
-1.2912060706514696,0.7115653255174068,5.110261834423294e-11,3.051950540175395e-05,6.0
-1.2912053725197687,0.7115662854484955,5.110261834423294e-11,3.051950540175395e-05,6.0
-1.2912038308704405,0.711568437963062,5.110261834423294e-11,3.051950540175395e-05,7.0
-1.2912029873528132,0.7115696307210729,1.505236518144819e-10,5.03570558237709e-05,7.0
-1.2912021146881871,0.7115708524515493,1.505236518144819e-10,5.03570558237709e-05,7.0
-1.291201242023561,0.7115721323014897,1.505236518144819e-10,5.03570558237709e-05,7.0
-1.2912002529454738,0.7115733831789647,1.505236518144819e-10,5.03570558237709e-05,7.0
-1.2911992638673868,0.7115746338819067,1.505236518144819e-10,5.03570558237709e-05,7.0
-1.2911983330832968,0.7115757974929189,1.505236518144819e-10,5.03570558237709e-05,7.0
-1.2911974022992065,0.7115769611039312,1.505236518144819e-10,5.03570558237709e-05,7.0
-1.2911963259546568,0.7115781245404106,1.505236518144819e-10,5.03570558237709e-05,7.0
-1.2911951623436446,0.7115793462708869,1.505236518144819e-10,5.03570558237709e-05,7.0
-1.2911933588949285,0.7115819934117635,0.0,0.0,8.0
-1.2911923698168417,0.7115832442892384,0.0,0.0,7.0
-1.2911914098857529,0.7115844077257177,0.0,0.0,7.0
-1.291190653634588,0.7115854259508034,0.0,0.0,7.0
-1.2911899846498858,0.7115862986154293,0.0,0.0,7.0
-1.29118946105111,0.7115868803336691,0.0,0.0,7.0
-1.291186522963847,0.7115885965159225,0.0,0.0,7.0
-1.2911859703926063,0.7115893529416204,0.0,0.0,7.0
-1.2911852139669082,0.7115902837257105,0.0,0.0,7.0
-1.2911844577157436,0.7115911563903364,0.0,0.0,8.0
-1.2911839049699694,0.711591999907964,0.0,0.0,7.0
-1.2911834105181923,0.7115926107732022,0.0,0.0,7.0
-1.291183119571806,0.7115930181330496,0.0,0.0,7.0
-1.291182857772418,0.7115933380519015,0.0,0.0,7.0
-1.2911828287999527,0.7115935707042906,0.0,0.0,7.0
-1.2911817816024014,0.7115952579140786,0.0,0.0,7.0
-1.2911812869760912,0.7115960141652435,0.0,0.0,7.0
-1.2911807925243142,0.7115967995634068,0.0,0.0,7.0
-1.291180181659076,0.7115976432555673,0.0,0.0,7.0
-1.2911795999408364,0.7115983703597337,0.0,0.0,7.0
-1.2911791344615247,0.711599039518969,0.0,0.0,7.0
-1.2911786689822131,0.7115996212372087,0.0,0.0,7.0
-1.2911781745304363,0.7116000867165201,0.0,0.0,7.0
-1.2911775928121965,0.7116003193689094,0.0,0.0,7.0
-1.291176196548795,0.7116004939018346,0.0,0.0,6.0
-1.2911752947371704,0.7116003193689094,0.0,0.0,6.0
-1.2911741311261582,0.7116001156889857,0.0,0.0,6.0
-1.2911726186238286,0.7115999703030591,0.0,0.0,6.0
-1.2911712223604266,0.7115997085036712,0.0,0.0,5.0
-1.291167586141463,0.7115999994500576,0.0,0.0,4.0
-1.2911655790128234,0.7116003485159079,4.447962640182503e-11,4.774413972492346e-05,2.0
-1.2911636301781806,0.7116006975817584,4.447962640182503e-11,4.774413972492346e-05,2.0
-1.2911615939025423,0.7116008721146836,4.447962640182503e-11,4.774413972492346e-05,2.0
-1.2911574051123376,0.7116006684347599,4.447962640182503e-11,4.774413972492346e-05,2.0
-1.2911553979836978,0.7116002029554485,4.447962640182503e-11,4.774413972492346e-05,2.0
-1.2911533908550579,0.7115997666231354,4.447962640182503e-11,4.774413972492346e-05,3.0
-1.2911513545794195,0.7115993594378208,4.447962640182503e-11,4.774413972492346e-05,3.0
-1.2911449551551841,0.7115978759079565,4.447962640182503e-11,4.774413972492346e-05,3.0
-1.2911423080143078,0.7115963342586283,0.0,0.0,3.0
-1.2911400390862804,0.7115944433689166,0.0,0.0,4.0
-1.2911378282777168,0.7115931053995121,0.0,0.0,4.0
-1.2911355884966875,0.7115917381085762,0.0,0.0,4.0
-1.2911334068351226,0.7115904001391715,0.0,0.0,4.0
-1.2911312543205562,0.7115888583153105,2.3918559802029297e-12,6.427827515807664e-06,3.0
-1.2911290143649943,0.7115873458129806,2.3918559802029297e-12,6.427827515807664e-06,3.0
-1.2911268037309636,0.7115857458696553,2.3918559802029297e-12,6.427827515807664e-06,3.0
-1.2911246220693986,0.7115842042203271,2.3918559802029297e-12,6.427827515807664e-06,4.0
-1.2911224404078334,0.7115826334240002,2.3918559802029297e-12,6.427827515807664e-06,3.0
-1.291120171479806,0.7115811788666015,2.3918559802029297e-12,6.427827515807664e-06,3.0
-1.2911178442577813,0.7115798117501985,2.3918559802029297e-12,6.427827515807664e-06,3.0
-1.2911154880632911,0.7115784736062609,2.3918559802029297e-12,6.427827515807664e-06,4.0
-1.291113248282262,0.7115769900763969,1.3026811648419268e-11,1.4711818464504018e-05,4.0
-1.2911110374736987,0.7115755065465327,1.3026811648419268e-11,1.4711818464504018e-05,5.0
-1.2911090013725932,0.7115737322448151,1.3026811648419268e-11,1.4711818464504018e-05,5.0
-1.2911068778304924,0.7115720741820256,1.3026811648419268e-11,1.4711818464504018e-05,5.0
-1.2911048125823883,0.7115705906521614,1.3026811648419268e-11,1.4711818464504018e-05,6.0
-1.2911026890402875,0.7115691943887599,1.3026811648419268e-11,1.4711818464504018e-05,6.0
-1.291100536525721,0.7115678270978237,1.3026811648419268e-11,1.4711818464504018e-05,8.0
-1.2910960859361285,0.7115650637180192,3.5457467664580048e-12,7.719191422718014e-06,9.0
-1.2910940496604901,0.7115636674546176,3.5457467664580048e-12,7.719191422718014e-06,9.0
-1.2910921006513145,0.7115622130717519,1.2106410114271615e-11,1.420144909442088e-05,10.0
-1.2910900935226748,0.7115611075802037,1.2106410114271615e-11,1.420144909442088e-05,10.0
-1.291088202807496,0.7115599731161898,1.2106410114271615e-11,1.420144909442088e-05,10.0
-1.2910861665318578,0.7115588677991747,1.2106410114271615e-11,1.420144909442088e-05,9.0
-1.2910841304307523,0.7115580532540127,1.2106410114271615e-11,1.420144909442088e-05,10.0
-1.2910818032087277,0.7115572388833837,1.2106410114271615e-11,1.420144909442088e-05,10.0
-1.2910794761612359,0.7115566280181455,1.2106410114271615e-11,1.420144909442088e-05,10.0
-1.2910751419851043,0.7115550861942842,1.2106410114271615e-11,1.420144909442088e-05,10.0
-1.2910707203679774,0.7115535736919545,6.233081643029326e-12,9.992866624705416e-06,13.0
-1.291068509733947,0.7115528172662567,6.233081643029326e-12,9.992866624705416e-06,15.0
-1.2910660662729943,0.7115521774285529,6.233081643029326e-12,9.992866624705416e-06,14.0
-1.2910635355455786,0.7115515955357803,6.233081643029326e-12,9.992866624705416e-06,14.0
-1.2910612666175512,0.711550984670542,6.233081643029326e-12,9.992866624705416e-06,13.0
-1.2910590558089876,0.7115501992723787,6.233081643029326e-12,9.992866624705416e-06,13.0
-1.2910544598334683,0.711548744889513,6.233081643029326e-12,9.992866624705416e-06,12.0
-1.2910520744919796,0.7115481048772763,6.233081643029326e-12,9.992866624705416e-06,12.0
-1.291049805563952,0.711547319479113,0.0,0.0,12.0
-1.2910475947553886,0.7115464759614856,5.045987559201424e-12,9.562309903636984e-06,11.0
-1.2910453549743595,0.7115455741498609,5.045987559201424e-12,9.562309903636984e-06,12.0
-1.2910432024597929,0.7115444979798441,5.045987559201424e-12,9.562309903636984e-06,13.0
-1.2910411080646906,0.7115434797547585,5.045987559201424e-12,9.562309903636984e-06,13.0
-1.2910391299085164,0.7115424325572073,5.045987559201424e-12,9.562309903636984e-06,13.0
-1.2910373264598003,0.7115414436536531,5.045987559201424e-12,9.562309903636984e-06,14.0
-1.291035726516475,0.7115406582554897,5.045987559201424e-12,9.562309903636984e-06,15.0
-1.2910343302530733,0.7115399601237888,5.045987559201424e-12,9.562309903636984e-06,15.0
-1.291033166816594,0.7115393782310163,5.045987559201424e-12,9.562309903636984e-06,15.0
-1.291032177738507,0.7115389129262378,5.045987559201424e-12,9.562309903636984e-06,15.0
-1.2910313342208792,0.7115385347133889,5.045987559201424e-12,9.562309903636984e-06,15.0
-1.291030723355641,0.7115381856475386,5.045987559201424e-12,9.562309903636984e-06,15.0
-1.2910301414628684,0.7115378947011521,5.045987559201424e-12,9.562309903636984e-06,14.0
-1.2910296470110916,0.7115376329017644,5.045987559201424e-12,9.562309903636984e-06,14.0
-1.2910273199636,0.711534665842036,1.714386838367026e-12,5.270894340769772e-06,12.0
-1.2910276980019157,0.7115343750701826,1.714386838367026e-12,5.270894340769772e-06,12.0
-1.2910282216006914,0.7115340260043322,1.714386838367026e-12,5.270894340769772e-06,12.0
-1.2910290652928518,0.7115332987256328,1.714386838367026e-12,5.270894340769772e-06,12.0
-1.2910320323525803,0.7115323679415427,1.714386838367026e-12,5.270894340769772e-06,15.0
-1.2910324976573586,0.7115314952769168,1.714386838367026e-12,5.270894340769772e-06,15.0
-1.2910328467232093,0.7115306226122908,1.714386838367026e-12,5.270894340769772e-06,16.0
-1.291033108522597,0.7115297789201304,1.714386838367026e-12,5.270894340769772e-06,16.0
-1.2910333994689833,0.7115292844683533,1.714386838367026e-12,5.270894340769772e-06,16.0
-1.2910336612683713,0.7115287900165762,1.714386838367026e-12,5.270894340769772e-06,15.0
-1.2910340684536854,0.711527684525028,1.714386838367026e-12,5.270894340769772e-06,15.0
-1.291035668397011,0.7115259102233105,3.2159374861214153e-11,2.6957591283095958e-05,15.0
-1.2910362211427848,0.7115255901299254,3.2159374861214153e-11,2.6957591283095958e-05,15.0
-1.2910367737140263,0.7115251537976126,3.2159374861214153e-11,2.6957591283095958e-05,15.0
-1.2910372973128017,0.7115247757592966,3.2159374861214153e-11,2.6957591283095958e-05,15.0
-1.2910377046726491,0.7115243975464477,3.2159374861214153e-11,2.6957591283095958e-05,15.0
-1.291038577337275,0.7115238158282079,3.2159374861214153e-11,2.6957591283095958e-05,15.0
-1.2910395662408294,0.7115230012830461,8.433485575654264e-12,1.4562043754174085e-05,15.0
-1.2910400317201411,0.7115220122049591,8.433485575654264e-12,1.4562043754174085e-05,15.0
-1.2910404971994525,0.7115214596337177,8.433485575654264e-12,1.4562043754174085e-05,15.0
-1.2910410497706934,0.7115207904744826,8.433485575654264e-12,1.4562043754174085e-05,15.0
-1.291041631663466,0.7115200923427818,8.433485575654264e-12,1.4562043754174085e-05,15.0
-1.291042824246944,0.7115179979476794,8.433485575654264e-12,1.4562043754174085e-05,15.0
-1.2910442205103456,0.7115163981788869,8.433485575654264e-12,1.4562043754174085e-05,15.0
-1.2910449186420465,0.7115155836337251,8.433485575654264e-12,1.4562043754174085e-05,14.0
-1.2910459949865962,0.7115144783167098,6.06264819732318e-12,1.140655120999625e-05,14.0
-1.2910463149054479,0.7115139836903998,6.06264819732318e-12,1.140655120999625e-05,14.0
-1.2910464602913747,0.7115137218910121,6.06264819732318e-12,1.140655120999625e-05,14.0
-1.2910465767048358,0.7115135473580868,6.06264819732318e-12,1.140655120999625e-05,14.0
-1.2910471584230756,0.7115120929752212,6.06264819732318e-12,1.140655120999625e-05,14.0
-1.2910476530493857,0.7115082823978652,6.06264819732318e-12,1.140655120999625e-05,14.0
-1.2910483220340878,0.7115069151069292,6.06264819732318e-12,1.140655120999625e-05,14.0
-1.291049049312787,0.711506246122227,6.06264819732318e-12,1.140655120999625e-05,13.0
-1.2910497764169535,0.7115054026045995,6.06264819732318e-12,1.140655120999625e-05,12.0
-1.2910505328426514,0.711504558912439,6.06264819732318e-12,1.140655120999625e-05,12.0
-1.2910518126925916,0.7115027554637231,0.0,0.0,12.0
-1.291052365438366,0.7115019119460955,0.0,0.0,12.0
-1.2910528307431444,0.7115013010808572,0.0,0.0,12.0
-1.2910532670754575,0.711500631921622,0.0,0.0,12.0
-1.2910536452883066,0.7115007191880847,0.0,0.0,11.0
-1.2910539652071584,0.7115005156826939,0.0,0.0,11.0
-1.291054343420007,0.711499759256996,0.0,0.0,11.0
-1.2910545179529325,0.7114994393381442,0.0,0.0,11.0
-1.2910546924858577,0.7114991775387564,0.0,0.0,11.0
-1.2910555651504838,0.71149795580828,0.0,0.0,11.0
-1.291056408668111,0.7114968504912647,0.0,0.0,12.0
-1.2910565832010366,0.7114956868802524,0.0,0.0,12.0
-1.2910569322668868,0.71149501789555,0.0,0.0,12.0
-1.2910572523602715,0.711494407030312,0.0,0.0,11.0
-1.2910574558656622,0.7114939415510003,0.0,0.0,11.0
-1.2910576886925846,0.71149359248515,0.0,0.0,10.0
-1.2910584157967508,0.7114928652064506,0.0,0.0,9.0
-1.2910589393955265,0.7114921089552857,0.0,0.0,8.0
-1.2910592303419128,0.7114917598894355,0.0,0.0,8.0
-1.2910612955900167,0.7114899564407193,0.0,0.0,8.0
-1.2910618774827893,0.7114895490808719,0.0,0.0,8.0
-1.291062517320493,0.7114890254820964,0.0,0.0,8.0
-1.291063011946803,0.7114881819644687,0.0,0.0,8.0
-1.2910636809315055,0.7114873384468413,0.0,0.0,8.0
-1.2910641464108168,0.7114863202217557,0.0,0.0,8.0
-1.2910646700095927,0.7114850403718153,0.0,0.0,8.0
-1.2910661825119223,0.7114831205096381,0.0,0.0,7.0
-1.2910669389376201,0.7114823932309388,0.0,0.0,6.0
-1.2910676660417866,0.7114816661267723,0.0,0.0,6.0
-1.2910683352010217,0.7114810261145356,0.0,0.0,6.0
-1.291068887772263,0.7114805025157602,0.0,0.0,6.0
-1.2910693823985728,0.7114800661834472,0.0,0.0,6.0
-1.2910697895838874,0.7114794261712104,0.0,0.0,5.0
-1.2910701677967364,0.7114788735999691,0.0,0.0,5.0
-1.2910710985808262,0.7114777099889569,0.0,0.0,6.0
-1.2910714184996783,0.7114772445096453,0.0,0.0,6.0
-1.2910714767936753,0.7114763428725539,0.0,0.0,6.0
-1.2910705458350524,0.7114759646597048,0.0,0.0,5.0
-1.2910692659851117,0.7114757901267796,0.0,0.0,5.0
-1.291068364173487,0.7114757320073154,2.561984809129549e-10,7.145460152451243e-05,5.0
-1.2910667352576963,0.7114754410609292,2.561984809129549e-10,7.145460152451243e-05,5.0
-1.2910659790065315,0.7114752956750025,2.561984809129549e-10,7.145460152451243e-05,5.0
-1.2910652225808337,0.7114751211420773,2.561984809129549e-10,7.145460152451243e-05,5.0
-1.2910644082102047,0.711474888315155,2.561984809129549e-10,7.145460152451243e-05,5.0
-1.2910636228120413,0.7114745975433018,2.561984809129549e-10,7.145460152451243e-05,6.0
-1.2910628082668794,0.7114742484774513,2.561984809129549e-10,7.145460152451243e-05,7.0
-1.291062022868716,0.7114738121451383,2.561984809129549e-10,7.145460152451243e-05,7.0
-1.2910611793510884,0.7114734920517536,2.561984809129549e-10,7.145460152451243e-05,7.0
-1.2910598703541496,0.7114727649475872,2.561984809129549e-10,7.145460152451243e-05,8.0
-1.2910589393955265,0.7114722413488115,2.561984809129549e-10,7.145460152451243e-05,8.0
-1.2910579504919721,0.7114716304835734,2.561984809129549e-10,7.145460152451243e-05,9.0
-1.29105678688096,0.711471223123726,2.561984809129549e-10,7.145460152451243e-05,9.0
-1.2910541397400837,0.711470030540248,2.561984809129549e-10,7.145460152451243e-05,9.0
-1.2910532670754575,0.7114694196750099,2.561984809129549e-10,7.145460152451243e-05,9.0
-1.2910526272377536,0.7114688669292358,2.561984809129549e-10,7.145460152451243e-05,9.0
-1.2910518999590543,0.7114678488786832,2.561984809129549e-10,7.145460152451243e-05,9.0
-1.2910512599468178,0.7114674125463701,2.561984809129549e-10,7.145460152451243e-05,9.0
-1.2910508819085016,0.7114669470670587,2.561984809129549e-10,7.145460152451243e-05,9.0
-1.2910505328426514,0.7114665398817441,2.561984809129549e-10,7.145460152451243e-05,9.0
-1.2910446568426588,0.7114643290731806,2.561984809129549e-10,7.145460152451243e-05,10.0
-1.2910438422974968,0.7114649982324157,2.561984809129549e-10,7.145460152451243e-05,10.0
-1.2910430568993334,0.7114665107347456,2.561984809129549e-10,7.145460152451243e-05,11.0
-1.291042707833483,0.7114669762140571,2.561984809129549e-10,7.145460152451243e-05,11.0
-1.2910423587676325,0.7114674998128326,2.561984809129549e-10,7.145460152451243e-05,11.0
-1.2910419515823182,0.7114679069981471,2.561984809129549e-10,7.145460152451243e-05,11.0
-1.29104026437253,0.7114693324085473,2.589831410545361e-10,7.190279266883892e-05,11.0
-1.2910390717890523,0.711471659456039,2.589831410545361e-10,7.190279266883892e-05,11.0
-1.291037966472037,0.711473026746975,2.589831410545361e-10,7.190279266883892e-05,11.0
-1.2910355230110842,0.7114761973120941,2.589831410545361e-10,7.190279266883892e-05,10.0
-1.2910342140141453,0.7114777972554194,2.589831410545361e-10,7.190279266883892e-05,11.0
-1.2910318286726565,0.7114804443962959,2.142470267846456e-10,9.148744054848535e-05,11.0
-1.2910306650616443,0.7114817823657006,2.142470267846456e-10,9.148744054848535e-05,11.0
-1.2910297342775543,0.7114827714437877,2.142470267846456e-10,9.148744054848535e-05,11.0
-1.2910290361458534,0.7114836732554122,2.142470267846456e-10,9.148744054848535e-05,11.0
-1.2910277852683782,0.7114850112248167,2.142470267846456e-10,9.148744054848535e-05,11.0
-1.2910269708977495,0.7114860294499022,2.142470267846456e-10,9.148744054848535e-05,11.0
-1.2910262727660486,0.7114871347669176,2.142470267846456e-10,9.148744054848535e-05,10.0
-1.2910255454873494,0.7114881528174704,2.142470267846456e-10,9.148744054848535e-05,11.0
-1.2910247019697219,0.7114890837760932,2.142470267846456e-10,9.148744054848535e-05,11.0
-1.291023945544024,0.7114900145601833,2.142470267846456e-10,9.148744054848535e-05,12.0
-1.2910234510922471,0.7114907418388827,2.142470267846456e-10,9.148744054848535e-05,12.0
-1.2910228983464729,0.7114912654376583,2.5448912025939937e-10,8.011887725550707e-05,12.0
-1.291022258508769,0.7114916145035088,2.5448912025939937e-10,8.011887725550707e-05,12.0
-1.291021502083071,0.7114921381022842,2.5448912025939937e-10,8.011887725550707e-05,11.0
-1.2910207749789049,0.7114924580211363,2.5448912025939937e-10,8.011887725550707e-05,12.0
-1.2910199312867443,0.711492719820524,2.4305104076733325e-10,6.997961041494816e-05,11.0
-1.2910188551167276,0.71149266170106,2.4305104076733325e-10,6.997961041494816e-05,11.0
-1.2910177496251793,0.7114915562095118,2.4305104076733325e-10,6.997961041494816e-05,11.0
-1.2910165570417016,0.7114906545724201,2.4305104076733325e-10,6.997961041494816e-05,11.0
-1.291015218897764,0.711490218240107,2.4305104076733325e-10,6.997961041494816e-05,11.0
-1.2910124263709608,0.7114890254820964,2.4305104076733325e-10,6.997961041494816e-05,12.0
-1.2910110884015562,0.7114884729108552,2.4305104076733325e-10,6.997961041494816e-05,14.0
-1.2910095176052294,0.7114878910180825,2.436113845039463e-10,6.893649104029795e-05,14.0
-1.2910079468089026,0.7114872511803788,2.436113845039463e-10,6.893649104029795e-05,13.0
-1.2910047179497866,0.7114861748358291,2.436113845039463e-10,6.893649104029795e-05,12.0
-1.2910032925393866,0.711485680384052,2.436113845039463e-10,6.893649104029795e-05,13.0
-1.2910009944643603,0.7114853021712031,2.436113845039463e-10,6.893649104029795e-05,14.0
-1.2910002963326597,0.7114847494254288,2.436113845039463e-10,6.893649104029795e-05,14.0
-1.2909997727338838,0.7114844003595786,2.436113845039463e-10,6.893649104029795e-05,14.0
-1.2909978820187051,0.7114824804974014,2.436113845039463e-10,6.893649104029795e-05,12.0
-1.2909969220876167,0.7114822478450121,2.436113845039463e-10,6.893649104029795e-05,11.0
-1.29099427494674,0.7114814624468486,2.436113845039463e-10,6.893649104029795e-05,10.0
-1.2909926460309493,0.7114811133809983,2.436113845039463e-10,6.893649104029795e-05,10.0
-1.290990900701697,0.7114807643151478,2.461573769049278e-10,8.662478462129245e-05,12.0
-1.2909890681059828,0.7114804733687615,2.461573769049278e-10,8.662478462129245e-05,12.0
-1.2909873227767306,0.7114799207975204,2.461573769049278e-10,8.662478462129245e-05,12.0
-1.2909856355669427,0.7114793389047478,2.461573769049278e-10,8.662478462129245e-05,12.0
-1.2909838612652251,0.7114787571865081,2.48692098453697e-10,6.975577080446508e-05,14.0
-1.2909820286695106,0.7114781754682683,2.48692098453697e-10,6.975577080446508e-05,15.0
-1.2909803123127241,0.7114773028036423,2.48692098453697e-10,6.975577080446508e-05,14.0
-1.2909789160493226,0.7114766336444072,2.48692098453697e-10,6.975577080446508e-05,15.0
-1.2909773452529958,0.7114759355127063,2.48692098453697e-10,6.975577080446508e-05,15.0
-1.2909760945500537,0.7114752665280041,2.48692098453697e-10,6.975577080446508e-05,14.0
-1.2909747564061163,0.7114745392493047,2.48692098453697e-10,6.975577080446508e-05,14.0
-1.2909735638226383,0.711474015650529,2.48692098453697e-10,6.975577080446508e-05,14.0
-1.2909725166250874,0.7114735211987521,2.48692098453697e-10,6.975577080446508e-05,14.0
-1.2909716148134627,0.7114731429859031,2.48692098453697e-10,6.975577080446508e-05,14.0
-1.2909710039482245,0.7114727939200528,2.48692098453697e-10,6.975577080446508e-05,14.0
-1.2909704512024505,0.7114725031481994,2.48692098453697e-10,6.975577080446508e-05,13.0
-1.2909664952391677,0.7114681687975348,9.039628548208433e-11,5.973758039375121e-05,12.0
-1.2909664660921694,0.7114675579322968,9.039628548208433e-11,5.973758039375121e-05,12.0
-1.290966931571481,0.7114661616688952,9.039628548208433e-11,5.973758039375121e-05,12.0
-1.2909672806373311,0.7114654635371944,9.039628548208433e-11,5.973758039375121e-05,12.0
-1.2909676878226457,0.7114648236994905,9.039628548208433e-11,5.973758039375121e-05,12.0
-1.2909680950079603,0.7114642709537164,9.039628548208433e-11,5.973758039375121e-05,12.0
-1.290968415101345,0.7114637765019394,9.039628548208433e-11,5.973758039375121e-05,12.0
-1.2909709458287606,0.7114615365463774,9.039628548208433e-11,5.973758039375121e-05,12.0
-1.2909713530140747,0.7114608967086735,9.039628548208433e-11,5.973758039375121e-05,12.0
-1.2909717312269238,0.711460314815901,9.039628548208433e-11,5.973758039375121e-05,12.0
-1.2909720511457758,0.7114597330976614,9.039628548208433e-11,5.973758039375121e-05,12.0
-1.290972400211626,0.711459384031811,9.039628548208433e-11,5.973758039375121e-05,12.0
-1.2909747855531148,0.7114572604897099,2.461573769049278e-10,8.662478462129245e-05,12.0
-1.290976879948217,0.7114554278939953,2.4523697536763716e-10,8.963708822339952e-05,12.0
-1.2909771707200706,0.7114551079751437,2.4523697536763716e-10,8.963708822339952e-05,12.0
-1.290977636199382,0.7114547880562916,2.4523697536763716e-10,8.963708822339952e-05,12.0
-1.290978014412231,0.7114543225769802,2.4523697536763716e-10,8.963708822339952e-05,12.0
-1.2909783924505471,0.7114538570976686,2.4523697536763716e-10,8.963708822339952e-05,12.0
-1.2909789451963212,0.7114532462324304,2.4523697536763716e-10,8.963708822339952e-05,12.0
-1.2909794687950966,0.7114526936611892,2.4523697536763716e-10,8.963708822339952e-05,11.0
-1.2909794979420952,0.7114522863013418,2.4523697536763716e-10,8.963708822339952e-05,11.0
-1.2909797887139487,0.7114520536489525,2.4523697536763716e-10,8.963708822339952e-05,11.0
-1.2909802833402586,0.7114490284697601,2.4523697536763716e-10,8.963708822339952e-05,12.0
-1.2909806613785746,0.7114485048709844,2.4523697536763716e-10,8.963708822339952e-05,12.0
-1.290980952324961,0.7114480102446744,2.4523697536763716e-10,8.963708822339952e-05,11.0
-1.29098118497735,0.7114475739123614,2.4523697536763716e-10,8.963708822339952e-05,11.0
-1.2909814178042722,0.7114470794605844,2.4523697536763716e-10,8.963708822339952e-05,11.0
-1.2909817377231243,0.7114466431282713,2.4523697536763716e-10,8.963708822339952e-05,12.0
-1.2909821449084389,0.7114461776489599,2.4523697536763716e-10,8.963708822339952e-05,12.0
-1.2909830467200631,0.7114454213977949,2.4523697536763716e-10,8.963708822339952e-05,12.0
-1.2909836575853015,0.7114448686520208,2.4523697536763716e-10,8.963708822339952e-05,12.0
-1.2909861883127167,0.7114436469215444,2.2366899588989818e-10,7.224934714832901e-05,12.0
-1.2909870028578787,0.7114433561496911,2.2366899588989818e-10,7.224934714832901e-05,11.0
-1.2909876426955826,0.7114429487898437,2.2366899588989818e-10,7.224934714832901e-05,11.0
-1.290988544507207,0.7114425707515276,2.2366899588989818e-10,7.224934714832901e-05,10.0
-1.2909890389589842,0.7114416980869016,2.2366899588989818e-10,7.224934714832901e-05,10.0
-1.2909889227200562,0.7114407962752771,2.2366899588989818e-10,7.224934714832901e-05,10.0
-1.2909878755225046,0.7114402145570374,2.2366899588989818e-10,7.224934714832901e-05,10.0
-1.2909870901243414,0.7114397782247244,2.2366899588989818e-10,7.224934714832901e-05,10.0
-1.2909846756358543,0.711438934532564,2.566014897592469e-10,7.138107886386417e-05,11.0
-1.2909833376664497,0.7114384400807869,2.566014897592469e-10,7.138107886386417e-05,11.0
-1.290981941403048,0.7114375092966968,2.566014897592469e-10,7.138107886386417e-05,11.0
-1.2909804287261855,0.7114367528709991,2.566014897592469e-10,7.138107886386417e-05,11.0
-1.2909789451963212,0.7114356184069853,2.566014897592469e-10,7.138107886386417e-05,12.0
-1.2909774035469928,0.7114343677040433,2.566014897592469e-10,7.138107886386417e-05,12.0
-1.2909755709512782,0.7114332622124951,2.566014897592469e-10,7.138107886386417e-05,14.0
-1.290971847465852,0.7114316041497057,2.566014897592469e-10,7.138107886386417e-05,13.0
-1.2909703349635224,0.7114306152461516,2.566014897592469e-10,7.138107886386417e-05,12.0
-1.2909688804061237,0.7114300625003774,2.566014897592469e-10,7.138107886386417e-05,12.0
-1.290967047810409,0.7114291898357513,2.566014897592469e-10,7.138107886386417e-05,13.0
-1.2909667278915569,0.7114288699168995,2.566014897592469e-10,7.138107886386417e-05,13.0
-1.290966553358632,0.711428782650437,2.566014897592469e-10,7.138107886386417e-05,12.0
-1.2909637027123646,0.7114277063058873,2.566014897592469e-10,7.138107886386417e-05,11.0
-1.2909620446495753,0.7114270662936505,2.566014897592469e-10,7.138107886386417e-05,10.0
-1.290958263044685,0.7114256410577835,2.566014897592469e-10,7.138107886386417e-05,11.0
-1.2909562850630434,0.7114249718985481,0.0,0.0,12.0
-1.2909542487874053,0.711424157527919,3.2673477678784397e-10,8.52639641667584e-05,13.0
-1.2909522997782297,0.7114232557162947,3.2673477678784397e-10,8.52639641667584e-05,13.0
-1.2909502345301256,0.7114222666382075,3.2673477678784397e-10,8.52639641667584e-05,14.0
-1.290948227401486,0.7114214522675785,3.2673477678784397e-10,8.52639641667584e-05,13.0
-1.2909462494198445,0.7114203467760304,3.2673477678784397e-10,8.52639641667584e-05,13.0
-1.290944504090593,0.711419619671864,3.2673477678784397e-10,8.52639641667584e-05,14.0
-1.2909428168808048,0.7114188923931647,3.2673477678784397e-10,8.52639641667584e-05,14.0
-1.2909413042039422,0.7114183106749249,3.2673477678784397e-10,8.52639641667584e-05,14.0
-1.290939820674078,0.7114176998096867,3.2673477678784397e-10,8.52639641667584e-05,12.0
-1.2909384827046733,0.711417176210911,3.2673477678784397e-10,8.52639641667584e-05,12.0
-1.2909372318271983,0.711416565345673,3.2673477678784397e-10,8.52639641667584e-05,12.0
-1.290935893683261,0.7114156635340483,3.2673477678784397e-10,8.52639641667584e-05,10.0
-1.2909347883662456,0.7114149072828836,3.2673477678784397e-10,8.52639641667584e-05,10.0
-1.2909339738210834,0.711414325390111,3.2673477678784397e-10,8.52639641667584e-05,10.0
-1.2909333048363814,0.7114138600853324,3.2673477678784397e-10,8.52639641667584e-05,10.0
-1.2909329849175295,0.7114133364865568,3.2673477678784397e-10,8.52639641667584e-05,10.0
-1.2909315595071293,0.711411823809694,3.2673477678784397e-10,8.52639641667584e-05,10.0
-1.290931094027818,0.7114115911573049,3.2673477678784397e-10,8.52639641667584e-05,10.0
-1.290930599576041,0.71141127106392,1.3686308362211929e-11,1.5006805313608098e-05,11.0
-1.2909302505101903,0.7114109511450681,1.3686308362211929e-11,1.5006805313608098e-05,11.0
-1.2909299305913384,0.7114107474651443,1.3686308362211929e-11,1.5006805313608098e-05,12.0
-1.2909270797705383,0.711408275031726,3.2195015097122055e-11,2.9382908561239187e-05,12.0
-1.2909262362529108,0.7114081294712663,3.2195015097122055e-11,2.9382908561239187e-05,13.0
-1.290925363588285,0.7114079549383413,3.2195015097122055e-11,2.9382908561239187e-05,13.0
-1.2909245200706572,0.711407722285952,3.2195015097122055e-11,2.9382908561239187e-05,14.0
-1.2909236182590327,0.711407460486564,3.2195015097122055e-11,2.9382908561239187e-05,14.0
-1.2909225710614816,0.7114071986871763,3.2195015097122055e-11,2.9382908561239187e-05,14.0
-1.2909213201840068,0.7114067623548632,3.2195015097122055e-11,2.9382908561239187e-05,14.0
-1.290918935017051,0.7114061514896252,3.2195015097122055e-11,2.9382908561239187e-05,14.0
-1.2909171024213364,0.7114055987438509,3.2195015097122055e-11,2.9382908561239187e-05,15.0
-1.2909154733310126,0.7114048133456876,3.2195015097122055e-11,2.9382908561239187e-05,15.0
-1.2909138152682231,0.7114040279475243,3.2195015097122055e-11,2.9382908561239187e-05,14.0
-1.2909111100078827,0.7114028062170478,3.311237045714658e-11,3.189697261893737e-05,14.0
-1.2909097428914793,0.7114022826182722,3.311237045714658e-11,3.189697261893737e-05,15.0
-1.290908346628078,0.7114017590194965,3.311237045714658e-11,3.189697261893737e-05,15.0
-1.2909068922452123,0.711401177301257,3.311237045714658e-11,3.189697261893737e-05,14.0
-1.2909054087153482,0.7114006245554827,3.311237045714658e-11,3.189697261893737e-05,14.0
-1.2909039541579495,0.7114001009567072,2.6092142169644107e-10,7.311500398673109e-05,13.0
-1.290900928978757,0.7113988502537651,2.6092142169644107e-10,7.311500398673109e-05,14.0
-1.2908994454488925,0.7113982393885271,2.6092142169644107e-10,7.311500398673109e-05,14.0
-1.2908979619190284,0.7113975702292917,2.6092142169644107e-10,7.311500398673109e-05,14.0
-1.2908964202697002,0.711396872097591,2.6092142169644107e-10,7.311500398673109e-05,14.0
-1.2908947911793764,0.7113960285799635,2.6092142169644107e-10,7.311500398673109e-05,16.0
-1.2908931041441214,0.7113953595952611,2.6092142169644107e-10,7.311500398673109e-05,16.0
-1.2908913588148696,0.7113945450500994,2.6092142169644107e-10,7.311500398673109e-05,15.0
-1.29088970075208,0.7113937305049375,2.6092142169644107e-10,7.311500398673109e-05,16.0
-1.2908881008087547,0.711392945106774,2.6092142169644107e-10,7.311500398673109e-05,15.0
-1.2908805958929712,0.7113900363410427,6.762247794364421e-11,4.8713886253041724e-05,13.0
-1.2908793160430307,0.7113895708617312,6.762247794364421e-11,4.8713886253041724e-05,13.0
-1.2908780943125544,0.7113891053824196,6.762247794364421e-11,4.8713886253041724e-05,13.0
-1.290876814288081,0.7113886109306425,6.762247794364421e-11,4.8713886253041724e-05,14.0
-1.2908741381747388,0.7113875345860928,1.7816615957283573e-11,1.885895986040441e-05,13.0
-1.2908727710583356,0.7113871565477768,1.7816615957283573e-11,1.885895986040441e-05,14.0
-1.2908700657979952,0.7113863128556165,1.7816615957283573e-11,1.885895986040441e-05,16.0
-1.2908687568010562,0.7113860220837631,1.7816615957283573e-11,1.885895986040441e-05,16.0
-1.2908672441241935,0.7113855857514501,1.7816615957283573e-11,1.885895986040441e-05,15.0
-1.2908657605943292,0.7113851202721386,1.7816615957283573e-11,1.885895986040441e-05,16.0
-1.2908626771211398,0.7113839858081248,1.7816615957283573e-11,1.885895986040441e-05,17.0
-1.2908609609388864,0.7113832585294255,1.7816615957283573e-11,1.885895986040441e-05,15.0
-1.2908592156096341,0.7113825022782605,1.886673881919409e-10,8.30588120187925e-05,14.0
-1.290855870337057,0.7113806405355474,1.886673881919409e-10,8.30588120187925e-05,15.0
-1.2908524960920142,0.7113789535002925,1.886673881919409e-10,8.30588120187925e-05,13.0
-1.2908508961486889,0.7113782553685917,1.886673881919409e-10,8.30588120187925e-05,13.0
-1.2908494998852873,0.711377673475819,1.886673881919409e-10,8.30588120187925e-05,13.0
-1.2908465619725573,0.7113762190929533,1.886673881919409e-10,8.30588120187925e-05,13.0
-1.2908456893079312,0.7113755790807166,1.886673881919409e-10,8.30588120187925e-05,14.0
-1.2908442057780671,0.7113754045477916,9.46025951256321e-11,3.9427135176636513e-05,14.0
-1.290843449526902,0.7113752010424007,9.46025951256321e-11,3.9427135176636513e-05,14.0
-1.2908424895958137,0.7113751137759381,9.46025951256321e-11,3.9427135176636513e-05,14.0
-1.290841587784189,0.7113751718954022,9.46025951256321e-11,3.9427135176636513e-05,14.0
-1.29084086050549,0.71137543369479,9.46025951256321e-11,3.9427135176636513e-05,14.0
-1.2908398424549372,0.7113760154130296,9.46025951256321e-11,3.9427135176636513e-05,14.0
-1.2908387952573859,0.7113768008111929,9.46025951256321e-11,3.9427135176636513e-05,12.0
-1.2908381552451493,0.7113776445033534,9.770603739385484e-12,1.328679062811742e-05,12.0
-1.290837602673908,0.7113784299015169,9.770603739385484e-12,1.328679062811742e-05,12.0
-1.2908373989939843,0.711378924353294,9.770603739385484e-12,1.328679062811742e-05,12.0
-1.2908360318775811,0.7113805824160834,9.770603739385484e-12,1.328679062811742e-05,11.0
-1.290835304598882,0.7113809896013978,9.770603739385484e-12,1.328679062811742e-05,11.0
-1.2908346645866453,0.7113810478953949,9.770603739385484e-12,1.328679062811742e-05,11.0
-1.290834053721407,0.7113810478953949,9.770603739385484e-12,1.328679062811742e-05,11.0
-1.2908329192573933,0.7113812805477842,9.770603739385484e-12,1.328679062811742e-05,12.0
-1.2908322211256926,0.7113821823594086,9.770603739385484e-12,1.328679062811742e-05,12.0
-1.290830999395216,0.7113837821282009,9.770603739385484e-12,1.328679062811742e-05,13.0
-1.2908305630629031,0.7113844512874362,9.770603739385484e-12,1.328679062811742e-05,13.0
-1.2908302431440513,0.7113850911251399,9.770603739385484e-12,1.328679062811742e-05,13.0
-1.2908299813446633,0.7113856730179128,9.770603739385484e-12,1.328679062811742e-05,13.0
-1.2908296903982772,0.7113861383226913,9.770603739385484e-12,1.328679062811742e-05,13.0
-1.290829254065964,0.7113866329490012,9.770603739385484e-12,1.328679062811742e-05,12.0
-1.2908289050001136,0.7113870982537798,9.770603739385484e-12,1.328679062811742e-05,12.0
-1.2908286142282603,0.7113874183471647,9.770603739385484e-12,1.328679062811742e-05,12.0
-1.290827567030709,0.71138852366418,9.770603739385484e-12,1.328679062811742e-05,11.0
-1.2908265488056234,0.7113895417147327,9.770603739385484e-12,1.328679062811742e-05,11.0
-1.2908259670873836,0.7113902108739678,9.770603739385484e-12,1.328679062811742e-05,11.0
-1.2908252398086846,0.7113909962721312,8.616012333469475e-11,7.276343043913805e-05,11.0
-1.290824570823982,0.7113918106427602,6.225527131607423e-11,3.436723752726301e-05,11.0
-1.2908239891057425,0.7113925960409236,6.225527131607423e-11,3.436723752726301e-05,11.0
-1.2908233782405043,0.711393323319623,6.225527131607423e-11,3.436723752726301e-05,10.0
-1.2908222437764905,0.7113948649689512,6.225527131607423e-11,3.436723752726301e-05,10.0
-1.2908216618837178,0.7113956795141132,6.225527131607423e-11,3.436723752726301e-05,10.0
-1.2908204984472385,0.7113972794574384,6.225527131607423e-11,3.436723752726301e-05,10.0
-1.2908196257826126,0.7113982393885271,6.225527131607423e-11,3.436723752726301e-05,11.0
-1.2908187531179867,0.7113992865860782,6.225527131607423e-11,3.436723752726301e-05,10.0
-1.2908179677198233,0.711400304636631,6.225527131607423e-11,3.436723752726301e-05,12.0
-1.2908172695881222,0.7114011481542584,6.225527131607423e-11,3.436723752726301e-05,12.0
-1.2908165714564215,0.7114019335524218,6.225527131607423e-11,3.436723752726301e-05,11.0
-1.2908158733247208,0.711402602711657,6.225527131607423e-11,3.436723752726301e-05,11.0
-1.290815233312484,0.7114032135768952,6.225527131607423e-11,3.436723752726301e-05,11.0
-1.2908146805667098,0.7114038825615975,6.225527131607423e-11,3.436723752726301e-05,12.0
-1.2908140697014718,0.7114047260792249,6.225527131607423e-11,3.436723752726301e-05,13.0
-1.2908136333691584,0.7114054242109257,6.225527131607423e-11,3.436723752726301e-05,13.0
-1.2908131970368457,0.7114061223426265,6.225527131607423e-11,3.436723752726301e-05,13.0
-1.290812731732067,0.7114068204743274,6.225527131607423e-11,3.436723752726301e-05,13.0
-1.2908122953997543,0.7114075186060282,6.225527131607423e-11,3.436723752726301e-05,13.0
-1.2908119463339036,0.711408275031726,1.6295341331916853e-10,5.9298703585088235e-05,13.0
-1.2908115681210548,0.7114089148694297,1.6295341331916853e-10,5.9298703585088235e-05,13.0
-1.2908108699893541,0.7114103111328315,1.6295341331916853e-10,5.9298703585088235e-05,13.0
-1.2908106663094303,0.7114107766121429,1.6295341331916853e-10,5.9298703585088235e-05,13.0
-1.290810491776505,0.7114115328633076,1.6295341331916853e-10,5.9298703585088235e-05,13.0
-1.290810491776505,0.7114117365432315,1.6295341331916853e-10,5.9298703585088235e-05,13.0
-1.2908098809112667,0.7114138890577979,1.6295341331916853e-10,5.9298703585088235e-05,14.0
-1.2908051104028224,0.7114136564054087,1.6295341331916853e-10,5.9298703585088235e-05,14.0
-1.290804877750433,0.711414325390111,1.6295341331916853e-10,5.9298703585088235e-05,14.0
-1.2908044995375842,0.7114149945493461,1.6295341331916853e-10,5.9298703585088235e-05,14.0
-1.2908041213247354,0.7114157799475096,1.6295341331916853e-10,5.9298703585088235e-05,14.0
-1.290803656019957,0.7114165361986744,1.6295341331916853e-10,5.9298703585088235e-05,14.0
-1.290802579675407,0.711418688713241,1.6295341331916853e-10,5.9298703585088235e-05,12.0
-1.290802405142482,0.7114194451389386,1.6295341331916853e-10,5.9298703585088235e-05,12.0
-1.2908021724900927,0.7114200560041769,1.6295341331916853e-10,5.9298703585088235e-05,12.0
-1.2908020269296328,0.7114205796029527,1.6295341331916853e-10,5.9298703585088235e-05,12.0
-1.290801852396708,0.711421103201728,1.6295341331916853e-10,5.9298703585088235e-05,13.0
-1.2908016488913168,0.7114214812400441,5.4830526325153855e-11,3.1701861466612204e-05,13.0
-1.2908015616248545,0.711421743039432,5.4830526325153855e-11,3.1701861466612204e-05,13.0
-1.2907999325345305,0.7114253209643985,5.4830526325153855e-11,3.1701861466612204e-05,15.0
-1.2907998162956025,0.7114263100424856,5.4830526325153855e-11,3.1701861466612204e-05,15.0
-1.2907992635498284,0.7114272408265757,5.4830526325153855e-11,3.1701861466612204e-05,15.0
-1.2907987108040542,0.7114281426382002,5.4830526325153855e-11,3.1701861466612204e-05,16.0
-1.2907979545528891,0.7114291317162874,5.4830526325153855e-11,3.1701861466612204e-05,16.0
-1.2907971983017243,0.7114301497668399,5.4830526325153855e-11,3.1701861466612204e-05,16.0
-1.2907963256370982,0.7114311388449271,1.894172039648525e-11,1.915727483372529e-05,16.0
-1.2907955110919362,0.7114320696290171,1.894172039648525e-11,1.915727483372529e-05,16.0
-1.2907947548407714,0.7114329131466447,1.894172039648525e-11,1.915727483372529e-05,14.0
-1.2907940275620722,0.7114336985448081,1.894172039648525e-11,1.915727483372529e-05,13.0
-1.2907917005145806,0.7114373056167731,1.894172039648525e-11,1.915727483372529e-05,14.0
-1.2907908859694186,0.7114384109337885,1.894172039648525e-11,1.915727483372529e-05,14.0
-1.2907900133047925,0.7114395453978023,1.894172039648525e-11,1.915727483372529e-05,14.0
-1.290789198759631,0.7114406508893505,1.894172039648525e-11,1.915727483372529e-05,14.0
-1.2907875406968414,0.7114425997239933,1.894172039648525e-11,1.915727483372529e-05,14.0
-1.2907868425651408,0.7114433851221568,4.2541954995179204e-11,3.117776925393079e-05,13.0
-1.2907863481133635,0.7114439670149294,4.2541954995179204e-11,3.117776925393079e-05,13.0
-1.2907855918621987,0.7114448686520208,4.2541954995179204e-11,3.117776925393079e-05,13.0
-1.2907843118377251,0.7114471667270469,1.3626298730430805e-11,1.4838831948416276e-05,14.0
-1.290784748170038,0.7114477484452867,1.3626298730430805e-11,1.4838831948416276e-05,13.0
-1.2907855918621987,0.7114482430715967,1.3626298730430805e-11,1.4838831948416276e-05,14.0
-1.2907879770291544,0.7114491447086881,1.3626298730430805e-11,1.4838831948416276e-05,13.0
-1.2907893151730918,0.7114497555739264,1.3626298730430805e-11,1.4838831948416276e-05,13.0
-1.290790682289495,0.7114505119996243,0.0,0.0,13.0
-1.2907921949663577,0.711451268250789,3.228690294217277e-10,0.00010970945843304894,14.0
-1.2907953074120129,0.7114530427270396,3.228690294217277e-10,0.00010970945843304894,14.0
-1.2907968200888755,0.711453828125203,3.228690294217277e-10,0.00010970945843304894,14.0
-1.2907983617382037,0.7114545552293694,3.228690294217277e-10,0.00010970945843304894,14.0
-1.2908016197443186,0.7114559514927711,3.228690294217277e-10,0.00010970945843304894,14.0
-1.290803074127184,0.7114567660379328,3.228690294217277e-10,0.00010970945843304894,13.0
-1.2908043541516574,0.7114574641696336,3.228690294217277e-10,0.00010970945843304894,13.0
-1.2908051685222866,0.7114582495677971,3.228690294217277e-10,0.00010970945843304894,13.0
-1.2908062157198377,0.7114593548848123,3.228690294217277e-10,0.00010970945843304894,14.0
-1.290809997324728,0.7114604312293621,3.1931581952868374e-10,0.00014845992197078068,12.0
-1.2908107827228914,0.7114604893488261,3.1931581952868374e-10,0.00014845992197078068,13.0
-1.2908114808545923,0.7114607511482139,3.1931581952868374e-10,0.00014845992197078068,13.0
-1.2908124699326795,0.711460867561675,3.1931581952868374e-10,0.00014845992197078068,13.0
-1.2908136333691584,0.7114610420946003,3.1931581952868374e-10,0.00014845992197078068,12.0
-1.2908145933002473,0.7114613911604506,3.1931581952868374e-10,0.00014845992197078068,12.0
-1.2908154659648734,0.7114617110793027,3.1931581952868374e-10,0.00014845992197078068,12.0
-1.2908162513630366,0.711462060145153,3.1931581952868374e-10,0.00014845992197078068,11.0
-1.2908170367612002,0.7114624383580019,3.1931581952868374e-10,0.00014845992197078068,11.0
-1.2908176476264381,0.7114628746903149,3.1931581952868374e-10,0.00014845992197078068,11.0
-1.290818171225214,0.7114631656367013,3.1931581952868374e-10,0.00014845992197078068,13.0
-1.2908203820337776,0.7114629619567775,3.1931581952868374e-10,0.00014845992197078068,14.0
-1.2908211093124766,0.7114631946091667,3.1931581952868374e-10,0.00014845992197078068,14.0
-1.2908215746172553,0.7114636019690141,0.0,0.0,14.0
-1.2908220692435652,0.7114640672737929,0.0,0.0,14.0
-1.2908224764288798,0.7114644163396431,0.0,0.0,14.0
-1.2908217491501806,0.7114655799506555,0.0,0.0,14.0
-1.2908214292313285,0.7114664526152814,0.0,0.0,14.0
-1.290821341964866,0.7114670926275182,0.0,0.0,14.0
-1.290820847513089,0.7114678197316846,0.0,0.0,14.0
-1.2908202947673149,0.7114684597439213,0.0,0.0,14.0
-1.290819829288003,0.711469041462161,0.0,0.0,14.0
-1.2908195385161498,0.711469536088471,0.0,0.0,13.0
-1.2908191311563024,0.7114700596872465,0.0,0.0,12.0
-1.290818665851524,0.7114707286719489,0.0,0.0,12.0
-1.2908175022405115,0.7114733758128253,0.0,0.0,11.0
-1.290816600428887,0.7114736957316773,0.0,0.0,11.0
-1.2908159895636486,0.7114746556627657,0.0,0.0,12.0
-1.2908149715130963,0.7114765463779446,0.0,0.0,12.0
-1.2908148842466336,0.7114768664713292,0.0,0.0,12.0
-1.2908149715130963,0.7114771863901813,0.0,0.0,12.0
-1.2908146515942442,0.7114779717883446,0.0,0.0,11.0
-1.290814244234397,0.7114789025724347,0.0,0.0,11.0
-1.2908136625161573,0.7114800953304454,0.0,0.0,11.0
-1.2908128771179939,0.711481375180386,0.0,0.0,11.0
-1.2908121498392944,0.7114826841773251,0.0,0.0,11.0
-1.29080973552534,0.7114837022278777,0.0,0.0,9.0
-1.2908084846478654,0.711485244051739,0.0,0.0,10.0
-1.290807262917389,0.7114868729675297,0.0,0.0,10.0
-1.2908062740138346,0.7114882692309314,0.0,0.0,10.0
-1.290804005085807,0.7114907999583469,2.428888319914141e-10,7.756581796016116e-05,11.0
-1.290803074127184,0.7114917598894355,2.428888319914141e-10,7.756581796016116e-05,10.0
-1.2908022306095566,0.7114927489675225,2.428888319914141e-10,7.756581796016116e-05,10.0
-1.2908013870919293,0.711493912404002,2.428888319914141e-10,7.756581796016116e-05,8.0
-1.2908006306662314,0.7114950468680157,2.428888319914141e-10,7.756581796016116e-05,8.0
-1.2907983036187396,0.7114961232125654,2.428888319914141e-10,7.756581796016116e-05,9.0
-1.290797285568187,0.7114973740900402,2.428888319914141e-10,7.756581796016116e-05,9.0
-1.2907963256370982,0.7114986830869793,2.428888319914141e-10,7.756581796016116e-05,9.0
-1.2907953946784754,0.7115001083228465,2.428888319914141e-10,7.756581796016116e-05,10.0
-1.2907945511608478,0.7115013300533228,2.428888319914141e-10,7.756581796016116e-05,10.0
-1.290792980364521,0.7115037735142755,0.0,0.0,9.0
-1.2907918459005072,0.7115049662722864,0.0,0.0,9.0
-1.2907909151164172,0.7115061880027628,0.0,0.0,9.0
-1.2907900133047925,0.7115073514392423,0.0,0.0,9.0
-1.2907891114931682,0.7115087187301782,0.0,0.0,10.0
-1.2907883843890018,0.7115100277271172,0.0,0.0,11.0
-1.2907878897626917,0.7115114239905188,0.0,0.0,11.0
-1.2907872499249882,0.7115127038404593,0.0,0.0,11.0
-1.2907861444334399,0.7115142454897877,0.0,0.0,9.0
-1.2907851555298855,0.7115156709001879,0.0,0.0,9.0
-1.2907838755054124,0.711517212549516,0.0,0.0,9.0
-1.290782391975548,0.7115191907056901,0.0,0.0,9.0
-1.290781577604919,0.7115202087562429,0.0,0.0,10.0
-1.2907807922067556,0.71152119783433,0.0,0.0,10.0
-1.2907800649280563,0.7115223031513453,0.0,0.0,10.0
-1.2907793376493568,0.711523321201898,0.0,0.0,11.0
-1.290778523278728,0.7115247174652995,0.0,0.0,9.0
-1.2907775633476393,0.7115261428756998,0.0,0.0,10.0
-1.2907768941884041,0.7115276555525624,0.0,0.0,10.0
-1.2907757016049264,0.7115285863366525,0.0,0.0,10.0
-1.2907746835543736,0.7115297208006663,0.0,0.0,10.0
-1.290773287290972,0.7115315533963809,0.0,0.0,11.0
-1.2907725891592714,0.7115326878603947,0.0,0.0,11.0
-1.290771978294033,0.7115336477914831,2.4101711024969585e-10,0.00011341767775331345,11.0
-1.2907710183629446,0.7115348986689582,2.4101711024969585e-10,0.00011341767775331345,9.0
-1.2907700874043213,0.7115362657853612,2.4101711024969585e-10,0.00011341767775331345,10.0
-1.2907686038744572,0.7115393201115522,2.4101711024969585e-10,0.00011341767775331345,10.0
-1.290767934889755,0.711540890907879,2.4101711024969585e-10,0.00011341767775331345,10.0
-1.2907673531715151,0.7115420253718928,2.4101711024969585e-10,0.00011341767775331345,11.0
-1.2907667712787425,0.7115430434224455,2.4101711024969585e-10,0.00011341767775331345,11.0
-1.2907659569081136,0.7115439160870716,2.4101711024969585e-10,0.00011341767775331345,11.0
-1.2907652296294143,0.7115448470456944,2.4101711024969585e-10,0.00011341767775331345,11.0
-1.2907645896171778,0.7115457486827861,2.4101711024969585e-10,0.00011341767775331345,11.0
-1.2907634261806982,0.7115467958803372,2.4101711024969585e-10,0.00011341767775331345,9.0
-1.2907594700428828,0.7115513337363925,0.0,0.0,11.0
-1.2907593827764203,0.7115529628267164,0.0,0.0,11.0
-1.2907581029264796,0.7115533991590294,0.0,0.0,11.0
-1.2907573465007818,0.7115534572784935,0.0,0.0,11.0
-1.2907566483690809,0.7115533118925667,3.314207065521577e-10,0.00011193134342250851,11.0
-1.290755892117916,0.7115531663321071,3.314207065521577e-10,0.00011193134342250851,11.0
-1.2907547576539025,0.7115529336797177,3.314207065521577e-10,0.00011193134342250851,11.0
-1.290753652336887,0.7115523519614781,3.314207065521577e-10,0.00011193134342250851,11.0
-1.2907524887258748,0.7115517119492414,3.314207065521577e-10,0.00011193134342250851,10.0
-1.290751092462473,0.7115509556980766,3.314207065521577e-10,0.00011193134342250851,10.0
-1.2907498126125327,0.7115501992723787,3.314207065521577e-10,0.00011193134342250851,10.0
-1.2907484744685953,0.7115493849017497,3.314207065521577e-10,0.00011193134342250851,11.0
-1.2907471946186546,0.711548628476052,3.314207065521577e-10,0.00011193134342250851,11.0
-1.290744634744241,0.7115469995602609,3.314207065521577e-10,0.00011193134342250851,10.0
-1.2907430930949124,0.7115464178420213,3.314207065521577e-10,0.00011193134342250851,10.0
-1.2907416968315109,0.7115457486827861,3.314207065521577e-10,0.00011193134342250851,9.0
-1.290740271421111,0.7115451378175479,3.314207065521577e-10,0.00011193134342250851,8.0
-1.2907388170382452,0.7115447887516976,3.314207065521577e-10,0.00011193134342250851,9.0
-1.2907376242802344,0.7115443524193845,3.314207065521577e-10,0.00011193134342250851,9.0
-1.2907362571638312,0.7115440325005327,3.558438651125427e-10,0.00012797799223343792,9.0
-1.290735093552819,0.7115436834346822,3.558438651125427e-10,0.00012797799223343792,9.0
-1.2907340463552677,0.7115434216352944,3.558438651125427e-10,0.00012797799223343792,9.0
-1.290733028304715,0.7115430725694439,3.558438651125427e-10,0.00012797799223343792,9.0
-1.2907310211760752,0.7115422290518165,3.558438651125427e-10,0.00012797799223343792,10.0
-1.2907300903919852,0.7115419089584318,3.558438651125427e-10,0.00012797799223343792,10.0
-1.2907293922602843,0.7115415598925814,3.558438651125427e-10,0.00012797799223343792,9.0
-1.2907286358345864,0.7115412399737295,3.558438651125427e-10,0.00012797799223343792,9.0
-1.2907278795834218,0.7115409200548777,3.558438651125427e-10,0.00012797799223343792,9.0
-1.290727239571185,0.7115405418420286,3.558438651125427e-10,0.00012797799223343792,9.0
-1.2907270650382596,0.7115396691774026,0.0,0.0,10.0
-1.2907269487993316,0.7115389418987033,0.0,0.0,10.0
-1.290724069006066,0.7115384182999278,0.0,0.0,10.0
-1.2907221491438887,0.711537836581688,2.1673163876928703e-10,6.32332218337799e-05,11.0
-1.2907213054517281,0.7115378947011521,2.1673163876928703e-10,6.32332218337799e-05,12.0
-1.2907206073200272,0.7115380983810758,2.1673163876928703e-10,6.32332218337799e-05,12.0
-1.2907200547487863,0.7115385928328529,2.1673163876928703e-10,6.32332218337799e-05,12.0
-1.2907195020030122,0.7115392036980912,2.1673163876928703e-10,6.32332218337799e-05,12.0
-1.2907188330183097,0.711539901829792,2.1673163876928703e-10,6.32332218337799e-05,13.0
-1.2907182221530715,0.7115405999614928,2.1673163876928703e-10,6.32332218337799e-05,11.0
-1.2907175529938364,0.7115413853596562,2.1673163876928703e-10,6.32332218337799e-05,11.0
-1.2907170004225952,0.7115419962248942,2.1673163876928703e-10,6.32332218337799e-05,11.0
-1.2907164768238195,0.7115426362371309,2.1673163876928703e-10,6.32332218337799e-05,10.0
-1.2907160986109707,0.7115432762493676,0.0,0.0,10.0
-1.2907156622786577,0.7115438871146059,0.0,0.0,10.0
-1.290715022266421,0.7115449343121572,0.0,0.0,10.0
-1.290712084353691,0.711547930344351,0.0,0.0,11.0
-1.290711473488453,0.7115488902754398,0.0,0.0,11.0
-1.2907100772250515,0.7115509556980766,0.0,0.0,12.0
-1.2907093209738865,0.7115520028956277,0.0,0.0,12.0
-1.2907085064287247,0.711553108212643,0.0,0.0,12.0
-1.2907076918835627,0.7115540972907302,0.0,0.0,10.0
-1.2907069356323977,0.7115550861942842,0.0,0.0,10.0
-1.2907062956201611,0.7115561044193699,0.0,0.0,10.0
-1.29070574304892,0.7115572097363853,0.0,0.0,10.0
-1.2907043176385196,0.7115597985832647,0.0,0.0,12.0
-1.2907035030933578,0.7115609330472785,0.0,0.0,12.0
-1.2907027176951944,0.7115621258052892,0.0,0.0,12.0
-1.2907019905910282,0.7115633765082312,1.9130476581358572e-10,7.653054461039758e-05,12.0
-1.2907012341653303,0.7115645982387078,1.9130476581358572e-10,7.653054461039758e-05,12.0
-1.2907003906477026,0.7115658491161826,1.9130476581358572e-10,7.653054461039758e-05,11.0
-1.2906980344532124,0.7115686124959871,1.9130476581358572e-10,7.653054461039758e-05,10.0
-1.2906960854440368,0.7115698633734623,1.9130476581358572e-10,7.653054461039758e-05,10.0
-1.2906950673934843,0.7115713177563278,1.9130476581358572e-10,7.653054461039758e-05,13.0
-1.290693903782472,0.7115727431667279,1.9130476581358572e-10,7.653054461039758e-05,13.0
-1.2906929148789177,0.7115741102831309,1.35660301742677e-10,8.456425684817199e-05,13.0
-1.2906919258008307,0.7115755356935312,1.35660301742677e-10,8.456425684817199e-05,12.0
-1.290690965869742,0.7115769028099341,1.35660301742677e-10,8.456425684817199e-05,12.0
-1.2906901223521143,0.7115783573673329,1.35660301742677e-10,8.456425684817199e-05,11.0
-1.2906891332740276,0.7115798408971971,1.35660301742677e-10,8.456425684817199e-05,12.0
-1.2906882024899375,0.7115812080136001,5.910583181281955e-11,4.0875027214347886e-05,13.0
-1.2906864571606853,0.7115840586598675,5.910583181281955e-11,4.0875027214347886e-05,13.0
-1.290684420885047,0.7115867930672064,5.910583181281955e-11,4.0875027214347886e-05,12.0
-1.2906823556369431,0.7115894402080829,5.910583181281955e-11,4.0875027214347886e-05,12.0
-1.2906813957058545,0.7115907781774876,5.910583181281955e-11,4.0875027214347886e-05,12.0
-1.2906806392801569,0.7115921163214252,5.910583181281955e-11,4.0875027214347886e-05,12.0
-1.2906797666155307,0.7115935707042906,5.910583181281955e-11,4.0875027214347886e-05,13.0
-1.2906788066844421,0.7115949379952268,5.910583181281955e-11,4.0875027214347886e-05,14.0
-1.290677934019816,0.7115963342586283,5.910583181281955e-11,4.0875027214347886e-05,14.0
-1.2906769740887276,0.711597788641494,5.910583181281955e-11,4.0875027214347886e-05,14.0
-1.2906751706400112,0.7116007848482209,5.910583181281955e-11,4.0875027214347886e-05,13.0
-1.2906733088972984,0.7116037227609509,0.0,0.0,13.0
-1.2906725526461336,0.7116053227042761,0.0,0.0,14.0
-1.2906714763015836,0.7116067479401433,0.0,0.0,13.0
-1.290668276589466,0.7116110239968106,0.0,0.0,13.0
-1.2906659495419743,0.7116133512188354,0.0,0.0,12.0
-1.2906638259998735,0.7116143401223894,0.0,0.0,13.0
-1.290662982482246,0.7116151546675513,0.0,0.0,13.0
-1.2906625751223986,0.7116156201468629,0.0,0.0,13.0
-1.290662546149933,0.7116155328804002,0.0,0.0,13.0
-1.2906621387900856,0.7116166381974156,0.0,0.0,13.0
-1.290663855146872,0.7116175689815056,0.0,0.0,13.0
-1.2906651058498142,0.7116181798467439,0.0,0.0,13.0
-1.2906662403138278,0.7116188198589806,0.0,0.0,14.0
-1.290667462044304,0.7116194307242188,3.095059201387093e-10,8.456813220926001e-05,13.0
-1.2906686837747805,0.7116199834699929,3.095059201387093e-10,8.456813220926001e-05,12.0
-1.2906698473857927,0.7116206524546952,3.095059201387093e-10,8.456813220926001e-05,12.0
-1.2906709527028082,0.7116214087058601,3.095059201387093e-10,8.456813220926001e-05,12.0
-1.290672145460819,0.7116222523980205,3.3012334096546927e-10,0.00011329015625064344,12.0
-1.290675083373549,0.7116237649003503,3.3012334096546927e-10,0.00011329015625064344,13.0
-1.2906766833168741,0.7116245213260481,3.3012334096546927e-10,0.00011329015625064344,11.0
-1.290678254113201,0.7116252484302144,3.3012334096546927e-10,0.00011329015625064344,11.0
-1.2906797957625293,0.7116258884424511,3.3012334096546927e-10,0.00011329015625064344,8.0
-1.2906812211729295,0.711626586574152,3.3012334096546927e-10,0.00011329015625064344,8.0
-1.2906825301698683,0.7116272555588542,3.3012334096546927e-10,0.00011329015625064344,8.0
-1.29068392643327,0.7116278664240925,3.3012334096546927e-10,0.00011329015625064344,8.0
-1.2906867479325388,0.7116292045680299,3.3012334096546927e-10,0.00011329015625064344,10.0
-1.2906882897563998,0.711629757313804,3.430022608646767e-11,2.5138789499013212e-05,11.0
-1.2906901223521143,0.711630513564969,3.430022608646767e-11,2.5138789499013212e-05,12.0
-1.2906934965971575,0.711631938975369,3.430022608646767e-11,2.5138789499013212e-05,12.0
-1.2906948637135605,0.7116325498406073,3.430022608646767e-11,2.5138789499013212e-05,11.0
-1.2906961437380338,0.711633131558847,3.430022608646767e-11,2.5138789499013212e-05,12.0
-1.2906974235879745,0.7116337132770866,3.430022608646767e-11,2.5138789499013212e-05,12.0
-1.2906987907043774,0.7116342368758621,3.430022608646767e-11,2.5138789499013212e-05,11.0
-1.290700245261776,0.7116347023551738,3.430022608646767e-11,2.5138789499013212e-05,11.0
-1.290701554258715,0.7116354004868746,3.430022608646767e-11,2.5138789499013212e-05,11.0
-1.2907030667610448,0.7116358368191876,3.430022608646767e-11,2.5138789499013212e-05,11.0
-1.290706179381233,0.7116368840167387,3.430022608646767e-11,2.5138789499013212e-05,10.0
-1.2907076046171,0.7116374367625127,3.430022608646767e-11,2.5138789499013212e-05,10.0
-1.2907090008805016,0.7116379020672914,3.430022608646767e-11,2.5138789499013212e-05,10.0
-1.2907102517579767,0.711638425666067,4.0934397485855277e-10,9.995719253566392e-05,10.0
-1.2907114443414545,0.7116389784118411,4.0934397485855277e-10,9.995719253566392e-05,10.0
-1.290712607952467,0.7116394438911525,4.0934397485855277e-10,9.995719253566392e-05,10.0
-1.2907138878024074,0.7116397638100046,4.0934397485855277e-10,9.995719253566392e-05,10.0
-1.2907148768804944,0.711640170995319,4.0934397485855277e-10,9.995719253566392e-05,11.0
-1.2907163022908945,0.7116407528880916,4.0934397485855277e-10,9.995719253566392e-05,9.0
-1.2907168548621355,0.7116409563934823,4.0934397485855277e-10,9.995719253566392e-05,9.0
-1.290717145808522,0.7116412473398687,4.0934397485855277e-10,9.995719253566392e-05,9.0
-1.2907200547487863,0.7116429926691208,4.0934397485855277e-10,9.995719253566392e-05,8.0
-1.2907207237334883,0.711643283615507,4.0934397485855277e-10,9.995719253566392e-05,8.0
-1.2907213927181906,0.7116435743873605,4.0934397485855277e-10,9.995719253566392e-05,8.0
-1.290721945463965,0.7116438944807453,4.0934397485855277e-10,9.995719253566392e-05,8.0
-1.2907224690627406,0.711644214399597,4.0934397485855277e-10,9.995719253566392e-05,8.0
-1.2907231090749771,0.7116445926124461,4.0934397485855277e-10,9.995719253566392e-05,9.0
-1.2907237780596794,0.7116449416782964,3.887762066727996e-10,0.00010478488172792809,9.0
-1.2907244180719162,0.7116453197166124,3.887762066727996e-10,0.00010478488172792809,10.0
-1.2907250870566185,0.7116456979294613,3.887762066727996e-10,0.00010478488172792809,10.0
-1.2907257270688552,0.7116459888758476,3.887762066727996e-10,0.00010478488172792809,10.0
-1.2907263960535575,0.7116462506752355,3.887762066727996e-10,0.00010478488172792809,11.0
-1.2907269777717971,0.7116465705940873,3.887762066727996e-10,0.00010478488172792809,11.0
-1.2907275013705728,0.7116468615404735,3.887762066727996e-10,0.00010478488172792809,12.0
-1.2907280249693485,0.7116470941928629,3.887762066727996e-10,0.00010478488172792809,12.0
-1.2907284904486598,0.7116473268452522,3.887762066727996e-10,0.00010478488172792809,12.0
-1.290728926780973,0.7116475013781772,3.887762066727996e-10,0.00010478488172792809,12.0
-1.2907316320413134,0.7116491594409667,3.887762066727996e-10,0.00010478488172792809,12.0
-1.290732097520625,0.711649450387353,3.887762066727996e-10,0.00010478488172792809,11.0
-1.290732650091866,0.7116497413337394,3.887762066727996e-10,0.00010478488172792809,11.0
-1.2907332901041029,0.7116500612525912,3.887762066727996e-10,0.00010478488172792809,11.0
-1.2907339882358038,0.7116503811714432,3.887762066727996e-10,0.00010478488172792809,11.0
-1.2907346572205058,0.711650701264828,3.887762066727996e-10,0.00010478488172792809,11.0
-1.2907360534839076,0.7116513121300663,0.0,0.0,12.0
-1.2907367516156083,0.7116517193153806,0.0,0.0,12.0
-1.2907376242802344,0.71165195196777,0.0,0.0,12.0
-1.2907383515589337,0.7116522137671577,0.0,0.0,12.0
-1.2907390788376327,0.7116523593276174,0.0,0.0,12.0
-1.2907396897028711,0.7116525338605426,0.0,0.0,12.0
-1.2907402133016468,0.7116527083934676,0.0,0.0,12.0
-1.2907406786064255,0.7116528829263931,0.0,0.0,12.0
-1.2907411732327354,0.7116527956599303,0.0,0.0,12.0
-1.2907423366692148,0.7116522137671577,0.0,0.0,12.0
-1.2907428602679902,0.7116516611959166,0.0,0.0,12.0
-1.2907433548943004,0.7116509920366814,0.0,0.0,12.0
-1.2907438493460774,0.7116502357855166,0.0,0.0,12.0
-1.2907450419295552,0.7116487522556524,0.0,0.0,11.0
-1.2907455655283309,0.7116480541239516,0.0,0.0,10.0
-1.2907460310076424,0.7116474141117148,9.247331935806604e-11,5.3582953581166554e-05,10.0
-1.2907463509264945,0.711646774274011,9.247331935806604e-11,5.3582953581166554e-05,10.0
-1.2907466999923447,0.711646337941698,9.247331935806604e-11,5.3582953581166554e-05,10.0
-1.2907481545497435,0.7116445634654476,9.247331935806604e-11,5.3582953581166554e-05,10.0
-1.290748561735058,0.7116440107196733,9.247331935806604e-11,5.3582953581166554e-05,10.0
-1.2907491434532974,0.7116433998544351,9.247331935806604e-11,5.3582953581166554e-05,10.0
-1.2907496380796075,0.7116425563368077,9.247331935806604e-11,5.3582953581166554e-05,10.0
-1.2907501906508487,0.711641479992258,9.247331935806604e-11,5.3582953581166554e-05,11.0
-1.290751092462473,0.7116404910887039,9.247331935806604e-11,5.3582953581166554e-05,11.0
-1.2907518778606366,0.7116393274776915,9.247331935806604e-11,5.3582953581166554e-05,11.0
-1.2907526341118012,0.7116382221606762,9.247331935806604e-11,5.3582953581166554e-05,11.0
-1.2907539141362747,0.711636244004502,9.247331935806604e-11,5.3582953581166554e-05,10.0
-1.2907545831209772,0.7116352551009478,9.247331935806604e-11,5.3582953581166554e-05,9.0
-1.2907551939862154,0.7116342660228607,9.247331935806604e-11,5.3582953581166554e-05,10.0
-1.2907558048514536,0.7116333352387707,9.247331935806604e-11,5.3582953581166554e-05,10.0
-1.290756852049005,0.7116319970948332,9.247331935806604e-11,5.3582953581166554e-05,11.0
-1.2907572592343195,0.7116315316155215,9.247331935806604e-11,5.3582953581166554e-05,11.0
-1.2907581610459438,0.7116306880978941,9.247331935806604e-11,5.3582953581166554e-05,11.0
-1.2907588591776444,0.7116304844179704,9.247331935806604e-11,5.3582953581166554e-05,11.0
-1.2907596445758078,0.7116304554455047,9.247331935806604e-11,5.3582953581166554e-05,11.0
-1.2907604880934354,0.7116306008314316,9.247331935806604e-11,5.3582953581166554e-05,11.0
-1.2907615935849839,0.7116309498972819,9.247331935806604e-11,5.3582953581166554e-05,11.0
-1.2907628734349241,0.7116314443490591,0.0,0.0,11.0
-1.2907642988453243,0.7116321135082943,3.6596234193874843e-10,9.65719562729719e-05,11.0
-1.2907658404946525,0.7116328116399949,3.6596234193874843e-10,9.65719562729719e-05,10.0
-1.2907674694104436,0.7116333933582347,3.6596234193874843e-10,9.65719562729719e-05,8.0
-1.2907690693537686,0.7116339750764744,3.6596234193874843e-10,9.65719562729719e-05,8.0
-1.290770611003097,0.711634556969247,3.6596234193874843e-10,9.65719562729719e-05,9.0
-1.2907724435988117,0.7116351678344852,3.6596234193874843e-10,9.65719562729719e-05,9.0
-1.2907743926079873,0.7116360113521126,3.6596234193874843e-10,9.65719562729719e-05,8.0
-1.2907782031853432,0.711637611295438,3.6596234193874843e-10,9.65719562729719e-05,9.0
-1.2907799485145952,0.7116383383996043,3.510088251210863e-10,0.00014161471661895277,10.0
-1.290781693843847,0.7116391237977678,3.510088251210863e-10,0.00014161471661895277,10.0
-1.2907834391730992,0.7116398802234656,3.510088251210863e-10,0.00014161471661895277,10.0
-1.2907851845023512,0.7116406656216291,3.510088251210863e-10,0.00014161471661895277,9.0
-1.2907869881256002,0.7116415672587206,3.510088251210863e-10,0.00014161471661895277,11.0
-1.2907888496937805,0.711642410950881,3.510088251210863e-10,0.00014161471661895277,11.0
-1.2907908278499545,0.7116432253215099,3.510088251210863e-10,0.00014161471661895277,10.0
-1.2907927477121317,0.7116441852525985,0.0,0.0,10.0
-1.2907946965467747,0.7116450289447589,0.0,0.0,10.0
-1.2907966455559503,0.7116457560489253,0.0,0.0,10.0
-1.2907985654181275,0.7116464252081605,2.5505296710162284e-10,8.142446062894289e-05,10.0
-1.2908006016937656,0.7116469777794019,2.5505296710162284e-10,8.142446062894289e-05,10.0
-1.2908024342894802,0.7116476177916385,2.5505296710162284e-10,8.142446062894289e-05,11.0
-1.2908041796187322,0.7116483450703378,2.5505296710162284e-10,8.142446062894289e-05,12.0
-1.290805808534523,0.7116491013215027,2.5505296710162284e-10,8.142446062894289e-05,12.0
-1.2908105790429676,0.7116509630642157,2.5505296710162284e-10,8.142446062894289e-05,12.0
-1.2908119463339036,0.7116515156354569,2.5505296710162284e-10,8.142446062894289e-05,13.0
-1.2908143315008596,0.7116524174470814,2.642024559237154e-10,7.222761785824846e-05,11.0
-1.290816542309423,0.7116533192587061,2.642024559237154e-10,7.222761785824846e-05,11.0
-1.2908175895069742,0.711653813710483,2.642024559237154e-10,7.222761785824846e-05,11.0
-1.2908184621716001,0.7116542208957976,2.642024559237154e-10,7.222761785824846e-05,11.0
-1.2908193348362262,0.7116543954287228,2.642024559237154e-10,7.222761785824846e-05,11.0
-1.2908200621149255,0.7116546863751091,2.642024559237154e-10,7.222761785824846e-05,12.0
-1.2908205565667024,0.711655006293961,2.642024559237154e-10,7.222761785824846e-05,12.0
-1.2908225928423411,0.7116557044256617,2.642024559237154e-10,7.222761785824846e-05,11.0
-1.2908232618270432,0.7116560826385107,2.642024559237154e-10,7.222761785824846e-05,11.0
-1.290826025206848,0.7116560826385107,2.642024559237154e-10,7.222761785824846e-05,12.0
-1.2908267816325456,0.7116555298927366,2.642024559237154e-10,7.222761785824846e-05,12.0
-1.2908273342037868,0.7116548027885702,2.642024559237154e-10,7.222761785824846e-05,13.0
-1.2908278578025625,0.7116540173904067,2.642024559237154e-10,7.222761785824846e-05,13.0
-1.2908284396953351,0.711653260964709,2.642024559237154e-10,7.222761785824846e-05,12.0
-1.2908288760276483,0.7116525919800066,2.642024559237154e-10,7.222761785824846e-05,12.0
-1.2908294577458879,0.71165195196777,2.642024559237154e-10,7.222761785824846e-05,12.0
-1.2908300686111258,0.7116513993965288,2.642024559237154e-10,7.222761785824846e-05,12.0
-1.2908307375958283,0.7116509920366814,2.642024559237154e-10,7.222761785824846e-05,12.0
-1.290833879188482,0.7116491594409667,2.530863570405572e-10,7.126381016363937e-05,12.0
-1.290834868266569,0.7116480832709501,2.530863570405572e-10,7.126381016363937e-05,12.0
-1.290835304598882,0.7116472687257881,2.530863570405572e-10,7.126381016363937e-05,12.0
-1.290835740931195,0.7116465997410858,2.530863570405572e-10,7.126381016363937e-05,12.0
-1.2908357990506591,0.7116456398099972,2.530863570405572e-10,7.126381016363937e-05,12.0
-1.2908357990506591,0.7116449125312979,1.7396716074563119e-10,0.00010830804709120362,13.0
-1.2908364390628957,0.7116436326813574,1.7396716074563119e-10,0.00010830804709120362,13.0
-1.290836555476357,0.7116432253215099,1.7396716074563119e-10,0.00010830804709120362,13.0
-1.2908368462482103,0.711642410950881,1.7396716074563119e-10,0.00010830804709120362,12.0
-1.290837224461059,0.7116412764868674,1.7396716074563119e-10,0.00010830804709120362,12.0
-1.290837486260447,0.7116406364746306,1.7396716074563119e-10,0.00010830804709120362,12.0
-1.2908379517397586,0.7116397638100046,1.7396716074563119e-10,0.00010830804709120362,12.0
-1.2908387661103873,0.711638920292377,1.7396716074563119e-10,0.00010830804709120362,12.0
-1.290839667922012,0.7116382221606762,1.7396716074563119e-10,0.00010830804709120362,13.0
-1.2908404533201754,0.7116372622295877,1.7396716074563119e-10,0.00010830804709120362,13.0
-1.290841413251264,0.7116363895649616,1.7396716074563119e-10,0.00010830804709120362,12.0
-1.2908421405299633,0.7116355458728012,1.7396716074563119e-10,0.00010830804709120362,12.0
-1.2908429840475908,0.7116346732081752,1.7396716074563119e-10,0.00010830804709120362,12.0
-1.2908437694457542,0.7116338005435493,1.7396716074563119e-10,0.00010830804709120362,12.0
-1.2908451075896916,0.7116317934149095,2.588079860402402e-10,7.159947907048744e-05,13.0
-1.2908456311884673,0.7116306880978941,2.588079860402402e-10,7.159947907048744e-05,12.0
-1.2908469110384078,0.711628390022868,2.588079860402402e-10,7.159947907048744e-05,12.0
-1.2908474054901848,0.7116274592387779,2.588079860402402e-10,7.159947907048744e-05,13.0
-1.2908477545560353,0.7116267611070771,2.588079860402402e-10,7.159947907048744e-05,13.0
-1.2908499362176002,0.7116260629753763,2.452363661369704e-10,7.022327347431102e-05,13.0
-1.2908502852834507,0.7116239685802739,2.452363661369704e-10,7.022327347431102e-05,13.0
-1.290850867176223,0.7116230667686494,2.575400160285222e-10,7.128533993141538e-05,13.0
-1.290851507013927,0.7116219905986327,2.575400160285222e-10,7.128533993141538e-05,14.0
-1.2908524960920142,0.711620536041234,2.575400160285222e-10,7.128533993141538e-05,14.0
-1.2908533979036385,0.7116194015772203,2.575400160285222e-10,7.128533993141538e-05,14.0
-1.2908548231395058,0.7116181798467439,2.4321462031639817e-10,8.863763045501138e-05,13.0
-1.2908557830705942,0.7116170164102645,2.4321462031639817e-10,8.863763045501138e-05,13.0
-1.2908575866938434,0.7116147183352384,2.4321462031639817e-10,8.863763045501138e-05,14.0
-1.290858430211471,0.7116136711376873,2.4321462031639817e-10,8.863763045501138e-05,14.0
-1.290859797327874,0.7116127403535971,2.4321462031639817e-10,8.863763045501138e-05,13.0
-1.2908605537535718,0.7116118676889711,2.4321462031639817e-10,8.863763045501138e-05,14.0
-1.2908610773523472,0.7116111112632734,2.4321462031639817e-10,8.863763045501138e-05,14.0
-1.290861600951123,0.7116104131315725,2.1844023787303692e-10,0.00012141140684833804,14.0
-1.2902898600606352,0.712517955370144,3.15828863924905e-11,2.970773306450537e-05,12.0
-1.2902887838906185,0.7125195261664709,3.15828863924905e-11,2.970773306450537e-05,13.0
-1.2902865439350566,0.7125222603992769,3.15828863924905e-11,2.970773306450537e-05,13.0
-1.2902856422979647,0.7125235404237503,3.15828863924905e-11,2.970773306450537e-05,14.0
-1.2902846532198777,0.7125247621542267,3.15828863924905e-11,2.970773306450537e-05,14.0
-1.2902836641417907,0.7125261584176285,3.15828863924905e-11,2.970773306450537e-05,14.0
-1.2902826752382366,0.7125276128004939,3.15828863924905e-11,2.970773306450537e-05,14.0
-1.2902818025736105,0.7125289799168971,5.707532824775818e-10,0.0001056560644558518,15.0
-1.2902811044419098,0.712530347207833,5.707532824775818e-10,0.0001056560644558518,15.0
-1.290279388085123,0.7125341286381904,5.707532824775818e-10,0.0001056560644558518,16.0
-1.2902787772198852,0.7125354376351295,5.707532824775818e-10,0.0001056560644558518,15.0
-1.2902783119151064,0.7125365720991433,5.707532824775818e-10,0.0001056560644558518,15.0
-1.2902779628492562,0.7125375903242289,5.707532824775818e-10,0.0001056560644558518,14.0
-1.2902777591693324,0.7125382301619326,5.707532824775818e-10,0.0001056560644558518,14.0
-1.2902774392504803,0.7125385502553175,8.677453666890089e-11,7.890629944019584e-05,15.0
-1.2902728722474266,0.7125383174283952,8.677453666890089e-11,7.890629944019584e-05,16.0
-1.2902696433883105,0.712537648443693,8.677453666890089e-11,7.890629944019584e-05,16.0
-1.2902684508048328,0.7125372412583785,8.677453666890089e-11,7.890629944019584e-05,16.0
-1.2902674036072814,0.7125368921925281,8.677453666890089e-11,7.890629944019584e-05,16.0
-1.2902662981157333,0.7125366012461417,8.677453666890089e-11,7.890629944019584e-05,16.0
-1.2902650182657927,0.712536339446754,8.677453666890089e-11,7.890629944019584e-05,16.0
-1.2902639419212432,0.7125361940608274,8.677453666890089e-11,7.890629944019584e-05,16.0
-1.2902629238706904,0.7125360485003676,8.677453666890089e-11,7.890629944019584e-05,17.0
-1.290262080353063,0.7125359903809036,8.677453666890089e-11,7.890629944019584e-05,17.0
-1.2902585024280961,0.7125368630455297,8.677453666890089e-11,7.890629944019584e-05,18.0
-1.2902578624158596,0.712537648443693,6.353268446815061e-11,5.76077911336509e-05,18.0
-1.2902572515506214,0.7125384919613205,8.9602909411102e-11,8.161224926206152e-05,17.0
-1.2902558552872199,0.7125406736228854,8.9602909411102e-11,8.161224926206152e-05,16.0
-1.2902552444219817,0.712541691847971,8.9602909411102e-11,8.161224926206152e-05,15.0
-1.2902546335567435,0.7125425062186002,8.9602909411102e-11,8.161224926206152e-05,15.0
-1.2902539935445068,0.7125432916167634,8.9602909411102e-11,8.161224926206152e-05,14.0
-1.2902534409732656,0.712544077014927,8.9602909411102e-11,8.161224926206152e-05,13.0
-1.2902528882274913,0.7125446878801651,8.9602909411102e-11,8.161224926206152e-05,13.0
-1.2902523937757142,0.7125451242124781,8.9602909411102e-11,8.161224926206152e-05,14.0
-1.2902520155628656,0.7125455605447911,8.9602909411102e-11,8.161224926206152e-05,14.0
-1.2902517246164793,0.7125459096106415,8.9602909411102e-11,8.161224926206152e-05,14.0
-1.290248233957975,0.7125489639368324,2.0335802018983793e-11,2.6435021561235318e-05,13.0
-1.290246866841572,0.7125506802936188,2.0335802018983793e-11,2.6435021561235318e-05,14.0
-1.290246110590407,0.712551930996561,2.0335802018983793e-11,2.6435021561235318e-05,14.0
-1.2902452379257812,0.7125532399934998,2.0335802018983793e-11,2.6435021561235318e-05,14.0
-1.2902443652611553,0.7125547526703626,2.0335802018983793e-11,2.6435021561235318e-05,13.0
-1.2902434925965292,0.7125564979996145,3.379227653715964e-11,3.85705091857439e-05,13.0
-1.290242503518442,0.7125583887147932,3.379227653715964e-11,3.85705091857439e-05,14.0
-1.29024168897328,0.7125598722446573,3.379227653715964e-11,3.85705091857439e-05,14.0
-1.2902409035751168,0.7125613849215201,8.833524401936205e-11,5.318059067269593e-05,14.0
-1.290240060057489,0.7125628684513844,8.833524401936205e-11,5.318059067269593e-05,13.0
-1.2902393619257886,0.7125640320623966,8.833524401936205e-11,5.318059067269593e-05,13.0
-1.2902384311416983,0.7125659227775754,8.833524401936205e-11,5.318059067269593e-05,13.0
-1.2902370348782968,0.7125680463196763,8.833524401936205e-11,5.318059067269593e-05,13.0
-1.2902364821325227,0.7125689479567678,8.833524401936205e-11,5.318059067269593e-05,13.0
-1.2902350567221226,0.7125714497117176,8.833524401936205e-11,5.318059067269593e-05,13.0
-1.2902345914173439,0.7125738640256718,8.833524401936205e-11,5.318059067269593e-05,13.0
-1.2902356386148952,0.7125749403702215,8.833524401936205e-11,5.318059067269593e-05,13.0
-1.2902363657190614,0.7125752602890734,8.833524401936205e-11,5.318059067269593e-05,13.0
-1.290237092997761,0.7125756674743879,1.4436733375742012e-10,5.7248470012468756e-05,13.0
-1.2902378783959243,0.712576103806701,1.4436733375742012e-10,5.7248470012468756e-05,13.0
-1.2902387802075488,0.7125764239000858,1.4436733375742012e-10,5.7248470012468756e-05,13.0
-1.2902396818446404,0.7125767438189377,1.4436733375742012e-10,5.7248470012468756e-05,13.0
-1.2902404672428036,0.7125770056183255,1.4436733375742012e-10,5.7248470012468756e-05,14.0
-1.2902412526409672,0.7125772382707148,1.4436733375742012e-10,5.7248470012468756e-05,14.0
-1.290241892653204,0.7125774128036398,1.4436733375742012e-10,5.7248470012468756e-05,14.0
-1.2902424743714433,0.7125776746030278,1.4436733375742012e-10,5.7248470012468756e-05,14.0
-1.2902472159074225,0.7125805543962935,1.4436733375742012e-10,5.7248470012468756e-05,12.0
-1.290248437637899,0.7125804090103668,1.4436733375742012e-10,5.7248470012468756e-05,12.0
-1.2902497174878393,0.7125802344774417,2.500951662867651e-10,6.840799488913178e-05,12.0
-1.2902510847787754,0.7125802344774417,2.500951662867651e-10,6.840799488913178e-05,12.0
-1.2902526555751022,0.7125802636244402,2.500951662867651e-10,6.840799488913178e-05,11.0
-1.2902540518385037,0.7125804962768295,0.0,0.0,11.0
-1.290255418954907,0.7125808744896784,0.0,0.0,12.0
-1.290256640685383,0.7125813108219914,0.0,0.0,12.0
-1.2902578624158596,0.7125817761267699,0.0,0.0,10.0
-1.2902590260268718,0.7125821834866173,0.0,0.0,10.0
-1.2902600149304262,0.7125825034054694,0.0,0.0,10.0
-1.2902609167420507,0.7125829978572464,0.0,0.0,10.0
-1.29026164402075,0.7125834341895594,0.0,0.0,9.0
-1.2902633020835392,0.7125852378128084,0.0,0.0,7.0
-1.2902640874817026,0.7125855577316602,0.0,0.0,8.0
-1.2902651636517195,0.7125860521834374,0.0,0.0,7.0
-1.2902664145291944,0.7125866049292113,0.0,0.0,6.0
-1.2902692362029962,0.7125878266596877,1.2215158533178712e-12,4.502433436736974e-06,6.0
-1.2902707778523244,0.7125884956443901,1.2215158533178712e-12,4.502433436736974e-06,6.0
-1.2902724650621125,0.7125892810425536,1.2215158533178712e-12,4.502433436736974e-06,7.0
-1.2902740648309048,0.7125900374682512,1.2215158533178712e-12,4.502433436736974e-06,7.0
-1.290277468222946,0.7125918990364315,1.2215158533178712e-12,4.502433436736974e-06,9.0
-1.290279271846195,0.7125929753809812,1.2215158533178712e-12,4.502433436736974e-06,9.0
-1.290281191708372,0.712594109844995,1.2215158533178712e-12,4.502433436736974e-06,11.0
-1.2902888711570812,0.7125987349675128,1.6199554383971031e-12,5.514043766309907e-06,14.0
-1.2902907037527955,0.7125998694315265,1.6199554383971031e-12,5.514043766309907e-06,14.0
-1.2902925363485103,0.7126010038955405,1.6199554383971031e-12,5.514043766309907e-06,14.0
-1.2902943106502278,0.7126020510930916,1.6199554383971031e-12,5.514043766309907e-06,16.0
-1.2902960559794798,0.7126030982906428,1.6199554383971031e-12,5.514043766309907e-06,17.0
-1.290298034135654,0.7126041454881941,1.6199554383971031e-12,5.514043766309907e-06,18.0
-1.2902999248508327,0.7126052218327437,1.6199554383971031e-12,5.514043766309907e-06,17.0
-1.2903054807574406,0.7126080143595469,1.6199554383971031e-12,5.514043766309907e-06,20.0
-1.290307255233691,0.7126091196765623,1.6199554383971031e-12,5.514043766309907e-06,22.0
-1.290309058682407,0.7126102249935774,2.735270997631926e-10,7.298156363676169e-05,25.0
-1.2903124331019828,0.7126125230686035,2.735270997631926e-10,7.298156363676169e-05,24.0
-1.2903141492842363,0.7126135411191563,2.735270997631926e-10,7.298156363676169e-05,27.0
-1.2903158364940241,0.7126145010502447,2.735270997631926e-10,7.298156363676169e-05,27.0
-1.290317465409815,0.7126154028618694,2.735270997631926e-10,7.298156363676169e-05,28.0
-1.2903191526196032,0.7126161882600328,2.735270997631926e-10,7.298156363676169e-05,30.0
-1.2903227305445697,0.7126172354575839,2.551475507761198e-12,7.320467033352446e-06,31.0
-1.2903245631402842,0.7126172354575839,2.551475507761198e-12,7.320467033352446e-06,30.0
-1.290326133936611,0.7126170900716572,2.551475507761198e-12,7.320467033352446e-06,29.0
-1.2903273265200892,0.712616857244735,2.551475507761198e-12,7.320467033352446e-06,27.0
-1.2903282283317135,0.7126167118588083,2.551475507761198e-12,7.320467033352446e-06,27.0
-1.2903288973164158,0.7126165664728816,2.551475507761198e-12,7.320467033352446e-06,27.0
-1.290333377053007,0.7126157810747181,2.551475507761198e-12,7.320467033352446e-06,25.0
-1.2903340751847077,0.7126154901283319,2.551475507761198e-12,7.320467033352446e-06,24.0
-1.2903349187023352,0.7126151119154831,0.0,0.0,23.0
-1.2903357041004986,0.7126148211436297,0.0,0.0,21.0
-1.2903365186456606,0.7126145593442419,0.0,0.0,20.0
-1.2903382639749124,0.712613802918544,0.0,0.0,20.0
-1.2903390202260774,0.7126134248802279,0.0,0.0,20.0
-1.2903396602383141,0.7126130758143776,0.0,0.0,20.0
-1.290341609072957,0.7126122612692158,0.0,0.0,20.0
-1.2903444307467586,0.7126121448557545,0.0,0.0,17.0
-1.2903464670223967,0.7126139484790037,0.0,0.0,17.0
-1.2903470487406365,0.7126148792630939,0.0,0.0,16.0
-1.2903472232735618,0.7126152283289441,0.0,0.0,16.0
-1.2903479214052624,0.7126165081788846,0.0,0.0,15.0
-1.2903488521893525,0.7126181662416741,0.0,0.0,15.0
-1.2903494049351267,0.7126192717332221,0.0,0.0,16.0
-1.2903498704144383,0.7126203770502375,2.674342944393233e-11,2.7956837387869977e-05,16.0
-1.2903503940132137,0.7126214823672529,2.674342944393233e-11,2.7956837387869977e-05,16.0
-1.2903509176119894,0.7126226751252637,2.674342944393233e-11,2.7956837387869977e-05,16.0
-1.2903513539443026,0.7126239549752041,2.509834306849377e-11,2.96013167266056e-05,18.0
-1.2903517902766155,0.7126253512386057,2.509834306849377e-11,2.96013167266056e-05,18.0
-1.290352255581394,0.7126267183550087,2.509834306849377e-11,2.96013167266056e-05,20.0
-1.2903527210607055,0.7126280273519477,2.509834306849377e-11,2.96013167266056e-05,20.0
-1.2903531573930185,0.7126291909629601,2.509834306849377e-11,2.96013167266056e-05,19.0
-1.2903534191924064,0.7126305291068977,2.509834306849377e-11,2.96013167266056e-05,19.0
-1.2903535937253316,0.7126319253702991,2.509834306849377e-11,2.96013167266056e-05,20.0
-1.2903537101387927,0.7126334089001634,2.509834306849377e-11,2.96013167266056e-05,21.0
-1.2903537391112583,0.7126349505494918,2.509834306849377e-11,2.96013167266056e-05,23.0
-1.2903536518447956,0.7126365213458185,2.509834306849377e-11,2.96013167266056e-05,23.0
-1.29035362287233,0.71263791760922,2.509834306849377e-11,2.96013167266056e-05,24.0
-1.2903533319259437,0.7126394884055469,2.509834306849377e-11,2.96013167266056e-05,24.0
-1.2903530992735543,0.7126411173213378,3.337083833736346e-12,8.539659586342227e-06,26.0
-1.2903528374741666,0.7126427753841271,3.337083833736346e-12,8.539659586342227e-06,26.0
-1.2903525756747787,0.712644346180454,6.0539666012944076e-12,1.0154269811825202e-05,27.0
-1.2903522847283926,0.7126458588573167,6.0539666012944076e-12,1.0154269811825202e-05,28.0
-1.2903518192490808,0.7126471678542556,4.216971251192185e-12,9.73884396997655e-06,30.0
-1.290351324797304,0.7126483604377335,4.216971251192185e-12,9.73884396997655e-06,31.0
-1.2903509757314535,0.7126495240487458,4.216971251192185e-12,9.73884396997655e-06,32.0
-1.290350626665603,0.7126507166322238,4.216971251192185e-12,9.73884396997655e-06,32.0
-1.2903503067467512,0.7126517638297749,2.35930760884653e-11,2.250456019687045e-05,34.0
-1.2903500158003651,0.7126526947883979,2.35930760884653e-11,2.250456019687045e-05,34.0
-1.2903494922015892,0.7126541783182622,2.35930760884653e-11,2.250456019687045e-05,38.0
-1.2903492885216656,0.7126549054224285,2.35930760884653e-11,2.250456019687045e-05,38.0
-1.2903489686028138,0.7126555162876667,3.5809300786373097e-12,1.2829525442005737e-05,38.0
-1.2903487940698886,0.7126559526199797,3.5809300786373097e-12,1.2829525442005737e-05,38.0
-1.2903487068034258,0.7126565926322164,3.5809300786373097e-12,1.2829525442005737e-05,37.0
-1.2903478049918016,0.7126592687455584,7.121208961942933e-11,4.439901139653134e-05,38.0
-1.2903474850729495,0.7126597633718685,7.121208961942933e-11,4.439901139653134e-05,37.0
-1.2903471941265632,0.7126602578236456,7.121208961942933e-11,4.439901139653134e-05,37.0
-1.2903469033547097,0.7126608686888838,7.121208961942933e-11,4.439901139653134e-05,38.0
-1.2903465542888595,0.7126615668205847,7.121208961942933e-11,4.439901139653134e-05,38.0
-1.2903448670790716,0.7126649410656275,7.121208961942933e-11,4.439901139653134e-05,43.0
-1.290344459893757,0.7126656974913254,7.121208961942933e-11,4.439901139653134e-05,43.0
-1.290344139800372,0.7126661046766398,7.121208961942933e-11,4.439901139653134e-05,45.0
-1.2903395729718516,0.7126739878052722,2.947417230331863e-11,2.2026167310816103e-05,48.0
-1.290339282025465,0.7126745403765136,2.947417230331863e-11,2.2026167310816103e-05,48.0
-1.2903390202260774,0.7126750350028235,2.947417230331863e-11,2.2026167310816103e-05,48.0
-1.2903388748401508,0.712675500307602,2.947417230331863e-11,2.2026167310816103e-05,48.0
-1.2903386130407628,0.7126760822003746,8.06200463161679e-12,1.180559901944844e-05,48.0
-1.2903382929473781,0.7126766639186144,8.06200463161679e-12,1.180559901944844e-05,47.0
-1.290337973028526,0.7126773039308512,8.06200463161679e-12,1.180559901944844e-05,47.0
-1.29033768208214,0.7126780601820158,8.06200463161679e-12,1.180559901944844e-05,48.0
-1.2903374202827522,0.7126788164331809,8.06200463161679e-12,1.180559901944844e-05,48.0
-1.2903371876303629,0.7126796309783426,8.06200463161679e-12,1.180559901944844e-05,48.0
-1.2903368385645122,0.7126804163765061,8.06200463161679e-12,1.180559901944844e-05,47.0
-1.2903364022321993,0.7126812309216681,8.06200463161679e-12,1.180559901944844e-05,47.0
-1.290335878633424,0.7126821035862941,8.06200463161679e-12,1.180559901944844e-05,47.0
-1.290335413154112,0.712682917956923,8.06200463161679e-12,1.180559901944844e-05,48.0
-1.290335005968798,0.7126836743826209,8.06200463161679e-12,1.180559901944844e-05,47.0
-1.2903346860499458,0.7126844014867872,8.06200463161679e-12,1.180559901944844e-05,45.0
-1.2903342786900984,0.7126851579124851,8.06200463161679e-12,1.180559901944844e-05,46.0
-1.2903339006517824,0.7126858268971873,3.1569026301052706e-12,7.700044164379741e-06,50.0
-1.2903334351724711,0.7126863796429614,3.1569026301052706e-12,7.700044164379741e-06,51.0
-1.290332998840158,0.712686903241737,3.1569026301052706e-12,7.700044164379741e-06,51.0
-1.2903327661877686,0.7126875141069753,3.1569026301052706e-12,7.700044164379741e-06,50.0
-1.2903326206273091,0.7126882703581401,3.1569026301052706e-12,7.700044164379741e-06,49.0
-1.2903323879749198,0.7126889393428425,3.1569026301052706e-12,7.700044164379741e-06,51.0
-1.2903320389090696,0.7126896957685401,3.1569026301052706e-12,7.700044164379741e-06,52.0
-1.2903307590591289,0.7126912955373327,3.1569026301052706e-12,7.700044164379741e-06,54.0
-1.2903302063133548,0.712692139229493,2.7826648988506393e-11,2.4097156371072022e-05,53.0
-1.2903296535675808,0.712692953600122,2.7826648988506393e-11,2.4097156371072022e-05,53.0
-1.290329188262802,0.7126938262647479,2.7826648988506393e-11,2.4097156371072022e-05,51.0
-1.2903287809029547,0.7126946989293739,2.7826648988506393e-11,2.4097156371072022e-05,52.0
-1.2903284609841028,0.7126954553550717,2.7826648988506393e-11,2.4097156371072022e-05,53.0
-1.2903276464389408,0.7126967060580137,2.7826648988506393e-11,2.4097156371072022e-05,53.0
-1.290326832068312,0.7126973460702505,2.7826648988506393e-11,2.4097156371072022e-05,52.0
-1.2903264247084645,0.7126975787226398,2.7826648988506393e-11,2.4097156371072022e-05,52.0
-1.2903220324128688,0.7126981023214154,1.480471121922301e-11,1.7000244238344294e-05,52.0
-1.2903205488830047,0.7126983060013392,1.480471121922301e-11,1.7000244238344294e-05,54.0
-1.2903190653531407,0.7126985678007268,1.480471121922301e-11,1.7000244238344294e-05,57.0
-1.2903174945568137,0.7126988004531162,1.480471121922301e-11,1.7000244238344294e-05,56.0
-1.2903152546012515,0.7126989460135759,2.6625237885729687e-11,2.2110708983555082e-05,58.0
-1.2903142656976976,0.7126990913995025,2.6625237885729687e-11,2.2110708983555082e-05,58.0
-1.2903134802995342,0.7126992078129635,2.6625237885729687e-11,2.2110708983555082e-05,60.0
-1.290312549340911,0.7126994404653528,2.6625237885729687e-11,2.2110708983555082e-05,59.0
-1.2903113567574331,0.7126995277318154,2.6625237885729687e-11,2.2110708983555082e-05,60.0
-1.2903100186134957,0.7126992367854291,2.5432660687242343e-11,2.5476869472103796e-05,60.0
-1.2903084769641675,0.712698625920191,3.300225126168042e-12,7.4230762473970035e-06,61.0
-1.2903068770208421,0.7126983641208031,3.300225126168042e-12,7.4230762473970035e-06,59.0
-1.2903051316915901,0.7126981606154124,3.300225126168042e-12,7.4230762473970035e-06,61.0
-1.2903035027757992,0.7126977532555648,3.300225126168042e-12,7.4230762473970035e-06,64.0
-1.2903021065123976,0.7126972879507864,2.1560820972825498e-11,2.0539637872578014e-05,68.0
-1.2903010593148463,0.7126968224714749,2.1560820972825498e-11,2.0539637872578014e-05,69.0
-1.2903002447696845,0.712696444258626,2.1560820972825498e-11,2.0539637872578014e-05,71.0
-1.2902997211709089,0.7126962116062366,2.1560820972825498e-11,2.0539637872578014e-05,73.0
-1.2902959105935532,0.7126940880641358,4.328004300571977e-12,9.01733788575333e-06,78.0
-1.290295357847779,0.7126939135312106,4.328004300571977e-12,9.01733788575333e-06,78.0
-1.2902948342490033,0.7126937389982855,4.328004300571977e-12,9.01733788575333e-06,78.0
-1.290294223383765,0.7126935063458961,4.328004300571977e-12,9.01733788575333e-06,77.0
-1.290292361815585,0.7126926918007342,5.494841327061094e-12,9.540451446670455e-06,76.0
-1.2902909364051849,0.7126921973489572,5.494841327061094e-12,9.540451446670455e-06,76.0
-1.290290121860023,0.7126919646965678,5.494841327061094e-12,9.540451446670455e-06,76.0
-1.2902892491953972,0.7126917901636426,5.494841327061094e-12,9.540451446670455e-06,77.0
-1.2902884637972338,0.7126917610166441,5.494841327061094e-12,9.540451446670455e-06,76.0
-1.2902868640284413,0.7126914992172563,1.837650277430989e-11,2.3268398832645612e-05,77.0
-1.2902862821356686,0.712691324684331,1.837650277430989e-11,2.3268398832645612e-05,77.0
-1.290284565953415,0.7126907429660915,1.837650277430989e-11,2.3268398832645612e-05,78.0
-1.2902836060223266,0.7126904520197053,1.837650277430989e-11,2.3268398832645612e-05,76.0
-1.2902824134388486,0.7126901321008532,1.837650277430989e-11,2.3268398832645612e-05,72.0
-1.29028095888145,0.7126899284209295,3.558129464453622e-11,3.8075942531333814e-05,71.0
-1.2902796209120453,0.7126896374745431,5.1598687811789825e-11,5.35914891328288e-05,72.0
-1.2902783408875718,0.7126893756751554,5.1598687811789825e-11,5.35914891328288e-05,73.0
-1.2902756939212283,0.7126888520763798,5.1598687811789825e-11,5.35914891328288e-05,71.0
-1.2902743266302925,0.7126886194239904,5.1598687811789825e-11,5.35914891328288e-05,69.0
-1.2902724359151139,0.7126881830916775,5.1598687811789825e-11,5.35914891328288e-05,68.0
-1.2902719123163382,0.7126879794117538,5.1598687811789825e-11,5.35914891328288e-05,67.0
-1.290271359570564,0.7126879212922896,5.1598687811789825e-11,5.35914891328288e-05,66.0
-1.2902704869059383,0.7126880666782165,5.1598687811789825e-11,5.35914891328288e-05,66.0
-1.2902696433883105,0.7126885030105294,5.1598687811789825e-11,5.35914891328288e-05,65.0
-1.2902689744036082,0.712689026609305,5.1598687811789825e-11,5.35914891328288e-05,65.0
-1.2902683925108356,0.7126896666215418,5.1598687811789825e-11,5.35914891328288e-05,64.0
-1.290267258046822,0.7126910628849433,4.390481333111211e-11,4.344298620826234e-05,63.0
-1.2902667054755808,0.7126917901636426,4.390481333111211e-11,4.344298620826234e-05,64.0
-1.290266065463344,0.7126926628282686,4.390481333111211e-11,4.344298620826234e-05,63.0
-1.290265367331643,0.7126935936123587,4.390481333111211e-11,4.344298620826234e-05,64.0
-1.2902645238140158,0.7126946408099099,4.390481333111211e-11,4.344298620826234e-05,67.0
-1.290263767388318,0.7126957171544596,4.390481333111211e-11,4.344298620826234e-05,66.0
-1.2902630402841515,0.7126967643520108,4.390481333111211e-11,4.344298620826234e-05,65.0
-1.2902623421524508,0.7126978405220276,4.390481333111211e-11,4.344298620826234e-05,66.0
-1.29026164402075,0.7126987714806506,4.390481333111211e-11,4.344298620826234e-05,64.0
-1.290259345945724,0.7127007203152934,2.2358004760731694e-11,2.2277216911490536e-05,62.0
-1.2902581242152473,0.7127021457256935,2.2358004760731694e-11,2.2277216911490536e-05,59.0
-1.2902567570988444,0.7127033966031683,2.2358004760731694e-11,2.2277216911490536e-05,57.0
-1.2902564370054597,0.7127037165220204,2.2358004760731694e-11,2.2277216911490536e-05,56.0
-1.2902560879396092,0.7127039783214081,2.2358004760731694e-11,2.2277216911490536e-05,55.0
-1.2902555353683678,0.7127050255189592,2.2358004760731694e-11,2.2277216911490536e-05,55.0
-1.2902557099012932,0.7127054037318081,2.2358004760731694e-11,2.2277216911490536e-05,57.0
-1.2902563207665312,0.7127057817701242,2.2358004760731694e-11,2.2277216911490536e-05,58.0
-1.2902570770176962,0.7127061308359746,2.2358004760731694e-11,2.2277216911490536e-05,60.0
-1.2902578042963955,0.7127065090488235,8.476893558014858e-12,1.1992498580772174e-05,60.0
-1.2902583568676367,0.7127067999952097,8.476893558014858e-12,1.1992498580772174e-05,59.0
-1.290258764227484,0.712707032647599,8.476893558014858e-12,1.1992498580772174e-05,59.0
-1.2902603350238109,0.7127077599262983,8.476893558014858e-12,1.1992498580772174e-05,60.0
-1.2902610621279773,0.7127079634316892,8.476893558014858e-12,1.1992498580772174e-05,62.0
-1.2902619347926032,0.7127082543780754,8.476893558014858e-12,1.1992498580772174e-05,63.0
-1.2902628657512263,0.7127085742969275,8.476893558014858e-12,1.1992498580772174e-05,64.0
-1.2902637965353165,0.7127089233627777,8.476893558014858e-12,1.1992498580772174e-05,63.0
-1.2902647273194066,0.7127093307226251,8.476893558014858e-12,1.1992498580772174e-05,63.0
-1.2902662399962692,0.7127099415878633,8.476893558014858e-12,1.1992498580772174e-05,62.0
-1.2902667927420433,0.7127101742402525,8.476893558014858e-12,1.1992498580772174e-05,62.0
-1.2902674617267456,0.7127104068926419,8.476893558014858e-12,1.1992498580772174e-05,60.0
-1.2902697015077746,0.712710959638416,2.6879136503503327e-11,2.7279405037140916e-05,61.0
-1.2902708359717885,0.7127113087042664,2.6879136503503327e-11,2.7279405037140916e-05,61.0
-1.290271854196874,0.7127117450365794,2.6879136503503327e-11,2.7279405037140916e-05,59.0
-1.2902728141279627,0.7127120941024299,2.6879136503503327e-11,2.7279405037140916e-05,60.0
-1.290274850229068,0.7127127630871322,3.590403680054572e-11,3.81613071141446e-05,60.0
-1.2902758684541535,0.7127131121529825,3.590403680054572e-11,3.81613071141446e-05,62.0
-1.2902773809564834,0.7127136940457551,3.590403680054572e-11,3.81613071141446e-05,60.0
-1.2902804935766714,0.7127189300335111,3.5699943128819825e-11,2.410815263779199e-05,58.0
-1.2902801153638226,0.7127196571376775,3.5699943128819825e-11,2.410815263779199e-05,56.0
-1.290279271846195,0.712721431613928,3.5699943128819825e-11,2.410815263779199e-05,54.0
-1.2902791262857354,0.7127217806797783,3.5699943128819825e-11,2.410815263779199e-05,53.0
-1.2902790100468071,0.7127221005986303,3.5699943128819825e-11,2.410815263779199e-05,52.0
-1.2902789517528104,0.7127224788114792,3.5699943128819825e-11,2.410815263779199e-05,52.0
-1.290278835513882,0.7127229151437923,3.5699943128819825e-11,2.410815263779199e-05,51.0
-1.290278719100421,0.7127234678895663,3.5699943128819825e-11,2.410815263779199e-05,50.0
-1.2902780790881843,0.7127252713382825,3.5699943128819825e-11,2.410815263779199e-05,48.0
-1.290277468222946,0.7127262893888351,3.5699943128819825e-11,2.410815263779199e-05,48.0
-1.2902768283852422,0.7127273365863863,5.202804606429181e-11,5.2453029967728454e-05,44.0
-1.2902762464924697,0.7127282965174749,5.202804606429181e-11,5.2453029967728454e-05,47.0
-1.2902757520406927,0.7127291691821009,5.202804606429181e-11,5.2453029967728454e-05,47.0
-1.2902755483607689,0.7127299545802643,5.202804606429181e-11,5.2453029967728454e-05,47.0
-1.290275344855378,0.712730594592501,5.202804606429181e-11,5.2453029967728454e-05,46.0
-1.2902749374955307,0.7127315545235896,5.202804606429181e-11,5.2453029967728454e-05,46.0
-1.2902747048431413,0.7127320489753667,5.202804606429181e-11,5.2453029967728454e-05,46.0
-1.29027423936383,0.7127324853076795,5.202804606429181e-11,5.2453029967728454e-05,45.0
-1.2902738902979796,0.7127329507869912,5.202804606429181e-11,5.2453029967728454e-05,43.0
-1.2902736284985916,0.7127333289998401,5.202804606429181e-11,5.2453029967728454e-05,43.0
-1.2902729595138893,0.7127341725174676,5.202804606429181e-11,5.2453029967728454e-05,41.0
-1.290272610448039,0.7127346669692446,5.202804606429181e-11,5.2453029967728454e-05,41.0
-1.2902722032627245,0.7127354523674081,5.202804606429181e-11,5.2453029967728454e-05,41.0
-1.290271854196874,0.7127387395205214,3.129791679641278e-12,7.415298947813945e-06,37.0
-1.2902725231815766,0.7127395538911502,3.129791679641278e-12,7.415298947813945e-06,36.0
-1.2902726685675032,0.712739873984535,3.129791679641278e-12,7.415298947813945e-06,36.0
-1.2902742685108282,0.7127417065802496,3.129791679641278e-12,7.415298947813945e-06,37.0
-1.2902747629626055,0.7127423464179533,3.129791679641278e-12,7.415298947813945e-06,37.0
-1.2902752284419168,0.712742811897265,3.129791679641278e-12,7.415298947813945e-06,37.0
-1.290277526516943,0.7127457498099948,1.2419404513682546e-11,1.748291587928752e-05,33.0
-1.2902782536211095,0.7127476988191705,1.2419404513682546e-11,1.748291587928752e-05,31.0
-1.2902785445674958,0.7127487460167217,1.2419404513682546e-11,1.748291587928752e-05,31.0
-1.290278835513882,0.7127496768008118,5.113917243350224e-12,1.0609053538359314e-05,30.0
-1.2902791554327337,0.7127505786124363,5.113917243350224e-12,1.0609053538359314e-05,28.0
-1.2902795626180483,0.7127515385435248,5.113917243350224e-12,1.0609053538359314e-05,25.0
-1.290280086216824,0.7127526438605402,5.113917243350224e-12,1.0609053538359314e-05,25.0
-1.2902804352826744,0.7127538074715525,5.113917243350224e-12,1.0609053538359314e-05,25.0
-1.2902806681095966,0.7127550583490274,1.4314734099709905e-11,1.7278384033733314e-05,23.0
-1.2902811044419098,0.7127563090519693,1.4314734099709905e-11,1.7278384033733314e-05,22.0
-1.2902823842918503,0.7127587816599207,1.4314734099709905e-11,1.7278384033733314e-05,20.0
-1.2902830824235507,0.7127600325373955,1.4314734099709905e-11,1.7278384033733314e-05,20.0
-1.2902838097022502,0.712761195973875,1.4314734099709905e-11,1.7278384033733314e-05,19.0
-1.2902844205674884,0.7127622141989606,1.4314734099709905e-11,1.7278384033733314e-05,16.0
-1.2902849731387296,0.7127631741300492,1.4314734099709905e-11,1.7278384033733314e-05,16.0
-1.2902854677650395,0.7127640467946752,1.4314734099709905e-11,1.7278384033733314e-05,16.0
-1.2902861367497418,0.7127647738988416,1.4314734099709905e-11,1.7278384033733314e-05,15.0
-1.2902868057344443,0.7127653557916143,1.4314734099709905e-11,1.7278384033733314e-05,14.0
-1.290287445746681,0.7127657921239271,1.4314734099709905e-11,1.7278384033733314e-05,14.0
-1.2902879112259924,0.7127669265879409,1.4314734099709905e-11,1.7278384033733314e-05,13.0
-1.2902880857589176,0.7127673918927196,1.4314734099709905e-11,1.7278384033733314e-05,12.0
-1.2902882019978459,0.7127677409585699,1.4314734099709905e-11,1.7278384033733314e-05,12.0
-1.290287562160142,0.7127688173031197,1.4314734099709905e-11,1.7278384033733314e-05,12.0
-1.2902848568998015,0.712768788156121,1.4314734099709905e-11,1.7278384033733314e-05,12.0
-1.290283518755864,0.7127685263567333,1.4314734099709905e-11,1.7278384033733314e-05,13.0
-1.2902821806119265,0.7127683228513425,1.4314734099709905e-11,1.7278384033733314e-05,15.0
-1.2902809299089846,0.7127681772908829,1.4314734099709905e-11,1.7278384033733314e-05,15.0
-1.2902775846364072,0.7127677409585699,4.631707867815357e-12,1.0309164926696922e-05,17.0
-1.2902767700912452,0.7127675955726432,4.631707867815357e-12,1.0309164926696922e-05,17.0
-1.2902760719595443,0.7127674791591821,4.631707867815357e-12,1.0309164926696922e-05,17.0
-1.290274297657827,0.712767799252567,4.631707867815357e-12,1.0309164926696922e-05,16.0
-1.290272174115726,0.7127676828391059,4.631707867815357e-12,1.0309164926696922e-05,17.0
-1.290271475984025,0.7127677119861044,4.631707867815357e-12,1.0309164926696922e-05,19.0
-1.2902671418078935,0.7127682937043439,0.0,0.0,19.0
-1.2902665309426555,0.7127683228513425,2.796875301506252e-11,2.3796370075752758e-05,20.0
-1.2902626039518383,0.7127678865190296,2.796875301506252e-11,2.3796370075752758e-05,21.0
-1.2902620220590657,0.7127678865190296,2.796875301506252e-11,2.3796370075752758e-05,23.0
-1.290259084146336,0.7127675374531792,2.796875301506252e-11,2.3796370075752758e-05,27.0
-1.290255971700681,0.7127670428268691,2.796875301506252e-11,2.3796370075752758e-05,28.0
-1.2902540518385037,0.7127697772342084,2.796875301506252e-11,2.3796370075752758e-05,26.0
-1.2902533826792686,0.7127707080182983,2.796875301506252e-11,2.3796370075752758e-05,26.0
-1.2902528882274913,0.7127714644439962,2.796875301506252e-11,2.3796370075752758e-05,26.0
-1.2902525391616408,0.7127720753092343,0.0,0.0,25.0
-1.2902523354817175,0.7127724533475502,0.0,0.0,26.0
-1.290250793832389,0.7127749259555015,0.0,0.0,23.0
-1.2902503283530773,0.7127759731530529,0.0,0.0,23.0
-1.2902493684219891,0.7127781256676193,0.0,0.0,23.0
-1.2902486994372866,0.7127791147457064,0.0,0.0,21.0
-1.290248001305586,0.7127800455297966,0.0,0.0,21.0
-1.290247303173885,0.712781063754882,0.0,0.0,21.0
-1.2902468376945735,0.7127820526584363,0.0,0.0,20.0
-1.2902461978568698,0.7127830998559875,0.0,0.0,18.0
-1.2902455286976344,0.7127842053475357,0.0,0.0,18.0
-1.29024419072823,0.7127865323950274,0.0,0.0,18.0
-1.2902435507159933,0.7127877541255038,0.0,0.0,19.0
-1.2902427944648285,0.7127890339754442,0.0,0.0,19.0
-1.2902420963331274,0.7127903139999177,0.0,0.0,21.0
-1.2902413109349642,0.7127913611974689,0.0,0.0,19.0
-1.29024075818919,0.7127922628345604,0.0,0.0,18.0
-1.2902403510038758,0.7127929609662612,0.0,0.0,19.0
-1.290240060057489,0.7127934264455728,0.0,0.0,19.0
-1.2902428817312908,0.7127945900565851,0.0,0.0,18.0
-1.2902436961019201,0.7127943572296628,0.0,0.0,17.0
-1.2902453541647094,0.7127944444961255,0.0,0.0,17.0
-1.2902467214556455,0.7127945317625881,0.0,0.0,17.0
-1.2902484667848972,0.7127945609095865,0.0,0.0,14.0
-1.2902500957006882,0.7127945609095865,0.0,0.0,14.0
-1.2902542553438943,0.7127952009218232,0.0,0.0,12.0
-1.2902552444219817,0.7127953754547485,0.0,0.0,11.0
-1.2902558844342185,0.7127955208406752,0.0,0.0,11.0
-1.2902563788859953,0.7127956662266018,0.0,0.0,10.0
-1.2902578332688612,0.7127965099187623,0.0,0.0,9.0
-1.2902579788293207,0.7127970624900034,3.3279453112700603e-12,8.092219399157994e-06,10.0
-1.2902576297634705,0.712797527969315,3.3279453112700603e-12,8.092219399157994e-06,10.0
-1.2902571061646946,0.7127982261010157,3.3279453112700603e-12,8.092219399157994e-06,10.0
-1.2902566698323819,0.7127990696186433,3.3279453112700603e-12,8.092219399157994e-06,10.0
-1.2902561462336062,0.7127999422832694,3.3279453112700603e-12,8.092219399157994e-06,10.0
-1.2902557099012932,0.7128008732418922,3.3279453112700603e-12,8.092219399157994e-06,10.0
-1.2902551863025176,0.7128017459065181,3.3279453112700603e-12,8.092219399157994e-06,13.0
-1.2902546916762074,0.7128025894241458,3.3279453112700603e-12,8.092219399157994e-06,13.0
-1.2902541391049664,0.7128034620887718,3.3279453112700603e-12,8.092219399157994e-06,13.0
-1.2902537027726535,0.7128043347533977,3.3279453112700603e-12,8.092219399157994e-06,13.0
-1.2902531791738776,0.7128051201515612,3.3279453112700603e-12,8.092219399157994e-06,13.0
-1.2902526555751022,0.7128059636691886,5.019546766630278e-11,4.785085189879028e-05,13.0
-1.2902520155628656,0.7128068363338146,5.019546766630278e-11,4.785085189879028e-05,14.0
-1.2902514046976272,0.7128077089984406,5.019546766630278e-11,4.785085189879028e-05,14.0
-1.290250793832389,0.7128085235436024,5.019546766630278e-11,4.785085189879028e-05,15.0
-1.2902502702336134,0.71280936706123,5.019546766630278e-11,4.785085189879028e-05,15.0
-1.2902496593683752,0.7128102688728545,5.019546766630278e-11,4.785085189879028e-05,14.0
-1.2902495429549141,0.7128111415374805,5.019546766630278e-11,4.785085189879028e-05,14.0
-1.290248932089676,0.7128119850551079,5.213999296454498e-11,3.351918320943812e-05,14.0
-1.2902478267726605,0.7128137886783571,5.213999296454498e-11,3.351918320943812e-05,17.0
-1.2902466923086469,0.7128161157258488,5.213999296454498e-11,3.351918320943812e-05,20.0
-1.2902462559763337,0.7128167265910869,5.213999296454498e-11,3.351918320943812e-05,20.0
-1.2902454997251689,0.7128180064410274,5.213999296454498e-11,3.351918320943812e-05,21.0
-1.290245063392856,0.7128185883338,5.213999296454498e-11,3.351918320943812e-05,21.0
-1.290244743299471,0.7128191119325756,5.213999296454498e-11,3.351918320943812e-05,21.0
-1.2902444815000833,0.712819460998426,5.213999296454498e-11,3.351918320943812e-05,22.0
-1.290243259769607,0.7128234752557057,5.213999296454498e-11,3.351918320943812e-05,26.0
-1.29024218359959,0.7128255696508079,4.0806549555036243e-11,4.205224481239489e-05,27.0
-1.2902414271738925,0.7128265585543623,4.0806549555036243e-11,4.205224481239489e-05,27.0
-1.2902398855245638,0.7128285656830019,4.0806549555036243e-11,4.205224481239489e-05,28.0
-1.290238838327013,0.7128299038269394,4.0806549555036243e-11,4.205224481239489e-05,28.0
-1.290238576527625,0.7128303982787165,4.0806549555036243e-11,4.205224481239489e-05,28.0
-1.2902382566087731,0.7128308929050267,4.0806549555036243e-11,4.205224481239489e-05,28.0
-1.290237907542923,0.7128313582098051,4.0806549555036243e-11,4.205224481239489e-05,27.0
-1.2902374712106097,0.7128319109555793,4.0806549555036243e-11,4.205224481239489e-05,27.0
-1.2902363657190614,0.7128330745665915,4.0806549555036243e-11,4.205224481239489e-05,27.0
-1.2902360166532114,0.7128337726982923,4.0806549555036243e-11,4.205224481239489e-05,28.0
-1.2902354930544355,0.7128347034823824,4.0806549555036243e-11,4.205224481239489e-05,28.0
-1.2902349404831943,0.7128354888805458,4.0806549555036243e-11,4.205224481239489e-05,27.0
-1.2902343585904217,0.7128361578652481,7.536768046032037e-11,5.7042305121190657e-05,28.0
-1.2902336896057194,0.7128366814640237,7.536768046032037e-11,5.7042305121190657e-05,28.0
-1.290233020621017,0.7128372342097978,7.536768046032037e-11,5.7042305121190657e-05,28.0
-1.2902324387282444,0.7128378159280375,7.536768046032037e-11,5.7042305121190657e-05,28.0
-1.2902320896623942,0.7128384850872727,7.536768046032037e-11,5.7042305121190657e-05,28.0
-1.2902313915306935,0.7128391832189737,7.536768046032037e-11,5.7042305121190657e-05,28.0
-1.2902310134923773,0.7128398230566774,1.29337510259511e-11,1.57710635165315e-05,28.0
-1.2902306352795285,0.7128407540153004,1.29337510259511e-11,1.57710635165315e-05,28.0
-1.2902300825337543,0.712841655652392,1.29337510259511e-11,1.57710635165315e-05,28.0
-1.290229733467904,0.7128428484104027,1.29337510259511e-11,1.57710635165315e-05,27.0
-1.290229297135591,0.7128441282603432,1.29337510259511e-11,1.57710635165315e-05,26.0
-1.2902290353362034,0.7128453208438211,1.29337510259511e-11,1.57710635165315e-05,25.0
-1.290228482764962,0.7128475316523847,1.29337510259511e-11,1.57710635165315e-05,24.0
-1.2902283954984994,0.7128485497029372,1.29337510259511e-11,1.57710635165315e-05,24.0
-1.2902283082320367,0.7128494223675632,1.29337510259511e-11,1.57710635165315e-05,24.0
-1.2902281045521133,0.7128507023920366,1.29337510259511e-11,1.57710635165315e-05,24.0
-1.2902280464326488,0.7128511095773511,1.29337510259511e-11,1.57710635165315e-05,24.0
-1.2902280754051145,0.7128514005237374,1.29337510259511e-11,1.57710635165315e-05,24.0
-1.2902274645398766,0.7128531167059909,1.29337510259511e-11,1.57710635165315e-05,23.0
-1.2902268828216368,0.7128539312511528,1.29337510259511e-11,1.57710635165315e-05,22.0
-1.2902263011033972,0.7128548328882444,3.197340592455293e-11,2.3651133603262637e-05,23.0
-1.2902247011600718,0.7128558511133302,3.197340592455293e-11,2.3651133603262637e-05,22.0
-1.2902227812978946,0.7128575672955836,3.197340592455293e-11,2.3651133603262637e-05,23.0
-1.2902224030850455,0.7128578872144353,3.197340592455293e-11,2.3651133603262637e-05,23.0
-1.2902220540191953,0.712858236280286,3.197340592455293e-11,2.3651133603262637e-05,23.0
-1.2902216759808793,0.7128585853461362,3.197340592455293e-11,2.3651133603262637e-05,22.0
-1.290221385034493,0.7128589054395211,3.197340592455293e-11,2.3651133603262637e-05,22.0
-1.2902212105015676,0.712859225358373,3.197340592455293e-11,2.3651133603262637e-05,22.0
-1.2902202797174775,0.7128600688760004,3.197340592455293e-11,2.3651133603262637e-05,22.0
-1.29022001791809,0.7128606216217745,3.197340592455293e-11,2.3651133603262637e-05,23.0
-1.290219814238166,0.7128612033400142,3.197340592455293e-11,2.3651133603262637e-05,22.0
-1.2902194070528519,0.7128617269387899,3.197340592455293e-11,2.3651133603262637e-05,21.0
-1.2902187378936165,0.7128620760046402,3.197340592455293e-11,2.3651133603262637e-05,22.0
-1.290218068908914,0.712862279684564,3.197340592455293e-11,2.3651133603262637e-05,22.0
-1.290217341630215,0.7128625996034158,3.197340592455293e-11,2.3651133603262637e-05,21.0
-1.2902159453668132,0.7128634141485778,3.197340592455293e-11,2.3651133603262637e-05,24.0
-1.290215276382111,0.7128638213338921,3.197340592455293e-11,2.3651133603262637e-05,27.0
-1.2902145491034116,0.7128641995467411,3.197340592455293e-11,2.3651133603262637e-05,27.0
-1.2902135019058603,0.7128644321991304,3.197340592455293e-11,2.3651133603262637e-05,28.0
-1.2902111748583687,0.7128647812649809,0.0,0.0,28.0
-1.2902103603132067,0.7128648104119794,0.0,0.0,29.0
-1.2902075677864036,0.7128640831332801,0.0,0.0,29.0
-1.2902071314540908,0.7128640541608144,0.0,0.0,29.0
-1.290204687993138,0.7128632396156525,1.5358673227547093e-10,0.00010676224495011657,30.0
-1.2902043389272875,0.7128629486692661,1.5358673227547093e-10,0.00010676224495011657,30.0
-1.2902042808078233,0.7128620178851761,1.5358673227547093e-10,0.00010676224495011657,31.0
-1.2902042516608248,0.7128607670077012,1.5358673227547093e-10,0.00010676224495011657,30.0
-1.2902041062748981,0.7128594580107621,1.5358673227547093e-10,0.00010676224495011657,32.0
-1.2902038153285118,0.7128580036278966,1.5358673227547093e-10,0.00010676224495011657,33.0
-1.2902037863560465,0.7128567237779562,1.5358673227547093e-10,0.00010676224495011657,34.0
-1.2902038736225088,0.7128556182864079,1.5358673227547093e-10,0.00010676224495011657,34.0
-1.2902039025949745,0.7128547166493163,1.5358673227547093e-10,0.00010676224495011657,34.0
-1.2902038736225088,0.712853989370617,1.5358673227547093e-10,0.00010676224495011657,33.0
-1.2902038736225088,0.7128533493583802,1.5358673227547093e-10,0.00010676224495011657,34.0
-1.2902038444755104,0.7128526803736779,1.5358673227547093e-10,0.00010676224495011657,35.0
-1.2902038153285118,0.7128520695084398,1.5358673227547093e-10,0.00010676224495011657,36.0
-1.2902038153285118,0.7128515750566626,1.5358673227547093e-10,0.00010676224495011657,37.0
-1.2902037863560465,0.7128511387243497,1.5358673227547093e-10,0.00010676224495011657,37.0
-1.290203757209048,0.7128507313645023,1.5358673227547093e-10,0.00010676224495011657,37.0
-1.2902033208767347,0.7128488406493236,1.5358673227547093e-10,0.00010676224495011657,39.0
-1.290203175490808,0.7128478225987708,1.5358673227547093e-10,0.00010676224495011657,39.0
-1.2902026808644982,0.7128462226554456,1.5358673227547093e-10,0.00010676224495011657,39.0
-1.290202506331573,0.7128455536707433,1.5358673227547093e-10,0.00010676224495011657,39.0
-1.2902022736791836,0.712844826392044,1.5358673227547093e-10,0.00010676224495011657,39.0
-1.2902014882810204,0.7128430229433279,1.5358673227547093e-10,0.00010676224495011657,39.0
-1.2902010519487073,0.7128420047182422,1.5358673227547093e-10,0.00010676224495011657,38.0
-1.290200499202933,0.7128408412817628,1.5358673227547093e-10,0.00010676224495011657,39.0
-1.2902000047511561,0.7128395031378253,1.57290727797536e-11,1.7523997583276305e-05,38.0
-1.2901995392718444,0.7128381068744238,2.644688438646902e-12,6.556077998058705e-06,38.0
-1.2901989575536048,0.7128365941975612,2.644688438646902e-12,6.556077998058705e-06,38.0
-1.2901984048078308,0.712835168961694,2.644688438646902e-12,6.556077998058705e-06,39.0
-1.290197939503052,0.7128336854318298,2.644688438646902e-12,6.556077998058705e-06,38.0
-1.2901974740237407,0.7128322019019655,2.644688438646902e-12,6.556077998058705e-06,38.0
-1.2901969212779667,0.712830689225103,2.644688438646902e-12,6.556077998058705e-06,38.0
-1.2901962522932642,0.7128291765482402,2.644688438646902e-12,6.556077998058705e-06,37.0
-1.2901954960420992,0.7128276640459105,2.644688438646902e-12,6.556077998058705e-06,36.0
-1.2901946814969374,0.7128262386355102,2.644688438646902e-12,6.556077998058705e-06,36.0
-1.290194012512235,0.7128248423721086,2.644688438646902e-12,6.556077998058705e-06,36.0
-1.290193459766461,0.7128235042281711,2.644688438646902e-12,6.556077998058705e-06,36.0
-1.290192965314684,0.7128221952312322,6.260421057103686e-11,5.8389478354727004e-05,36.0
-1.2901924706883738,0.7128209153812917,6.260421057103686e-11,5.8389478354727004e-05,34.0
-1.2901918889701343,0.7128196063843527,6.260421057103686e-11,5.8389478354727004e-05,34.0
-1.2901910163055084,0.7128183555068778,6.260421057103686e-11,5.8389478354727004e-05,33.0
-1.2901902017603464,0.7128171337764014,6.260421057103686e-11,5.8389478354727004e-05,33.0
-1.2901893873897174,0.7128159993123876,1.6304495085339023e-11,1.8371594793601478e-05,33.0
-1.2901885147250913,0.712814981261835,2.6133737678928305e-11,2.2768786830037485e-05,34.0
-1.2901876129134666,0.7128141377442074,2.6133737678928305e-11,2.2768786830037485e-05,34.0
-1.2901867693958393,0.7128133813185096,2.6133737678928305e-11,2.2768786830037485e-05,32.0
-1.2901860712641384,0.7128126250673447,2.6133737678928305e-11,2.2768786830037485e-05,32.0
-1.2901856057848269,0.7128119850551079,2.6133737678928305e-11,2.2768786830037485e-05,31.0
-1.2901852567189764,0.7128114906033309,2.6133737678928305e-11,2.2768786830037485e-05,31.0
-1.2901850240665875,0.712811170684479,2.6133737678928305e-11,2.2768786830037485e-05,31.0
-1.2901826095781002,0.7128109961515539,2.0698144439786688e-11,2.382043872623861e-05,32.0
-1.2901822896592483,0.7128112579509417,2.0698144439786688e-11,2.382043872623861e-05,32.0
-1.2901784790818924,0.7128145740765204,1.6304495085339023e-11,1.8371594793601478e-05,36.0
-1.2901777226561946,0.7128152722082212,1.6304495085339023e-11,1.8371594793601478e-05,36.0
-1.2901773154708802,0.712815592127073,1.6304495085339023e-11,1.8371594793601478e-05,36.0
-1.2901736794264493,0.7128187337197267,1.6304495085339023e-11,1.8371594793601478e-05,38.0
-1.2901733012136005,0.7128193737319635,1.6304495085339023e-11,1.8371594793601478e-05,38.0
-1.2901728357342888,0.7128201299831283,3.1021933413476e-11,2.741831397902033e-05,39.0
-1.290172341282512,0.7128210026477542,1.363478232543472e-10,8.921686130340008e-05,42.0
-1.290171585031347,0.7128219334318443,1.363478232543472e-10,8.921686130340008e-05,40.0
-1.2901706832197226,0.7128229806293955,1.363478232543472e-10,8.921686130340008e-05,40.0
-1.290169839702095,0.7128240569739452,1.363478232543472e-10,8.921686130340008e-05,40.0
-1.2901691415703942,0.7128250169050339,1.363478232543472e-10,8.921686130340008e-05,38.0
-1.2901684434386935,0.7128258604226613,1.363478232543472e-10,8.921686130340008e-05,39.0
-1.290167977959382,0.7128266458208247,1.363478232543472e-10,8.921686130340008e-05,38.0
-1.2901674543606063,0.7128272858330613,1.363478232543472e-10,8.921686130340008e-05,39.0
-1.2901660580972047,0.7128295839080876,1.363478232543472e-10,8.921686130340008e-05,41.0
-1.2901656217648918,0.712830427425715,1.363478232543472e-10,8.921686130340008e-05,41.0
-1.2901655053514307,0.7128311547044144,6.306829521104298e-11,6.21828818392243e-05,41.0
-1.29016515628558,0.7128326382342786,6.306829521104298e-11,6.21828818392243e-05,43.0
-1.290164545420342,0.7128334817519061,6.306829521104298e-11,6.21828818392243e-05,43.0
-1.2901638183161757,0.7128344416829947,6.306829521104298e-11,6.21828818392243e-05,42.0
-1.2901631491569403,0.7128354016140832,6.306829521104298e-11,6.21828818392243e-05,40.0
-1.2901624510252396,0.712836419664636,6.306829521104298e-11,6.21828818392243e-05,39.0
-1.2901617239210732,0.7128374378897215,6.306829521104298e-11,6.21828818392243e-05,39.0
-1.2901609674953756,0.7128384267932758,1.8808907202519085e-11,1.9034184127363978e-05,37.0
-1.2901602693636747,0.7128393286049003,1.8808907202519085e-11,1.9034184127363978e-05,38.0
-1.2901595131125096,0.7128400848560651,1.8808907202519085e-11,1.9034184127363978e-05,37.0
-1.2901588149808088,0.7128407540153004,5.17240378814535e-12,1.079757341117274e-05,37.0
-1.2901581749685722,0.7128414230000026,5.17240378814535e-12,1.079757341117274e-05,38.0
-1.290157564103334,0.7128421502787019,5.17240378814535e-12,1.079757341117274e-05,39.0
-1.2901570115320926,0.7128428773828683,3.4720598124338636e-11,2.823376362178136e-05,39.0
-1.290156313400392,0.7128436627810316,3.4720598124338636e-11,2.823376362178136e-05,39.0
-1.2901556152686913,0.7128446518591188,3.4720598124338636e-11,2.823376362178136e-05,41.0
-1.2901540734448302,0.7128467754012197,3.4720598124338636e-11,2.823376362178136e-05,41.0
-1.290153317193665,0.712847880718235,3.4720598124338636e-11,2.823376362178136e-05,41.0
-1.2901526190619643,0.7128489279157861,3.282298390823387e-11,2.7522257807973363e-05,41.0
-1.290151950077262,0.7128500042603358,3.282298390823387e-11,2.7522257807973363e-05,42.0
-1.2901513392120239,0.7128510514578872,3.282298390823387e-11,2.7522257807973363e-05,44.0
-1.2901507283467855,0.7128520113889757,3.282298390823387e-11,2.7522257807973363e-05,43.0
-1.29015020474801,0.7128528257596046,3.282298390823387e-11,2.7522257807973363e-05,43.0
-1.2901498846546253,0.7128534076523773,3.282298390823387e-11,2.7522257807973363e-05,44.0
-1.290149768415697,0.7128536403047666,3.282298390823387e-11,2.7522257807973363e-05,44.0
-1.2901495066163093,0.7128537567182276,3.282298390823387e-11,2.7522257807973363e-05,44.0
-1.2901490119899992,0.7128540766370797,3.282298390823387e-11,2.7522257807973363e-05,45.0
-1.290144096095628,0.7128534076523773,3.282298390823387e-11,2.7522257807973363e-05,41.0
-1.2901429616316142,0.7128528840536017,3.282298390823387e-11,2.7522257807973363e-05,41.0
-1.2901418271676006,0.7128523021608291,3.282298390823387e-11,2.7522257807973363e-05,40.0
-1.290140663556588,0.7128518368560505,3.282298390823387e-11,2.7522257807973363e-05,39.0
-1.290139499945576,0.712851371376739,9.955506513588617e-12,1.3020025882278387e-05,37.0
-1.2901383654815624,0.7128509931638901,9.955506513588617e-12,1.3020025882278387e-05,37.0
-1.2901373765780078,0.7128507023920366,9.955506513588617e-12,1.3020025882278387e-05,36.0
-1.2901366201523101,0.7128504405926489,9.955506513588617e-12,1.3020025882278387e-05,36.0
-1.2901361548475316,0.7128503241791877,9.955506513588617e-12,1.3020025882278387e-05,35.0
-1.2901342931048185,0.7128509058974274,9.955506513588617e-12,1.3020025882278387e-05,36.0
-1.290133624120116,0.7128514005237374,9.955506513588617e-12,1.3020025882278387e-05,37.0
-1.2901330132548778,0.7128520403614412,9.955506513588617e-12,1.3020025882278387e-05,36.0
-1.2901324313621052,0.7128527095206765,9.955506513588617e-12,1.3020025882278387e-05,36.0
-1.2901318204968673,0.7128534949188399,9.955506513588617e-12,1.3020025882278387e-05,37.0
-1.2901302497005402,0.7128552111010934,9.955506513588617e-12,1.3020025882278387e-05,38.0
-1.290129406182913,0.7128562291516461,9.955506513588617e-12,1.3020025882278387e-05,39.0
-1.2901286499317481,0.7128572473767316,4.9688888898788517e-11,3.4159876082862176e-05,40.0
-1.2901278062395876,0.712858236280286,4.9688888898788517e-11,3.4159876082862176e-05,41.0
-1.2901270208414242,0.712859225358373,4.9688888898788517e-11,3.4159876082862176e-05,40.0
-1.2901261773237966,0.7128602144364602,4.9688888898788517e-11,3.4159876082862176e-05,39.0
-1.2901252755121722,0.7128612033400142,4.9688888898788517e-11,3.4159876082862176e-05,40.0
-1.2901235012104546,0.7128630942297257,4.9688888898788517e-11,3.4159876082862176e-05,38.0
-1.2901221922135155,0.7128640541608144,4.5013316121794294e-12,1.0495056168436801e-05,38.0
-1.2901209994555047,0.7128649849449046,4.5013316121794294e-12,1.0495056168436801e-05,37.0
-1.2901203596178008,0.7128659740229916,4.5013316121794294e-12,1.0495056168436801e-05,36.0
-1.290119923285488,0.7128671666064695,4.5013316121794294e-12,1.0495056168436801e-05,36.0
-1.2901195450726393,0.7128684464564099,4.438123497102903e-12,1.051275842780945e-05,36.0
-1.2901191668597902,0.712869755453349,5.58180960029186e-12,1.1922863836734208e-05,37.0
-1.2901186432610146,0.7128724317412239,6.102857697352378e-12,9.912176830577229e-06,35.0
-1.2901181779562358,0.7128751659740301,6.102857697352378e-12,9.912176830577229e-06,33.0
-1.2901177124769245,0.7128782203002211,6.102857697352378e-12,9.912176830577229e-06,29.0
-1.2901174798245352,0.7128798493905449,6.102857697352378e-12,9.912176830577229e-06,29.0
-1.290117246997613,0.7128814783063359,1.420781338506664e-11,1.621098115379074e-05,28.0
-1.2901170724646878,0.7128829326892016,1.420781338506664e-11,1.621098115379074e-05,29.0
-1.2901169562257595,0.7128843872466002,1.420781338506664e-11,1.621098115379074e-05,30.0
-1.2901167816928343,0.7128857252160047,1.420781338506664e-11,1.621098115379074e-05,31.0
-1.2901167233988373,0.7128870342129437,1.420781338506664e-11,1.621098115379074e-05,32.0
-1.2901164326269838,0.7128883432098827,1.420781338506664e-11,1.621098115379074e-05,32.0
-1.2901158798812098,0.7128896813538204,1.420781338506664e-11,1.621098115379074e-05,31.0
-1.290115559962358,0.7128911357366858,1.420781338506664e-11,1.621098115379074e-05,29.0
-1.290115559962358,0.712892503027622,1.4670374938190435e-12,5.4105206812593565e-06,30.0
-1.290115501668361,0.7128937247580983,1.9707071664353312e-11,1.9913056039782516e-05,30.0
-1.2901152108965077,0.7128945101562618,1.9707071664353312e-11,1.9913056039782516e-05,30.0
-1.290115007216584,0.7128953536738892,1.9707071664353312e-11,1.9913056039782516e-05,29.0
-1.2901149490971198,0.7128963136049778,1.9707071664353312e-11,1.9913056039782516e-05,27.0
-1.2901148908031228,0.7128971862696039,1.9707071664353312e-11,1.9913056039782516e-05,28.0
-1.290114861830657,0.7128980008147658,1.9707071664353312e-11,1.9913056039782516e-05,28.0
-1.2901148035366603,0.7128986697994681,1.9707071664353312e-11,1.9913056039782516e-05,28.0
-1.290114861830657,0.7128991642512451,1.9707071664353312e-11,1.9913056039782516e-05,27.0
-1.2901140472854955,0.7129001533293322,5.020293079310007e-11,4.312010809603559e-05,28.0
-1.2901136690726462,0.7129004732481842,5.020293079310007e-11,4.312010809603559e-05,29.0
-1.2901130582074083,0.7129005896616453,5.020293079310007e-11,4.312010809603559e-05,29.0
-1.2901120982763195,0.7129008223140346,5.020293079310007e-11,4.312010809603559e-05,29.0
-1.2901108765458433,0.7129010841134223,5.020293079310007e-11,4.312010809603559e-05,29.0
-1.29010857864535,0.7129012586463475,5.020293079310007e-11,4.312010809603559e-05,32.0
-1.2901077059807238,0.7129014623262713,5.020293079310007e-11,4.312010809603559e-05,34.0
-1.2901066877556384,0.7129015495927339,5.020293079310007e-11,4.312010809603559e-05,33.0
-1.290105582438623,0.7129016949786605,5.020293079310007e-11,4.312010809603559e-05,34.0
-1.2901038371093714,0.7129017822451231,5.020293079310007e-11,4.312010809603559e-05,33.0
-1.2901032262441328,0.7129014914732698,5.020293079310007e-11,4.312010809603559e-05,33.0
-1.2901027607648214,0.712901229673882,5.020293079310007e-11,4.312010809603559e-05,33.0
-1.2901024408459694,0.7129009387274956,5.020293079310007e-11,4.312010809603559e-05,33.0
-1.2901018591277298,0.7129004732481842,5.020293079310007e-11,4.312010809603559e-05,32.0
-1.290101044582568,0.7129000660628696,5.020293079310007e-11,4.312010809603559e-05,32.0
-1.2901008409026442,0.712899542464094,5.020293079310007e-11,4.312010809603559e-05,31.0
-1.2901006955167176,0.7128987570659305,5.020293079310007e-11,4.312010809603559e-05,31.0
-1.2901005209837924,0.7128976807213809,5.020293079310007e-11,4.312010809603559e-05,31.0
-1.2901004045703313,0.7128965462573671,5.020293079310007e-11,4.312010809603559e-05,31.0
-1.2901003755978655,0.7128954700873504,5.020293079310007e-11,4.312010809603559e-05,30.0
-1.2901003173038685,0.7128943356233366,5.020293079310007e-11,4.312010809603559e-05,29.0
-1.2901002010649403,0.7128930555988632,5.020293079310007e-11,4.312010809603559e-05,29.0
-1.290100026532015,0.712891630362996,5.020293079310007e-11,4.312010809603559e-05,29.0
-1.2901003173038685,0.7128888668086584,5.020293079310007e-11,4.312010809603559e-05,31.0
-1.2901005209837924,0.7128874415727912,5.020293079310007e-11,4.312010809603559e-05,32.0
-1.2901012482624916,0.7128845326325268,1.420781338506664e-11,1.621098115379074e-05,29.0
-1.2901020336606552,0.7128831363691253,1.420781338506664e-11,1.621098115379074e-05,30.0
-1.290103662576446,0.7128804019617861,1.420781338506664e-11,1.621098115379074e-05,31.0
-1.2901043898551452,0.7128790348453832,1.420781338506664e-11,1.621098115379074e-05,30.0
-1.2901050007203834,0.7128775804625174,6.102857697352378e-12,9.912176830577229e-06,32.0
-1.290105466025162,0.7128760969326532,6.102857697352378e-12,9.912176830577229e-06,33.0
-1.290105786118547,0.7128745261363264,6.102857697352378e-12,9.912176830577229e-06,32.0
-1.2901058733850095,0.7128730715789279,7.036357779567391e-12,1.2461315581343685e-05,33.0
-1.2901056988520843,0.7128716171960621,7.036357779567391e-12,1.2461315581343685e-05,32.0
-1.2901056697050857,0.7128702209326606,7.036357779567391e-12,1.2461315581343685e-05,31.0
-1.290105640558087,0.7128689700551857,7.036357779567391e-12,1.2461315581343685e-05,32.0
-1.2901055532916248,0.7128678647381704,7.036357779567391e-12,1.2461315581343685e-05,30.0
-1.2901053206392354,0.7128662066753809,5.58180960029186e-12,1.1922863836734208e-05,29.0
-1.2901032262441328,0.7128647231455167,9.686651178923755e-11,6.487033970542546e-05,29.0
-1.2901004337173296,0.7128636178285015,9.686651178923755e-11,6.487033970542546e-05,25.0
-1.2900990666009267,0.7128629778162647,9.686651178923755e-11,6.487033970542546e-05,27.0
-1.2900963321935874,0.7128617852327869,9.686651178923755e-11,6.487033970542546e-05,28.0
-1.2900929579485447,0.7128606507687731,9.686651178923755e-11,6.487033970542546e-05,26.0
-1.2900904272211293,0.712858847145524,5.900134803806443e-12,1.2939467276118831e-05,24.0
-1.290089641822966,0.7128584980796737,5.900134803806443e-12,1.2939467276118831e-05,25.0
-1.2900887981308056,0.7128580908943591,5.900134803806443e-12,1.2939467276118831e-05,23.0
-1.290087896493714,0.7128577126815102,5.900134803806443e-12,1.2939467276118831e-05,22.0
-1.2900864129638496,0.7128572182297331,5.900134803806443e-12,1.2939467276118831e-05,22.0
-1.2900820496407197,0.7128561129127178,5.900134803806443e-12,1.2939467276118831e-05,23.0
-1.2900810314156341,0.7128555893139423,1.5721320266248755e-10,6.743513248669789e-05,22.0
-1.2900798388321562,0.7128550946876323,1.5721320266248755e-10,6.743513248669789e-05,22.0
-1.290078733515141,0.7128547166493163,1.5721320266248755e-10,6.743513248669789e-05,19.0
-1.2900778025565178,0.7128542803170034,1.5721320266248755e-10,6.743513248669789e-05,20.0
-1.2900772208382782,0.7128537856906932,1.5721320266248755e-10,6.743513248669789e-05,21.0
-1.2900768717724278,0.7128534366248429,1.5721320266248755e-10,6.743513248669789e-05,21.0
-1.2900743991644765,0.7128514294962031,1.5721320266248755e-10,6.743513248669789e-05,20.0
-1.2900740211261605,0.7128516623231254,1.5721320266248755e-10,6.743513248669789e-05,20.0
-1.2900723920358368,0.7128514586432017,1.5721320266248755e-10,6.743513248669789e-05,21.0
-1.2900718394645954,0.7128513132572749,1.5721320266248755e-10,6.743513248669789e-05,21.0
-1.2900699777218825,0.7128520403614412,2.773693915641705e-12,6.745223740332541e-06,23.0
-1.2900693960036427,0.7128525058407528,2.773693915641705e-12,6.745223740332541e-06,23.0
-1.2900690469377925,0.7128528549066031,2.773693915641705e-12,6.745223740332541e-06,23.0
-1.2900686687249436,0.7128530875589925,2.773693915641705e-12,6.745223740332541e-06,23.0
-1.2900674469944668,0.7128540185176155,2.773693915641705e-12,6.745223740332541e-06,24.0
-1.2900527862287503,0.7128678938851688,5.850314624746705e-11,3.8287144403367e-05,25.0
-1.2900520299775855,0.7128687665497948,5.850314624746705e-11,3.8287144403367e-05,26.0
-1.2900513608183501,0.7128695228009596,5.850314624746705e-11,3.8287144403367e-05,27.0
-1.2900504008872615,0.7128704827320484,5.850314624746705e-11,3.8287144403367e-05,28.0
-1.290049557369634,0.7128715007826011,5.850314624746705e-11,3.8287144403367e-05,30.0
-1.2900487719714706,0.7128726062741493,5.850314624746705e-11,3.8287144403367e-05,31.0
-1.2900480446927713,0.7128735662052378,5.1554975213869165e-12,9.20423716093064e-06,33.0
-1.290047113908681,0.7128745842557904,5.1554975213869165e-12,9.20423716093064e-06,37.0
-1.2900465321904417,0.7128753115344899,5.1554975213869165e-12,9.20423716093064e-06,37.0
-1.290045892178205,0.7128760096661905,5.1554975213869165e-12,9.20423716093064e-06,37.0
-1.2900437686361041,0.7128780749142944,5.1554975213869165e-12,9.20423716093064e-06,37.0
-1.2900423434002368,0.7128804892282489,5.1554975213869165e-12,9.20423716093064e-06,39.0
-1.290041703388,0.712881158387484,5.1554975213869165e-12,9.20423716093064e-06,43.0
-1.2900411797892244,0.7128814201868718,5.1554975213869165e-12,9.20423716093064e-06,43.0
-1.2900396962593603,0.7128813329204092,3.783957588523716e-11,4.364350578304508e-05,43.0
-1.2900387363282717,0.7128810711210213,3.783957588523716e-11,4.364350578304508e-05,42.0
-1.290037659983722,0.712880663761174,3.783957588523716e-11,4.364350578304508e-05,42.0
-1.2900365255197082,0.7128804892282489,3.783957588523716e-11,4.364350578304508e-05,40.0
-1.2900353910556943,0.712880343842322,3.783957588523716e-11,4.364350578304508e-05,41.0
-1.2900310860265616,0.7128790348453832,3.783957588523716e-11,4.364350578304508e-05,44.0
-1.2900299805350133,0.7128786566325341,3.783957588523716e-11,4.364350578304508e-05,45.0
-1.2900288460709994,0.7128782203002211,3.783957588523716e-11,4.364350578304508e-05,44.0
-1.290027624340523,0.7128778131149066,7.320611524860683e-11,6.0142272389062506e-05,43.0
-1.290026315343584,0.7128775221685204,7.320611524860683e-11,6.0142272389062506e-05,42.0
-1.2900251519071047,0.7128772022496686,7.320611524860683e-11,6.0142272389062506e-05,42.0
-1.2900241336820193,0.7128768823308166,7.320611524860683e-11,6.0142272389062506e-05,42.0
-1.290023144778465,0.7128765622374319,7.320611524860683e-11,6.0142272389062506e-05,42.0
-1.2900222138198418,0.7128760677856547,7.320611524860683e-11,6.0142272389062506e-05,42.0
-1.2900211085028266,0.7128756314533418,7.320611524860683e-11,6.0142272389062506e-05,43.0
-1.2900199159193488,0.7128751951210287,7.320611524860683e-11,6.0142272389062506e-05,42.0
-1.2900186941888723,0.7128747879357141,7.320611524860683e-11,6.0142272389062506e-05,43.0
-1.290017472458396,0.7128745261363264,7.320611524860683e-11,6.0142272389062506e-05,42.0
-1.2900162797003851,0.7128744969893279,7.320611524860683e-11,6.0142272389062506e-05,43.0
-1.2900152616498324,0.7128742351899402,7.320611524860683e-11,6.0142272389062506e-05,43.0
-1.2900143017187438,0.7128740025375508,3.473963671459387e-11,3.4640015920673566e-05,43.0
-1.290013545467579,0.7128739152710882,3.473963671459387e-11,3.4640015920673566e-05,43.0
-1.2900118291107927,0.7128749041746423,3.473963671459387e-11,3.4640015920673566e-05,45.0
-1.2900104038749254,0.7128757478668027,3.473963671459387e-11,3.4640015920673566e-05,46.0
-1.2900095893297634,0.7128760096661905,3.473963671459387e-11,3.4640015920673566e-05,46.0
-1.290008105799899,0.7128771441302043,3.473963671459387e-11,3.4640015920673566e-05,45.0
-1.290007436815197,0.712877609434983,3.473963671459387e-11,3.4640015920673566e-05,46.0
-1.2900061859377223,0.7128780167948303,3.473963671459387e-11,3.4640015920673566e-05,47.0
-1.2900050223267097,0.7128782203002211,3.473963671459387e-11,3.4640015920673566e-05,47.0
-1.290004062395621,0.7128782494472197,3.473963671459387e-11,3.4640015920673566e-05,46.0
-1.2900032188779935,0.7128781330337587,3.473963671459387e-11,3.4640015920673566e-05,47.0
-1.2900023170663693,0.712878045767296,3.473963671459387e-11,3.4640015920673566e-05,47.0
-1.2900012990158165,0.7128778712343707,3.473963671459387e-11,3.4640015920673566e-05,47.0
-1.2900002809652638,0.7128775513155189,3.473963671459387e-11,3.4640015920673566e-05,47.0
-1.2899986518749398,0.7128774931960548,3.473963671459387e-11,3.4640015920673566e-05,45.0
-1.2899966157738345,0.7128776677289801,3.1181857558783925e-11,2.8069089653708504e-05,45.0
-1.2899944341122696,0.7128773476355952,1.0227088174014615e-10,7.732213253531214e-05,48.0
-1.2899920779177791,0.7128770858362075,1.0227088174014615e-10,7.732213253531214e-05,48.0
-1.2899898962562142,0.7128769695972792,1.0227088174014615e-10,7.732213253531214e-05,50.0
-1.2899867546635608,0.7128764749709692,1.0227088174014615e-10,7.732213253531214e-05,52.0
-1.28998605653186,0.7128763877045066,1.0227088174014615e-10,7.732213253531214e-05,51.0
-1.2899853292531607,0.7128770568637418,1.0227088174014615e-10,7.732213253531214e-05,51.0
-1.2899845438549973,0.7128774349020577,1.0227088174014615e-10,7.732213253531214e-05,48.0
-1.2899834385379823,0.7128775804625174,1.0227088174014615e-10,7.732213253531214e-05,50.0
-1.2899823621934323,0.7128777258484441,4.693849821542159e-12,1.09903216135719e-05,49.0
-1.2899811113159574,0.712877987647832,4.785752897145518e-11,4.700104000609201e-05,49.0
-1.2899798895854808,0.712878045767296,4.785752897145518e-11,4.700104000609201e-05,47.0
-1.2899788134154642,0.7128779295283678,4.785752897145518e-11,4.700104000609201e-05,49.0
-1.289977649804452,0.7128778712343707,4.785752897145518e-11,4.700104000609201e-05,47.0
-1.2899765153404381,0.7128778712343707,4.785752897145518e-11,4.700104000609201e-05,43.0
-1.2899754100234229,0.7128779295283678,4.785752897145518e-11,4.700104000609201e-05,44.0
-1.289974217265412,0.7128779295283678,4.785752897145518e-11,4.700104000609201e-05,47.0
-1.2899730538289327,0.7128776677289801,4.785752897145518e-11,4.700104000609201e-05,46.0
-1.2899716575655311,0.7128775513155189,4.571759159672915e-11,4.61401951285228e-05,46.0
-1.2899700867692043,0.7128774349020577,4.571759159672915e-11,4.61401951285228e-05,46.0
-1.2899669451765507,0.712877231396667,4.571759159672915e-11,4.61401951285228e-05,42.0
-1.2899651998472987,0.7128769985697448,4.571759159672915e-11,4.61401951285228e-05,44.0
-1.289961563628335,0.7128766205314288,3.336855370610599e-11,3.861117268154231e-05,59.0
-1.289959818299083,0.7128766495038944,3.336855370610599e-11,3.861117268154231e-05,61.0
-1.2899581602362937,0.712876795064354,3.336855370610599e-11,3.861117268154231e-05,60.0
-1.2899565313205028,0.7128769113032821,3.336855370610599e-11,3.861117268154231e-05,65.0
-1.289954902404712,0.7128770277167433,3.336855370610599e-11,3.861117268154231e-05,67.0
-1.2899517897845239,0.7128771149832058,4.2060811779940914e-11,3.469487647841773e-05,66.0
-1.289950218988197,0.7128770277167433,4.2060811779940914e-11,3.469487647841773e-05,67.0
-1.2899488810187927,0.7128764459985035,4.2060811779940914e-11,3.469487647841773e-05,68.0
-1.2899460301979924,0.7128762131715813,4.2060811779940914e-11,3.469487647841773e-05,71.0
-1.2899448957339783,0.7128762131715813,4.2060811779940914e-11,3.469487647841773e-05,71.0
-1.2899440230693524,0.7128761841991158,9.968803063846267e-11,4.066891177139524e-05,69.0
-1.2899434122041142,0.7128762423185798,9.968803063846267e-11,4.066891177139524e-05,69.0
-1.289943063138264,0.7128762423185798,9.968803063846267e-11,4.066891177139524e-05,70.0
-1.2899405907048456,0.7128759223997281,9.968803063846267e-11,4.066891177139524e-05,75.0
-1.2899388453755938,0.7128756314533418,9.968803063846267e-11,4.066891177139524e-05,76.0
-1.2899381472438927,0.7128756023063432,9.968803063846267e-11,4.066891177139524e-05,76.0
-1.289937507231656,0.7128756023063432,9.968803063846267e-11,4.066891177139524e-05,77.0
-1.2899366926864944,0.7128757187198043,9.968803063846267e-11,4.066891177139524e-05,77.0
-1.2899360528487904,0.7128750497351021,9.968803063846267e-11,4.066891177139524e-05,75.0
-1.2899352964230923,0.712874729641717,9.968803063846267e-11,4.066891177139524e-05,76.0
-1.2899342202530757,0.7128747587887158,9.968803063846267e-11,4.066891177139524e-05,75.0
-1.2899328529621399,0.7128747879357141,9.968803063846267e-11,4.066891177139524e-05,76.0
-1.2899313113128115,0.7128748169081798,4.727357737786033e-12,1.1231545274180349e-05,79.0
-1.2899294205976328,0.7128748169081798,4.727357737786033e-12,1.1231545274180349e-05,80.0
-1.2899275297079211,0.7128748752021768,4.6278087649446636e-11,3.294681426022015e-05,80.0
-1.289925842672666,0.7128749333216408,4.6278087649446636e-11,3.294681426022015e-05,80.0
-1.28992447538173,0.7128749041746423,4.6278087649446636e-11,3.294681426022015e-05,82.0
-1.2899234573311775,0.7128747587887158,4.6278087649446636e-11,3.294681426022015e-05,83.0
-1.2899217411489239,0.7128747006692516,4.6278087649446636e-11,3.294681426022015e-05,82.0
-1.2899209557507605,0.7128747006692516,4.6278087649446636e-11,3.294681426022015e-05,81.0
-1.2899203157385237,0.712874729641717,4.6278087649446636e-11,3.294681426022015e-05,81.0
-1.28991775586411,0.7128744097228654,4.6278087649446636e-11,3.294681426022015e-05,79.0
-1.2899169414934812,0.7128744097228654,4.6278087649446636e-11,3.294681426022015e-05,79.0
-1.2899158070294672,0.7128743516034013,2.298475510161119e-11,2.419381324580026e-05,81.0
-1.2899146142714564,0.7128742933094041,2.298475510161119e-11,2.419381324580026e-05,83.0
-1.2899134798074425,0.7128742933094041,2.298475510161119e-11,2.419381324580026e-05,82.0
-1.289910716427638,0.7128743805758668,2.298475510161119e-11,2.419381324580026e-05,78.0
-1.2899091747783098,0.7128743516034013,2.298475510161119e-11,2.419381324580026e-05,76.0
-1.289908040314296,0.7128739442435538,2.298475510161119e-11,2.419381324580026e-05,74.0
-1.2899063822515064,0.712873740738163,3.412811724352299e-11,2.551285203297645e-05,74.0
-1.289902920565468,0.7128735370582393,3.412811724352299e-11,2.551285203297645e-05,67.0
-1.2899011462637504,0.7128733916723126,3.412811724352299e-11,2.551285203297645e-05,66.0
-1.2898992264015732,0.7128733625253141,3.412811724352299e-11,2.551285203297645e-05,68.0
-1.2898972773923976,0.7128734206447782,3.063080464702938e-11,3.1470788355025624e-05,68.0
-1.289895502916147,0.7128733916723126,3.063080464702938e-11,3.1470788355025624e-05,68.0
-1.2898939321198202,0.7128733916723126,3.063080464702938e-11,3.1470788355025624e-05,69.0
-1.2898927395363424,0.7128733333783157,3.063080464702938e-11,3.1470788355025624e-05,68.0
-1.2898917504582552,0.7128733333783157,3.063080464702938e-11,3.1470788355025624e-05,67.0
-1.2898909942070904,0.7128733044058501,3.063080464702938e-11,3.1470788355025624e-05,66.0
-1.2898902960753895,0.7128733044058501,3.063080464702938e-11,3.1470788355025624e-05,65.0
-1.2898895979436888,0.712873246111853,3.063080464702938e-11,3.1470788355025624e-05,63.0
-1.2898874162821239,0.7128722572082987,1.9262787157242355e-11,2.321655099735475e-05,55.0
-1.289886834563884,0.7128716753155261,1.9262787157242355e-11,2.321655099735475e-05,54.0
-1.289885990871724,0.7128699010138086,1.9262787157242355e-11,2.321655099735475e-05,54.0
-1.2898859036052612,0.7128687665497948,1.9262787157242355e-11,2.321655099735475e-05,53.0
-1.2898859327522594,0.7128676029387825,1.9262787157242355e-11,2.321655099735475e-05,54.0
-1.289885961899258,0.7128653631577535,1.9262787157242355e-11,2.321655099735475e-05,55.0
-1.289886020018722,0.7128642868132038,3.66302447331156e-12,8.726646260059923e-06,53.0
-1.289885961899258,0.7128630942297257,3.66302447331156e-12,8.726646260059923e-06,49.0
-1.2898860491657207,0.7128619306187136,3.66302447331156e-12,8.726646260059923e-06,50.0
-1.2898861945516473,0.7128607961546998,1.2342183997315815e-11,1.4612685393439464e-05,49.0
-1.2898863109651086,0.7128597198101501,1.2342183997315815e-11,1.4612685393439464e-05,48.0
-1.2898865436174978,0.7128587890260599,1.2342183997315815e-11,1.4612685393439464e-05,48.0
-1.2898866308839605,0.7128577418285087,1.2342183997315815e-11,1.4612685393439464e-05,47.0
-1.2898866600309589,0.7128573054961959,2.2850266511242612e-11,1.9565451402484016e-05,46.0
-1.289886718150423,0.7128568983108813,2.2850266511242612e-11,1.9565451402484016e-05,45.0
-1.289886834563884,0.7128564909510339,2.2850266511242612e-11,1.9565451402484016e-05,45.0
-1.2898869508028123,0.7128560546187208,2.2850266511242612e-11,1.9565451402484016e-05,44.0
-1.289888957931452,0.712854483822394,2.2850266511242612e-11,1.9565451402484016e-05,43.0
-1.2898898888900752,0.712854600235855,2.2850266511242612e-11,1.9565451402484016e-05,49.0
-1.2898906742882383,0.7128546875023177,2.2850266511242612e-11,1.9565451402484016e-05,52.0
-1.2898913724199392,0.7128547166493163,2.2850266511242612e-11,1.9565451402484016e-05,52.0
-1.2898919249911804,0.7128548039157789,2.2850266511242612e-11,1.9565451402484016e-05,52.0
-1.2898923613234934,0.7128548328882444,2.2850266511242612e-11,1.9565451402484016e-05,53.0
-1.289892943216266,0.7128547456217819,2.2850266511242612e-11,1.9565451402484016e-05,53.0
-1.2898937286144294,0.7128548039157789,2.2850266511242612e-11,1.9565451402484016e-05,53.0
-1.2898946593985194,0.7128549784487042,2.2850266511242612e-11,1.9565451402484016e-05,53.0
-1.2898956774490722,0.7128554147810171,3.443029772474922e-11,2.488500152947469e-05,53.0
-1.2898982373234864,0.7128555310199451,3.443029772474922e-11,2.488500152947469e-05,55.0
-1.289899313668036,0.7128555310199451,3.443029772474922e-11,2.488500152947469e-05,55.0
-1.2899002153051273,0.7128557638468674,3.443029772474922e-11,2.488500152947469e-05,56.0
-1.2899013207966756,0.7128559383797927,3.347105746767883e-11,3.0185475440074212e-05,59.0
-1.289902600646616,0.7128561418851834,3.347105746767883e-11,3.0185475440074212e-05,60.0
-1.2899039677630193,0.7128562874456432,3.347105746767883e-11,3.0185475440074212e-05,60.0
-1.2899053640264209,0.7128563747121057,3.347105746767883e-11,3.0185475440074212e-05,61.0
-1.2899065857568972,0.7128564036845711,3.347105746767883e-11,3.0185475440074212e-05,63.0
-1.289908971098386,0.7128565200980324,1.759988066332715e-11,1.7697823803218913e-05,64.0
-1.2899096400830883,0.7128568400168842,1.759988066332715e-11,1.7697823803218913e-05,64.0
-1.2899102800953248,0.7128569272833469,1.759988066332715e-11,1.7697823803218913e-05,65.0
-1.2899113564398748,0.7128570728438065,1.759988066332715e-11,1.7697823803218913e-05,63.0
-1.2899117344781907,0.7128572182297331,1.759988066332715e-11,1.7697823803218913e-05,63.0
-1.289915079750768,0.7128572763491973,1.759988066332715e-11,1.7697823803218913e-05,66.0
-1.2899160978013207,0.7128572182297331,1.759988066332715e-11,1.7697823803218913e-05,67.0
-1.2899169996129451,0.7128571018162719,1.759988066332715e-11,1.7697823803218913e-05,67.0
-1.2899179595440335,0.7128571309632706,2.2806096985388535e-11,2.8124682382435924e-05,67.0
-1.2899199666726735,0.7128572763491973,2.2806096985388535e-11,2.8124682382435924e-05,69.0
-1.2899209557507605,0.7128573054961959,2.2806096985388535e-11,2.8124682382435924e-05,73.0
-1.289921915681849,0.7128573054961959,2.2806096985388535e-11,2.8124682382435924e-05,72.0
-1.2899229337324019,0.7128572182297331,2.2806096985388535e-11,2.8124682382435924e-05,71.0
-1.2899245917951914,0.7128572473767316,2.2806096985388535e-11,2.8124682382435924e-05,71.0
-1.289925289926892,0.7128572763491973,2.2806096985388535e-11,2.8124682382435924e-05,71.0
-1.2899258716451318,0.7128572182297331,2.2806096985388535e-11,2.8124682382435924e-05,71.0
-1.2899263079774448,0.7128571309632706,2.2806096985388535e-11,2.8124682382435924e-05,70.0
-1.289927733387845,0.7128574508821225,3.2734187930942727e-12,8.415204099157136e-06,67.0
-1.2899285187860083,0.7128575091761196,3.2734187930942727e-12,8.415204099157136e-06,67.0
-1.2899295078640955,0.7128575964425821,3.2734187930942727e-12,8.415204099157136e-06,66.0
-1.2899306131811106,0.7128576837090446,3.2734187930942727e-12,8.415204099157136e-06,67.0
-1.289931776792123,0.7128577709755073,3.2734187930942727e-12,8.415204099157136e-06,68.0
-1.2899341619590787,0.7128578582419698,3.0796059595569976e-11,2.6180246628164018e-05,64.0
-1.289935441983552,0.7128579455084325,3.0796059595569976e-11,2.6180246628164018e-05,62.0
-1.289936809099955,0.7128578872144353,3.0796059595569976e-11,2.6180246628164018e-05,63.0
-1.2899381472438927,0.7128578582419698,3.0796059595569976e-11,2.6180246628164018e-05,65.0
-1.289939252560908,0.7128577709755073,3.0796059595569976e-11,2.6180246628164018e-05,65.0
-1.2899403289054578,0.7128576545620462,3.0796059595569976e-11,2.6180246628164018e-05,66.0
-1.2899412888365462,0.7128576545620462,3.0796059595569976e-11,2.6180246628164018e-05,66.0
-1.2899420742347096,0.7128576545620462,1.6462134599772188e-11,1.7310737983274993e-05,63.0
-1.2899442848687404,0.7128581200413576,1.6462134599772188e-11,1.7310737983274993e-05,64.0
-1.2899450412944382,0.7128581200413576,1.6462134599772188e-11,1.7310737983274993e-05,66.0
-1.28994629199738,0.712858236280286,1.6462134599772188e-11,1.7310737983274993e-05,65.0
-1.2899477755272444,0.7128583235467484,1.6462134599772188e-11,1.7310737983274993e-05,62.0
-1.2899493173511054,0.7128583235467484,3.0645121664677013e-11,2.3668973035968268e-05,62.0
-1.2899508298534355,0.7128582654272844,3.0645121664677013e-11,2.3668973035968268e-05,62.0
-1.2899538841796263,0.7128581490138233,2.194753278610965e-11,2.5283729383832698e-05,62.0
-1.2899564732010387,0.712858352693747,7.152417016347528e-12,1.183470103984604e-05,62.0
-1.2899574912515914,0.7128583818407453,7.152417016347528e-12,1.183470103984604e-05,63.0
-1.2899584803296784,0.7128584691072081,7.152417016347528e-12,1.183470103984604e-05,62.0
-1.2899593529943043,0.7128584691072081,7.152417016347528e-12,1.183470103984604e-05,62.0
-1.2899599928320082,0.7128586144931347,7.152417016347528e-12,1.183470103984604e-05,60.0
-1.2899618837217197,0.7128588181730584,7.152417016347528e-12,1.183470103984604e-05,61.0
-1.2899624073204954,0.7128584691072081,7.152417016347528e-12,1.183470103984604e-05,61.0
-1.2899631635716604,0.7128565782174964,1.964508201892487e-11,2.0291312846353084e-05,63.0
-1.289963367251584,0.7128559383797927,1.964508201892487e-11,2.0291312846353084e-05,62.0
-1.2899635999039734,0.71285535648702,1.964508201892487e-11,2.0291312846353084e-05,63.0
-1.289964559835062,0.7128525931072154,1.964508201892487e-11,2.0291312846353084e-05,60.0
-1.2899648507814483,0.7128514005237374,6.928751676019493e-11,4.373220459723187e-05,59.0
-1.2899650542868388,0.712850818630965,6.928751676019493e-11,4.373220459723187e-05,58.0
-1.2899652871137615,0.7128503822986519,6.928751676019493e-11,4.373220459723187e-05,59.0
-1.289966188750853,0.7128485788499358,6.928751676019493e-11,4.373220459723187e-05,59.0
-1.2899662470448499,0.7128469499341449,6.928751676019493e-11,4.373220459723187e-05,60.0
-1.2899664505502406,0.7128460772695189,6.928751676019493e-11,4.373220459723187e-05,60.0
-1.2899666250831658,0.7128450881914319,6.928751676019493e-11,4.373220459723187e-05,61.0
-1.289966799616091,0.7128440409938808,6.928751676019493e-11,4.373220459723187e-05,61.0
-1.289967061415479,0.7128429646493311,2.2621803445416512e-11,2.1112185376717693e-05,64.0
-1.2899672650954024,0.7128416847993904,2.2621803445416512e-11,2.1112185376717693e-05,64.0
-1.2899674977477917,0.7128389214195857,2.2621803445416512e-11,2.1112185376717693e-05,66.0
-1.2899677886941783,0.7128374668621872,2.2621803445416512e-11,2.1112185376717693e-05,68.0
-1.2899683995594164,0.7128345580964557,2.2621803445416512e-11,2.1112185376717693e-05,68.0
-1.28996860323934,0.7128331326860556,2.2621803445416512e-11,2.1112185376717693e-05,66.0
-1.2899687194782683,0.7128316491561913,1.0222960607210929e-11,1.4145157171121227e-05,65.0
-1.2899688940111933,0.7128301656263272,1.0222960607210929e-11,1.4145157171121227e-05,63.0
-1.2899686322118058,0.7128288274823897,1.0222960607210929e-11,1.4145157171121227e-05,61.0
-1.2899682831459551,0.7128274022465226,1.0222960607210929e-11,1.4145157171121227e-05,59.0
-1.2899679923741019,0.7128260641025851,4.552202721211361e-12,1.031034021142589e-05,58.0
-1.2899677305747141,0.7128248132251102,4.552202721211361e-12,1.031034021142589e-05,56.0
-1.2899674977477917,0.7128237370550934,4.425024948733261e-12,1.0329335438290924e-05,55.0
-1.2899672650954024,0.7128228060964703,4.425024948733261e-12,1.0329335438290924e-05,53.0
-1.289967061415479,0.7128218461653818,4.376895396247251e-12,1.04028250078681e-05,50.0
-1.2899668287630897,0.712820828114829,4.376895396247251e-12,1.04028250078681e-05,51.0
-1.2899665669637017,0.7128197809172779,4.641912551292267e-12,1.0433939544292593e-05,52.0
-1.2899662760173154,0.7128187918391908,4.636277128752031e-12,1.0665190705743017e-05,50.0
-1.2899658688320008,0.7128178029356366,4.636277128752031e-12,1.0665190705743017e-05,50.0
-1.2899656361796115,0.7128168719770135,4.612516970184092e-12,1.0506746499485769e-05,48.0
-1.289965374380224,0.7128159411929234,4.691108265000114e-12,1.0621972883540817e-05,48.0
-1.2899651125808362,0.7128150393812991,4.691108265000114e-12,1.0621972883540817e-05,49.0
-1.2899649089009122,0.712814108597209,4.691108265000114e-12,1.0621972883540817e-05,49.0
-1.2899649089009122,0.712813294052047,4.691108265000114e-12,1.0621972883540817e-05,49.0
-1.2899650253143735,0.7128126250673447,4.691108265000114e-12,1.0621972883540817e-05,48.0
-1.2899672650954024,0.7128081453307537,4.867329442351917e-12,1.0736064180964034e-05,49.0
-1.2899683414399523,0.7128058474302604,4.867329442351917e-12,1.0736064180964034e-05,51.0
-1.2899690976911171,0.7128042766339338,2.8180462121259148e-11,3.1903486675317006e-05,52.0
-1.2899698830892805,0.7128024440382191,2.8180462121259148e-11,3.1903486675317006e-05,52.0
-1.2899704939545187,0.7128014258131334,3.157054938720452e-12,7.137294227290187e-06,52.0
-1.2899711629392212,0.7128004658820447,3.157054938720452e-12,7.137294227290187e-06,52.0
-1.2899718902179202,0.7127994478314922,3.157054938720452e-12,7.137294227290187e-06,53.0
-1.2899726464690853,0.7127984879004035,3.157054938720452e-12,7.137294227290187e-06,52.0
-1.2899740137600213,0.7127963062388386,3.157054938720452e-12,7.137294227290187e-06,52.0
-1.2899748572776488,0.7127950553613636,3.157054938720452e-12,7.137294227290187e-06,51.0
-1.2899756426758122,0.7127938627778857,3.157054938720452e-12,7.137294227290187e-06,51.0
-1.2899774171520626,0.7127907793046963,2.7324182554331565e-12,6.7095625057429656e-06,52.0
-1.2899779407508385,0.7127899066400702,2.7324182554331565e-12,6.7095625057429656e-06,50.0
-1.2899787261490017,0.7127885395236673,2.7324182554331565e-12,6.7095625057429656e-06,51.0
-1.289981809447658,0.7127839144011493,1.2214016218302486e-10,9.898454106331172e-05,51.0
-1.2899823040739682,0.7127829544700608,1.2214016218302486e-10,9.898454106331172e-05,50.0
-1.2899826821122842,0.7127820818054348,1.2214016218302486e-10,9.898454106331172e-05,49.0
-1.2899834385379823,0.71278083092796,1.2214016218302486e-10,9.898454106331172e-05,48.0
-1.2899836711903712,0.7127805110091081,1.2214016218302486e-10,9.898454106331172e-05,48.0
-1.2899849220678463,0.7127777476293033,1.2214016218302486e-10,9.898454106331172e-05,45.0
-1.2899855329330845,0.7127768749646773,2.4457184323315675e-10,7.501516008008031e-05,44.0
-1.289986114651324,0.7127760604195156,2.4457184323315675e-10,7.501516008008031e-05,46.0
-1.2899867255165622,0.7127750713414284,1.7582045312677452e-10,0.00010295019194934748,46.0
-1.2899880053665027,0.7127726570274739,1.7582045312677452e-10,0.00010295019194934748,44.0
-1.2899887034982036,0.7127713771775335,1.7582045312677452e-10,0.00010295019194934748,42.0
-1.2899894016299043,0.712770039033596,1.7582045312677452e-10,0.00010295019194934748,41.0
-1.2899900997616052,0.712768788156121,1.7582045312677452e-10,0.00010295019194934748,38.0
-1.2899908270403044,0.7127674791591821,1.7582045312677452e-10,0.00010295019194934748,40.0
-1.2899916415854664,0.712766053923315,1.7582045312677452e-10,0.00010295019194934748,41.0
-1.2899924851030937,0.7127647157793776,1.7582045312677452e-10,0.00010295019194934748,39.0
-1.2899933286207212,0.712763435929437,1.7582045312677452e-10,0.00010295019194934748,41.0
-1.2899941140188846,0.7127623014654232,1.7582045312677452e-10,0.00010295019194934748,43.0
-1.28999478317812,0.7127612832403375,1.7582045312677452e-10,0.00010295019194934748,44.0
-1.2899953648963596,0.7127605851086367,1.7582045312677452e-10,0.00010295019194934748,45.0
-1.2899964993603734,0.7127598580044705,3.248927552435585e-11,2.844633160156644e-05,45.0
-1.289997342878001,0.7127596543245468,3.248927552435585e-11,2.844633160156644e-05,40.0
-1.2899984192225509,0.7127596543245468,3.248927552435585e-11,2.844633160156644e-05,38.0
-1.2899996409530272,0.7127598869769359,3.248927552435585e-11,2.844633160156644e-05,35.0
-1.2900008626835033,0.7127601487763239,3.248927552435585e-11,2.844633160156644e-05,32.0
-1.290002026294516,0.71276043972271,3.248927552435585e-11,2.844633160156644e-05,29.0
-1.2900031897309951,0.712760817935559,0.0,0.0,29.0
-1.2900042660755449,0.7127612542678721,0.0,0.0,29.0
-1.2900053132730962,0.7127616033337224,0.0,0.0,28.0
-1.2900062150847205,0.7127619232525743,0.0,0.0,28.0
-1.2900070004828839,0.7127621559049635,0.0,0.0,26.0
-1.2900075822011237,0.7127622723184247,1.0226920634621818e-11,1.3064701202926261e-05,26.0
-1.2900110728596275,0.7127629123306615,1.0226920634621818e-11,1.3064701202926261e-05,24.0
-1.290012061937715,0.7127632031025148,1.0226920634621818e-11,1.3064701202926261e-05,24.0
-1.2900131964017285,0.7127633486629744,1.0226920634621818e-11,1.3064701202926261e-05,25.0
-1.290014214452281,0.712763494048901,1.0226920634621818e-11,1.3064701202926261e-05,23.0
-1.2900150579699086,0.7127636104623623,1.0226920634621818e-11,1.3064701202926261e-05,23.0
-1.290015727129144,0.7127637558482889,1.0226920634621818e-11,1.3064701202926261e-05,23.0
-1.2900175014308615,0.7127643958605255,1.0226920634621818e-11,1.3064701202926261e-05,23.0
-1.2900184323894845,0.7127647157793776,1.0226920634621818e-11,1.3064701202926261e-05,24.0
-1.2900195377064998,0.712765122964692,1.0226920634621818e-11,1.3064701202926261e-05,23.0
-1.2900208175564403,0.7127655884440034,7.053781896103608e-11,4.620854030717304e-05,23.0
-1.2900221265533791,0.7127660828957806,7.053781896103608e-11,4.620854030717304e-05,24.0
-1.2900233482838557,0.7127666356415547,7.053781896103608e-11,4.620854030717304e-05,23.0
-1.2900245118948679,0.7127671300933318,7.053781896103608e-11,4.620854030717304e-05,22.0
-1.2900265481705062,0.7127679446384936,7.053781896103608e-11,4.620854030717304e-05,21.0
-1.2900280025533721,0.7127685263567333,7.053781896103608e-11,4.620854030717304e-05,21.0
-1.2900313186789507,0.7127701263000586,7.053781896103608e-11,4.620854030717304e-05,19.0
-1.2900320168106516,0.7127704462189105,7.053781896103608e-11,4.620854030717304e-05,19.0
-1.2900327149423525,0.7127707371652968,7.053781896103608e-11,4.620854030717304e-05,18.0
-1.2900333258075904,0.7127709408452205,7.053781896103608e-11,4.620854030717304e-05,18.0
-1.2900338785533647,0.7127711153781457,7.053781896103608e-11,4.620854030717304e-05,19.0
-1.2900345766850654,0.7127713771775335,7.053781896103608e-11,4.620854030717304e-05,19.0
-1.2900364965472428,0.7127721334286985,7.053781896103608e-11,4.620854030717304e-05,18.0
-1.2900376310112565,0.712772540614013,7.053781896103608e-11,4.620854030717304e-05,17.0
-1.290038910861197,0.7127729769463259,1.6714525363115383e-10,0.00013210398282332317,17.0
-1.2900401034446747,0.7127733551591747,1.6714525363115383e-10,0.00013210398282332317,17.0
-1.2900412670556871,0.7127737623444893,1.6714525363115383e-10,0.00013210398282332317,18.0
-1.2900424596391649,0.7127741697043367,1.6714525363115383e-10,0.00013210398282332317,17.0
-1.2900439723160277,0.7127745187701872,1.6714525363115383e-10,0.00013210398282332317,17.0
-1.290045513965356,0.7127746350091153,1.6714525363115383e-10,0.00013210398282332317,18.0
-1.2900468521092936,0.7127752750213521,1.6714525363115383e-10,0.00013210398282332317,19.0
-1.2900482775196938,0.7127757986201276,1.6714525363115383e-10,0.00013210398282332317,19.0
-1.2900520880970496,0.7127771657365307,1.6714525363115383e-10,0.00013210398282332317,21.0
-1.2900531934140649,0.7127776020688438,1.6714525363115383e-10,0.00013210398282332317,21.0
-1.2900544442915398,0.7127779221622285,1.6714525363115383e-10,0.00013210398282332317,20.0
-1.2900558114079428,0.7127780966951537,2.925436037357156e-10,0.00010037385987284221,20.0
-1.2900570622854175,0.7127782712280789,2.925436037357156e-10,0.00010037385987284221,21.0
-1.2900579930695077,0.7127787365328575,2.925436037357156e-10,0.00010037385987284221,22.0
-1.2900588367616683,0.7127791728651706,2.925436037357156e-10,0.00010037385987284221,21.0
-1.2900596802792956,0.7127795219310209,2.925436037357156e-10,0.00010037385987284221,20.0
-1.2900611056896958,0.7127799292908683,2.925436037357156e-10,0.00010037385987284221,20.0
-1.290061658260937,0.7127800455297966,2.925436037357156e-10,0.00010037385987284221,20.0
-1.2900620656207844,0.7127801619432576,2.925436037357156e-10,0.00010037385987284221,21.0
-1.290064392668276,0.7127812964072714,1.1022337640710494e-10,7.314494920026817e-05,19.0
-1.2900657597846792,0.7127816163261232,1.1022337640710494e-10,7.314494920026817e-05,20.0
-1.2900672143420775,0.7127818491530454,1.1022337640710494e-10,7.314494920026817e-05,20.0
-1.2900680287127069,0.7127821399248988,1.1022337640710494e-10,7.314494920026817e-05,20.0
-1.2900694249761082,0.7127826345512089,1.1022337640710494e-10,7.314494920026817e-05,18.0
-1.2900698613084212,0.7127828090841342,1.1022337640710494e-10,7.314494920026817e-05,18.0
-1.2900702976407343,0.7127830417365235,1.1022337640710494e-10,7.314494920026817e-05,19.0
-1.2900706758535834,0.7127832162694485,1.1022337640710494e-10,7.314494920026817e-05,19.0
-1.2900725957157606,0.7127841180810732,1.1022337640710494e-10,7.314494920026817e-05,20.0
-1.2900862965503885,0.7127739368774145,2.566436792700808e-10,8.174466881157801e-05,17.0
-1.2900869655350908,0.7127730642127886,2.566436792700808e-10,8.174466881157801e-05,17.0
-1.2900875764003292,0.7127720461622359,2.566436792700808e-10,8.174466881157801e-05,17.0
-1.2900883036790283,0.7127709698176861,7.950971582747192e-11,5.904370064220616e-05,17.0
-1.290088943691265,0.7127698645006707,7.950971582747192e-11,5.904370064220616e-05,16.0
-1.2900938887326345,0.7127640757671408,5.734499081754152e-11,4.6782428978003687e-05,13.0
-1.2900945868643354,0.7127631158360521,5.734499081754152e-11,4.6782428978003687e-05,12.0
-1.2900953431155007,0.7127620977854995,5.734499081754152e-11,4.6782428978003687e-05,11.0
-1.2900968266453647,0.7127604105757116,5.734499081754152e-11,4.6782428978003687e-05,12.0
-1.2900973793911388,0.7127597997104734,5.734499081754152e-11,4.6782428978003687e-05,12.0
-1.2900977865764534,0.7127593052586962,5.734499081754152e-11,4.6782428978003687e-05,12.0
-1.2900980483758409,0.7127589270458473,5.734499081754152e-11,4.6782428978003687e-05,12.0
-1.2900992992533158,0.7127569782112045,5.734499081754152e-11,4.6782428978003687e-05,12.0
-1.2900998809715556,0.7127563381989679,5.734499081754152e-11,4.6782428978003687e-05,10.0
-1.2901005791032565,0.7127556109202686,5.734499081754152e-11,4.6782428978003687e-05,10.0
-1.2901011318490305,0.7127545928697158,5.734499081754152e-11,4.6782428978003687e-05,10.0
-1.2901019753666578,0.7127536910580913,5.734499081754152e-11,4.6782428978003687e-05,10.0
-1.2901027026453573,0.7127528183934653,3.912231984031267e-11,2.93777952152155e-05,10.0
-1.2901032843635971,0.7127520912892991,3.912231984031267e-11,2.93777952152155e-05,10.0
-1.2901035461629848,0.7127515385435248,3.912231984031267e-11,2.93777952152155e-05,10.0
-1.290105087986846,0.7127494732954209,3.912231984031267e-11,2.93777952152155e-05,10.0
-1.290105466025162,0.712748978669111,3.912231984031267e-11,2.93777952152155e-05,10.0
-1.2901058733850095,0.7127483969508713,3.912231984031267e-11,2.93777952152155e-05,10.0
-1.2901068622885636,0.7127470879539323,3.912231984031267e-11,2.93777952152155e-05,10.0
-1.29010950942944,0.712743306349042,3.912231984031267e-11,2.93777952152155e-05,12.0
-1.290110323974602,0.7127422301790254,3.912231984031267e-11,2.93777952152155e-05,12.0
-1.2901111093727653,0.7127411829814739,3.912231984031267e-11,2.93777952152155e-05,12.0
-1.2901116910910053,0.7127400485174603,0.0,0.0,13.0
-1.2901127382885562,0.7127379249753593,0.0,0.0,14.0
-1.2901132037678678,0.7127370523107333,0.0,0.0,14.0
-1.2901140764324937,0.7127357724607928,0.0,0.0,13.0
-1.290114570884271,0.7127353069814814,0.0,0.0,14.0
-1.2901179451293139,0.7127325436016767,0.0,0.0,14.0
-1.2901185851415504,0.7127320781223652,0.0,0.0,14.0
-1.29011931242025,0.7127313218712003,0.0,0.0,14.0
-1.2901199522579534,0.7127304781790399,0.0,0.0,14.0
-1.2901206795366529,0.7127296346614123,0.0,0.0,15.0
-1.2901220176805903,0.7127280930120841,0.0,0.0,14.0
-1.2901225121323674,0.7127274238528489,0.0,0.0,14.0
-1.290122977611679,0.7127268129876106,0.0,0.0,14.0
-1.2901234139439919,0.7127262604163696,0.0,0.0,13.0
-1.2901238211293065,0.7127257368175939,0.0,0.0,13.0
-1.290124228314621,0.7127251549248212,0.0,0.0,13.0
-1.2901247519133965,0.7127245440595832,1.3016622195737024e-10,7.658475359160815e-05,13.0
-1.2901253046591707,0.7127238459278824,1.3016622195737024e-10,7.658475359160815e-05,13.0
-1.2901259155244087,0.7127232350626441,1.3016622195737024e-10,7.658475359160815e-05,15.0
-1.2901264682701827,0.712722740610867,1.3016622195737024e-10,7.658475359160815e-05,15.0
-1.290127660853661,0.7127214607609266,1.3016622195737024e-10,7.658475359160815e-05,14.0
-1.2901285626652854,0.7127206462157646,1.3016622195737024e-10,7.658475359160815e-05,14.0
-1.290129464302377,0.7127195698712149,1.0082257821924348e-10,5.506799862194439e-05,15.0
-1.2901313841645543,0.7127176500090376,1.0082257821924348e-10,5.506799862194439e-05,16.0
-1.2901321114432533,0.7127169810243354,1.0082257821924348e-10,5.506799862194439e-05,17.0
-1.2901327223084917,0.7127163701590972,1.0082257821924348e-10,5.506799862194439e-05,17.0
-1.2901332750542658,0.7127154974944713,1.0082257821924348e-10,5.506799862194439e-05,18.0
-1.290134147718892,0.7127136067792926,1.0082257821924348e-10,5.506799862194439e-05,18.0
-1.2901345840512046,0.7127131121529825,1.0082257821924348e-10,5.506799862194439e-05,18.0
-1.290134874823058,0.7127126758206696,1.0082257821924348e-10,5.506799862194439e-05,18.0
-1.2901351076499803,0.7127122394883565,1.0082257821924348e-10,5.506799862194439e-05,18.0
-1.2901352821829055,0.7127118031560434,1.0082257821924348e-10,5.506799862194439e-05,18.0
-1.2901355439822932,0.7127112214378039,1.0082257821924348e-10,5.506799862194439e-05,18.0
-1.2901358639011453,0.7127104360396403,1.0082257821924348e-10,5.506799862194439e-05,18.0
-1.290136445619385,0.7127095925220129,1.0082257821924348e-10,5.506799862194439e-05,18.0
-1.29013711477862,0.7127086907103884,4.9512515412074546e-11,4.03188940114906e-05,19.0
-1.290137812910321,0.7127078180457624,4.9512515412074546e-11,4.03188940114906e-05,20.0
-1.2901398490114264,0.7127048509860341,4.9512515412074546e-11,4.03188940114906e-05,20.0
-1.2901404890236632,0.712703861907947,4.9512515412074546e-11,4.03188940114906e-05,21.0
-1.29014147810175,0.712702058459231,4.9512515412074546e-11,4.03188940114906e-05,21.0
-1.2901419725535272,0.712701185794605,4.9512515412074546e-11,4.03188940114906e-05,21.0
-1.290142467005304,0.7127002258635163,4.9512515412074546e-11,4.03188940114906e-05,22.0
-1.2901429616316142,0.7126992659324276,1.6722963265681622e-10,0.00010403044561912942,22.0
-1.290143223431002,0.7126984513872658,1.6722963265681622e-10,0.00010403044561912942,22.0
-1.290143426936393,0.7126978115495619,1.6722963265681622e-10,0.00010403044561912942,22.0
-1.2901441250680936,0.7126967060580137,1.6722963265681622e-10,0.00010403044561912942,21.0
-1.2901443868674816,0.7126961243397741,1.6722963265681622e-10,0.00010403044561912942,21.0
-1.2901449396132556,0.7126949898757603,1.6722963265681622e-10,0.00010403044561912942,22.0
-1.2901453759455686,0.7126943790105222,5.942324316440664e-11,5.183366955897741e-05,23.0
-1.2901461904907305,0.7126930700135832,5.942324316440664e-11,5.183366955897741e-05,23.0
-1.2901469758888937,0.7126917318696456,5.942324316440664e-11,5.183366955897741e-05,24.0
-1.2901474411936724,0.7126909464714821,5.942324316440664e-11,5.183366955897741e-05,24.0
-1.2901481103529078,0.7126902193673159,5.942324316440664e-11,5.183366955897741e-05,25.0
-1.290148721218146,0.7126894339691524,8.326564861160399e-11,6.760915006838915e-05,27.0
-1.2901497973881626,0.7126878631728256,8.326564861160399e-11,6.760915006838915e-05,27.0
-1.2901501756010114,0.7126870777746622,8.326564861160399e-11,6.760915006838915e-05,25.0
-1.2901506410803232,0.7126862340825019,8.326564861160399e-11,6.760915006838915e-05,26.0
-1.2901511355321,0.7126852451789476,8.326564861160399e-11,6.760915006838915e-05,25.0
-1.2901517172503398,0.7126843142203246,8.326564861160399e-11,6.760915006838915e-05,26.0
-1.290152153582653,0.7126835579691596,8.326564861160399e-11,6.760915006838915e-05,26.0
-1.2901526190619643,0.7126828017179949,8.326564861160399e-11,6.760915006838915e-05,27.0
-1.290153578993053,0.7126810853612084,8.326564861160399e-11,6.760915006838915e-05,29.0
-1.290154131738827,0.7126802418435809,8.326564861160399e-11,6.760915006838915e-05,31.0
-1.2901546553376024,0.7126793400319564,8.326564861160399e-11,6.760915006838915e-05,29.0
-1.2901551206423811,0.7126783511284022,4.255611970506133e-11,3.817037923671123e-05,28.0
-1.2901556442411568,0.7126772747838525,4.255611970506133e-11,3.817037923671123e-05,29.0
-1.2901561678399325,0.712676314852764,4.255611970506133e-11,3.817037923671123e-05,28.0
-1.2901566624662426,0.7126752968022113,4.255611970506133e-11,3.817037923671123e-05,29.0
-1.2901572150374836,0.7126743658435881,4.255611970506133e-11,3.817037923671123e-05,29.0
-1.2901577096637935,0.7126734059124997,4.255611970506133e-11,3.817037923671123e-05,29.0
-1.2901583495014974,0.7126723587149485,6.89308097615864e-11,4.7433622809645814e-05,29.0
-1.2901591348996608,0.7126713406643959,6.89308097615864e-11,4.7433622809645814e-05,28.0
-1.290160618429525,0.7126689844699057,6.89308097615864e-11,4.7433622809645814e-05,28.0
-1.2901613457082244,0.7126678208588932,1.0771271963568223e-10,8.487509870106315e-05,29.0
-1.2901620729869236,0.7126666282754155,1.0771271963568223e-10,8.487509870106315e-05,29.0
-1.2901627711186245,0.7126655229584001,1.0771271963568223e-10,8.487509870106315e-05,29.0
-1.2901634982227907,0.7126644757608489,1.0771271963568223e-10,8.487509870106315e-05,29.0
-1.2901641382350275,0.7126633994162991,1.0771271963568223e-10,8.487509870106315e-05,29.0
-1.290164487300878,0.7126624976046748,1.0771271963568223e-10,8.487509870106315e-05,29.0
-1.2901649236331907,0.7126615376735861,1.0771271963568223e-10,8.487509870106315e-05,28.0
-1.2901653891125024,0.7126606360364945,1.0771271963568223e-10,8.487509870106315e-05,28.0
-1.2901666108429788,0.7126586289078547,1.0771271963568223e-10,8.487509870106315e-05,28.0
-1.2901672506806827,0.7126575234163065,1.0771271963568223e-10,8.487509870106315e-05,27.0
-1.2901678906929193,0.7126563599798272,1.0771271963568223e-10,8.487509870106315e-05,27.0
-1.2901684434386935,0.7126553127822758,4.149011104263234e-11,3.302817874237883e-05,29.0
-1.290168705238081,0.7126542072907278,4.149011104263234e-11,3.302817874237883e-05,29.0
-1.2901691996898583,0.7126533056536362,4.149011104263234e-11,3.302817874237883e-05,28.0
-1.290169781408098,0.7126524329890103,4.149011104263234e-11,3.302817874237883e-05,28.0
-1.2901707704861851,0.7126510367256085,4.149011104263234e-11,3.302817874237883e-05,28.0
-1.2901713232319592,0.7126503094469091,4.149011104263234e-11,3.302817874237883e-05,27.0
-1.29017295214775,0.7126478659859565,4.149011104263234e-11,3.302817874237883e-05,27.0
-1.290173213947138,0.7126474296536436,4.149011104263234e-11,3.302817874237883e-05,27.0
-1.2901734176270614,0.7126470224683288,4.149011104263234e-11,3.302817874237883e-05,27.0
-1.2901736502794507,0.712646586136016,2.4287146878814885e-11,2.356978463316302e-05,27.0
-1.2901739701983028,0.7126460333902418,2.4287146878814885e-11,2.356978463316302e-05,27.0
-1.2901743484111516,0.712645335258541,2.4287146878814885e-11,2.356978463316302e-05,27.0
-1.290174697477002,0.7126446952463042,2.4287146878814885e-11,2.356978463316302e-05,27.0
-1.290175075689851,0.7126438517286768,2.4287146878814885e-11,2.356978463316302e-05,27.0
-1.2901753664617044,0.7126427464116615,2.4287146878814885e-11,2.356978463316302e-05,27.0
-1.290175133809315,0.7126416409201133,2.4287146878814885e-11,2.356978463316302e-05,26.0
-1.2901742319976908,0.712640535603098,4.206172563335268e-11,3.5327083868780975e-05,26.0
-1.2901725449624355,0.7126399247378599,4.206172563335268e-11,3.5327083868780975e-05,26.0
-1.2901709158721117,0.712639168486695,1.5646216841649813e-11,2.38425122436609e-05,24.0
-1.2901694323422477,0.7126384703549942,1.5646216841649813e-11,2.38425122436609e-05,25.0
-1.2901680071063804,0.71263791760922,1.5646216841649813e-11,2.38425122436609e-05,26.0
-1.2901667270819068,0.7126374231574429,1.5646216841649813e-11,2.38425122436609e-05,26.0
-1.2901654472319666,0.712636928531133,1.5646216841649813e-11,2.38425122436609e-05,25.0
-1.2901641090880291,0.7126364632263543,1.5646216841649813e-11,2.38425122436609e-05,27.0
-1.2901627711186245,0.7126358813335817,1.5646216841649813e-11,2.38425122436609e-05,27.0
-1.2901614329746869,0.7126353868818048,1.5646216841649813e-11,2.38425122436609e-05,25.0
-1.2901599785918214,0.712634863283029,1.5646216841649813e-11,2.38425122436609e-05,25.0
-1.290158495061957,0.7126342524177909,1.5646216841649813e-11,2.38425122436609e-05,26.0
-1.2901570405045584,0.7126336706995512,4.82590147304938e-11,5.359069081497591e-05,30.0
-1.290155440735766,0.7126330888067786,4.82590147304938e-11,5.359069081497591e-05,29.0
-1.2901537826729768,0.7126326524744655,6.715549943893138e-11,4.681311466006799e-05,29.0
-1.290150524666862,0.7126315180104518,6.715549943893138e-11,4.681311466006799e-05,28.0
-1.2901490119899992,0.7126309944116762,6.715549943893138e-11,4.681311466006799e-05,30.0
-1.2901459576638084,0.712629627295273,6.715549943893138e-11,4.681311466006799e-05,30.0
-1.2901445032809427,0.7126289000165738,6.715549943893138e-11,4.681311466006799e-05,31.0
-1.2901430778705425,0.712628143765409,6.715549943893138e-11,4.681311466006799e-05,30.0
-1.2901417107541393,0.7126274456337082,6.715549943893138e-11,4.681311466006799e-05,30.0
-1.2901402272242752,0.7126268928879341,5.927413293765737e-11,3.835648776412999e-05,32.0
-1.290138685574947,0.7126264275831554,5.927413293765737e-11,3.835648776412999e-05,34.0
-1.2901355439822932,0.7126253512386057,5.927413293765737e-11,3.835648776412999e-05,34.0
-1.2901329549608809,0.7126244204545156,5.927413293765737e-11,3.835648776412999e-05,37.0
-1.290132024176791,0.7126241003611308,5.927413293765737e-11,3.835648776412999e-05,40.0
-1.2901311223651664,0.7126239549752041,5.927413293765737e-11,3.835648776412999e-05,41.0
-1.2901304242334655,0.7126238677087414,5.927413293765737e-11,3.835648776412999e-05,42.0
-1.290129260796986,0.712624274894056,5.927413293765737e-11,3.835648776412999e-05,43.0
-1.2901286207847493,0.7126248567868286,5.927413293765737e-11,3.835648776412999e-05,44.0
-1.2901279807725128,0.7126262239032317,5.927413293765737e-11,3.835648776412999e-05,44.0
-1.290127777267122,0.7126268928879341,5.927413293765737e-11,3.835648776412999e-05,43.0
-1.290127515467734,0.7126275329001708,5.927413293765737e-11,3.835648776412999e-05,43.0
-1.290127224521348,0.7126280856459448,5.927413293765737e-11,3.835648776412999e-05,43.0
-1.2901270208414242,0.7126287254836485,5.927413293765737e-11,3.835648776412999e-05,44.0
-1.2901268754554973,0.7126292782294227,5.927413293765737e-11,3.835648776412999e-05,43.0
-1.2901266136561096,0.7126297726811999,5.927413293765737e-11,3.835648776412999e-05,43.0
-1.2901263227097233,0.7126302673075098,5.927413293765737e-11,3.835648776412999e-05,42.0
-1.2901261192043327,0.7126307617592869,5.927413293765737e-11,3.835648776412999e-05,42.0
-1.2901256245780226,0.7126316635709115,5.927413293765737e-11,3.835648776412999e-05,43.0
-1.2901252755121722,0.7126320416092274,5.927413293765737e-11,3.835648776412999e-05,43.0
-1.2901250137127844,0.7126323617026121,5.927413293765737e-11,3.835648776412999e-05,40.0
-1.2901247519133965,0.712632681621464,5.927413293765737e-11,3.835648776412999e-05,40.0
-1.2901233266775294,0.7126347760165666,6.024129324568189e-11,4.103729238623278e-05,42.0
-1.2901230938506072,0.7126352996153421,6.024129324568189e-11,4.103729238623278e-05,41.0
-1.2901230065841445,0.7126358523611163,6.024129324568189e-11,4.103729238623278e-05,41.0
-1.2901228320512192,0.7126362303994322,6.024129324568189e-11,4.103729238623278e-05,42.0
-1.2901214649348163,0.7126391393396966,6.024129324568189e-11,4.103729238623278e-05,42.0
-1.2901212031354283,0.7126395465250109,6.024129324568189e-11,4.103729238623278e-05,41.0
-1.2901179451293139,0.7126421645188891,6.024129324568189e-11,4.103729238623278e-05,44.0
-1.29011730529161,0.7126429790640508,6.024129324568189e-11,4.103729238623278e-05,45.0
-1.2901165780129107,0.7126439389951394,6.024129324568189e-11,4.103729238623278e-05,45.0
-1.2901158217617459,0.7126449280732265,6.5544225597995e-11,6.079706897713199e-05,47.0
-1.2901150944830464,0.7126459461237793,6.5544225597995e-11,6.079706897713199e-05,46.0
-1.2901145127648068,0.7126469933213305,6.5544225597995e-11,6.079706897713199e-05,49.0
-1.2901139600190328,0.7126480405188816,6.5544225597995e-11,6.079706897713199e-05,49.0
-1.290113436420257,0.7126489713029718,6.5544225597995e-11,6.079706897713199e-05,48.0
-1.2901129128214814,0.7126498439675978,6.5544225597995e-11,6.079706897713199e-05,48.0
-1.2901123311032419,0.7126509784316114,6.5544225597995e-11,6.079706897713199e-05,48.0
-1.2901122146897808,0.7126514147639245,6.5544225597995e-11,6.079706897713199e-05,46.0
-1.290112127423318,0.7126517348573093,6.5544225597995e-11,6.079706897713199e-05,47.0
-1.2901101784141424,0.7126550799553538,6.5544225597995e-11,6.079706897713199e-05,45.0
-1.290109713109364,0.7126557491145888,7.009094520745057e-11,4.815333561748278e-05,44.0
-1.2901093057495165,0.7126564180992911,7.009094520745057e-11,4.815333561748278e-05,45.0
-1.290108898564202,0.712656999817531,7.009094520745057e-11,4.815333561748278e-05,47.0
-1.2901086659118126,0.7126575234163065,7.009094520745057e-11,4.815333561748278e-05,46.0
-1.2901082876989636,0.712657988895618,7.009094520745057e-11,4.815333561748278e-05,46.0
-1.2901080258995758,0.712658367108467,7.009094520745057e-11,4.815333561748278e-05,47.0
-1.2901055532916248,0.7126608978358824,7.009094520745057e-11,4.815333561748278e-05,47.0
-1.2901051169593116,0.7126613631406609,7.009094520745057e-11,4.815333561748278e-05,48.0
-1.290104651654533,0.7126618286199725,7.009094520745057e-11,4.815333561748278e-05,47.0
-1.2901042442946855,0.7126623522187481,7.009094520745057e-11,4.815333561748278e-05,47.0
-1.2901040116422962,0.7126629339369877,7.009094520745057e-11,4.815333561748278e-05,46.0
-1.2901036917234445,0.7126634866827618,7.009094520745057e-11,4.815333561748278e-05,45.0
-1.2901032843635971,0.712664097548,7.009094520745057e-11,4.815333561748278e-05,45.0
-1.2901029063252811,0.7126647084132381,7.009094520745057e-11,4.815333561748278e-05,44.0
-1.290102528112432,0.7126653192784764,7.009094520745057e-11,4.815333561748278e-05,43.0
-1.2901023244325085,0.7126659301437145,5.877166650371218e-11,6.426434166611592e-05,43.0
-1.2901018881001953,0.7126670937547269,5.877166650371218e-11,6.426434166611592e-05,43.0
-1.2901015973283418,0.7126677918864276,5.877166650371218e-11,6.426434166611592e-05,43.0
-1.2901008700496428,0.7126694499492171,5.877166650371218e-11,6.426434166611592e-05,40.0
-1.2901004337173296,0.7126702934668445,5.877166650371218e-11,6.426434166611592e-05,39.0
-1.2900999392655526,0.7126710788650079,5.877166650371218e-11,6.426434166611592e-05,38.0
-1.290099473786241,0.7126718642631714,5.877166650371218e-11,6.426434166611592e-05,37.0
-1.2900991247203908,0.7126726788083333,5.877166650371218e-11,6.426434166611592e-05,36.0
-1.290098804801539,0.7126734059124997,5.877166650371218e-11,6.426434166611592e-05,36.0
-1.2900985138551524,0.7126740750717349,5.877166650371218e-11,6.426434166611592e-05,35.0
-1.2900977865764534,0.7126770129844647,5.877166650371218e-11,6.426434166611592e-05,35.0
-1.2900974958045999,0.7126777692356296,5.877166650371218e-11,6.426434166611592e-05,33.0
-1.2900972048582136,0.7126784965143288,5.877166650371218e-11,6.426434166611592e-05,32.0
-1.2900969139118272,0.7126791654990312,5.877166650371218e-11,6.426434166611592e-05,31.0
-1.2900965358735113,0.7126798346582663,5.877166650371218e-11,6.426434166611592e-05,30.0
-1.2900962740741233,0.7126804163765061,5.877166650371218e-11,6.426434166611592e-05,30.0
-1.2900959539807386,0.7126809691222803,5.877166650371218e-11,6.426434166611592e-05,29.0
-1.2900954595289613,0.7126814635740574,5.877166650371218e-11,6.426434166611592e-05,29.0
-1.2900948486637234,0.7126818417869062,5.877166650371218e-11,6.426434166611592e-05,28.0
-1.2900943831844118,0.7126823653856819,0.0,0.0,28.0
-1.2900939759990973,0.7126828306904606,0.0,0.0,27.0
-1.290093626933247,0.712683238050308,0.0,0.0,27.0
-1.2900933070143952,0.7126835288221612,0.0,0.0,26.0
-1.2900883328260269,0.7126882122386761,0.0,0.0,18.0
-1.2900880710266391,0.7126887066904531,0.0,0.0,17.0
-1.29008769281379,0.7126890849033021,0.0,0.0,17.0
-1.2900865583497765,0.7126904811667036,0.0,0.0,14.0
-1.2900856275656865,0.7126915573367204,0.0,0.0,14.0
-1.2900850167004483,0.7126922554684212,0.0,0.0,12.0
-1.2900845220741382,0.712693011894119,0.0,0.0,11.0
-1.2900838239424373,0.7126937972922824,0.0,0.0,11.0
-1.2900830095718083,0.7126946116629114,0.0,0.0,11.0
-1.290082224173645,0.7126954843275374,0.0,0.0,10.0
-1.2900814968949454,0.7126963569921634,0.0,0.0,11.0
-1.2900807406437806,0.7126972006843239,0.0,0.0,11.0
-1.29008004251208,0.712698131468414,0.0,0.0,11.0
-1.2900793733528446,0.7126989168665773,0.0,0.0,9.0
-1.2900787043681425,0.7126997314117393,0.0,0.0,9.0
-1.2900781807693666,0.7127006040763652,0.0,0.0,9.0
-1.290077482637666,0.7127013894745287,0.0,0.0,10.0
-1.2900768426254292,0.7127021165786949,0.0,0.0,10.0
-1.2900761444937285,0.7127027857379302,0.0,0.0,10.0
-1.2900755336284901,0.7127034255756339,0.0,0.0,9.0
-1.2900737882992381,0.7127050546659578,0.0,0.0,9.0
-1.2900731484615346,0.712705665531196,0.0,0.0,9.0
-1.2900725084492979,0.7127062472494355,0.0,0.0,10.0
-1.290071926731058,0.7127068872616723,0.0,0.0,10.0
-1.2900713448382854,0.7127075853933731,0.0,0.0,10.0
-1.2900706758535834,0.7127083124975395,0.0,0.0,8.0
-1.2900694832701052,0.7127096797884757,0.0,0.0,11.0
-1.2900690759102578,0.7127101450932543,0.0,0.0,11.0
-1.2900686106054795,0.7127104651866389,0.0,0.0,11.0
-1.2900682323926305,0.7127107269860267,0.0,0.0,11.0
-1.2900675634079282,0.712711076051877,0.0,0.0,10.0
-1.2900660798780639,0.7127122394883565,0.0,0.0,10.0
-1.2900653817463632,0.7127129376200573,0.0,0.0,11.0
-1.2900644799347387,0.7127137521652193,0.0,0.0,11.0
-1.2900635491506485,0.7127146248298453,0.0,0.0,11.0
-1.290062705458488,0.7127155266414698,3.7993864608846785e-11,2.805550104302667e-05,11.0
-1.2900618910878592,0.7127163701590972,3.7993864608846785e-11,2.805550104302667e-05,11.0
-1.2900611056896958,0.7127171264102622,3.7993864608846785e-11,2.805550104302667e-05,11.0
-1.2900604365304604,0.7127178536889613,3.7993864608846785e-11,2.805550104302667e-05,11.0
-1.2900598839592194,0.7127184064347356,3.7993864608846785e-11,2.805550104302667e-05,11.0
-1.2900595057463704,0.7127189008865126,3.7993864608846785e-11,2.805550104302667e-05,11.0
-1.290059214799984,0.7127193080718272,3.7993864608846785e-11,2.805550104302667e-05,11.0
-1.2900591566805202,0.7127196571376775,3.7993864608846785e-11,2.805550104302667e-05,12.0
-1.290057847683581,0.7127196571376775,3.7993864608846785e-11,2.805550104302667e-05,11.0
-1.2900569168994909,0.7127194826047524,3.7993864608846785e-11,2.805550104302667e-05,11.0
-1.2900540952256894,0.7127188136200501,3.7993864608846785e-11,2.805550104302667e-05,11.0
-1.2900524952823638,0.7127184354072011,3.7993864608846785e-11,2.805550104302667e-05,13.0
-1.2900508663665728,0.7127180282218866,3.7993864608846785e-11,2.805550104302667e-05,16.0
-1.2900493536897104,0.7127175918895735,3.7993864608846785e-11,2.805550104302667e-05,17.0
-1.2900480157203058,0.7127172428237232,3.7993864608846785e-11,2.805550104302667e-05,18.0
-1.2900468812562917,0.7127170101713338,3.7993864608846785e-11,2.805550104302667e-05,18.0
-1.2900459794446675,0.7127168064914102,3.7993864608846785e-11,2.805550104302667e-05,18.0
-1.2900452521659682,0.7127166319584851,3.7993864608846785e-11,2.805550104302667e-05,19.0
-1.2900446704477284,0.7127164865725584,3.7993864608846785e-11,2.805550104302667e-05,20.0
-1.2900442341154157,0.7127163410120987,3.7993864608846785e-11,2.805550104302667e-05,20.0
-1.2900419070679239,0.7127157301468604,3.7993864608846785e-11,2.805550104302667e-05,29.0
-1.2900407143099133,0.7127152648420819,1.2652893765487685e-11,1.5714330692924306e-05,29.0
-1.2900392018075832,0.7127147412433062,1.2652893765487685e-11,1.5714330692924306e-05,29.0
-1.2900376310112565,0.7127142466169963,1.2652893765487685e-11,1.5714330692924306e-05,30.0
-1.2900361183343938,0.7127136648987565,1.2652893765487685e-11,1.5714330692924306e-05,33.0
-1.2900346348045295,0.7127131412999811,1.2652893765487685e-11,1.5714330692924306e-05,34.0
-1.2900331804216638,0.7127125595817413,1.2652893765487685e-11,1.5714330692924306e-05,35.0
-1.2900317550112639,0.7127120941024299,1.868431867768979e-11,1.8961986836591143e-05,36.0
-1.2900302714813996,0.7127115705036543,1.868431867768979e-11,1.8961986836591143e-05,38.0
-1.290028875217998,0.7127110177578801,1.868431867768979e-11,1.8961986836591143e-05,39.0
-1.2900273916881337,0.7127106686920297,1.868431867768979e-11,1.8961986836591143e-05,41.0
-1.2900259954247322,0.7127102906537137,1.868431867768979e-11,1.8961986836591143e-05,42.0
-1.2900247736942558,0.7127098543214009,1.868431867768979e-11,1.8961986836591143e-05,44.0
-1.2900227374186175,0.7127091270427014,1.868431867768979e-11,1.8961986836591143e-05,47.0
-1.290021952020454,0.7127088360963152,3.1127787966637766e-11,2.580175347831786e-05,47.0
-1.2900208758504375,0.7127084870304647,3.1127787966637766e-11,2.580175347831786e-05,49.0
-1.2900205557570523,0.7127083707915366,3.1127787966637766e-11,2.580175347831786e-05,49.0
-1.2900179377631746,0.7127075270993761,3.1127787966637766e-11,2.580175347831786e-05,53.0
-1.2900170650985485,0.7127072363275228,4.180874086490516e-12,8.475043430857781e-06,53.0
-1.2900157561016097,0.7127067708482113,4.180874086490516e-12,8.475043430857781e-06,53.0
-1.2900109564461666,0.7127052873183471,4.180874086490516e-12,8.475043430857781e-06,60.0
-1.2900090657309877,0.7127047345725728,4.180874086490516e-12,8.475043430857781e-06,60.0
-1.2900072912547373,0.7127041237073347,4.112944402315557e-12,9.935324789576771e-06,61.0
-1.2900055169530198,0.712703483869631,4.550603479804709e-11,3.961691556968949e-05,62.0
-1.290003887862696,0.7127029311238569,4.550603479804709e-11,3.961691556968949e-05,64.0
-1.2900024334798301,0.7127024075250813,4.550603479804709e-11,3.961691556968949e-05,65.0
-1.2900011826023554,0.7127019130733042,4.550603479804709e-11,3.961691556968949e-05,66.0
-1.2900001064323385,0.7127013894745287,4.550603479804709e-11,3.961691556968949e-05,67.0
-1.2899995536865645,0.712701185794605,4.550603479804709e-11,3.961691556968949e-05,67.0
-1.2899953357493612,0.7126996731177422,4.550603479804709e-11,3.961691556968949e-05,65.0
-1.2899941140188846,0.7126992078129635,3.0888510983685927e-11,3.271748675921686e-05,65.0
-1.2899928922884085,0.7126988004531162,3.0888510983685927e-11,3.271748675921686e-05,63.0
-1.2899917578243945,0.7126983932678016,3.0888510983685927e-11,3.271748675921686e-05,62.0
-1.2899907978933058,0.7126979860824871,3.0888510983685927e-11,3.271748675921686e-05,63.0
-1.2899899543756783,0.7126976078696382,3.0888510983685927e-11,3.271748675921686e-05,63.0
-1.289988296312889,0.7126969970044001,3.0888510983685927e-11,3.271748675921686e-05,63.0
-1.2899873363818006,0.7126967060580137,3.0888510983685927e-11,3.271748675921686e-05,63.0
-1.2899862891842493,0.7126963569921634,3.0888510983685927e-11,3.271748675921686e-05,64.0
-1.2899852711336965,0.7126960951927757,3.0888510983685927e-11,3.271748675921686e-05,65.0
-1.2899841075226843,0.7126957171544596,3.0888510983685927e-11,3.271748675921686e-05,64.0
-1.289982885792208,0.7126953389416106,3.0888510983685927e-11,3.271748675921686e-05,64.0
-1.2899817221811956,0.7126949317562962,3.0888510983685927e-11,3.271748675921686e-05,65.0
-1.2899804131842567,0.7126945535434472,4.111116697179758e-12,1.003531379235975e-05,65.0
-1.2899789879483894,0.7126940880641358,4.111116697179758e-12,1.003531379235975e-05,62.0
-1.2899776789514505,0.7126936227593572,4.111116697179758e-12,1.003531379235975e-05,62.0
-1.2899764280739756,0.7126931572800457,4.111116697179758e-12,1.003531379235975e-05,60.0
-1.2899753808764243,0.7126928373611938,4.111116697179758e-12,1.003531379235975e-05,59.0
-1.2899745663312625,0.7126925464148074,4.111116697179758e-12,1.003531379235975e-05,59.0
-1.2899739554660241,0.7126922846154197,4.111116697179758e-12,1.003531379235975e-05,58.0
-1.2899710467002927,0.7126910920319419,4.111116697179758e-12,1.003531379235975e-05,53.0
-1.2899704939545187,0.7126909464714821,4.111116697179758e-12,1.003531379235975e-05,51.0
-1.2899694176099692,0.7126901610733188,4.111116697179758e-12,1.003531379235975e-05,50.0
-1.2899692430770437,0.7126897247410058,4.111116697179758e-12,1.003531379235975e-05,48.0
-1.2899693303435065,0.7126891138757675,4.111116697179758e-12,1.003531379235975e-05,48.0
-1.2899700867692043,0.7126878631728256,4.111116697179758e-12,1.003531379235975e-05,45.0
-1.2899704939545187,0.7126873104270516,4.111116697179758e-12,1.003531379235975e-05,45.0
-1.289970726606908,0.7126870777746622,4.111116697179758e-12,1.003531379235975e-05,44.0
-1.2899726174966195,0.7126834415556986,8.236398105112645e-12,1.2263054632180706e-05,41.0
-1.289973228361858,0.7126822198252222,8.236398105112645e-12,1.2263054632180706e-05,39.0
-1.28997389734656,0.7126809108282832,8.336769544692339e-12,1.2371491494868883e-05,37.0
-1.2899746827447236,0.7126796018313442,8.336769544692339e-12,1.2371491494868883e-05,36.0
-1.2899759625946638,0.7126770421314633,8.69499963042929e-12,1.2506277118826935e-05,35.0
-1.2899766898733633,0.7126757912539884,8.69499963042929e-12,1.2506277118826935e-05,33.0
-1.2899773588580659,0.7126745403765136,8.809535780087793e-12,1.2695477336474807e-05,33.0
-1.2899782898166885,0.7126734059124997,8.809535780087793e-12,1.2695477336474807e-05,32.0
-1.2899789296543924,0.7126722133290216,8.786537164295417e-12,1.2730805143031478e-05,29.0
-1.2899796277860933,0.7126711661314705,8.786537164295417e-12,1.2730805143031478e-05,29.0
-1.289980064118406,0.7126701480809179,8.786537164295417e-12,1.2730805143031478e-05,28.0
-1.2899805295977176,0.7126692462692934,8.786537164295417e-12,1.2730805143031478e-05,27.0
-1.2899809659300308,0.7126684608711299,8.786537164295417e-12,1.2730805143031478e-05,27.0
-1.2899812858488828,0.7126677918864276,8.786537164295417e-12,1.2730805143031478e-05,25.0
-1.2899814895288062,0.7126672682876521,8.786537164295417e-12,1.2730805143031478e-05,24.0
-1.2899828276727439,0.712664970212626,8.786537164295417e-12,1.2730805143031478e-05,19.0
-1.2900312022654896,0.7126366667317452,3.8673313763045306e-11,2.7590366367781268e-05,28.0
-1.29003155133134,0.7126359977470429,3.8673313763045306e-11,2.7590366367781268e-05,28.0
-1.290031929544189,0.712635619534194,3.8673313763045306e-11,2.7590366367781268e-05,28.0
-1.29003297674174,0.71263355428609,3.8673313763045306e-11,2.7590366367781268e-05,31.0
-1.290033296660592,0.7126329142738533,3.8673313763045306e-11,2.7590366367781268e-05,33.0
-1.290033732992905,0.7126322452891511,3.8673313763045306e-11,2.7590366367781268e-05,35.0
-1.2900342276192152,0.7126315180104518,3.8673313763045306e-11,2.7590366367781268e-05,36.0
-1.2900348093374547,0.7126306744928244,3.8673313763045306e-11,2.7590366367781268e-05,39.0
-1.2900364092807801,0.7126289000165738,3.8673313763045306e-11,2.7590366367781268e-05,40.0
-1.2900370491184838,0.7126278238465571,3.8673313763045306e-11,2.7590366367781268e-05,42.0
-1.2900378345166472,0.7126266310885462,3.8673313763045306e-11,2.7590366367781268e-05,44.0
-1.2900392307800488,0.712624274894056,3.8673313763045306e-11,2.7590366367781268e-05,45.0
-1.2900396962593603,0.7126233441099659,3.8673313763045306e-11,2.7590366367781268e-05,47.0
-1.290040219858136,0.7126226168312666,3.8673313763045306e-11,2.7590366367781268e-05,48.0
-1.2900406561904487,0.7126219769935629,9.861988966711712e-12,1.4828057370655487e-05,49.0
-1.2900410633757633,0.7126209587684773,9.861988966711712e-12,1.4828057370655487e-05,50.0
-1.290041586974539,0.7126182535081367,9.861988966711712e-12,1.4828057370655487e-05,52.0
-1.2900410633757633,0.7126179335892847,9.861988966711712e-12,1.4828057370655487e-05,52.0
-1.2900405397769878,0.7126177299093611,9.861988966711712e-12,1.4828057370655487e-05,53.0
-1.2900401907111374,0.7126175264039702,9.861988966711712e-12,1.4828057370655487e-05,52.0
-1.2900394344599726,0.7126170609246587,9.861988966711712e-12,1.4828057370655487e-05,51.0
-1.2900386782088078,0.7126167118588083,9.861988966711712e-12,1.4828057370655487e-05,49.0
-1.2900332093941294,0.7126147047301685,3.441384838265239e-11,2.725406772416172e-05,45.0
-1.290032423995966,0.7126143848113167,3.441384838265239e-11,2.725406772416172e-05,44.0
-1.290031871424725,0.7126141519843944,3.441384838265239e-11,2.725406772416172e-05,44.0
-1.2900296606161614,0.712613802918544,3.441384838265239e-11,2.725406772416172e-05,44.0
-1.2900283224722238,0.7126133376137654,3.441384838265239e-11,2.725406772416172e-05,42.0
-1.2900269553558208,0.7126127557209928,3.441384838265239e-11,2.725406772416172e-05,40.0
-1.2900254426789581,0.7126122031497518,3.441384838265239e-11,2.725406772416172e-05,40.0
-1.2900221557003777,0.7126110103917408,1.405580929256818e-11,1.7270076081658998e-05,39.0
-1.2900206721705134,0.7126104578204997,1.405580929256818e-11,1.7270076081658998e-05,39.0
-1.2900192467601135,0.7126098759277271,1.405580929256818e-11,1.7270076081658998e-05,39.0
-1.2900180541766355,0.71260938147595,1.405580929256818e-11,1.7270076081658998e-05,39.0
-1.290016919712622,0.7126089742906354,1.405580929256818e-11,1.7270076081658998e-05,39.0
-1.290015843368072,0.712608566930788,1.405580929256818e-11,1.7270076081658998e-05,38.0
-1.2900147671980553,0.7126082178649376,1.405580929256818e-11,1.7270076081658998e-05,37.0
-1.2900112765395513,0.7126071706673864,9.990994442557457e-12,1.4107227227549699e-05,36.0
-1.2900095601827648,0.7126065598021484,9.990994442557457e-12,1.4107227227549699e-05,37.0
-1.2900089784645252,0.712606327149759,9.990994442557457e-12,1.4107227227549699e-05,36.0
-1.290008484012748,0.7126061234698353,9.990994442557457e-12,1.4107227227549699e-05,35.0
-1.2900052841260976,0.7126051635387466,9.990994442557457e-12,1.4107227227549699e-05,35.0
-1.2900046151413953,0.7126048144728963,9.990994442557457e-12,1.4107227227549699e-05,35.0
-1.290002695279218,0.7126040582217315,2.656598979764163e-11,2.642488642463446e-05,36.0
-1.290001764495128,0.7126035637699543,2.656598979764163e-11,2.642488642463446e-05,37.0
-1.2900010953358927,0.7126031274376413,2.656598979764163e-11,2.642488642463446e-05,37.0
-1.2900007172975767,0.7126027200777939,2.656598979764163e-11,2.642488642463446e-05,38.0
-1.2900005427646517,0.7126024293059405,2.656598979764163e-11,2.642488642463446e-05,38.0
-1.2900020552669813,0.7126002184973771,2.656598979764163e-11,2.642488642463446e-05,38.0
-1.2900025207462928,0.7125995784851404,2.656598979764163e-11,2.642488642463446e-05,37.0
-1.29000301519807,0.7125989386474365,2.656598979764163e-11,2.642488642463446e-05,37.0
-1.2900034806773815,0.7125982405157357,2.656598979764163e-11,2.642488642463446e-05,37.0
-1.290004004276157,0.7125973968235754,2.656598979764163e-11,2.642488642463446e-05,37.0
-1.2900047315548562,0.7125962042400974,2.656598979764163e-11,2.642488642463446e-05,39.0
-1.2900052841260976,0.7125951861895448,2.656598979764163e-11,2.642488642463446e-05,39.0
-1.2900058368718716,0.7125941389919935,2.656598979764163e-11,2.642488642463446e-05,38.0
-1.290006564150571,0.7125928589675201,7.080192226192235e-11,3.5931016695820404e-05,39.0
-1.2900072622822718,0.7125916082645781,7.080192226192235e-11,3.5931016695820404e-05,37.0
-1.2900079021199757,0.7125904155065673,7.080192226192235e-11,3.5931016695820404e-05,37.0
-1.2900085712792106,0.7125892520700879,7.080192226192235e-11,3.5931016695820404e-05,37.0
-1.2900090657309877,0.7125884375249262,7.080192226192235e-11,3.5931016695820404e-05,37.0
-1.2900095312102993,0.7125876812737612,7.080192226192235e-11,3.5931016695820404e-05,37.0
-1.2900099675426124,0.7125868375816007,7.080192226192235e-11,3.5931016695820404e-05,37.0
-1.2900104328473907,0.7125861104774343,7.080192226192235e-11,3.5931016695820404e-05,35.0
-1.2900108402072383,0.7125851213993473,7.080192226192235e-11,3.5931016695820404e-05,35.0
-1.2900114219254781,0.7125839869353334,7.080192226192235e-11,3.5931016695820404e-05,34.0
-1.2900121200571788,0.7125829105907837,7.080192226192235e-11,3.5931016695820404e-05,34.0
-1.2900130218688033,0.712581834420767,7.080192226192235e-11,3.5931016695820404e-05,34.0
-1.290014214452281,0.7125806708097547,7.790468663938598e-11,3.8254129736954785e-05,34.0
-1.2900154943022217,0.7125793909598143,7.790468663938598e-11,3.8254129736954785e-05,37.0
-1.290017036126083,0.712578285468266,7.790468663938598e-11,3.8254129736954785e-05,36.0
-1.290018665041874,0.7125772092982492,7.790468663938598e-11,3.8254129736954785e-05,37.0
-1.290020206691202,0.7125760748342354,7.790468663938598e-11,3.8254129736954785e-05,39.0
-1.2900216902210664,0.7125749984896856,7.790468663938598e-11,3.8254129736954785e-05,39.0
-1.2900247155747917,0.7125729332415817,7.790468663938598e-11,3.8254129736954785e-05,39.0
-1.2900261408106588,0.7125720895494213,7.790468663938598e-11,3.8254129736954785e-05,39.0
-1.290027129888746,0.7125712751787924,7.790468663938598e-11,3.8254129736954785e-05,41.0
-1.2900287879515355,0.7125700243013176,7.790468663938598e-11,3.8254129736954785e-05,40.0
-1.2900295442027003,0.7125693261696168,7.790468663938598e-11,3.8254129736954785e-05,39.0
-1.2900303878948605,0.7125685988909173,9.32814693751303e-12,2.012975062293334e-05,38.0
-1.2900313478259493,0.7125678717867511,9.32814693751303e-12,2.012975062293334e-05,38.0
-1.2900325112624285,0.7125670572415891,9.32814693751303e-12,2.012975062293334e-05,37.0
-1.290035972948467,0.7125647010470988,9.32814693751303e-12,2.012975062293334e-05,38.0
-1.290039958058748,0.7125620830532209,9.32814693751303e-12,2.012975062293334e-05,31.0
-1.2900414997080765,0.7125612103885948,9.32814693751303e-12,2.012975062293334e-05,33.0
-1.290044408648341,0.7125594069398788,3.064268472654055e-11,4.128165325617262e-05,35.0
-1.2900457467922781,0.7125585632477184,3.064268472654055e-11,4.128165325617262e-05,35.0
-1.2900469974952204,0.7125576905830924,3.064268472654055e-11,4.128165325617262e-05,36.0
-1.2900482192256966,0.7125568762124634,3.064268472654055e-11,4.128165325617262e-05,35.0
-1.2900494701031715,0.7125561489337641,3.064268472654055e-11,4.128165325617262e-05,34.0
-1.2900507209806462,0.7125555089215273,3.064268472654055e-11,4.128165325617262e-05,35.0
-1.290052000830587,0.712554985322752,3.064268472654055e-11,4.128165325617262e-05,35.0
-1.2900532517080616,0.712554723523364,3.064268472654055e-11,4.128165325617262e-05,37.0
-1.2900544442915398,0.7125546362569014,3.064268472654055e-11,4.128165325617262e-05,37.0
-1.2900555787555534,0.712554723523364,3.064268472654055e-11,4.128165325617262e-05,38.0
-1.2900567132195673,0.7125549563502863,4.194338176540131e-11,2.7402907170510457e-05,38.0
-1.29005773127012,0.7125552762691382,4.194338176540131e-11,2.7402907170510457e-05,39.0
-1.2900586622287429,0.7125555380685259,4.194338176540131e-11,2.7402907170510457e-05,40.0
-1.290059476599372,0.7125557707209152,4.194338176540131e-11,2.7402907170510457e-05,40.0
-1.290060174731073,0.712555974400839,4.194338176540131e-11,2.7402907170510457e-05,42.0
-1.2900607566238456,0.7125562653472254,4.194338176540131e-11,2.7402907170510457e-05,43.0
-1.290061280222621,0.7125564398801504,4.194338176540131e-11,2.7402907170510457e-05,43.0
-1.290061716554934,0.7125566433855411,4.194338176540131e-11,2.7402907170510457e-05,43.0
-1.290062211006711,0.712556847065465,4.194338176540131e-11,2.7402907170510457e-05,44.0
-1.2902955034082384,0.7122514435933645,5.266682879289171e-11,3.056480283761545e-05,19.0
-1.2902933507191392,0.7122540032932453,5.266682879289171e-11,3.056480283761545e-05,20.0
-1.2902922745491223,0.7122554287036456,5.266682879289171e-11,3.056480283761545e-05,21.0
-1.2902911982045728,0.7122568541140456,5.266682879289171e-11,3.056480283761545e-05,20.0
-1.290290063740559,0.7122583084969114,5.266682879289171e-11,3.056480283761545e-05,20.0
-1.2902879112259924,0.7122612174371756,1.2897501553760057e-11,1.5267060825427358e-05,20.0
-1.2902868348814425,0.7122627590865038,1.2897501553760057e-11,1.5267060825427358e-05,17.0
-1.2902833442229387,0.712267675155408,2.0438153472171078e-11,2.0365344436816907e-05,18.0
-1.2902801734832867,0.7122717766791502,2.0438153472171078e-11,2.0365344436816907e-05,18.0
-1.2902793008186606,0.7122729984096265,2.0438153472171078e-11,2.0365344436816907e-05,18.0
-1.2902785737144944,0.7122741037266418,2.0438153472171078e-11,2.0365344436816907e-05,17.0
-1.290277904555259,0.7122751800711915,2.0438153472171078e-11,2.0365344436816907e-05,19.0
-1.2902772064235581,0.7122762272687427,2.0438153472171078e-11,2.0365344436816907e-05,20.0
-1.2902765665858544,0.7122771871998314,2.0438153472171078e-11,2.0365344436816907e-05,22.0
-1.2902759557206163,0.7122779434509963,2.0438153472171078e-11,2.0365344436816907e-05,22.0
-1.2902754610943061,0.7122785834632329,2.0438153472171078e-11,2.0365344436816907e-05,22.0
-1.2902747048431413,0.7122797468997124,2.0438153472171078e-11,2.0365344436816907e-05,22.0
-1.2902744138967548,0.7122802123790238,2.4740417599582205e-11,2.5045517579055632e-05,22.0
-1.2902738030315168,0.7122818412948148,2.4740417599582205e-11,2.5045517579055632e-05,22.0
-1.2902735122596634,0.7122822486546622,2.4740417599582205e-11,2.5045517579055632e-05,22.0
-1.2902728722474266,0.7122829757588286,2.4740417599582205e-11,2.5045517579055632e-05,22.0
-1.2902710977711762,0.7122848666485401,0.0,0.0,19.0
-1.2902698760406999,0.7122860592320182,0.0,0.0,21.0
-1.2902685670437608,0.7122871355765678,6.967118240097393e-11,5.7694589177245755e-05,20.0
-1.2902673453132845,0.7122879790941953,6.967118240097393e-11,5.7694589177245755e-05,21.0
-1.2902661527298067,0.7122887644923586,6.967118240097393e-11,5.7694589177245755e-05,21.0
-1.2902649018523318,0.7122894334770608,6.967118240097393e-11,5.7694589177245755e-05,21.0
-1.2902637092688538,0.7122901899027588,6.967118240097393e-11,5.7694589177245755e-05,21.0
-1.290262400271915,0.7122910042733877,6.967118240097393e-11,5.7694589177245755e-05,20.0
-1.2902611204219743,0.712291847965548,6.967118240097393e-11,5.7694589177245755e-05,22.0
-1.2902597241585727,0.7122927787496381,6.967118240097393e-11,5.7694589177245755e-05,22.0
-1.290258269601174,0.7122937386807268,6.967118240097393e-11,5.7694589177245755e-05,23.0
-1.2902567279518458,0.7122946113453528,6.967118240097393e-11,5.7694589177245755e-05,23.0
-1.2902550407420579,0.712295658542904,6.967118240097393e-11,5.7694589177245755e-05,23.0
-1.290251550083554,0.7122976075520798,2.2443602254716767e-11,2.674817498722626e-05,23.0
-1.2902497757818365,0.7122985091891713,2.2443602254716767e-11,2.674817498722626e-05,24.0
-1.2902480304525845,0.7122994110007957,2.2443602254716767e-11,2.674817498722626e-05,25.0
-1.2902462851233323,0.7123002836654219,2.2443602254716767e-11,2.674817498722626e-05,25.0
-1.2902427944648285,0.7123021162611364,1.8794453105755684e-10,6.87891456996672e-05,24.0
-1.2902409908415793,0.7123031343116891,1.8794453105755684e-10,6.87891456996672e-05,26.0
-1.2902391001264006,0.7123041233897761,4.149468030488374e-11,4.892832212264526e-05,25.0
-1.2902353768155075,0.7123058395720295,1.1056850794554572e-10,6.830822810750287e-05,25.0
-1.290233602339257,0.7123067413836542,1.1056850794554572e-10,6.830822810750287e-05,26.0
-1.2902317405965438,0.7123076721677444,1.1056850794554572e-10,6.830822810750287e-05,26.0
-1.290229791761901,0.7123086320988328,1.1056850794554572e-10,6.830822810750287e-05,27.0
-1.290225864771084,0.7123106975214697,2.078739734359672e-11,2.598888294182842e-05,26.0
-1.2902238866149096,0.7123117736914863,8.81561289765149e-11,4.068715904810689e-05,25.0
-1.290221995899731,0.7123128500360362,8.81561289765149e-11,4.068715904810689e-05,27.0
-1.2902201633040167,0.7123138391141232,8.81561289765149e-11,4.068715904810689e-05,27.0
-1.2902182725888378,0.7123147990452119,8.81561289765149e-11,4.068715904810689e-05,26.0
-1.2902164108461247,0.7123157589763005,8.81561289765149e-11,4.068715904810689e-05,26.0
-1.2902146073974088,0.7123166897603904,8.81561289765149e-11,4.068715904810689e-05,26.0
-1.2902130655735475,0.7123172133591661,5.125340396114812e-12,9.184797706936107e-06,26.0
-1.2902116984571446,0.7123178823438685,5.125340396114812e-12,9.184797706936107e-06,26.0
-1.2902106221125946,0.7123185515031036,5.125340396114812e-12,9.184797706936107e-06,25.0
-1.290209778594967,0.7123191332213433,5.125340396114812e-12,9.184797706936107e-06,25.0
-1.2902090804632664,0.7123195404066577,5.125340396114812e-12,9.184797706936107e-06,25.0
-1.2902084987450266,0.7123198022060456,5.125340396114812e-12,9.184797706936107e-06,25.0
-1.290208033265715,0.7123199767389707,5.125340396114812e-12,9.184797706936107e-06,26.0
-1.2902072770145503,0.712320093152432,5.125340396114812e-12,9.184797706936107e-06,26.0
-1.290205560657764,0.7123209366700595,5.125340396114812e-12,9.184797706936107e-06,26.0
-1.2902044844877472,0.7123215185628321,5.125340396114812e-12,9.184797706936107e-06,25.0
-1.2902034081431972,0.7123221294280702,5.125340396114812e-12,9.184797706936107e-06,26.0
-1.2901998593652295,0.7123239909962504,5.125340396114812e-12,9.184797706936107e-06,27.0
-1.2901985503682902,0.7123248346884108,5.125340396114812e-12,9.184797706936107e-06,27.0
-1.2901979976225162,0.7123251254602642,5.125340396114812e-12,9.184797706936107e-06,28.0
-1.2901958451079498,0.7123265508706642,7.031986519685124e-11,3.6167981915573225e-05,27.0
-1.2901928489012229,0.7123281797864551,7.031986519685124e-11,3.6167981915573225e-05,28.0
-1.290191772556673,0.7123287033852307,7.031986519685124e-11,3.6167981915573225e-05,28.0
-1.2901904927067327,0.7123293433974675,7.031986519685124e-11,3.6167981915573225e-05,26.0
-1.290189096443331,0.7123299542627056,7.031986519685124e-11,3.6167981915573225e-05,26.0
-1.2901815042610847,0.7123337358675959,7.031986519685124e-11,3.6167981915573225e-05,26.0
-1.2901799043177595,0.7123345793852235,4.180523776541607e-11,4.799497884981502e-05,26.0
-1.2901783626684313,0.7123353939303854,4.180523776541607e-11,4.799497884981502e-05,27.0
-1.2901768210191031,0.7123361793285488,4.180523776541607e-11,4.799497884981502e-05,26.0
-1.2901752791952417,0.7123369647267123,4.180523776541607e-11,4.799497884981502e-05,26.0
-1.290173766692912,0.712337720977877,4.180523776541607e-11,4.799497884981502e-05,26.0
-1.2901722540160494,0.712338419109578,2.15757472261827e-11,2.101092657210005e-05,26.0
-1.2901706540727238,0.7123391172412787,2.15757472261827e-11,2.101092657210005e-05,26.0
-1.290169083276397,0.7123398734924434,2.15757472261827e-11,2.101092657210005e-05,27.0
-1.2901674835076047,0.7123406007711428,2.15757472261827e-11,2.101092657210005e-05,28.0
-1.2901658835642795,0.7123414442887702,2.15757472261827e-11,2.101092657210005e-05,29.0
-1.2901643127679527,0.712342404219859,2.15757472261827e-11,2.101092657210005e-05,30.0
-1.2901627419716257,0.7123433060314834,2.15757472261827e-11,2.101092657210005e-05,31.0
-1.290159745764899,0.7123449640942728,2.15757472261827e-11,2.101092657210005e-05,29.0
-1.2901583495014974,0.7123457494924362,2.96793321352791e-11,3.0805885554430784e-05,27.0
-1.2901570115320926,0.7123464184771385,2.96793321352791e-11,3.0805885554430784e-05,28.0
-1.2901558479210806,0.7123470003699112,2.96793321352791e-11,3.0805885554430784e-05,29.0
-1.2901547134570666,0.7123475820881507,2.96793321352791e-11,3.0805885554430784e-05,29.0
-1.2901534917265904,0.7123481056869265,2.96793321352791e-11,3.0805885554430784e-05,31.0
-1.290151950077262,0.7123488038186271,2.96793321352791e-11,3.0805885554430784e-05,29.0
-1.29015020474801,0.7123495892167906,1.2224159978151666e-10,9.078900777639201e-05,30.0
-1.2901484302717596,0.7123504618814167,1.2224159978151666e-10,9.078900777639201e-05,30.0
-1.2901466849425076,0.7123513636930412,1.1988340402723945e-10,4.700908099827514e-05,30.0
-1.2901450560267167,0.7123522363576672,1.1988340402723945e-10,4.700908099827514e-05,28.0
-1.2901420017005258,0.7123538071539939,1.1988340402723945e-10,4.700908099827514e-05,29.0
-1.290140663556588,0.7123545052856947,1.1988340402723945e-10,4.700908099827514e-05,30.0
-1.290139558239573,0.7123551161509329,1.1988340402723945e-10,4.700908099827514e-05,30.0
-1.2901386272809499,0.71235561060271,1.1988340402723945e-10,4.700908099827514e-05,29.0
-1.2901379291492492,0.7123559596685605,9.811133087134525e-11,8.2161921077162e-05,28.0
-1.2901367946852353,0.7123565413868002,9.811133087134525e-11,8.2161921077162e-05,28.0
-1.2901363002334583,0.7123567450667239,9.811133087134525e-11,8.2161921077162e-05,28.0
-1.2901352821829055,0.7123573559319619,9.811133087134525e-11,8.2161921077162e-05,28.0
-1.2901346713176673,0.7123577049978124,9.811133087134525e-11,8.2161921077162e-05,27.0
-1.2901333623207283,0.7123583450100491,4.613796363563291e-11,3.2103621407611986e-05,28.0
-1.2901326641890276,0.7123585776624384,4.613796363563291e-11,3.2103621407611986e-05,27.0
-1.2901319077633298,0.7123587813423621,4.613796363563291e-11,3.2103621407611986e-05,27.0
-1.290130075167615,0.7123596540069882,4.613796363563291e-11,3.2103621407611986e-05,27.0
-1.2901279518000472,0.7123605556440796,4.613796363563291e-11,3.2103621407611986e-05,26.0
-1.2901268754554973,0.7123610792428552,4.613796363563291e-11,3.2103621407611986e-05,27.0
-1.2901256828720196,0.7123616319886293,4.613796363563291e-11,3.2103621407611986e-05,29.0
-1.2901245773804713,0.7123622428538676,4.613796363563291e-11,3.2103621407611986e-05,29.0
-1.2901235012104546,0.7123627955996417,4.613796363563291e-11,3.2103621407611986e-05,30.0
-1.2901223957189063,0.7123636099702708,4.613796363563291e-11,3.2103621407611986e-05,28.0
-1.2901212031354283,0.7123643663959685,4.613796363563291e-11,3.2103621407611986e-05,27.0
-1.2901200978184133,0.7123649189672097,2.4967205269701522e-11,2.5826367726030598e-05,28.0
-1.290118992326865,0.7123655881264448,2.4967205269701522e-11,2.5826367726030598e-05,28.0
-1.290118119662239,0.7123662279641487,2.4967205269701522e-11,2.5826367726030598e-05,26.0
-1.290112680169092,0.7123696605031886,1.1013305734419002e-10,4.5997448225992035e-05,26.0
-1.2901117783574676,0.7123702422214282,1.1013305734419002e-10,4.5997448225992035e-05,26.0
-1.290110760306915,0.7123708241142008,1.1013305734419002e-10,4.5997448225992035e-05,25.0
-1.2901085494983515,0.7123720748171428,1.1013305734419002e-10,4.5997448225992035e-05,24.0
-1.290107589567263,0.712372569443453,1.1013305734419002e-10,4.5997448225992035e-05,25.0
-1.2901068914355622,0.7123729766287673,1.1013305734419002e-10,4.5997448225992035e-05,27.0
-1.2901062805703238,0.7123733256946176,1.1013305734419002e-10,4.5997448225992035e-05,26.0
-1.2901056115856215,0.7123737328799322,1.1013305734419002e-10,4.5997448225992035e-05,25.0
-1.2901041280557572,0.7123746055445581,1.1013305734419002e-10,4.5997448225992035e-05,25.0
-1.2901033135105955,0.7123750710238698,2.6498973963939915e-11,2.4702306850875196e-05,22.0
-1.2901020626331205,0.7123757691555705,2.6498973963939915e-11,2.4702306850875196e-05,22.0
-1.2901016263008078,0.7123760309549583,2.6498973963939915e-11,2.4702306850875196e-05,23.0
-1.2901011899684947,0.7123763219013445,2.6498973963939915e-11,2.4702306850875196e-05,23.0
-1.2901006373972534,0.712376612673198,2.6498973963939915e-11,2.4702306850875196e-05,23.0
-1.2900990083069297,0.712377543631821,2.6498973963939915e-11,2.4702306850875196e-05,23.0
-1.2900979611093784,0.7123781544970593,2.6498973963939915e-11,2.4702306850875196e-05,23.0
-1.2900967685259006,0.7123787653622974,2.6498973963939915e-11,2.4702306850875196e-05,23.0
-1.2900955759424226,0.7123794634939982,2.6498973963939915e-11,2.4702306850875196e-05,24.0
-1.2900943831844118,0.712380161625699,1.2446302231602697e-10,5.092583981512297e-05,24.0
-1.2900931906009339,0.7123806852244745,1.2446302231602697e-10,5.092583981512297e-05,23.0
-1.2900909216729064,0.712382284993267,1.2446302231602697e-10,5.092583981512297e-05,24.0
-1.2900899036223537,0.7123830703914305,1.2446302231602697e-10,5.092583981512297e-05,25.0
-1.2900889145442667,0.7123837976701297,1.2446302231602697e-10,5.092583981512297e-05,25.0
-1.2900880418796405,0.7123844958018305,1.367730691775828e-10,4.889225932276398e-05,24.0
-1.290086151164462,0.7123861538646199,1.367730691775828e-10,4.889225932276398e-05,23.0
-1.2900856565381518,0.7123865320774688,1.367730691775828e-10,4.889225932276398e-05,23.0
-1.2900852493528372,0.7123868811433192,1.367730691775828e-10,4.889225932276398e-05,24.0
-1.2900848421675228,0.7123872591816351,1.367730691775828e-10,4.889225932276398e-05,24.0
-1.29008440583521,0.7123876665414824,1.367730691775828e-10,4.889225932276398e-05,24.0
-1.2900839403558984,0.7123880445797985,1.367730691775828e-10,4.889225932276398e-05,24.0
-1.2900835621430495,0.7123884227926476,1.367730691775828e-10,4.889225932276398e-05,24.0
-1.290083096838271,0.7123888591249605,1.367730691775828e-10,4.889225932276398e-05,25.0
-1.2900825149454982,0.7123894408432002,1.367730691775828e-10,4.889225932276398e-05,25.0
-1.2900816714278707,0.712390138974901,1.409423677995409e-10,6.515627313549878e-05,25.0
-1.2900806533773181,0.7123909243730645,1.409423677995409e-10,6.515627313549878e-05,26.0
-1.2900795770327684,0.7123917680652249,1.409423677995409e-10,6.515627313549878e-05,26.0
-1.2900785879546812,0.7123925243163896,1.409423677995409e-10,6.515627313549878e-05,27.0
-1.2900776571705912,0.7123931643286263,1.409423677995409e-10,6.515627313549878e-05,29.0
-1.2900754755090262,0.7123950550438052,1.409423677995409e-10,6.515627313549878e-05,27.0
-1.290074981057249,0.7123956950560418,1.409423677995409e-10,6.515627313549878e-05,28.0
-1.290074050098626,0.712396742253593,1.409423677995409e-10,6.515627313549878e-05,29.0
-1.290072857515148,0.7123985165553105,1.409423677995409e-10,6.515627313549878e-05,29.0
-1.2900721593834474,0.7123995347803962,1.409423677995409e-10,6.515627313549878e-05,29.0
-1.2900713739852838,0.7124003201785595,1.409423677995409e-10,6.515627313549878e-05,28.0
-1.2900705885871206,0.7124009600162634,1.409423677995409e-10,6.515627313549878e-05,27.0
-1.2900682323926305,0.7124025018401245,1.0576728048450011e-10,5.847670436825971e-05,28.0
-1.2900670687816183,0.712403170824827,1.0576728048450011e-10,5.847670436825971e-05,28.0
-1.2900651780664394,0.712404654354691,1.0576728048450011e-10,5.847670436825971e-05,26.0
-1.290064276254815,0.7124053524863918,1.0576728048450011e-10,5.847670436825971e-05,25.0
-1.2900635200036499,0.7124059924986286,1.0576728048450011e-10,5.847670436825971e-05,24.0
-1.2900627637524853,0.7124065450698698,1.0576728048450011e-10,5.847670436825971e-05,26.0
-1.2900620364737858,0.7124071269626422,1.0576728048450011e-10,5.847670436825971e-05,26.0
-1.2900610765426972,0.7124078832138072,1.0576728048450011e-10,5.847670436825971e-05,26.0
-1.2900601457586072,0.7124087850254317,2.2289526764209033e-10,6.782588971843724e-05,25.0
-1.2900593020664468,0.7124096285430591,2.2289526764209033e-10,6.782588971843724e-05,27.0
-1.290057789564117,0.7124106757406105,2.2289526764209033e-10,6.782588971843724e-05,28.0
-1.2900539498397625,0.7124140791326519,2.2289526764209033e-10,6.782588971843724e-05,28.0
-1.2900530771751364,0.7124148353838166,3.0432651014906483e-11,2.712931295938479e-05,27.0
-1.2900508955135714,0.7124163189136808,3.0432651014906483e-11,2.712931295938479e-05,28.0
-1.2900501973818708,0.7124169297789191,3.0432651014906483e-11,2.712931295938479e-05,28.0
-1.2900494992501699,0.7124176279106199,3.0432651014906483e-11,2.712931295938479e-05,29.0
-1.2900487719714706,0.712418297069855,3.0432651014906483e-11,2.712931295938479e-05,30.0
-1.2900481029867685,0.7124189079350933,3.0432651014906483e-11,2.712931295938479e-05,32.0
-1.290047521093996,0.7124194315338689,3.0432651014906483e-11,2.712931295938479e-05,32.0
-1.2900470557892172,0.7124199841051101,3.0432651014906483e-11,2.712931295938479e-05,31.0
-1.2900464157769806,0.7124206241173467,3.0432651014906483e-11,2.712931295938479e-05,32.0
-1.290045572259353,0.7124214967819729,3.0432651014906483e-11,2.712931295938479e-05,31.0
-1.2900446704477284,0.7124225148325255,3.0432651014906483e-11,2.712931295938479e-05,32.0
-1.2900426051996248,0.7124246675216249,5.43210536917315e-11,3.7671246811462326e-05,34.0
-1.2900415288550748,0.7124258019856388,5.43210536917315e-11,3.7671246811462326e-05,34.0
-1.290040510804522,0.7124269073026539,5.43210536917315e-11,3.7671246811462326e-05,34.0
-1.290039521726435,0.7124280417666677,5.43210536917315e-11,3.7671246811462326e-05,35.0
-1.290038590942345,0.7124291470836831,5.43210536917315e-11,3.7671246811462326e-05,35.0
-1.2900367583466303,0.7124312997727825,4.1039064031402725e-10,9.164621743294049e-05,35.0
-1.2900356528550823,0.7124324923562603,4.1039064031402725e-10,9.164621743294049e-05,34.0
-1.2900332676881265,0.7124351684696023,4.449820806549648e-11,2.8692425224628277e-05,36.0
-1.2900309987600989,0.71243793202394,4.449820806549648e-11,2.8692425224628277e-05,37.0
-1.2900299224155491,0.7124393282873416,4.449820806549648e-11,2.8692425224628277e-05,36.0
-1.2900288460709994,0.7124407245507433,4.449820806549648e-11,2.8692425224628277e-05,36.0
-1.2900277988734483,0.7124421497866105,4.449820806549648e-11,2.8692425224628277e-05,37.0
-1.2900267227034314,0.7124435751970106,2.6822020737905446e-11,2.2139128420014178e-05,39.0
-1.2900257917448086,0.7124449714604121,2.6822020737905446e-11,2.2139128420014178e-05,39.0
-1.2900248901077167,0.7124463968708122,2.6822020737905446e-11,2.2139128420014178e-05,39.0
-1.2900240755625552,0.7124478221066793,2.6822020737905446e-11,2.2139128420014178e-05,38.0
-1.2900223010863043,0.7124506729274795,2.6822020737905446e-11,2.2139128420014178e-05,41.0
-1.290021341155216,0.7124521273103452,7.837044667739213e-11,5.607047405174548e-05,43.0
-1.2900204395181243,0.7124536108402095,1.0372223143946299e-11,1.3510683657744664e-05,45.0
-1.2900184905089487,0.7124564614864768,1.0372223143946299e-11,1.3510683657744664e-05,47.0
-1.2900175014308615,0.7124578868968768,1.0372223143946299e-11,1.3510683657744664e-05,46.0
-1.2900164542333104,0.7124593412797425,4.326511675105656e-11,3.6822983709267866e-05,47.0
-1.2900154943022217,0.7124607666901427,4.326511675105656e-11,3.6822983709267866e-05,47.0
-1.2900145635181315,0.7124621629535444,4.326511675105656e-11,3.6822983709267866e-05,48.0
-1.2900137200005042,0.7124635010974817,4.326511675105656e-11,3.6822983709267866e-05,47.0
-1.2900128763083436,0.7124648390668862,4.326511675105656e-11,3.6822983709267866e-05,45.0
-1.2900119746712522,0.7124662644772864,4.326511675105656e-11,3.6822983709267866e-05,45.0
-1.290011043712629,0.712467660740688,3.458016949382257e-11,3.2704998362515127e-05,46.0
-1.2900100548090747,0.7124690278570911,3.458016949382257e-11,3.2704998362515127e-05,45.0
-1.2900091238504519,0.7124703951480271,3.458016949382257e-11,3.2704998362515127e-05,45.0
-1.2900082803328243,0.7124716458509691,3.458016949382257e-11,3.2704998362515127e-05,45.0
-1.2900076113481223,0.7124726349290562,3.458016949382257e-11,3.2704998362515127e-05,44.0
-1.290007058602348,0.7124734203272196,3.458016949382257e-11,3.2704998362515127e-05,45.0
-1.2900065931230364,0.7124740603394563,6.643401307922296e-11,5.060283380704367e-05,45.0
-1.2900064477371098,0.7124744383777722,6.643401307922296e-11,5.060283380704367e-05,45.0
-1.2900041788090821,0.7124764455064121,6.643401307922296e-11,5.060283380704367e-05,42.0
-1.290004062395621,0.7124765038004092,6.643401307922296e-11,5.060283380704367e-05,42.0
-1.290000571737117,0.7124785981955114,6.643401307922296e-11,5.060283380704367e-05,40.0
-1.2899992627401782,0.7124790926472886,6.643401307922296e-11,5.060283380704367e-05,36.0
-1.2899979247707736,0.7124795289796015,6.643401307922296e-11,5.060283380704367e-05,37.0
-1.2899967320127628,0.712479878045452,6.643401307922296e-11,5.060283380704367e-05,38.0
-1.28999571396221,0.7124800817253757,6.643401307922296e-11,5.060283380704367e-05,36.0
-1.2899942304323457,0.7124804016442275,4.573861019719616e-11,3.1703285644935186e-05,36.0
-1.2899935904201092,0.7124805180576886,4.573861019719616e-11,3.1703285644935186e-05,35.0
-1.2899929505824053,0.7124807215630795,4.573861019719616e-11,3.1703285644935186e-05,32.0
-1.2899922524507044,0.7124808960960046,4.573861019719616e-11,3.1703285644935186e-05,32.0
-1.2899913797860785,0.7124810997759283,4.573861019719616e-11,3.1703285644935186e-05,31.0
-1.2899903325885274,0.7124813034558521,4.573861019719616e-11,3.1703285644935186e-05,30.0
-1.2899890235915883,0.712481623374704,3.663435706549588e-11,2.6512789180063627e-05,30.0
-1.2899489682852552,0.7125151628433408,4.4757742105189325e-11,3.8152300992700284e-05,36.0
-1.2899483574200168,0.712516588079208,3.107737378315879e-11,2.8445567742740115e-05,35.0
-1.2899477755272444,0.7125180426366067,3.107737378315879e-11,2.8445567742740115e-05,33.0
-1.289947164662006,0.7125195261664709,3.107737378315879e-11,2.8445567742740115e-05,34.0
-1.289946495677304,0.7125209514023381,3.107737378315879e-11,2.8445567742740115e-05,33.0
-1.2899457683986044,0.712522318693274,3.107737378315879e-11,2.8445567742740115e-05,34.0
-1.2899449540279757,0.712523569396216,3.107737378315879e-11,2.8445567742740115e-05,35.0
-1.289944052216351,0.7125247330072283,3.107737378315879e-11,2.8445567742740115e-05,34.0
-1.2899419286742502,0.7125266528694054,3.107737378315879e-11,2.8445567742740115e-05,35.0
-1.289940677971308,0.7125277000669566,3.650230541353214e-11,3.2704814019274625e-05,36.0
-1.2899381472438927,0.7125301435279093,3.650230541353214e-11,3.2704814019274625e-05,37.0
-1.2899354709560178,0.7125326161358607,3.650230541353214e-11,3.2704814019274625e-05,40.0
-1.2899341329866132,0.7125338378663371,3.650230541353214e-11,3.2704814019274625e-05,37.0
-1.2899329112561366,0.7125350013028164,6.563622005956398e-11,5.708645195449899e-05,36.0
-1.2899318640585857,0.7125360776473662,6.563622005956398e-11,5.708645195449899e-05,39.0
-1.28992991504941,0.7125381428954701,6.563622005956398e-11,5.708645195449899e-05,42.0
-1.289928664171935,0.7125392192400198,6.563622005956398e-11,5.708645195449899e-05,43.0
-1.2899272097890693,0.7125402955845695,6.563622005956398e-11,5.708645195449899e-05,45.0
-1.28992555172628,0.7125414300485834,8.381624459599576e-11,5.6825322830694894e-05,45.0
-1.2899236899835669,0.7125426517790597,8.381624459599576e-11,5.6825322830694894e-05,42.0
-1.289921915681849,0.7125441061619254,8.381624459599576e-11,5.6825322830694894e-05,42.0
-1.2899200539391362,0.7125453278924018,4.0468424217965735e-11,2.656245645556491e-05,43.0
-1.2899180759574949,0.7125466077423422,4.0468424217965735e-11,2.656245645556491e-05,45.0
-1.2899161560953178,0.7125478877668157,4.0468424217965735e-11,2.656245645556491e-05,46.0
-1.2899123163709634,0.7125504474666967,1.493006128578926e-11,1.635958282063161e-05,44.0
-1.289910338214789,0.712551669197173,1.493006128578926e-11,1.635958282063161e-05,45.0
-1.2899083602331478,0.7125528909276494,1.493006128578926e-11,1.635958282063161e-05,43.0
-1.2899064403709704,0.7125541126581258,7.27830016528539e-11,7.015495451448135e-05,45.0
-1.2899030661259276,0.7125563815861533,2.2127409373458866e-11,2.5595929549729535e-05,46.0
-1.2899017571289888,0.7125573125447764,2.2127409373458866e-11,2.5595929549729535e-05,46.0
-1.289900680784439,0.7125581269154054,2.1198935477940816e-11,2.598133350022574e-05,47.0
-1.2898996044398894,0.7125588833411033,2.1198935477940816e-11,2.598133350022574e-05,48.0
-1.2898969864460113,0.7125601631910438,2.1198935477940816e-11,2.598133350022574e-05,48.0
-1.2898956774490722,0.7125607740562819,2.1198935477940816e-11,2.598133350022574e-05,46.0
-1.2898943684521333,0.7125615013349812,2.1198935477940816e-11,2.598133350022574e-05,43.0
-1.2898930886021927,0.7125623739996072,4.878752595789858e-12,9.836623280620067e-06,43.0
-1.2898918960187151,0.7125632756366989,4.878752595789858e-12,9.836623280620067e-06,47.0
-1.2898907324077025,0.7125642065953218,4.878752595789858e-12,9.836623280620067e-06,46.0
-1.2898894815302278,0.7125652246458745,4.878752595789858e-12,9.836623280620067e-06,47.0
-1.2898882597997514,0.7125662137239616,4.878752595789858e-12,9.836623280620067e-06,47.0
-1.2898872708961973,0.7125670572415891,4.878752595789858e-12,9.836623280620067e-06,47.0
-1.2898852054735603,0.7125685407714534,5.48768281762012e-12,9.576187389603053e-06,43.0
-1.2898839256236199,0.7125694715555434,5.48768281762012e-12,9.576187389603053e-06,44.0
-1.2898825002132197,0.7125706643135542,5.48768281762012e-12,9.576187389603053e-06,46.0
-1.2898808712974288,0.7125720314299574,5.48768281762012e-12,9.576187389603053e-06,48.0
-1.2898791259681768,0.7125734276933589,5.48768281762012e-12,9.576187389603053e-06,46.0
-1.2898775260248514,0.7125748239567605,1.7015319834416073e-11,2.211713419126192e-05,45.0
-1.2898759552285246,0.7125761910731635,1.7015319834416073e-11,2.211713419126192e-05,43.0
-1.2898746753785844,0.7125773255371773,1.7015319834416073e-11,2.211713419126192e-05,43.0
-1.2898737445944943,0.7125780236688781,1.7015319834416073e-11,2.211713419126192e-05,43.0
-1.289873075435259,0.7125785182951883,4.026676748758418e-11,3.5013183038640266e-05,42.0
-1.2898724645700208,0.7125790418939638,4.026676748758418e-11,3.5013183038640266e-05,42.0
-1.2898707775347658,0.712580467129831,4.026676748758418e-11,3.5013183038640266e-05,43.0
-1.2898694975102925,0.7125815143273821,4.026676748758418e-11,3.5013183038640266e-05,42.0
-1.2898681595408876,0.7125826779383944,4.026676748758418e-11,3.5013183038640266e-05,42.0
-1.2898671123433365,0.7125836378694831,4.026676748758418e-11,3.5013183038640266e-05,41.0
-1.2898664723310997,0.7125841906152571,8.290772314474638e-12,1.4420474891883116e-05,43.0
-1.2898660651457854,0.7125845105341091,8.290772314474638e-12,1.4420474891883116e-05,43.0
-1.2898658906128602,0.7125846269475702,3.304276537763301e-11,2.8745761018766203e-05,43.0
-1.2898649015347732,0.7125859940639733,3.304276537763301e-11,2.8745761018766203e-05,42.0
-1.2898640288701473,0.712586750315138,3.304276537763301e-11,2.8745761018766203e-05,42.0
-1.2898630689390587,0.7125875940072985,3.304276537763301e-11,2.8745761018766203e-05,43.0
-1.289859723666481,0.7125904446535658,3.304276537763301e-11,2.8745761018766203e-05,41.0
-1.289858501936005,0.7125915209981155,3.304276537763301e-11,2.8745761018766203e-05,42.0
-1.2898571348196017,0.7125926844345949,2.5498001123479777e-12,6.442566924453176e-06,43.0
-1.2898544876787252,0.712594982509621,2.5498001123479777e-12,6.442566924453176e-06,43.0
-1.2898530914153237,0.7125961461206334,2.5498001123479777e-12,6.442566924453176e-06,44.0
-1.2898516951519219,0.7125973095571126,2.5498001123479777e-12,6.442566924453176e-06,44.0
-1.289850328035519,0.7125985312875891,2.5498001123479777e-12,6.442566924453176e-06,44.0
-1.2898489317721173,0.7125997530180654,2.5498001123479777e-12,6.442566924453176e-06,46.0
-1.2898474482422533,0.7126009747485418,2.5498001123479777e-12,6.442566924453176e-06,45.0
-1.2898460228318531,0.7126022256260168,2.3119700618519015e-11,2.0614683152898284e-05,44.0
-1.2898445684489874,0.7126034473564932,2.3119700618519015e-11,2.0614683152898284e-05,43.0
-1.2898430849191231,0.712604639939971,2.3119700618519015e-11,2.0614683152898284e-05,42.0
-1.2898416305362574,0.7126058616704476,2.3119700618519015e-11,2.0614683152898284e-05,42.0
-1.2898389252759168,0.7126083342783988,2.3119700618519015e-11,2.0614683152898284e-05,39.0
-1.2898375871319794,0.7126095268618766,1.6317745943511658e-11,2.116917400641102e-05,40.0
-1.2898362200155764,0.7126107196198875,1.6317745943511658e-11,2.116917400641102e-05,38.0
-1.2898348237521748,0.7126119413503639,1.6317745943511658e-11,2.116917400641102e-05,36.0
-1.289832118491834,0.7126143556643181,3.4678103993984976e-11,3.088189966583149e-05,33.0
-1.2898308384673607,0.7126155482477962,3.4678103993984976e-11,3.088189966583149e-05,33.0
-1.2898278714076323,0.7126181953886725,6.408236660099855e-11,5.1161846782052294e-05,31.0
-1.289826824210081,0.7126191261727627,6.408236660099855e-11,5.1161846782052294e-05,30.0
-1.2898256897460674,0.7126201733703138,6.408236660099855e-11,5.1161846782052294e-05,31.0
-1.2898245552820535,0.7126213078343275,1.613975798455035e-10,0.00012529348819780343,31.0
-1.2898233045791114,0.7126225295648041,1.613975798455035e-10,0.00012529348819780343,31.0
-1.2898218791687113,0.7126236931758162,1.613975798455035e-10,0.00012529348819780343,33.0
-1.2898205120523083,0.7126249149062928,1.613975798455035e-10,0.00012529348819780343,32.0
-1.2898190866419081,0.7126261657837677,1.613975798455035e-10,0.00012529348819780343,33.0
-1.2898176612315082,0.7126274164867095,1.613975798455035e-10,0.00012529348819780343,32.0
-1.2898162941151052,0.7126285800977219,1.613975798455035e-10,0.00012529348819780343,30.0
-1.2898139670676134,0.712630499959899,4.807776736137311e-12,9.194656859240848e-06,27.0
-1.2898131525224517,0.7126311108251373,4.807776736137311e-12,9.194656859240848e-06,27.0
-1.2898125997766776,0.7126314890379862,4.807776736137311e-12,9.194656859240848e-06,28.0
-1.2898122217383614,0.712631692543377,4.807776736137311e-12,9.194656859240848e-06,28.0
-1.28981117454081,0.7126321580226884,4.807776736137311e-12,9.194656859240848e-06,28.0
-1.289810389142647,0.712632681621464,4.807776736137311e-12,9.194656859240848e-06,27.0
-1.2898094000645597,0.7126333216337007,4.807776736137311e-12,9.194656859240848e-06,26.0
-1.289808207481082,0.7126340778848658,3.0987207030665944e-12,7.61626826772999e-06,26.0
-1.2898069274566084,0.7126348341360305,3.0987207030665944e-12,7.61626826772999e-06,26.0
-1.289804280490265,0.7126362303994322,3.0987207030665944e-12,7.61626826772999e-06,26.0
-1.289758029265087,0.7127320489753667,0.0,0.0,2.0
-1.2897579709710898,0.7127334743857668,0.0,0.0,0.0
-1.289757767465699,0.7127350451820935,0.0,0.0,0.0
-1.2897570983064641,0.7127381576277486,0.0,0.0,0.0
-1.289756720268148,0.7127396703046114,0.0,0.0,0.0
-1.2897562547888364,0.712741066568013,0.0,0.0,0.0
-1.2897557893095248,0.712742491978413,0.0,0.0,0.0
-1.2897552657107494,0.7127438590948161,0.0,0.0,0.0
-1.2897541022742698,0.7127464770886941,0.0,0.0,1.0
-1.2897534331150347,0.712747727966169,0.0,0.0,1.0
-1.289752734983334,0.7127488624301829,0.0,0.0,1.0
-1.2897521532650944,0.7127497932142729,0.0,0.0,1.0
-1.2897517169327812,0.7127504913459737,0.0,0.0,1.0
-1.2897513970139292,0.7127510440917477,0.0,0.0,2.0
-1.2897509606816164,0.7127518294899112,0.0,0.0,2.0
-1.2897506697352301,0.7127521494087631,0.0,0.0,2.0
-1.2897503206693797,0.7127525857410761,0.0,0.0,2.0
-1.2897499716035292,0.7127531966063144,0.0,0.0,2.0
-1.2897495061242177,0.7127538655910166,0.0,0.0,2.0
-1.2897486334595918,0.7127548546691037,0.0,0.0,2.0
-1.2897476154090388,0.712756018280116,0.0,0.0,2.0
-1.2897455210139366,0.7127584617410687,0.0,0.0,2.0
-1.2897445902298466,0.7127597707380078,0.0,0.0,2.0
-1.2897436011517596,0.7127611087074123,0.0,0.0,2.0
-1.2897425248072099,0.7127624759983484,0.0,0.0,2.0
-1.289740343145645,0.712765239378153,0.0,0.0,3.0
-1.2897391505621667,0.7127666064945561,0.0,0.0,3.0
-1.2897379288316904,0.7127680027579578,0.0,0.0,3.0
-1.2897367652206784,0.7127693990213593,0.0,0.0,4.0
-1.289734467320185,0.7127723371086222,3.080017193152338e-11,2.377052959467828e-05,4.0
-1.2897334490950993,0.7127737333720237,3.080017193152338e-11,2.377052959467828e-05,4.0
-1.2897324891640107,0.7127751004884268,3.080017193152338e-11,2.377052959467828e-05,4.0
-1.2897315292329221,0.7127764386323643,3.080017193152338e-11,2.377052959467828e-05,4.0
-1.2897306275958307,0.7127777184823048,3.080017193152338e-11,2.377052959467828e-05,4.0
-1.2897299294641298,0.7127789693597797,3.080017193152338e-11,2.377052959467828e-05,4.0
-1.289729173038432,0.7127801619432576,3.080017193152338e-11,2.377052959467828e-05,4.0
-1.2897283876402685,0.712781383673734,3.080017193152338e-11,2.377052959467828e-05,4.0
-1.2897276605361023,0.7127826054042105,3.080017193152338e-11,2.377052959467828e-05,4.0
-1.2897269624044017,0.7127838562816853,3.080017193152338e-11,2.377052959467828e-05,4.0
-1.2897254788745374,0.7127862997426381,3.080017193152338e-11,2.377052959467828e-05,4.0
-1.289724751595838,0.7127874631791176,7.365801519318617e-12,1.1774140102025217e-05,4.0
-1.2897239370506761,0.7127886559371283,7.365801519318617e-12,1.1774140102025217e-05,4.0
-1.2897230935330486,0.7127898776676046,7.365801519318617e-12,1.1774140102025217e-05,3.0
-1.2897213482037964,0.71279240839502,7.365801519318617e-12,1.1774140102025217e-05,3.0
-1.2897204463921719,0.7127936882449605,7.365801519318617e-12,1.1774140102025217e-05,2.0
-1.2897196028745446,0.712794968094901,7.365801519318617e-12,1.1774140102025217e-05,2.0
-1.289718875595845,0.71279627709184,7.365801519318617e-12,1.1774140102025217e-05,2.0
-1.289718323024604,0.712797586088779,7.365801519318617e-12,1.1774140102025217e-05,2.0
-1.2897177411318315,0.7127989533797151,7.365801519318617e-12,1.1774140102025217e-05,2.0
-1.2897170140276648,0.7128003204961181,7.365801519318617e-12,1.1774140102025217e-05,2.0
-1.2897161413630391,0.7128017167595198,7.365801519318617e-12,1.1774140102025217e-05,2.0
-1.2897152686984132,0.7128031130229213,7.365801519318617e-12,1.1774140102025217e-05,4.0
-1.2897135814886251,0.7128059928161872,7.365801519318617e-12,1.1774140102025217e-05,5.0
-1.2897128252374603,0.7128073599325903,7.365801519318617e-12,1.1774140102025217e-05,7.0
-1.2897122143722222,0.7128087561959917,0.0,0.0,7.0
-1.2897114579465243,0.7128102107533903,0.0,0.0,8.0
-1.2897096544978082,0.7128130613996576,0.0,0.0,13.0
-1.289708781833182,0.7128143122771327,0.0,0.0,13.0
-1.2897080545544828,0.7128153594746839,0.0,0.0,14.0
-1.289707414716779,0.7128161738453127,0.0,0.0,14.0
-1.2897068328240064,0.7128168430045481,0.0,0.0,16.0
-1.2897063383722294,0.7128173955757892,0.0,0.0,16.0
-1.289705931186915,0.7128178319081022,0.0,0.0,16.0
-1.2897056402405285,0.7128181520014869,0.0,0.0,16.0
-1.2897040985912003,0.7128197809172779,0.0,0.0,18.0
-1.2897037784978156,0.7128201299831283,0.0,0.0,18.0
-1.2897034585789635,0.7128204790489788,0.0,0.0,18.0
-1.2897031676325774,0.7128208572618275,0.0,0.0,19.0
-1.2897028768607242,0.712821206327678,0.0,0.0,19.0
-1.289702120435026,0.7128218461653818,1.497605851851629e-11,1.5891150685241344e-05,21.0
-1.2897018877826367,0.7128221079647695,1.497605851851629e-11,1.5891150685241344e-05,21.0
-1.2897002005728488,0.7128236497886308,1.497605851851629e-11,1.5891150685241344e-05,21.0
-1.2896989498699072,0.7128249587855697,1.497605851851629e-11,1.5891150685241344e-05,23.0
-1.2896983098576704,0.7128255696508079,1.497605851851629e-11,1.5891150685241344e-05,23.0
-1.2896976698454337,0.7128262386355102,1.497605851851629e-11,1.5891150685241344e-05,24.0
-1.2896970300077297,0.712826936767211,1.497605851851629e-11,1.5891150685241344e-05,25.0
-1.2896963899954932,0.7128275767794477,1.497605851851629e-11,1.5891150685241344e-05,25.0
-1.2896957791302548,0.7128282166171515,1.497605851851629e-11,1.5891150685241344e-05,25.0
-1.289695197412015,0.7128287112434616,1.497605851851629e-11,1.5891150685241344e-05,25.0
-1.289694150214464,0.7128290603093118,1.497605851851629e-11,1.5891150685241344e-05,26.0
-1.2896936266156882,0.7128290311623134,1.497605851851629e-11,1.5891150685241344e-05,26.0
-1.2896931319893783,0.7128288566293881,1.497605851851629e-11,1.5891150685241344e-05,26.0
-1.2896925502711387,0.7128285367105365,6.700669383030775e-11,5.667493743456908e-05,26.0
-1.2896919394059005,0.7128281584976873,6.700669383030775e-11,5.667493743456908e-05,25.0
-1.289691095888273,0.7128276640459105,6.700669383030775e-11,5.667493743456908e-05,25.0
-1.2896891468790972,0.7128264423154339,6.700669383030775e-11,5.667493743456908e-05,27.0
-1.2896880705345477,0.7128257150367346,6.700669383030775e-11,5.667493743456908e-05,28.0
-1.289686907098068,0.7128249004915728,6.700669383030775e-11,5.667493743456908e-05,26.0
-1.2896856270735948,0.7128240569739452,6.700669383030775e-11,5.667493743456908e-05,27.0
-1.2896842599571918,0.7128231843093192,6.700669383030775e-11,5.667493743456908e-05,28.0
-1.289680391085839,0.7128205663154413,7.464802180517807e-12,1.3042011081535042e-05,29.0
-1.2896790239694356,0.7128197809172779,7.464802180517807e-12,1.3042011081535042e-05,29.0
-1.2896777441194953,0.7128190536385786,7.464802180517807e-12,1.3042011081535042e-05,30.0
-1.2896765513614845,0.7128184138008749,7.464802180517807e-12,1.3042011081535042e-05,30.0
-1.2896755041639332,0.7128178029356366,7.593655349217148e-12,1.3943122627845356e-05,31.0
-1.2896745442328446,0.7128172210428639,7.593655349217148e-12,1.3943122627845356e-05,31.0
-1.2896729153170536,0.7128162321393098,7.593655349217148e-12,1.3943122627845356e-05,33.0
-1.2896723335988143,0.7128158247794624,7.593655349217148e-12,1.3943122627845356e-05,33.0
-1.2896719262389666,0.712815592127073,7.593655349217148e-12,1.3943122627845356e-05,33.0
-1.2896686101133878,0.7128141958636715,7.402050992305087e-12,1.2414806414564347e-05,34.0
-1.2896681156616105,0.7128138176508225,7.402050992305087e-12,1.2414806414564347e-05,34.0
-1.2896668939311344,0.7128129741331951,7.402050992305087e-12,1.2414806414564347e-05,34.0
-1.2896663703323585,0.7128126542143431,7.402050992305087e-12,1.2414806414564347e-05,34.0
-1.2896659340000458,0.7128123924149554,7.402050992305087e-12,1.2414806414564347e-05,34.0
-1.2896654395482685,0.7128120723215706,7.402050992305087e-12,1.2414806414564347e-05,34.0
-1.289664915949493,0.7128117232557203,7.402050992305087e-12,1.2414806414564347e-05,35.0
-1.2896642759372563,0.7128113452174042,1.2833379586591336e-11,1.6950408275777788e-05,35.0
-1.289662675993931,0.7128109088850911,1.2833379586591336e-11,1.6950408275777788e-05,35.0
-1.2896617743568395,0.7128110834180165,1.2833379586591336e-11,1.6950408275777788e-05,36.0
-1.289660988958676,0.7128115778697935,1.2833379586591336e-11,1.6950408275777788e-05,37.0
-1.2896603197994407,0.7128121887350316,1.2833379586591336e-11,1.6950408275777788e-05,38.0
-1.2896596508147387,0.7128128287472684,1.2833379586591336e-11,1.6950408275777788e-05,38.0
-1.2896588945635736,0.7128134977319707,1.2833379586591336e-11,1.6950408275777788e-05,38.0
-1.2896581091654105,0.712814108597209,1.2833379586591336e-11,1.6950408275777788e-05,38.0
-1.289657381886711,0.712814661342983,4.529204106338425e-12,8.782241985508107e-06,38.0
-1.2896567129020087,0.7128151849417587,4.529204106338425e-12,8.782241985508107e-06,38.0
-1.2896561601562349,0.7128156502465373,4.529204106338425e-12,8.782241985508107e-06,39.0
-1.2896557819433856,0.7128161157258488,4.529204106338425e-12,8.782241985508107e-06,39.0
-1.2896553747580712,0.7128165520581616,4.529204106338425e-12,8.782241985508107e-06,39.0
-1.2896550548392194,0.7128171920703983,4.529204106338425e-12,8.782241985508107e-06,39.0
-1.289654647479372,0.7128177156691741,4.529204106338425e-12,8.782241985508107e-06,39.0
-1.289653716695282,0.7128185010673374,9.34505320407188e-12,1.3532178807302832e-05,39.0
-1.2896532222435046,0.7128190246661129,9.34505320407188e-12,1.3532178807302832e-05,39.0
-1.2896526694977306,0.7128196355313512,9.34505320407188e-12,1.3532178807302832e-05,39.0
-1.2896521750459533,0.7128203626355175,9.34505320407188e-12,1.3532178807302832e-05,39.0
-1.2896516514471779,0.7128219044593789,9.34505320407188e-12,1.3532178807302832e-05,40.0
-1.2896520586324924,0.7128226607105437,9.34505320407188e-12,1.3532178807302832e-05,41.0
-1.2896529894165825,0.7128233879892429,2.8395978946951e-11,3.0771561002446545e-05,41.0
-1.2896542984135213,0.7128241150934094,4.672039214102005e-11,4.733157220654199e-05,39.0
-1.28965575297092,0.7128248423721086,4.672039214102005e-11,4.733157220654199e-05,39.0
-1.2896572946202485,0.7128255696508079,4.672039214102005e-11,4.733157220654199e-05,39.0
-1.2896586036171873,0.7128266168483591,3.2329046755585896e-12,7.809009504733618e-06,38.0
-1.289659999880589,0.7128275476324493,3.2329046755585896e-12,7.809009504733618e-06,39.0
-1.2896613380245265,0.7128285367105365,3.2329046755585896e-12,7.809009504733618e-06,38.0
-1.2896642178177922,0.7128304855451792,9.972565089169566e-12,1.2996997479105162e-05,40.0
-1.2896654976677329,0.71283118367688,9.972565089169566e-12,1.2996997479105162e-05,40.0
-1.289666661278745,0.7128318818085807,9.972565089169566e-12,1.2996997479105162e-05,41.0
-1.2896677957427587,0.7128326382342786,9.972565089169566e-12,1.2996997479105162e-05,43.0
-1.289670588269562,0.7128342671500695,2.1445980204933868e-11,2.271669358284961e-05,43.0
-1.289672013505429,0.712835168961694,2.1445980204933868e-11,2.271669358284961e-05,44.0
-1.2896733807963652,0.7128360705987854,2.1445980204933868e-11,2.271669358284961e-05,46.0
-1.2896746897933045,0.7128369142909459,2.1445980204933868e-11,2.271669358284961e-05,44.0
-1.2896772494931852,0.7128386304731994,2.183573819328191e-11,2.138543494373547e-05,42.0
-1.289678820289512,0.7128396195512865,2.183573819328191e-11,2.138543494373547e-05,42.0
-1.2896799257810603,0.7128405211883782,2.183573819328191e-11,2.138543494373547e-05,41.0
-1.289680885712149,0.7128412484670774,2.183573819328191e-11,2.138543494373547e-05,40.0
-1.2896812637504649,0.7128415102664651,2.183573819328191e-11,2.138543494373547e-05,40.0
-1.2896817000827778,0.7128421211317034,2.183573819328191e-11,2.138543494373547e-05,39.0
-1.2896817292297764,0.7128426155834805,2.183573819328191e-11,2.138543494373547e-05,39.0
-1.2896815255498526,0.7128432847427157,2.183573819328191e-11,2.138543494373547e-05,38.0
-1.2896810310980755,0.7128438956079539,2.183573819328191e-11,2.138543494373547e-05,38.0
-1.2896804202328371,0.7128445937396547,2.183573819328191e-11,2.138543494373547e-05,40.0
-1.2896797221011365,0.7128453499908196,2.183573819328191e-11,2.138543494373547e-05,41.0
-1.2896789658499714,0.7128461062419845,9.651802945807525e-12,1.2969549182882618e-05,42.0
-1.2896782966907363,0.7128468335206838,9.651802945807525e-12,1.2969549182882618e-05,42.0
-1.2896777149724967,0.7128474152389234,9.651802945807525e-12,1.2969549182882618e-05,42.0
-1.289677336759648,0.7128478515712364,9.651802945807525e-12,1.2969549182882618e-05,42.0
-1.2896770168407958,0.7128482297840854,9.651802945807525e-12,1.2969549182882618e-05,42.0
-1.2896767258944095,0.7128485788499358,9.651802945807525e-12,1.2969549182882618e-05,43.0
-1.2896762895620966,0.7128489860352503,9.651802945807525e-12,1.2969549182882618e-05,44.0
-1.2896756786968584,0.7128495387810244,9.651802945807525e-12,1.2969549182882618e-05,44.0
-1.2896748060322323,0.7128503241791877,9.651802945807525e-12,1.2969549182882618e-05,44.0
-1.2896724208652768,0.7128526222542138,9.651802945807525e-12,1.2969549182882618e-05,45.0
-1.2896710535743408,0.7128539021041544,9.651802945807525e-12,1.2969549182882618e-05,45.0
-1.2896696864579376,0.7128550657151667,9.651802945807525e-12,1.2969549182882618e-05,47.0
-1.2896685228469251,0.7128559092327941,3.2701136939455405e-11,3.164152877657731e-05,46.0
-1.2896676793292978,0.7128564619785682,3.2701136939455405e-11,3.164152877657731e-05,45.0
-1.2896659340000458,0.7128577126815102,3.2701136939455405e-11,3.164152877657731e-05,44.0
-1.2896661957994338,0.712858352693747,3.2701136939455405e-11,3.164152877657731e-05,44.0
-1.2896668358116703,0.712858847145524,3.2701136939455405e-11,3.164152877657731e-05,45.0
-1.289667737448762,0.7128593998912981,3.2701136939455405e-11,3.164152877657731e-05,45.0
-1.2896698028713987,0.7128607088882372,2.832028152009607e-12,7.85676144500851e-06,46.0
-1.289670908188414,0.7128614361669365,2.832028152009607e-12,7.85676144500851e-06,43.0
-1.2896738171286783,0.7128630942297257,2.7810351956662106e-11,2.36926431754496e-05,39.0
-1.2896754168974707,0.7128640250138158,2.7810351956662106e-11,2.36926431754496e-05,37.0
-1.2896769876937975,0.7128648976784419,2.7810351956662106e-11,2.36926431754496e-05,35.0
-1.2896782677182708,0.7128657122236038,2.7810351956662106e-11,2.36926431754496e-05,35.0
-1.289680623912761,0.7128672247259338,1.3509477949912066e-11,1.5446897426230917e-05,32.0
-1.289682805574326,0.7128687955222605,1.3509477949912066e-11,1.5446897426230917e-05,30.0
-1.2896845798760435,0.712869580920424,1.3509477949912066e-11,1.5446897426230917e-05,30.0
-1.2896883323339354,0.7128710063308238,3.005675311875001e-11,2.256935105542543e-05,27.0
-1.2896899031302622,0.7128716463430605,3.005675311875001e-11,2.256935105542543e-05,26.0
-1.2896911540077372,0.7128722280613004,3.005675311875001e-11,2.256935105542543e-05,26.0
-1.2896920847918272,0.7128726935406118,3.005675311875001e-11,2.256935105542543e-05,26.0
-1.2896928412175248,0.7128728389265385,3.005675311875001e-11,2.256935105542543e-05,26.0
-1.2896933065223035,0.7128727808070745,3.005675311875001e-11,2.256935105542543e-05,25.0
-1.289693772001615,0.7128724898606881,3.005675311875001e-11,2.256935105542543e-05,25.0
-1.28969452825278,0.7128718789954498,3.005675311875001e-11,2.256935105542543e-05,24.0
-1.2896954300644043,0.7128710354778224,3.005675311875001e-11,2.256935105542543e-05,24.0
-1.289697582578971,0.71286894108272,2.960576703006465e-11,2.3712439100078485e-05,22.0
-1.2896986589235206,0.7128678355911718,2.960576703006465e-11,2.3712439100078485e-05,21.0
-1.2896997352680704,0.712866701127158,2.960576703006465e-11,2.3712439100078485e-05,21.0
-1.2897027604472628,0.7128636759479655,2.960576703006465e-11,2.3712439100078485e-05,19.0
-1.2897031676325774,0.7128632396156525,2.960576703006465e-11,2.3712439100078485e-05,20.0
-1.289703487725962,0.712862774136341,2.960576703006465e-11,2.3712439100078485e-05,20.0
-1.2897037495253498,0.7128622215650998,2.960576703006465e-11,2.3712439100078485e-05,20.0
-1.2897040113247378,0.7128616688193257,2.960576703006465e-11,2.3712439100078485e-05,19.0
-1.2897043893630538,0.7128612616340113,2.960576703006465e-11,2.3712439100078485e-05,19.0
-1.2897049129618292,0.7128609706876249,2.960576703006465e-11,2.3712439100078485e-05,19.0
-1.2897063964916933,0.7128607961546998,2.960576703006465e-11,2.3712439100078485e-05,18.0
-1.2897073564227821,0.7128607670077012,2.50180763781628e-11,2.877120838640158e-05,17.0
-1.2897085200337945,0.7128608253016983,2.50180763781628e-11,2.877120838640158e-05,17.0
-1.2897099454441945,0.7128610871010861,2.50180763781628e-11,2.877120838640158e-05,17.0
-1.2897115743599854,0.712861290606477,2.50180763781628e-11,2.877120838640158e-05,13.0
-1.2897173630935155,0.7128618142052525,0.0,0.0,11.0
-1.2897195447550804,0.7128619887381777,0.0,0.0,14.0
-1.289721813683108,0.7128620470321746,0.0,0.0,16.0
-1.2897299003171312,0.7128625414839517,0.0,0.0,13.0
-1.289731471113458,0.7128627451638754,0.0,0.0,13.0
-1.2897328382298614,0.7128629196968006,0.0,0.0,13.0
-1.2897341182543347,0.7128630942297257,0.0,0.0,12.0
-1.289735398104275,0.7128632396156525,0.0,0.0,12.0
-1.289736707101214,0.7128633560291137,0.0,0.0,11.0
-1.289738016098153,0.7128634722680418,0.0,0.0,11.0
-1.2897392378286294,0.7128635595345044,0.0,0.0,11.0
-1.2897411868378053,0.712863646800967,0.0,0.0,12.0
-1.2897417685560448,0.712863646800967,0.0,0.0,12.0
-1.2897446192023123,0.7128638796278892,4.808690589087907e-12,9.056032717873932e-06,12.0
-1.2897457828133245,0.7128639377473535,4.808690589087907e-12,9.056032717873932e-06,13.0
-1.2897472082237247,0.7128639668943517,5.860382230268045e-12,1.0064326951558785e-05,13.0
-1.2897487207260543,0.7128641122802786,5.860382230268045e-12,1.0064326951558785e-05,13.0
-1.2897501461364544,0.7128643449326678,5.860382230268045e-12,1.0064326951558785e-05,13.0
-1.2897513387199324,0.7128645777595902,5.860382230268045e-12,1.0064326951558785e-05,13.0
-1.2897534041425693,0.7128652758912908,5.860382230268045e-12,1.0064326951558785e-05,14.0
-1.2897539567138105,0.7128655085436801,5.860382230268045e-12,1.0064326951558785e-05,14.0
-1.289758029265087,0.7128629486692661,5.860382230268045e-12,1.0064326951558785e-05,16.0
-1.289756516588224,0.7128603017029227,1.3445203674376193e-11,2.1209034191884492e-05,15.0
-1.2897578837046275,0.7128583818407453,1.3445203674376193e-11,2.1209034191884492e-05,15.0
-1.2897584364504016,0.7128568110444186,1.3445203674376193e-11,2.1209034191884492e-05,15.0
-1.28975939638149,0.7128551529816294,1.3445203674376193e-11,2.1209034191884492e-05,15.0
-1.289760443579041,0.7128534657718414,1.3445203674376193e-11,2.1209034191884492e-05,16.0
-1.289761519923591,0.7128516623231254,1.3445203674376193e-11,2.1209034191884492e-05,16.0
-1.2897625379741435,0.7128499169938733,1.3445203674376193e-11,2.1209034191884492e-05,17.0
-1.2897634397857682,0.7128481133706241,8.564014139796862e-12,1.2539987186620623e-05,16.0
-1.2897652140874858,0.712844390059731,8.564014139796862e-12,1.2539987186620623e-05,15.0
-1.2897661450461089,0.7128424701975539,8.564014139796862e-12,1.2539987186620623e-05,14.0
-1.289767075830199,0.7128406667488377,8.564014139796862e-12,1.2539987186620623e-05,14.0
-1.2897679484948246,0.7128389795390497,8.564014139796862e-12,1.2539987186620623e-05,14.0
-1.2897687920124523,0.7128372633567963,8.564014139796862e-12,1.2539987186620623e-05,14.0
-1.2897696357046127,0.7128355761470083,3.046752970926443e-11,2.709417260276705e-05,13.0
-1.2897704500752416,0.7128338599647549,3.046752970926443e-11,2.709417260276705e-05,14.0
-1.2897713227398677,0.7128322019019655,3.046752970926443e-11,2.709417260276705e-05,13.0
-1.289772108138031,0.7128305438391761,3.046752970926443e-11,2.709417260276705e-05,13.0
-1.289773533548431,0.7128274022465226,3.046752970926443e-11,2.709417260276705e-05,14.0
-1.2897742025331336,0.7128259187166583,3.046752970926443e-11,2.709417260276705e-05,14.0
-1.2897748425453701,0.7128246386921849,3.046752970926443e-11,2.709417260276705e-05,14.0
-1.2897753661441458,0.7128235625221682,2.442452933598871e-10,7.014166785010163e-05,14.0
-1.2897757733294604,0.7128227479770063,2.442452933598871e-10,7.014166785010163e-05,14.0
-1.2897760642758465,0.7128222243782307,2.442452933598871e-10,7.014166785010163e-05,14.0
-1.289776238808772,0.7128218753123802,2.442452933598871e-10,7.014166785010163e-05,14.0
-1.2897766751410846,0.7128214970995315,2.442452933598871e-10,7.014166785010163e-05,14.0
-1.2897770533539337,0.7128209445282901,2.442452933598871e-10,7.014166785010163e-05,14.0
-1.2897778096050987,0.7128196936508153,2.442452933598871e-10,7.014166785010163e-05,13.0
-1.2897781878179475,0.7128189663721161,2.442452933598871e-10,7.014166785010163e-05,13.0
-1.2897787114167232,0.7128182101209511,2.442452933598871e-10,7.014166785010163e-05,14.0
-1.2897792350154986,0.7128173666033236,2.442452933598871e-10,7.014166785010163e-05,14.0
-1.2897798748532023,0.7128163483782379,2.442452933598871e-10,7.014166785010163e-05,14.0
-1.2897806312789002,0.7128152430612228,2.442452933598871e-10,7.014166785010163e-05,15.0
-1.2897814166770636,0.712814108597209,1.3395916575782333e-10,4.698144500399428e-05,13.0
-1.289782260194691,0.7128130032801937,1.3395916575782333e-10,4.698144500399428e-05,13.0
-1.289783074739853,0.7128119560826425,1.3395916575782333e-10,4.698144500399428e-05,14.0
-1.289785256401418,0.7128103852863157,2.442452933598871e-10,7.014166785010163e-05,15.0
-1.2897860707720468,0.7128103269923186,2.442452933598871e-10,7.014166785010163e-05,17.0
-1.2897871471165967,0.7128107343521659,2.442452933598871e-10,7.014166785010163e-05,17.0
-1.2897885433799983,0.712811170684479,2.442452933598871e-10,7.014166785010163e-05,17.0
-1.2897902595622517,0.712811665136256,2.442452933598871e-10,7.014166785010163e-05,19.0
-1.2897938374872184,0.7128128868667324,1.7559168544878417e-10,6.345397890266875e-05,20.0
-1.2897954955500077,0.7128134396125065,1.7559168544878417e-10,6.345397890266875e-05,20.0
-1.2897969209604079,0.7128138759448196,1.7559168544878417e-10,6.345397890266875e-05,19.0
-1.2897978808914965,0.712814166716673,1.7559168544878417e-10,6.345397890266875e-05,19.0
-1.2897984626097363,0.7128143703965967,1.7559168544878417e-10,6.345397890266875e-05,19.0
-1.2898001206725254,0.7128150976752959,1.7559168544878417e-10,6.345397890266875e-05,20.0
-1.2898026224274755,0.7128156502465373,2.1773855165089742e-10,6.741240514240451e-05,21.0
-1.2898043677567275,0.7128160284593861,2.1773855165089742e-10,6.741240514240451e-05,21.0
-1.289807887387697,0.7128171048039358,2.1773855165089742e-10,6.741240514240451e-05,21.0
-1.2898095454504863,0.7128177156691741,2.1089669209302535e-10,6.61411250908164e-05,21.0
-1.2898109127414223,0.7128182392679496,5.301409265147904e-12,1.0003742052986368e-05,20.0
-1.2898125997766776,0.7128189082526519,5.301409265147904e-12,1.0003742052986368e-05,18.0
-1.2898129779895262,0.7128191991990381,5.301409265147904e-12,1.0003742052986368e-05,18.0
-1.2898129488425276,0.7128192573185023,5.301409265147904e-12,1.0003742052986368e-05,18.0
-1.289814432372392,0.7128198681837403,5.301409265147904e-12,1.0003742052986368e-05,18.0
-1.289815363331015,0.7128200427166658,5.301409265147904e-12,1.0003742052986368e-05,18.0
-1.2898163813815675,0.7128198681837403,5.301409265147904e-12,1.0003742052986368e-05,17.0
-1.2898173994321203,0.712819344584965,5.301409265147904e-12,1.0003742052986368e-05,18.0
-1.2898182139772822,0.712818530039803,5.301409265147904e-12,1.0003742052986368e-05,21.0
-1.2898189412559815,0.7128173666033236,5.301409265147904e-12,1.0003742052986368e-05,19.0
-1.2898196975071463,0.7128161157258488,3.824471705420442e-12,8.645652858375453e-06,20.0
-1.2898204247858458,0.7128148067289097,3.824471705420442e-12,8.645652858375453e-06,21.0
-1.2898211810370106,0.7128134396125065,3.824471705420442e-12,8.645652858375453e-06,22.0
-1.2898220245546381,0.7128120142021064,3.824471705420442e-12,8.645652858375453e-06,22.0
-1.2898228682467985,0.7128105598192409,2.1089669209302535e-10,6.61411250908164e-05,21.0
-1.2898236826174274,0.7128091052618422,1.651163493161627e-11,1.703290695237168e-05,20.0
-1.2898252825607528,0.7128062837625734,1.651163493161627e-11,1.703290695237168e-05,19.0
-1.2898259806924537,0.712805062032097,1.651163493161627e-11,1.703290695237168e-05,20.0
-1.2898279586740948,0.7128016003460587,1.651163493161627e-11,1.703290695237168e-05,20.0
-1.2898286568057957,0.7128004658820447,1.651163493161627e-11,1.703290695237168e-05,20.0
-1.2898292968180323,0.7127995059509563,1.651163493161627e-11,1.703290695237168e-05,20.0
-1.2898319439589088,0.7127965680382263,1.0313736599284876e-11,1.415625655214043e-05,22.0
-1.2898325548241472,0.7127956953736003,1.0313736599284876e-11,1.415625655214043e-05,22.0
-1.2898332819283134,0.7127945317625881,1.0313736599284876e-11,1.415625655214043e-05,24.0
-1.2898341545929395,0.7127931937931834,1.0313736599284876e-11,1.415625655214043e-05,24.0
-1.2898350564045642,0.7127916519693224,1.0313736599284876e-11,1.415625655214043e-05,24.0
-1.2898359871886542,0.7127900811729955,1.0313736599284876e-11,1.415625655214043e-05,23.0
-1.28983685985328,0.7127885395236673,1.0313736599284876e-11,1.415625655214043e-05,24.0
-1.2898376743984419,0.712787055993803,1.0313736599284876e-11,1.415625655214043e-05,28.0
-1.2898384597966053,0.7127856305834028,1.0313736599284876e-11,1.415625655214043e-05,28.0
-1.2898391870753048,0.7127842634669999,3.234260223773113e-11,2.619462250880597e-05,28.0
-1.2898397979405427,0.7127830708835219,4.046537804330198e-12,9.018417863349897e-06,28.0
-1.2898409324045568,0.7127810346078837,4.046537804330198e-12,9.018417863349897e-06,28.0
-1.2898414560033322,0.7127799874103323,4.046537804330198e-12,9.018417863349897e-06,29.0
-1.2898418923356454,0.712778765679856,4.046537804330198e-12,9.018417863349897e-06,30.0
-1.2898423576404239,0.7127774858299154,4.046537804330198e-12,9.018417863349897e-06,30.0
-1.2898428522667338,0.7127762058054421,4.046537804330198e-12,9.018417863349897e-06,30.0
-1.2898433758655097,0.7127749840749658,4.046537804330198e-12,9.018417863349897e-06,29.0
-1.2898443066495997,0.7127728315603993,4.046537804330198e-12,9.018417863349897e-06,28.0
-1.289844335796598,0.7127718424823122,4.046537804330198e-12,9.018417863349897e-06,28.0
-1.2898438411702882,0.7127708825512236,3.577564055796029e-11,3.659563463304692e-05,28.0
-1.2898428231197354,0.7127701554470571,3.577564055796029e-11,3.659563463304692e-05,28.0
-1.2898414268563336,0.7127695445818191,3.577564055796029e-11,3.659563463304692e-05,27.0
-1.2898399141794712,0.7127689626890462,3.577564055796029e-11,3.659563463304692e-05,29.0
-1.2898384597966053,0.7127684101178052,3.577564055796029e-11,3.659563463304692e-05,30.0
-1.2898370054137398,0.712767799252567,3.577564055796029e-11,3.659563463304692e-05,31.0
-1.289834358272863,0.7127666064945561,7.10952688406642e-11,7.166342831296887e-05,32.0
-1.289833252955848,0.7127660247763165,7.10952688406642e-11,7.166342831296887e-05,32.0
-1.2898324675576847,0.7127656175910021,7.10952688406642e-11,7.166342831296887e-05,32.0
-1.289830256749121,0.7127645703934508,7.10952688406642e-11,7.166342831296887e-05,31.0
-1.289827755168704,0.7127634649019026,7.10952688406642e-11,7.166342831296887e-05,30.0
-1.2898264751442308,0.7127628831836628,7.10952688406642e-11,7.166342831296887e-05,31.0
-1.2898251371748262,0.7127622141989606,7.10952688406642e-11,7.166342831296887e-05,31.0
-1.2898237990308885,0.7127615450397253,7.10952688406642e-11,7.166342831296887e-05,30.0
-1.2898223736204886,0.712760817935559,2.4494895959523797e-11,2.026351912089581e-05,30.0
-1.2898208028241618,0.7127601487763239,2.4494895959523797e-11,2.026351912089581e-05,30.0
-1.2898191739083709,0.7127594506446229,2.4494895959523797e-11,2.026351912089581e-05,30.0
-1.2898175158455814,0.7127588108069192,2.4494895959523797e-11,2.026351912089581e-05,30.0
-1.289815799663328,0.7127580835282199,2.4494895959523797e-11,2.026351912089581e-05,27.0
-1.289813996040079,0.7127573562495205,2.4494895959523797e-11,2.026351912089581e-05,26.0
-1.2898122798578255,0.7127566581178199,2.4494895959523797e-11,2.026351912089581e-05,25.0
-1.2898106509420346,0.712755959986119,1.220114613218982e-11,1.5930405128563273e-05,24.0
-1.2898091674121706,0.7127553201484153,1.220114613218982e-11,1.5930405128563273e-05,24.0
-1.2898078001212345,0.71275465098918,2.6722563150310407e-11,2.9482000461521426e-05,24.0
-1.2898052112743548,0.7127532838727769,4.444078768153468e-11,4.9636697795901394e-05,21.0
-1.2898040476633423,0.7127527021545372,4.444078768153468e-11,4.9636697795901394e-05,21.0
-1.289803087732254,0.7127522075282272,4.444078768153468e-11,4.9636697795901394e-05,21.0
-1.289802331481089,0.7127518584623769,4.444078768153468e-11,4.9636697795901394e-05,21.0
-1.2897982008103486,0.712750229546586,4.444078768153468e-11,4.9636697795901394e-05,20.0
-1.2897952047781542,0.7127490659355735,4.444078768153468e-11,4.9636697795901394e-05,20.0
-1.289793808514753,0.7127484260978698,4.444078768153468e-11,4.9636697795901394e-05,20.0
-1.289791743092116,0.7127471171009307,4.444078768153468e-11,4.9636697795901394e-05,16.0
-1.2897902887092505,0.712745488010607,0.0,0.0,15.0
-1.289789561430551,0.7127443826935919,0.0,0.0,14.0
-1.2897888051793862,0.7127430736966528,0.0,0.0,14.0
-1.2897871762635953,0.712740310316848,0.0,0.0,14.0
-1.2897864198378974,0.7127389721729105,0.0,0.0,14.0
-1.289785518200806,0.7127375467625103,0.0,0.0,13.0
-1.2897843545897933,0.7127362087931058,0.0,0.0,14.0
-1.2897831328593172,0.7127348706491683,0.0,0.0,11.0
-1.289781707448917,0.712733532505231,0.0,0.0,11.0
-1.2897784785898008,0.7127313799906644,0.0,0.0,9.0
-1.2897765878746221,0.712730711005962,0.0,0.0,10.0
-1.2897745515989838,0.7127302163796521,0.0,0.0,8.0
-1.289770304689315,0.7127296638084109,0.0,0.0,6.0
-1.2897683848271377,0.7127294020090231,0.0,0.0,6.0
-1.289766494111959,0.7127292274760979,0.0,0.0,7.0
-1.2897648069021712,0.7127292855955619,0.0,0.0,6.0
-1.2897616071900535,0.7127293728620246,0.0,0.0,6.0
-1.2897610835912778,0.7127289073827132,0.0,0.0,7.0
-1.2897603563125786,0.7127263476828319,0.0,0.0,9.0
-1.2897602398991177,0.7127251549248212,0.0,0.0,11.0
-1.289760094513191,0.7127238750748808,0.0,0.0,12.0
-1.2897599780997298,0.7127225660779418,0.0,0.0,16.0
-1.2897599491272642,0.7127211406675416,0.0,0.0,18.0
-1.289759890833267,0.7127197735511386,0.0,0.0,19.0
-1.2897597454473404,0.712718493701198,0.0,0.0,20.0
-1.28975939638149,0.7127171847042592,0.0,0.0,21.0
-1.2897589019297129,0.7127158465603216,0.0,0.0,21.0
-1.289758523716864,0.7127145084163841,0.0,0.0,23.0
-1.2897577964381648,0.7127117158895809,0.0,0.0,25.0
-1.2897573601058516,0.7127102323597166,0.0,0.0,26.0
-1.289756778387612,0.7127087198573869,0.0,0.0,26.0
-1.2897560802559114,0.7127073235939853,5.059268878217381e-11,4.9719805620289246e-05,26.0
-1.289755294857748,0.7127058690365868,5.059268878217381e-11,4.9719805620289246e-05,26.0
-1.2897544221931219,0.7127043855067225,5.059268878217381e-11,4.9719805620289246e-05,29.0
-1.2897534041425693,0.7127029311238569,5.059268878217381e-11,4.9719805620289246e-05,29.0
-1.2897523859174835,0.7127015348604553,5.059268878217381e-11,4.9719805620289246e-05,31.0
-1.289751367866931,0.7127001677440521,5.059268878217381e-11,4.9719805620289246e-05,32.0
-1.2897503787888438,0.7126988587471133,5.059268878217381e-11,4.9719805620289246e-05,33.0
-1.2897495061242177,0.7126976659891024,5.059268878217381e-11,4.9719805620289246e-05,33.0
-1.289748807992517,0.7126967352050124,5.059268878217381e-11,4.9719805620289246e-05,33.0
-1.2897481681548133,0.7126959206598504,5.059268878217381e-11,4.9719805620289246e-05,33.0
-1.2897475281425765,0.7126951062892213,5.059268878217381e-11,4.9719805620289246e-05,34.0
-1.289746684624949,0.7126941172111343,5.194640859897811e-12,1.0825519637783361e-05,35.0
-1.2897457828133245,0.712692953600122,5.194640859897811e-12,1.0825519637783361e-05,37.0
-1.2897447647627718,0.7126917610166441,5.194640859897811e-12,1.0825519637783361e-05,40.0
-1.2897437756846846,0.7126905974056318,5.194640859897811e-12,1.0825519637783361e-05,41.0
-1.2897427866065976,0.7126894048221539,5.194640859897811e-12,1.0825519637783361e-05,42.0
-1.2897408667444203,0.712687165041125,5.7701393200489234e-11,4.031094414361458e-05,46.0
-1.28973993596033,0.7126860305771111,5.7701393200489234e-11,4.031094414361458e-05,46.0
-1.2897382197780767,0.7126840234484713,5.7701393200489234e-11,4.031094414361458e-05,46.0
-1.2897371725805258,0.7126825980380712,5.7701393200489234e-11,4.031094414361458e-05,49.0
-1.2897369397536034,0.7126822198252222,5.7701393200489234e-11,4.031094414361458e-05,48.0
-1.289736968900602,0.7126802418435809,5.7701393200489234e-11,4.031094414361458e-05,51.0
-1.289737463352379,0.7126796890978069,5.7701393200489234e-11,4.031094414361458e-05,53.0
-1.2897383070445394,0.7126791365265656,5.7701393200489234e-11,4.031094414361458e-05,53.0
-1.289739383214556,0.7126785837807915,5.7701393200489234e-11,4.031094414361458e-05,52.0
-1.2897406049450326,0.7126780310350175,5.7701393200489234e-11,4.031094414361458e-05,53.0
-1.2897419722359689,0.7126774201697791,5.7701393200489234e-11,4.031094414361458e-05,53.0
-1.2897433974718358,0.712676809304541,5.7701393200489234e-11,4.031094414361458e-05,53.0
-1.2897463936785627,0.7126753840686739,5.7701393200489234e-11,4.031094414361458e-05,49.0
-1.2897479644748895,0.7126745986705104,2.212086009843987e-11,2.1716355108201816e-05,50.0
-1.2897494771517524,0.7126737260058844,2.212086009843987e-11,2.1716355108201816e-05,50.0
-1.2897509606816164,0.7126729406077211,5.662289522540116e-11,5.654695691050982e-05,49.0
-1.2897525314779432,0.7126721552095576,5.662289522540116e-11,5.654695691050982e-05,49.0
-1.2897541022742698,0.7126713115173972,5.662289522540116e-11,5.654695691050982e-05,46.0
-1.2897556147765996,0.712670584413231,5.662289522540116e-11,5.654695691050982e-05,46.0
-1.2897568656540748,0.7126700316674568,5.662289522540116e-11,5.654695691050982e-05,46.0
-1.2897579128516257,0.7126696826016065,5.662289522540116e-11,5.654695691050982e-05,46.0
-1.2897587563692532,0.7126695080686812,5.662289522540116e-11,5.654695691050982e-05,46.0
-1.289760094513191,0.7126691590028307,5.662289522540116e-11,5.654695691050982e-05,43.0
-1.2897604727260397,0.7126690425893697,5.662289522540116e-11,5.654695691050982e-05,43.0
-1.2897613743631313,0.7126685481375926,5.662289522540116e-11,5.654695691050982e-05,43.0
-1.2897621597612947,0.712668140952278,8.665284200929273e-11,5.062292871270637e-05,42.0
-1.2897630907199176,0.7126675882065039,8.665284200929273e-11,5.062292871270637e-05,41.0
-1.2897641668899344,0.7126669192218016,8.665284200929273e-11,5.062292871270637e-05,40.0
-1.2897664358179621,0.7126652611590123,5.098077137340827e-12,1.0514011807358517e-05,35.0
-1.2897675994289746,0.7126643593473877,5.098077137340827e-12,1.0514011807358517e-05,35.0
-1.2897688503064493,0.7126634866827618,5.098077137340827e-12,1.0514011807358517e-05,35.0
-1.2897712937674022,0.7126616832340457,5.098077137340827e-12,1.0514011807358517e-05,33.0
-1.2897725736173427,0.7126607522754227,5.098077137340827e-12,1.0514011807358517e-05,32.0
-1.2897739407337456,0.7126597633718685,5.098077137340827e-12,1.0514011807358517e-05,32.0
-1.2897766170216205,0.7126576106827691,2.4887700123330055e-11,3.2274794402399625e-05,31.0
-1.2897781005514848,0.712656563485218,2.4887700123330055e-11,3.2274794402399625e-05,30.0
-1.289779467667888,0.7126557199675906,2.4887700123330055e-11,3.2274794402399625e-05,30.0
-1.2897820275423018,0.7126538582248774,2.4887700123330055e-11,3.2274794402399625e-05,32.0
-1.2897832492727783,0.7126528982937888,2.4887700123330055e-11,3.2274794402399625e-05,29.0
-1.2897845582697172,0.7126518221237719,2.4887700123330055e-11,3.2274794402399625e-05,27.0
-1.2897861290660442,0.7126506585127595,2.4887700123330055e-11,3.2274794402399625e-05,27.0
-1.289791190520875,0.7126470224683288,0.0,0.0,28.0
-1.289792790289667,0.7126456843243915,0.0,0.0,28.0
-1.2897945066464536,0.7126444917409136,0.0,0.0,28.0
-1.289796164709243,0.7126434153963639,3.0987207030665944e-12,7.61626826772999e-06,27.0
-1.2897977355055699,0.7126425427317378,3.0987207030665944e-12,7.61626826772999e-06,29.0
-1.2897990445025087,0.7126419899859638,3.0987207030665944e-12,7.61626826772999e-06,28.0
-1.2898002662329853,0.7126416409201133,3.0987207030665944e-12,7.61626826772999e-06,28.0
-1.2898015460829257,0.7126414374147226,3.0987207030665944e-12,7.61626826772999e-06,27.0
-1.2898026224274755,0.7126413210012614,3.0987207030665944e-12,7.61626826772999e-06,27.0
-1.2898033495316417,0.7126411756153347,3.0987207030665944e-12,7.61626826772999e-06,26.0
-1.2898062293249077,0.7126413791207256,3.0987207030665944e-12,7.61626826772999e-06,25.0
-1.2898073056694572,0.7126414374147226,3.0987207030665944e-12,7.61626826772999e-06,24.0
-1.2898084401334713,0.7126414663871881,3.0987207030665944e-12,7.61626826772999e-06,25.0
-1.289809632716949,0.7126415246811851,3.0987207030665944e-12,7.61626826772999e-06,24.0
-1.2898125708042119,0.7126418737470357,3.0987207030665944e-12,7.61626826772999e-06,25.0
-1.2898141997200026,0.7126422517853515,3.0987207030665944e-12,7.61626826772999e-06,26.0
-1.2898158869297907,0.712642659145199,4.02993615561112e-12,9.30573005826385e-06,26.0
-1.289817486698583,0.7126430954775118,4.02993615561112e-12,9.30573005826385e-06,29.0
-1.2898206574382352,0.712644026261602,4.02993615561112e-12,9.30573005826385e-06,30.0
-1.2898223155010244,0.7126445207133792,4.02993615561112e-12,9.30573005826385e-06,30.0
-1.289823973563814,0.7126451026061517,4.02993615561112e-12,9.30573005826385e-06,29.0
-1.2898256024796046,0.7126456843243915,4.02993615561112e-12,9.30573005826385e-06,26.0
-1.2898272315699284,0.7126462660426311,4.02993615561112e-12,9.30573005826385e-06,28.0
-1.289828773219257,0.7126468187884052,4.054351241343509e-11,3.457237202202808e-05,28.0
-1.2898301694826584,0.7126474296536436,4.054351241343509e-11,3.457237202202808e-05,29.0
-1.2898314493325989,0.7126479823994175,4.054351241343509e-11,3.457237202202808e-05,30.0
-1.2898340964734754,0.7126490585694343,4.054351241343509e-11,3.457237202202808e-05,27.0
-1.2898356091503382,0.7126495531957444,4.054351241343509e-11,3.457237202202808e-05,27.0
-1.2898372089191303,0.7126500476475215,4.054351241343509e-11,3.457237202202808e-05,27.0
-1.2898437539038254,0.7126524911084742,9.68150314446966e-12,1.4035413640025615e-05,24.0
-1.2898451501672272,0.7126529855602513,9.68150314446966e-12,1.4035413640025615e-05,23.0
-1.2898464301917005,0.7126535383060255,9.68150314446966e-12,1.4035413640025615e-05,26.0
-1.2898477681611051,0.7126540910517994,9.68150314446966e-12,1.4035413640025615e-05,27.0
-1.2898492516909694,0.7126546146505752,9.68150314446966e-12,1.4035413640025615e-05,25.0
-1.2898507935148305,0.7126551091023521,9.68150314446966e-12,1.4035413640025615e-05,25.0
-1.2898522770446945,0.7126555745816637,9.68150314446966e-12,1.4035413640025615e-05,24.0
-1.2898535860416338,0.7126560109139766,9.68150314446966e-12,1.4035413640025615e-05,22.0
-1.2898546040921863,0.7126563599798272,9.68150314446966e-12,1.4035413640025615e-05,22.0
-1.2898561457415145,0.7126569416980667,9.68150314446966e-12,1.4035413640025615e-05,24.0
-1.289856756606753,0.7126572907639173,9.68150314446966e-12,1.4035413640025615e-05,24.0
-1.289857047553139,0.7126578435096914,9.68150314446966e-12,1.4035413640025615e-05,24.0
-1.2898569311396781,0.7126590069461707,9.68150314446966e-12,1.4035413640025615e-05,23.0
-1.2898560295025865,0.7126604032095722,9.68150314446966e-12,1.4035413640025615e-05,24.0
-1.289855418637348,0.7126612177547342,9.68150314446966e-12,1.4035413640025615e-05,24.0
-1.2898547494781132,0.7126621776858227,9.68150314446966e-12,1.4035413640025615e-05,26.0
-1.2898533823617098,0.712664155667464,9.68150314446966e-12,1.4035413640025615e-05,27.0
-1.2898525969635466,0.7126652320120137,9.68150314446966e-12,1.4035413640025615e-05,28.0
-1.2898510842866837,0.7126674136735788,5.568406433763599e-11,3.928231995372842e-05,28.0
-1.289850386154983,0.712668518990594,5.568406433763599e-11,3.928231995372842e-05,29.0
-1.2898497463172793,0.7126695372156797,5.568406433763599e-11,3.928231995372842e-05,30.0
-1.2898491644245067,0.7126703226138431,5.568406433763599e-11,3.928231995372842e-05,31.0
-1.2898487280921935,0.7126709624515469,5.568406433763599e-11,3.928231995372842e-05,32.0
-1.2898482917598806,0.7126716024637836,5.568406433763599e-11,3.928231995372842e-05,33.0
-1.289847884574566,0.7126722133290216,1.1635319275268892e-11,1.5502381500919632e-05,33.0
-1.2898474482422533,0.7126728533412584,1.1635319275268892e-11,1.5502381500919632e-05,34.0
-1.2898469246434774,0.7126735804454248,1.1635319275268892e-11,1.5502381500919632e-05,34.0
-1.289846401044702,0.7126743949905868,1.1635319275268892e-11,1.5502381500919632e-05,34.0
-1.289845906592925,0.7126752385082142,1.1635319275268892e-11,1.5502381500919632e-05,35.0
-1.2898441902361384,0.7126777402631641,1.4696115109003762e-11,1.7043212622856803e-05,38.0
-1.2898434631319722,0.7126786419002556,1.4696115109003762e-11,1.7043212622856803e-05,39.0
-1.289842590467346,0.7126795728588786,1.4696115109003762e-11,1.7043212622856803e-05,39.0
-1.2898409324045568,0.7126815799875185,1.4696115109003762e-11,1.7043212622856803e-05,39.0
-1.2898390415148453,0.7126844306337857,1.4696115109003762e-11,1.7043212622856803e-05,39.0
-1.2898386343295307,0.7126849833795599,1.323258071249002e-12,4.7593967290432055e-06,39.0
-1.2898383433831444,0.7126854486843385,1.323258071249002e-12,4.7593967290432055e-06,39.0
-1.2898380234642923,0.7126859141636498,1.323258071249002e-12,4.7593967290432055e-06,39.0
-1.2898376452514433,0.7126864958818896,1.323258071249002e-12,4.7593967290432055e-06,39.0
-1.289837179946665,0.712687165041125,1.323258071249002e-12,4.7593967290432055e-06,39.0
-1.289836627200891,0.7126879212922896,1.323258071249002e-12,4.7593967290432055e-06,39.0
-1.2898360163356526,0.7126886775434547,1.323258071249002e-12,4.7593967290432055e-06,38.0
-1.2898352600844876,0.7126895212356151,1.323258071249002e-12,4.7593967290432055e-06,39.0
-1.2898345909252524,0.7126903939002409,1.323258071249002e-12,4.7593967290432055e-06,40.0
-1.289834067326477,0.712691266564867,1.323258071249002e-12,4.7593967290432055e-06,39.0
-1.2898330784229228,0.712692895480658,1.323258071249002e-12,4.7593967290432055e-06,40.0
-1.2898327293570722,0.7126935063458961,1.323258071249002e-12,4.7593967290432055e-06,40.0
-1.2898324965301502,0.7126940299446716,1.323258071249002e-12,4.7593967290432055e-06,40.0
-1.2898322930247592,0.7126944954239832,7.010617607636979e-12,1.0709992785951118e-05,38.0
-1.2898318566924463,0.7126953970610747,7.010617607636979e-12,1.0709992785951118e-05,37.0
-1.289831682159521,0.7126958333933877,7.010617607636979e-12,1.0709992785951118e-05,37.0
-1.2898311585607454,0.7126974041897145,1.598677911690232e-11,1.880577669644431e-05,38.0
-1.2898308384673607,0.7126981023214154,1.598677911690232e-11,1.880577669644431e-05,37.0
-1.2898305476955074,0.7126989460135759,1.598677911690232e-11,1.880577669644431e-05,36.0
-1.289830256749121,0.7126998767976659,1.598677911690232e-11,1.880577669644431e-05,35.0
-1.289829820416808,0.7127008367287544,2.6986057218818004e-11,2.1292645288432652e-05,35.0
-1.2898291804045712,0.7127018258068416,2.6986057218818004e-11,2.1292645288432652e-05,37.0
-1.289827696874707,0.7127038910549454,2.6986057218818004e-11,2.1292645288432652e-05,37.0
-1.2898269114765435,0.7127049673994951,2.6986057218818004e-11,2.1292645288432652e-05,39.0
-1.2898261843723773,0.7127060435695118,2.6986057218818004e-11,2.1292645288432652e-05,38.0
-1.2898255152131421,0.7127071490610603,2.6986057218818004e-11,2.1292645288432652e-05,38.0
-1.2898249334949026,0.7127082252310769,2.6986057218818004e-11,2.1292645288432652e-05,34.0
-1.2898232173126492,0.7127104068926419,2.6986057218818004e-11,2.1292645288432652e-05,34.0
-1.2898230136327251,0.7127108142524893,2.6986057218818004e-11,2.1292645288432652e-05,34.0
-1.2898216173693235,0.7127129959140543,2.6986057218818004e-11,2.1292645288432652e-05,34.0
-1.2898217337827846,0.7127137230182206,8.128852924782367e-11,7.226228823231006e-05,34.0
-1.289822228234562,0.7127143630304573,8.128852924782367e-11,7.226228823231006e-05,33.0
-1.289826213344843,0.7127158174133231,8.128852924782367e-11,7.226228823231006e-05,32.0
-1.2898275806357788,0.712716195626172,8.128852924782367e-11,7.226228823231006e-05,32.0
-1.2898289477521818,0.7127166028114865,1.2327608054019808e-10,6.728138502699023e-05,32.0
-1.289830373162582,0.7127170682907982,1.2327608054019808e-10,6.728138502699023e-05,31.0
-1.2898319148119104,0.7127175337701096,1.2327608054019808e-10,6.728138502699023e-05,32.0
-1.2898335147552356,0.7127179701024227,1.2327608054019808e-10,6.728138502699023e-05,30.0
-1.2898351436710265,0.712718377287737,1.2327608054019808e-10,6.728138502699023e-05,29.0
-1.2898368308808146,0.7127188136200501,1.2327608054019808e-10,6.728138502699023e-05,30.0
-1.289838547063068,0.712719249952363,1.2327608054019808e-10,6.728138502699023e-05,30.0
-1.2898418340416482,0.712720122616989,1.2327608054019808e-10,6.728138502699023e-05,30.0
-1.2898434339849736,0.7127205298023035,1.2327608054019808e-10,6.728138502699023e-05,30.0
-1.2898448883678393,0.7127209661346166,1.2327608054019808e-10,6.728138502699023e-05,30.0
-1.2898471572958667,0.7127216934133159,1.2327608054019808e-10,6.728138502699023e-05,26.0
-1.2898480299604929,0.7127218387992426,2.5705902510452462e-11,2.4902942618835105e-05,26.0
-1.289848902625119,0.7127217806797783,2.5705902510452462e-11,2.4902942618835105e-05,26.0
-1.2898497463172793,0.7127214607609266,2.5705902510452462e-11,2.4902942618835105e-05,26.0
-1.2898504734214455,0.7127209080151524,2.5705902510452462e-11,2.4902942618835105e-05,26.0
-1.289851142580681,0.7127201517639875,3.1037621210845017e-11,2.9429527131518542e-05,26.0
-1.2898517824183846,0.712719191832899,3.1037621210845017e-11,2.9429527131518542e-05,27.0
-1.2898525096970839,0.7127181154883492,3.1037621210845017e-11,2.9429527131518542e-05,28.0
-1.2898532369757834,0.7127168646108742,2.493834276856734e-10,8.747781327978781e-05,29.0
-1.289853935107484,0.7127154974944713,2.493834276856734e-10,8.747781327978781e-05,29.0
-1.2898547205056474,0.7127141303780682,2.493834276856734e-10,8.747781327978781e-05,29.0
-1.2898555640232747,0.7127127630871322,2.493834276856734e-10,8.747781327978781e-05,26.0
-1.2898564366879008,0.7127115123841901,2.493834276856734e-10,8.747781327978781e-05,29.0
-1.2898572802055281,0.7127104360396403,2.571077639191941e-11,2.454192525930924e-05,28.0
-1.2898580074842276,0.7127095925220129,2.571077639191941e-11,2.454192525930924e-05,27.0
-1.2898585310830033,0.7127088943903122,2.571077639191941e-11,2.454192525930924e-05,28.0
-1.2898589382683179,0.7127083997640022,2.571077639191941e-11,2.454192525930924e-05,28.0
-1.2898599564934037,0.7127074689799121,4.3783727905429904e-11,3.39333776141276e-05,27.0
-1.2898604509451805,0.7127067417012126,4.3783727905429904e-11,3.39333776141276e-05,28.0
-1.2898610618104187,0.712705665531196,4.3783727905429904e-11,3.39333776141276e-05,27.0
-1.289861905328046,0.712704356534257,4.3783727905429904e-11,3.39333776141276e-05,27.0
-1.2898628362866693,0.7127028730043927,4.3783727905429904e-11,3.39333776141276e-05,26.0
-1.2898638251902232,0.7127013311805316,4.3783727905429904e-11,3.39333776141276e-05,30.0
-1.289864843415309,0.7126997895312033,4.3783727905429904e-11,3.39333776141276e-05,30.0
-1.289865832318863,0.7126982187348765,4.3783727905429904e-11,3.39333776141276e-05,30.0
-1.2898667922499518,0.7126967060580137,4.3783727905429904e-11,3.39333776141276e-05,28.0
-1.2898678685945018,0.7126951352616869,4.3783727905429904e-11,3.39333776141276e-05,28.0
-1.2898690903249779,0.7126935063458961,4.3783727905429904e-11,3.39333776141276e-05,28.0
-1.2898703120554542,0.7126918482831066,1.567012930790574e-11,1.59904912757225e-05,28.0
-1.289872580983482,0.7126885030105294,1.567012930790574e-11,1.59904912757225e-05,27.0
-1.289873686300497,0.7126868449477399,1.567012930790574e-11,1.59904912757225e-05,27.0
-1.2898747917920454,0.7126851868849505,1.567012930790574e-11,1.59904912757225e-05,26.0
-1.2898758389895966,0.7126835579691596,1.567012930790574e-11,1.59904912757225e-05,25.0
-1.2898768861871477,0.7126818999063704,1.567012930790574e-11,1.59904912757225e-05,25.0
-1.2898779623571646,0.7126801837241168,1.567012930790574e-11,1.59904912757225e-05,25.0
-1.2898802023127267,0.7126767803320754,1.5279152849596667e-11,1.6017337844720938e-05,23.0
-1.2898812495102778,0.7126751512417516,5.549459230444842e-11,4.301296047853892e-05,22.0
-1.2898823256802945,0.7126736387394219,5.549459230444842e-11,4.301296047853892e-05,21.0
-1.2898834020248444,0.7126721552095576,5.549459230444842e-11,4.301296047853892e-05,19.0
-1.2898845656358564,0.7126708170656203,5.549459230444842e-11,4.301296047853892e-05,19.0
-1.2898855545394108,0.7126695080686812,5.549459230444842e-11,4.301296047853892e-05,18.0
-1.2898864563510353,0.7126682571912062,5.549459230444842e-11,4.301296047853892e-05,18.0
-1.2899035605777047,0.7126677335924307,5.1755718091876586e-11,3.399734649003185e-05,12.0
-1.2899040550294816,0.7126667155418779,5.1755718091876586e-11,3.399734649003185e-05,12.0
-1.2899046658947202,0.7126656974913254,5.1755718091876586e-11,3.399734649003185e-05,12.0
-1.2899052767599584,0.712664591999777,5.1755718091876586e-11,3.399734649003185e-05,11.0
-1.2899061785715829,0.7126635448022259,5.1755718091876586e-11,3.399734649003185e-05,11.0
-1.289906905850282,0.7126624686322092,5.1755718091876586e-11,3.399734649003185e-05,11.0
-1.2899081275807585,0.7126608105694197,5.1755718091876586e-11,3.399734649003185e-05,10.0
-1.2899086801519997,0.7126601997041816,5.1755718091876586e-11,3.399734649003185e-05,10.0
-1.2899091164843126,0.712659617811409,5.1755718091876586e-11,3.399734649003185e-05,10.0
-1.2899095528166256,0.7126589488267066,5.1755718091876586e-11,3.399734649003185e-05,11.0
-1.2899106872806394,0.7126569416980667,0.0,0.0,11.0
-1.2899113564398748,0.7126557491145888,0.0,0.0,10.0
-1.2899121126910396,0.71265444011765,0.0,0.0,10.0
-1.289912898089203,0.7126531019737125,0.0,0.0,10.0
-1.2899136543403678,0.7126517929767735,0.0,0.0,10.0
-1.2899149052178427,0.7126493203688221,0.0,0.0,10.0
-1.2899153124031573,0.7126483023182695,0.0,0.0,10.0
-1.2899156614690077,0.7126474588006418,2.143638475578301e-11,2.1794527317412275e-05,11.0
-1.289916010534858,0.7126467606689412,2.143638475578301e-11,2.1794527317412275e-05,12.0
-1.289918134076959,0.7126433862493653,2.143638475578301e-11,2.1794527317412275e-05,13.0
-1.2899187157951988,0.7126423100793485,2.143638475578301e-11,2.1794527317412275e-05,13.0
-1.289919443073898,0.7126411173213378,2.143638475578301e-11,2.1794527317412275e-05,15.0
-1.2899201993250629,0.7126398083243988,2.143638475578301e-11,2.1794527317412275e-05,15.0
-1.2899210138702248,0.7126384703549942,2.143638475578301e-11,2.1794527317412275e-05,17.0
-1.2899217411489239,0.7126371322110567,2.143638475578301e-11,2.1794527317412275e-05,18.0
-1.2899224682530905,0.7126357940671192,4.7215700067972566e-12,1.1390502243427619e-05,18.0
-1.2899232827982523,0.7126344850701801,4.7215700067972566e-12,1.1390502243427619e-05,20.0
-1.2899240681964157,0.7126331760732413,3.7087170858948874e-12,9.685332288996933e-06,21.0
-1.2899248827415775,0.7126318962233008,3.7087170858948874e-12,9.685332288996933e-06,22.0
-1.2899255808732784,0.7126307036398227,3.7087170858948874e-12,9.685332288996933e-06,24.0
-1.2899262498579809,0.7126295981482745,3.7087170858948874e-12,9.685332288996933e-06,25.0
-1.2899271225226068,0.7126278528190225,8.752115396306198e-12,1.568504413207276e-05,26.0
-1.2899275297079211,0.7126270384483937,8.752115396306198e-12,1.568504413207276e-05,27.0
-1.2899279370677688,0.7126261947562331,8.752115396306198e-12,1.568504413207276e-05,27.0
-1.289928402372547,0.7126254093580698,8.752115396306198e-12,1.568504413207276e-05,28.0
-1.2899291296512463,0.7126239841222026,8.752115396306198e-12,1.568504413207276e-05,30.0
-1.2899295078640955,0.7126234022294301,8.752115396306198e-12,1.568504413207276e-05,31.0
-1.2899298859024113,0.7126227913641917,8.752115396306198e-12,1.568504413207276e-05,32.0
-1.2899302641152603,0.7126221804989537,8.752115396306198e-12,1.568504413207276e-05,32.0
-1.2899307004475733,0.712621598780714,8.752115396306198e-12,1.568504413207276e-05,32.0
-1.2899311948993504,0.7126209587684773,8.752115396306198e-12,1.568504413207276e-05,33.0
-1.2899317476451244,0.7126202316643109,1.6758984276225292e-11,1.922700733386629e-05,33.0
-1.2899322420969015,0.7126194462661475,1.6758984276225292e-11,1.922700733386629e-05,35.0
-1.2899326784292147,0.7126185736015215,1.6758984276225292e-11,1.922700733386629e-05,35.0
-1.289933085789062,0.712617671789897,1.6758984276225292e-11,1.922700733386629e-05,36.0
-1.2899336093878375,0.7126167410058069,1.6758984276225292e-11,1.922700733386629e-05,36.0
-1.2899340746926162,0.7126157519277199,1.893075417047305e-11,1.9566497261643044e-05,36.0
-1.2899344820524636,0.7126147047301685,1.893075417047305e-11,1.9566497261643044e-05,36.0
-1.2899364019146409,0.7126115050180508,1.893075417047305e-11,1.9566497261643044e-05,40.0
-1.2899371873128043,0.712610370554037,1.893075417047305e-11,1.9566497261643044e-05,40.0
-1.2899380016834332,0.7126092069430248,1.893075417047305e-11,1.9566497261643044e-05,40.0
-1.28993864169567,0.7126081888924721,1.893075417047305e-11,1.9566497261643044e-05,40.0
-1.2899390780279827,0.7126071706673864,3.1087883085834767e-11,2.877799571933479e-05,40.0
-1.2899397761596836,0.712605512604597,3.122937787217519e-12,8.177383178871396e-06,41.0
-1.289940125225534,0.7126049017393589,3.122937787217519e-12,8.177383178871396e-06,41.0
-1.2899404742913845,0.7126043200211192,3.122937787217519e-12,8.177383178871396e-06,42.0
-1.2899408525042335,0.7126038255693421,3.122937787217519e-12,8.177383178871396e-06,42.0
-1.2899411143036212,0.7126032728235681,3.122937787217519e-12,8.177383178871396e-06,43.0
-1.2899414050754745,0.7126028364912551,3.122937787217519e-12,8.177383178871396e-06,43.0
-1.289941812435322,0.7126019346796306,3.122937787217519e-12,8.177383178871396e-06,42.0
-1.2899419869682471,0.7126014983473176,3.122937787217519e-12,8.177383178871396e-06,42.0
-1.2899421904736381,0.7126009747485418,3.122937787217519e-12,8.177383178871396e-06,42.0
-1.2899423941535617,0.7126004221773008,3.122937787217519e-12,8.177383178871396e-06,42.0
-1.2899426268059508,0.7125999275509908,3.122937787217519e-12,8.177383178871396e-06,42.0
-1.289942859632873,0.7125994912186777,3.122937787217519e-12,8.177383178871396e-06,42.0
-1.2899430050187997,0.7125990840333631,2.4174438435317227e-12,6.73227824135482e-06,42.0
-1.289943121432261,0.7125987058205143,2.4174438435317227e-12,6.73227824135482e-06,41.0
-1.2899439649498885,0.7125969315187969,2.4174438435317227e-12,6.73227824135482e-06,42.0
-1.289944314015739,0.7125964368924868,2.4174438435317227e-12,6.73227824135482e-06,41.0
-1.2899446922285878,0.7125959424407097,2.4174438435317227e-12,6.73227824135482e-06,41.0
-1.289945128560901,0.7125954479889326,2.4174438435317227e-12,6.73227824135482e-06,40.0
-1.2899454484797526,0.71259486609616,2.4174438435317227e-12,6.73227824135482e-06,40.0
-1.2899464084108412,0.7125929172615172,2.4174438435317227e-12,6.73227824135482e-06,40.0
-1.2899467574766919,0.7125923936627414,1.1793720333548201e-11,1.651248397809377e-05,41.0
-1.2899478627937069,0.7125909391053429,1.1793720333548201e-11,1.651248397809377e-05,41.0
-1.2899482118595573,0.7125905900394927,1.1793720333548201e-11,1.651248397809377e-05,41.0
-1.2899484736589453,0.7125901828541781,1.1793720333548201e-11,1.651248397809377e-05,41.0
-1.2899486773388689,0.7125897756688635,1.1793720333548201e-11,1.651248397809377e-05,42.0
-1.2899489391382568,0.7125894555754788,1.1793720333548201e-11,1.651248397809377e-05,42.0
-1.28994972453642,0.7125875940072985,1.1793720333548201e-11,1.651248397809377e-05,41.0
-1.2899501317217346,0.712586750315138,1.1793720333548201e-11,1.651248397809377e-05,42.0
-1.2899505680540475,0.7125857322645855,2.4983959227014467e-11,2.36903105405671e-05,42.0
-1.2899510043863605,0.7125846559200357,8.110438801569562e-12,1.3302281919262805e-05,42.0
-1.2899515279851361,0.7125836087224845,8.110438801569562e-12,1.3302281919262805e-05,42.0
-1.2899519934644477,0.712582707085393,8.110438801569562e-12,1.3302281919262805e-05,41.0
-1.2899524006497622,0.7125819216872296,8.110438801569562e-12,1.3302281919262805e-05,41.0
-1.2899528369820752,0.7125812235555287,8.110438801569562e-12,1.3302281919262805e-05,42.0
-1.289953389727849,0.7125806999567531,8.110438801569562e-12,1.3302281919262805e-05,41.0
-1.2899538841796263,0.7125801763579775,8.110438801569562e-12,1.3302281919262805e-05,41.0
-1.2899542332454768,0.7125794782262768,8.110438801569562e-12,1.3302281919262805e-05,39.0
-1.2899546114583258,0.7125787509475775,8.110438801569562e-12,1.3302281919262805e-05,39.0
-1.2899553387370248,0.7125772674177132,8.110438801569562e-12,1.3302281919262805e-05,38.0
-1.2899556878028753,0.7125764528725513,8.110438801569562e-12,1.3302281919262805e-05,38.0
-1.2899560368687257,0.7125755220884613,8.110438801569562e-12,1.3302281919262805e-05,38.0
-1.2899564149070417,0.7125744457439116,8.110438801569562e-12,1.3302281919262805e-05,39.0
-1.2899569385058174,0.7125733112798979,2.365765498207347e-11,2.5679856529191512e-05,38.0
-1.289958189383292,0.7125709842324061,2.365765498207347e-11,2.5679856529191512e-05,36.0
-1.2899588293955289,0.7125698789153907,2.365765498207347e-11,2.5679856529191512e-05,36.0
-1.2899593819667703,0.7125689479567678,2.365765498207347e-11,2.5679856529191512e-05,36.0
-1.2899597893266175,0.7125681625586043,2.365765498207347e-11,2.5679856529191512e-05,37.0
-1.289960080098471,0.7125675516933663,2.365765498207347e-11,2.5679856529191512e-05,39.0
-1.2899611272960219,0.7125662137239616,2.365765498207347e-11,2.5679856529191512e-05,38.0
-1.2899616800417963,0.7125653410593356,2.365765498207347e-11,2.5679856529191512e-05,38.0
-1.2899622909070343,0.7125644101007127,2.365765498207347e-11,2.5679856529191512e-05,37.0
-1.2899629017722727,0.712563450169624,2.365765498207347e-11,2.5679856529191512e-05,37.0
-1.289963483490512,0.7125624321190713,7.669946781840262e-11,6.310338205012732e-05,35.0
-1.2899640362362865,0.7125613557745216,7.669946781840262e-11,6.310338205012732e-05,34.0
-1.289964996167375,0.7125591741129567,7.669946781840262e-11,6.310338205012732e-05,33.0
-1.289965490619152,0.7125581852094025,7.669946781840262e-11,6.310338205012732e-05,32.0
-1.2899664796972392,0.7125562070532283,7.669946781840262e-11,6.310338205012732e-05,29.0
-1.2899670032960149,0.7125553343886022,7.669946781840262e-11,6.310338205012732e-05,29.0
-1.2899675268947903,0.7125545200179733,7.669946781840262e-11,6.310338205012732e-05,28.0
-1.2899685740923417,0.712552920074648,7.669946781840262e-11,6.310338205012732e-05,28.0
-1.2899696212898926,0.7125510874789334,7.669946781840262e-11,6.310338205012732e-05,28.0
-1.289970668487444,0.7125491967637547,2.5433879156041716e-11,2.504216265687012e-05,28.0
-1.2899711920862194,0.7125482368326661,2.5433879156041716e-11,2.504216265687012e-05,26.0
-1.2899717738044592,0.712547305874043,9.589508683189417e-12,1.4762540343031268e-05,27.0
-1.2899721811643066,0.7125463459429544,9.589508683189417e-12,1.4762540343031268e-05,27.0
-1.2899726464690853,0.7125454151588643,9.589508683189417e-12,1.4762540343031268e-05,26.0
-1.2899731119483968,0.7125444843747744,9.589508683189417e-12,1.4762540343031268e-05,23.0
-1.2899736646941709,0.7125435534161513,9.589508683189417e-12,1.4762540343031268e-05,23.0
-1.2899741882929463,0.7125425934850627,9.589508683189417e-12,1.4762540343031268e-05,24.0
-1.2899746827447236,0.7125416045815085,9.589508683189417e-12,1.4762540343031268e-05,24.0
-1.289975206343499,0.712540586356423,9.589508683189417e-12,1.4762540343031268e-05,24.0
-1.289975759089273,0.7125395391588717,9.589508683189417e-12,1.4762540343031268e-05,25.0
-1.2899763116605145,0.7125385502553175,9.589508683189417e-12,1.4762540343031268e-05,24.0
-1.2899773298855999,0.7125364558602152,6.471444775119413e-12,1.2743677750985257e-05,25.0
-1.2899778243373772,0.712535466782128,6.471444775119413e-12,1.2743677750985257e-05,24.0
-1.2899782898166885,0.7125345649705035,6.471444775119413e-12,1.2743677750985257e-05,25.0
-1.2899787842684658,0.7125336923058774,6.471444775119413e-12,1.2743677750985257e-05,24.0
-1.2899801805318674,0.7125311615784622,6.471444775119413e-12,1.2743677750985257e-05,24.0
-1.289981140462956,0.7125293000102819,6.471444775119413e-12,1.2743677750985257e-05,26.0
-1.2899816932087302,0.7125283109321949,6.471444775119413e-12,1.2743677750985257e-05,27.0
-1.2899822168075055,0.7125272928816421,6.471444775119413e-12,1.2743677750985257e-05,26.0
-1.2899826531398186,0.7125262746565565,6.471444775119413e-12,1.2743677750985257e-05,27.0
-1.2899828566452094,0.7125246165937671,1.2014720271395015e-11,1.790455094787524e-05,25.0
-1.2899825367263575,0.712524005728529,1.2014720271395015e-11,1.790455094787524e-05,26.0
-1.2899819550081177,0.7125235404237503,1.2014720271395015e-11,1.790455094787524e-05,25.0
-1.289981140462956,0.7125232203303655,1.2014720271395015e-11,1.790455094787524e-05,27.0
-1.2899800932654046,0.7125230168249748,1.2014720271395015e-11,1.790455094787524e-05,27.0
-1.2899789588013908,0.7125228131450511,1.2014720271395015e-11,1.790455094787524e-05,27.0
-1.2899777951903786,0.7125225221986647,1.2014720271395015e-11,1.790455094787524e-05,27.0
-1.2899744500923342,0.7125214750011134,1.2014720271395015e-11,1.790455094787524e-05,25.0
-1.2899733446007862,0.7125210969627976,1.2014720271395015e-11,1.790455094787524e-05,25.0
-1.2899682541734896,0.7125194678724738,1.7738740513874664e-10,0.00010223785009810307,25.0
-1.2899668287630897,0.7125189734206967,1.7738740513874664e-10,0.00010223785009810307,26.0
-1.2899645889820606,0.7125181007560706,1.7738740513874664e-10,0.00010223785009810307,26.0
-1.2899638325563627,0.7125178389566829,1.7738740513874664e-10,0.00010223785009810307,26.0
-1.2899608073771702,0.7125161227744294,1.7738740513874664e-10,0.00010223785009810307,31.0
-1.2899600511260052,0.7125158026810445,1.7738740513874664e-10,0.00010223785009810307,31.0
-1.2899580439973655,0.7125150464298796,1.7738740513874664e-10,0.00010223785009810307,32.0
-1.2899568803863533,0.7125146973640292,1.7738740513874664e-10,0.00010223785009810307,33.0
-1.2899557750693378,0.7125143482981788,1.7738740513874664e-10,0.00010223785009810307,34.0
-1.2899878018611122,0.7124810125094658,1.0099346858994063e-10,5.079477793073158e-05,30.0
-1.2899892562439776,0.7124785399015144,1.0099346858994063e-10,5.079477793073158e-05,31.0
-1.2899900707891396,0.7124771727851115,1.0099346858994063e-10,5.079477793073158e-05,35.0
-1.2899908851597686,0.7124758346411738,1.0099346858994063e-10,5.079477793073158e-05,36.0
-1.2899917288519291,0.7124744966717693,1.0099346858994063e-10,5.079477793073158e-05,37.0
-1.2899924559560954,0.7124732166472959,6.643401307922296e-11,5.060283380704367e-05,37.0
-1.2899929505824053,0.7124720821832821,6.643401307922296e-11,5.060283380704367e-05,37.0
-1.2899937359805687,0.7124702787345659,6.643401307922296e-11,5.060283380704367e-05,38.0
-1.2899939977799566,0.7124694641894042,6.643401307922296e-11,5.060283380704367e-05,37.0
-1.2899942885518099,0.7124686787912408,4.006282612374877e-11,3.983047542402275e-05,37.0
-1.2899946376176603,0.7124679806595399,4.006282612374877e-11,3.983047542402275e-05,36.0
-1.2899949285640466,0.7124673697943018,4.006282612374877e-11,3.983047542402275e-05,36.0
-1.2899963248274482,0.7124654790791229,4.006282612374877e-11,3.983047542402275e-05,38.0
-1.2899971683450757,0.7124643154681108,4.006282612374877e-11,3.983047542402275e-05,38.0
-1.2899981282761643,0.7124628902322436,4.006282612374877e-11,3.983047542402275e-05,38.0
-1.289999088207253,0.7124613194359167,2.7452731103863812e-11,2.5128153132044253e-05,38.0
-1.2900008626835033,0.7124580322828037,2.7452731103863812e-11,2.5128153132044253e-05,40.0
-1.2900019098810547,0.7124564325140111,2.7452731103863812e-11,2.5128153132044253e-05,40.0
-1.29000301519807,0.71245489069015,2.7452731103863812e-11,2.5128153132044253e-05,41.0
-1.290004062395621,0.7124533781878202,1.1106960360429312e-11,1.351743187565034e-05,41.0
-1.2900050223267097,0.7124518655109575,1.1106960360429312e-11,1.351743187565034e-05,39.0
-1.2900068259499589,0.7124489565706932,1.1106960360429312e-11,1.351743187565034e-05,38.0
-1.2900075530541253,0.7124475603072915,1.1106960360429312e-11,1.351743187565034e-05,37.0
-1.290008134946898,0.7124463096043496,1.1106960360429312e-11,1.351743187565034e-05,38.0
-1.2900086585456731,0.7124451751403358,1.1106960360429312e-11,1.351743187565034e-05,36.0
-1.2900091238504519,0.7124441279427847,1.1106960360429312e-11,1.351743187565034e-05,39.0
-1.2900094147968382,0.7124432552781587,1.1106960360429312e-11,1.351743187565034e-05,39.0
-1.2900097057432245,0.7124424698799953,1.1106960360429312e-11,1.351743187565034e-05,38.0
-1.2900099675426124,0.7124419462812196,1.1106960360429312e-11,1.351743187565034e-05,38.0
-1.2900103455809282,0.7124408118172058,1.1106960360429312e-11,1.351743187565034e-05,38.0
-1.2900103747279268,0.7124401426579706,1.1106960360429312e-11,1.351743187565034e-05,37.0
-1.2900101710480032,0.7124395317927323,1.1106960360429312e-11,1.351743187565034e-05,36.0
-1.290009502063301,0.7124390373409553,1.1106960360429312e-11,1.351743187565034e-05,37.0
-1.290008425718751,0.7124386591281063,1.1106960360429312e-11,1.351743187565034e-05,38.0
-1.2900072912547373,0.712438310062256,1.1106960360429312e-11,1.351743187565034e-05,40.0
-1.2900061859377223,0.7124379609964056,1.1106960360429312e-11,1.351743187565034e-05,40.0
-1.2900052260066335,0.7124374956916271,4.831658742149447e-11,5.007003911645598e-05,38.0
-1.2900042952225435,0.7124369429458528,4.831658742149447e-11,5.007003911645598e-05,37.0
-1.2900032769974576,0.7124364193470772,4.831658742149447e-11,5.007003911645598e-05,38.0
-1.2900022008274408,0.7124358084818391,4.831658742149447e-11,5.007003911645598e-05,40.0
-1.2899998154859524,0.7124346740178252,4.831658742149447e-11,5.007003911645598e-05,41.0
-1.2899985064890132,0.7124341212720512,4.831658742149447e-11,5.007003911645598e-05,44.0
-1.2899960049085961,0.7124332777544238,4.831658742149447e-11,5.007003911645598e-05,43.0
-1.2899948121505855,0.7124329868080375,4.831658742149447e-11,5.007003911645598e-05,44.0
-1.2899935904201092,0.712432696036184,4.831658742149447e-11,5.007003911645598e-05,45.0
-1.2899924269836298,0.7124324342367963,4.831658742149447e-11,5.007003911645598e-05,45.0
-1.28999135063908,0.7124321724374084,4.831658742149447e-11,5.007003911645598e-05,45.0
-1.2899904488274556,0.712431823371558,4.831658742149447e-11,5.007003911645598e-05,45.0
-1.289989750695755,0.7124316196916343,5.6831862773235255e-11,4.82202997846877e-05,46.0
-1.2899891689775151,0.7124312706257839,5.6831862773235255e-11,4.82202997846877e-05,47.0
-1.289986667397098,0.7124303398416938,7.323002772050438e-12,1.3588004649373296e-05,49.0
-1.28998605653186,0.7124301070147715,7.323002772050438e-12,1.3588004649373296e-05,50.0
-1.2899854746390873,0.7124299324818465,7.323002772050438e-12,1.3588004649373296e-05,50.0
-1.2899838457232964,0.7124294380300693,7.323002772050438e-12,1.3588004649373296e-05,52.0
-1.2899817513281941,0.7124289144312937,7.323002772050438e-12,1.3588004649373296e-05,54.0
-1.2899805587447162,0.7124285945124418,7.323002772050438e-12,1.3588004649373296e-05,55.0
-1.2899793078672415,0.7124283616855196,7.323002772050438e-12,1.3588004649373296e-05,56.0
-1.289978144256229,0.7124281871525944,7.323002772050438e-12,1.3588004649373296e-05,57.0
-1.2899760790081252,0.71242777996728,5.999744700424554e-12,1.3822477032592388e-05,57.0
-1.2899752354904976,0.7124276345813532,5.999744700424554e-12,1.3822477032592388e-05,56.0
-1.2899701448886685,0.7124270818355792,5.999744700424554e-12,1.3822477032592388e-05,54.0
-1.2899672650954024,0.7124264128508768,3.8223698453725776e-11,2.5605825658482325e-05,55.0
-1.2899639489698238,0.7124256564251792,3.8223698453725776e-11,2.5605825658482325e-05,56.0
-1.289962378173497,0.712425161973402,3.8223698453725776e-11,2.5605825658482325e-05,52.0
-1.2899608073771702,0.7124246964940905,3.8223698453725776e-11,2.5605825658482325e-05,52.0
-1.2899592657278418,0.712424289308776,3.8223698453725776e-11,2.5605825658482325e-05,54.0
-1.2899577239039806,0.7124238529764629,1.284536628234715e-10,4.815709774372878e-05,52.0
-1.289956211401651,0.7124234457911486,1.284536628234715e-10,4.815709774372878e-05,51.0
-1.2899549313771774,0.7124228930453742,6.308169837695494e-12,1.1183028055882078e-05,50.0
-1.289953331608385,0.7124222821801361,6.308169837695494e-12,1.1183028055882078e-05,51.0
-1.2899514698656722,0.7124235620300766,6.308169837695494e-12,1.1183028055882078e-05,51.0
-1.289950771733971,0.71242484205455,1.927390569261575e-11,2.2068043435050383e-05,50.0
-1.2899501317217346,0.7124261800239545,1.927390569261575e-11,2.2068043435050383e-05,55.0
-1.2899494918840306,0.7124275762873563,1.927390569261575e-11,2.2068043435050383e-05,54.0
-1.2899488810187927,0.7124290016977564,1.927390569261575e-11,2.2068043435050383e-05,52.0
-1.289947310222466,0.7124328122751121,1.7733760019329956e-11,2.5961373046803823e-05,54.0
-1.2899468738901527,0.712433888619662,1.7733760019329956e-11,2.5961373046803823e-05,57.0
-1.2899464375578398,0.7124347904312865,1.7733760019329956e-11,2.5961373046803823e-05,56.0
-1.2899460012255266,0.7124353430025275,1.7733760019329956e-11,2.5961373046803823e-05,56.0
-1.289945681132142,0.7124358084818391,1.7733760019329956e-11,2.5961373046803823e-05,55.0
-1.2899450702669037,0.7124368848263888,1.1297041631098486e-11,1.3728321164994057e-05,54.0
-1.2899445466681283,0.7124377283440162,1.1297041631098486e-11,1.3728321164994057e-05,54.0
-1.2899439649498885,0.7124387463945691,1.1297041631098486e-11,1.3728321164994057e-05,56.0
-1.289941754141325,0.712442935184774,1.1297041631098486e-11,1.3728321164994057e-05,51.0
-1.2899410270371587,0.7124447096610242,1.1297041631098486e-11,1.3728321164994057e-05,51.0
-1.2899406196773113,0.7124456114726487,1.1297041631098486e-11,1.3728321164994057e-05,53.0
-1.289940125225534,0.7124467459366626,2.0112060525631606e-11,2.727366139108593e-05,50.0
-1.2899396016267584,0.7124480839060671,2.0112060525631606e-11,2.727366139108593e-05,51.0
-1.2899390199085186,0.7124494801694689,2.2360746317805637e-11,2.216429613692249e-05,53.0
-1.2899384090432806,0.7124508474604048,2.2360746317805637e-11,2.216429613692249e-05,52.0
-1.2899378562975063,0.7124522145768079,2.2360746317805637e-11,2.216429613692249e-05,52.0
-1.289937274579267,0.7124535816932109,2.2360746317805637e-11,2.216429613692249e-05,54.0
-1.2899366637140284,0.7124549198371485,2.2360746317805637e-11,2.216429613692249e-05,53.0
-1.2899361109682546,0.7124562288340874,2.2360746317805637e-11,2.216429613692249e-05,53.0
-1.2899355873694789,0.7124574797115625,1.5949311174154406e-11,1.8587099321111926e-05,53.0
-1.289934394786001,0.7124599231725152,1.5949311174154406e-11,1.8587099321111926e-05,53.0
-1.2899337547737642,0.7124610866089947,1.5949311174154406e-11,1.8587099321111926e-05,53.0
-1.2899331730555246,0.7124621048340802,1.5949311174154406e-11,1.8587099321111926e-05,50.0
-1.2899327075762133,0.7124631228846328,1.5949311174154406e-11,1.8587099321111926e-05,48.0
-1.2910406134383805,0.7120594863481107,1.694105410751705e-10,0.00010013197363985355,20.0
-1.291040962504231,0.7120587009499472,1.694105410751705e-10,0.00010013197363985355,20.0
-1.2910416025164675,0.7120581192317076,1.5468426884048096e-10,0.00010531669200847772,21.0
-1.291045325827361,0.7120533195762645,1.5468426884048096e-10,0.00010531669200847772,20.0
-1.291046198491987,0.7120521269927866,1.5468426884048096e-10,0.00010531669200847772,19.0
-1.2910471294506098,0.7120506434629225,1.2450307950520783e-10,7.928590822470134e-05,19.0
-1.2910487875133994,0.712048490773823,2.6240506084067948e-11,2.5812552916332388e-05,21.0
-1.2910496310310269,0.7120472109238827,2.6240506084067948e-11,2.5812552916332388e-05,21.0
-1.2910516381596668,0.7120449711428535,2.6240506084067948e-11,2.5812552916332388e-05,21.0
-1.2910523944108314,0.7120435748794519,2.6240506084067948e-11,2.5812552916332388e-05,21.0
-1.2910527145042163,0.712042876747751,2.6240506084067948e-11,2.5812552916332388e-05,22.0
-1.2910540524736211,0.7120410441520365,2.6240506084067948e-11,2.5812552916332388e-05,22.0
-1.2910547797523202,0.7120399969544854,1.749219840558085e-11,1.8327045376559358e-05,21.0
-1.2910556232699477,0.7120385715440851,1.749219840558085e-11,1.8327045376559358e-05,21.0
-1.2910563505486472,0.7120372334001478,1.749219840558085e-11,1.8327045376559358e-05,22.0
-1.2910569032944212,0.7120365062959814,1.749219840558085e-11,1.8327045376559358e-05,22.0
-1.2910585030632133,0.7120343827538804,1.749219840558085e-11,1.8327045376559358e-05,22.0
-1.291058852129064,0.7120337427416437,1.749219840558085e-11,1.8327045376559358e-05,24.0
-1.291059288461377,0.7120330156374775,6.138071470825033e-11,5.035409400158782e-05,23.0
-1.2910600157400762,0.7120313284276895,6.138071470825033e-11,5.035409400158782e-05,23.0
-1.2910601321535375,0.7120309793618391,6.138071470825033e-11,5.035409400158782e-05,23.0
-1.2910602194199998,0.7120307175624512,6.138071470825033e-11,5.035409400158782e-05,23.0
-1.291060103006539,0.7120309793618391,6.138071470825033e-11,5.035409400158782e-05,23.0
-1.2910602483924656,0.7120311247477658,6.138071470825033e-11,5.035409400158782e-05,23.0
-1.2910602194199998,0.7120315029606147,6.138071470825033e-11,5.035409400158782e-05,23.0
-1.2910601902730015,0.7120319101459293,6.138071470825033e-11,5.035409400158782e-05,23.0
-1.2910601611260029,0.7120324628917032,6.138071470825033e-11,5.035409400158782e-05,23.0
-1.2910601611260029,0.7120329573434804,2.0757849453843326e-11,1.9286896810260756e-05,22.0
-1.2910600738595404,0.7120333355563293,1.717052241005977e-11,1.9402173048423974e-05,22.0
-1.2910602194199998,0.7120354880708958,1.717052241005977e-11,1.9402173048423974e-05,22.0
-1.2910609175517007,0.712034586433804,1.717052241005977e-11,1.9402173048423974e-05,22.0
-1.291062255521105,0.71203260827763,2.0757849453843326e-11,1.9286896810260756e-05,23.0
-1.2910628082668794,0.7120316774935399,2.0757849453843326e-11,1.9286896810260756e-05,23.0
-1.2910641464108168,0.7120293504460482,2.0757849453843326e-11,1.9286896810260756e-05,22.0
-1.2910651644613695,0.7120277213557243,2.0757849453843326e-11,1.9286896810260756e-05,23.0
-1.2910662697783848,0.7120262961198571,2.0757849453843326e-11,1.9286896810260756e-05,25.0
-1.2910673169759361,0.7120250160953836,2.0757849453843326e-11,1.9286896810260756e-05,25.0
-1.2910692951321103,0.7120222818625775,7.001616163091581e-11,4.65112855413029e-05,23.0
-1.2910703713021272,0.712020885599176,7.001616163091581e-11,4.65112855413029e-05,21.0
-1.2910714476466767,0.7120194893357745,7.001616163091581e-11,4.65112855413029e-05,21.0
-1.2910724656972294,0.7120179766589118,7.001616163091581e-11,4.65112855413029e-05,22.0
-1.2910747056527916,0.7120141660815558,1.3365576680968314e-10,8.455571262869575e-05,24.0
-1.2910760146497304,0.7120121006589191,1.3365576680968314e-10,8.455571262869575e-05,24.0
-1.2910774981795945,0.7120099481443524,8.409740647616011e-11,5.8333947467271454e-05,24.0
-1.2910787488825366,0.712008115548638,8.409740647616011e-11,5.8333947467271454e-05,23.0
-1.2910812214904879,0.712005061222447,8.409740647616011e-11,5.8333947467271454e-05,22.0
-1.2910824432209642,0.7120036068395812,8.409740647616011e-11,5.8333947467271454e-05,23.0
-1.2910857884935416,0.7120000578870803,8.409740647616011e-11,5.8333947467271454e-05,23.0
-1.2910866028641705,0.7119987780371397,8.409740647616011e-11,5.8333947467271454e-05,21.0
-1.2910875627952592,0.7119975271596649,8.409740647616011e-11,5.8333947467271454e-05,21.0
-1.2910885518733461,0.7119966255225733,8.409740647616011e-11,5.8333947467271454e-05,20.0
-1.2910894826574364,0.7119955200310251,8.409740647616011e-11,5.8333947467271454e-05,21.0
-1.2910905298549875,0.7119943274475471,5.2878080973157537e-11,3.6984200534432955e-05,19.0
-1.2910914897860761,0.7119930765700724,5.2878080973157537e-11,3.6984200534432955e-05,20.0
-1.2910925952776244,0.7119916513342051,5.2878080973157537e-11,3.6984200534432955e-05,21.0
-1.2910936424751756,0.7119901967768064,5.2878080973157537e-11,3.6984200534432955e-05,22.0
-1.2910943987263406,0.7119890333403271,5.2878080973157537e-11,3.6984200534432955e-05,22.0
-1.291096114908594,0.7119864734659131,6.233371030125779e-11,3.843089165323758e-05,22.0
-1.291097103986681,0.7119850772025116,6.233371030125779e-11,3.843089165323758e-05,22.0
-1.2910980930647682,0.7119837100861084,6.233371030125779e-11,3.843089165323758e-05,21.0
-1.2910989074353971,0.7119825756220948,6.233371030125779e-11,3.843089165323758e-05,22.0
-1.2911002164323362,0.7119804520799937,6.233371030125779e-11,3.843089165323758e-05,23.0
-1.291101787228663,0.7119778922055799,6.233371030125779e-11,3.843089165323758e-05,22.0
-1.2911026890402875,0.7119765832086409,6.233371030125779e-11,3.843089165323758e-05,21.0
-1.2911046670219288,0.7119737906818376,7.987525672883322e-11,5.184753710287035e-05,21.0
-1.291105394300628,0.7119728017782835,7.987525672883322e-11,5.184753710287035e-05,20.0
-1.2911060632853304,0.7119710564490316,7.987525672883322e-11,5.184753710287035e-05,20.0
-1.2911067324445655,0.7119698055715566,7.987525672883322e-11,5.184753710287035e-05,20.0
-1.2911074886957303,0.7119691365868542,7.987525672883322e-11,5.184753710287035e-05,21.0
-1.291108012294506,0.7119680893893031,7.987525672883322e-11,5.184753710287035e-05,22.0
-1.2911079250280435,0.7119675657905274,7.987525672883322e-11,5.184753710287035e-05,22.0
-1.2911075468151945,0.7119670711642176,8.991849305852505e-12,1.4422767774732224e-05,22.0
-1.291106383378715,0.7119659949942008,8.991849305852505e-12,1.4422767774732224e-05,22.0
-1.2911056852470142,0.7119654422484266,8.991849305852505e-12,1.4422767774732224e-05,23.0
-1.2911049288213168,0.7119649186496511,8.991849305852505e-12,1.4422767774732224e-05,24.0
-1.2911041725701515,0.7119642786374143,8.991849305852505e-12,1.4422767774732224e-05,24.0
-1.2911035617049134,0.7119636969191747,8.991849305852505e-12,1.4422767774732224e-05,24.0
-1.29110277630675,0.7119629115210113,8.991849305852505e-12,1.4422767774732224e-05,24.0
-1.291101903642124,0.7119623879222357,1.5097768407740184e-10,8.945393595280953e-05,24.0
-1.291101030977498,0.7119619515899226,1.5097768407740184e-10,8.945393595280953e-05,24.0
-1.2910989074353971,0.711961369871683,1.5097768407740184e-10,8.945393595280953e-05,24.0
-1.2910979475043087,0.7119610497782981,1.5097768407740184e-10,8.945393595280953e-05,24.0
-1.2910970748396826,0.7119605844735195,1.5097768407740184e-10,8.945393595280953e-05,24.0
-1.2910964058549803,0.711960002580747,1.5097768407740184e-10,8.945393595280953e-05,24.0
-1.2910948931781174,0.711958751877805,1.5097768407740184e-10,8.945393595280953e-05,23.0
-1.291093933247029,0.7119582282790293,1.5097768407740184e-10,8.945393595280953e-05,23.0
-1.291093002462939,0.7119577627997179,1.5097768407740184e-10,8.945393595280953e-05,24.0
-1.291091926118389,0.7119574718533316,1.5097768407740184e-10,8.945393595280953e-05,24.0
-1.2910906462684488,0.7119571227874811,1.5097768407740184e-10,8.945393595280953e-05,25.0
-1.291089191885583,0.7119569774015545,1.5097768407740184e-10,8.945393595280953e-05,22.0
-1.2910866611581677,0.711955755671078,1.5097768407740184e-10,8.945393595280953e-05,22.0
-1.291083955897827,0.7119541267552872,1.7542505971776287e-10,0.00011195846586851911,21.0
-1.291081396023413,0.7119527594643511,1.7542505971776287e-10,0.00011195846586851911,22.0
-1.2910800289070101,0.7119518578272597,1.7542505971776287e-10,0.00011195846586851911,20.0
-1.2910785162301472,0.7119509268686367,1.7542505971776287e-10,0.00011195846586851911,21.0
-1.291076974580819,0.7119501124980075,1.7542505971776287e-10,0.00011195846586851911,21.0
-1.291075549170419,0.7119497342851588,1.7542505971776287e-10,0.00011195846586851911,21.0
-1.2910743274399428,0.7119491234199206,1.7542505971776287e-10,0.00011195846586851911,22.0
-1.2910692368381131,0.7119472035577434,1.7542505971776287e-10,0.00011195846586851911,20.0
-1.2910684224674844,0.7119468544918929,1.7542505971776287e-10,0.00011195846586851911,20.0
-1.2910675787753239,0.7119464181595799,1.7542505971776287e-10,0.00011195846586851911,20.0
-1.291066880643623,0.7119458945608044,1.7542505971776287e-10,0.00011195846586851911,20.0
-1.291065629940681,0.7119449054827172,1.7542505971776287e-10,0.00011195846586851911,20.0
-1.2910635063985803,0.7119429566480744,1.7542505971776287e-10,0.00011195846586851911,22.0
-1.291061324737015,0.7119424039023003,1.7542505971776287e-10,0.00011195846586851911,20.0
-1.2910598993266151,0.7119419094505233,1.78149405614363e-10,0.00012927751519773448,21.0
-1.2910583868242855,0.7119412113188225,1.78149405614363e-10,0.00012927751519773448,23.0
-1.29105678688096,0.7119408039589751,1.78149405614363e-10,0.00012927751519773448,22.0
-1.2910534126359172,0.711939436842572,1.78149405614363e-10,0.00012927751519773448,23.0
-1.2910516962791307,0.7119386805914071,1.78149405614363e-10,0.00012927751519773448,24.0
-1.2910499800968773,0.7119379533127078,1.78149405614363e-10,0.00012927751519773448,25.0
-1.2910468385042237,0.711936382516381,1.78149405614363e-10,0.00012927751519773448,25.0
-1.291045267707897,0.7119355971182176,1.78149405614363e-10,0.00012927751519773448,25.0
-1.2910437260585688,0.7119347825730555,1.78149405614363e-10,0.00012927751519773448,25.0
-1.2910421261152434,0.7119340263218908,1.78149405614363e-10,0.00012927751519773448,23.0
-1.2910388099896644,0.7119322228731747,1.78149405614363e-10,0.00012927751519773448,24.0
-1.2910370646604126,0.7119315247414739,1.78149405614363e-10,0.00012927751519773448,23.0
-1.2910353774506247,0.7119308847292372,1.4023093381498001e-10,7.209049992462115e-05,21.0
-1.2910336904153694,0.7119302157445349,1.4023093381498001e-10,7.209049992462115e-05,21.0
-1.2910320032055818,0.7119294303463715,1.4023093381498001e-10,7.209049992462115e-05,21.0
-1.2910303159957937,0.7119285866542111,1.4023093381498001e-10,7.209049992462115e-05,20.0
-1.2910286289605388,0.711927772283582,1.4023093381498001e-10,7.209049992462115e-05,21.0
-1.291026999870215,0.7119271614183439,1.4023093381498001e-10,7.209049992462115e-05,22.0
-1.2910254582208867,0.7119265505531056,1.4023093381498001e-10,7.209049992462115e-05,22.0
-1.2910240038380212,0.7119256778884797,1.4023093381498001e-10,7.209049992462115e-05,22.0
-1.2910227529605462,0.7119248633433178,1.4023093381498001e-10,7.209049992462115e-05,23.0
-1.2910212113112178,0.7119247469298566,1.4023093381498001e-10,7.209049992462115e-05,23.0
-1.291019844020282,0.7119241070921529,1.4023093381498001e-10,7.209049992462115e-05,23.0
-1.2910173715868634,0.7119232052805283,1.4023093381498001e-10,7.209049992462115e-05,23.0
-1.2910163243893122,0.7119228853616766,1.4023093381498001e-10,7.209049992462115e-05,23.0
-1.2910149862453748,0.7119223326159024,3.93326581671803e-11,2.7331279253904505e-05,23.0
-1.2910141717002128,0.7119218671365909,3.93326581671803e-11,2.7331279253904505e-05,23.0
-1.2910136191289716,0.7119219835500521,3.93326581671803e-11,2.7331279253904505e-05,24.0
-1.291012920997271,0.7119217508976627,3.93326581671803e-11,2.7331279253904505e-05,24.0
-1.29101222286557,0.7119215763647375,3.93326581671803e-11,2.7331279253904505e-05,22.0
-1.2910114664398722,0.7119214599512763,3.93326581671803e-11,2.7331279253904505e-05,21.0
-1.2910105356557822,0.7119212562713527,3.93326581671803e-11,2.7331279253904505e-05,22.0
-1.2910094593112325,0.711920790966574,3.93326581671803e-11,2.7331279253904505e-05,22.0
-1.2910082667277545,0.7119203836067266,3.93326581671803e-11,2.7331279253904505e-05,22.0
-1.2910070449972784,0.711919685475026,3.93326581671803e-11,2.7331279253904505e-05,22.0
-1.2910059686527284,0.7119189583708596,3.93326581671803e-11,2.7331279253904505e-05,21.0
-1.291004688802788,0.7119186674244732,3.93326581671803e-11,2.7331279253904505e-05,21.0
-1.291003234419922,0.711918492891548,3.93326581671803e-11,2.7331279253904505e-05,20.0
-1.291001809009522,0.7119180565592351,3.93326581671803e-11,2.7331279253904505e-05,21.0
-1.2910003546266564,0.7119174456939968,3.93326581671803e-11,2.7331279253904505e-05,22.0
-1.2909989873357204,0.7119165730293708,3.93326581671803e-11,2.7331279253904505e-05,19.0
-1.2909976783387815,0.7119159913111311,3.93326581671803e-11,2.7331279253904505e-05,18.0
-1.290996340369377,0.7119157003647449,3.93326581671803e-11,2.7331279253904505e-05,18.0
-1.2909949149589768,0.7119152059129679,3.93326581671803e-11,2.7331279253904505e-05,18.0
-1.2909936932285004,0.7119148568471173,3.93326581671803e-11,2.7331279253904505e-05,18.0
-1.2909926751779477,0.71191444948727,2.5773375271503387e-11,2.077739316579588e-05,17.0
-1.2909916279803964,0.7119141004214194,2.4241103956969276e-10,0.00011216109559304112,17.0
-1.2909904935163827,0.7119138096495661,2.4241103956969276e-10,0.00011216109559304112,16.0
-1.2909876718425812,0.7119132277567934,2.4241103956969276e-10,0.00011216109559304112,16.0
-1.2909863336986436,0.7119127914244804,2.4241103956969276e-10,0.00011216109559304112,15.0
-1.2909849665822404,0.7119121224397783,2.4241103956969276e-10,0.00011216109559304112,15.0
-1.2909836867323,0.71191151157454,2.4241103956969276e-10,0.00011216109559304112,15.0
-1.290982435854825,0.7119109007093019,2.4241103956969276e-10,0.00011216109559304112,13.0
-1.2909797887139487,0.7119095917123629,2.4241103956969276e-10,0.00011216109559304112,12.0
-1.2909771707200706,0.7119084281013506,2.4241103956969276e-10,0.00011216109559304112,12.0
-1.29097589087013,0.711907846383111,2.4241103956969276e-10,0.00011216109559304112,13.0
-1.290974581873191,0.7119071482514101,2.4241103956969276e-10,0.00011216109559304112,12.0
-1.2909731856097895,0.7119063920002451,2.4241103956969276e-10,0.00011216109559304112,12.0
-1.290971789346388,0.7119056938685443,2.4241103956969276e-10,0.00011216109559304112,11.0
-1.2909704512024505,0.7119048501763839,2.4241103956969276e-10,0.00011216109559304112,9.0
-1.2909678915025695,0.7119027557812815,2.4241103956969276e-10,0.00011216109559304112,8.0
-1.2909666114780962,0.71190185414419,2.4241103956969276e-10,0.00011216109559304112,6.0
-1.2909655061610807,0.7119012141319533,2.4241103956969276e-10,0.00011216109559304112,5.0
-1.2909646916159188,0.7119008069466387,2.4241103956969276e-10,0.00011216109559304112,5.0
-1.290964051778215,0.7119004868532539,0.0,0.0,5.0
-1.2909632080860545,0.7118994979496999,0.0,0.0,5.0
-1.2909637027123646,0.7118987998179991,0.0,0.0,5.0
-1.2909644298165308,0.7118982179252265,0.0,0.0,5.0
-1.290991715246859,0.7118726488516847,0.0,0.0,5.0
-1.2909973003004656,0.7118739869956221,3.563940041721352e-10,0.000132149020818393,7.0
-1.2909986965638671,0.7118748888072466,3.563940041721352e-10,0.000132149020818393,7.0
-1.2910031471534598,0.7118782921992881,3.563940041721352e-10,0.000132149020818393,9.0
-1.291004630683324,0.7118790775974514,3.563940041721352e-10,0.000132149020818393,10.0
-1.291006055919191,0.7118798629956149,3.563940041721352e-10,0.000132149020818393,11.0
-1.291007481329591,0.7118804447138546,3.563940041721352e-10,0.000132149020818393,11.0
-1.2910086449406035,0.7118812592590164,3.563940041721352e-10,0.000132149020818393,11.0
-1.2910097502576188,0.7118819573907172,3.563940041721352e-10,0.000132149020818393,11.0
-1.2910110592545578,0.7118825099619585,3.563940041721352e-10,0.000132149020818393,12.0
-1.2910122809850342,0.7118831208271966,4.5602232979655967e-10,0.00011533708529412622,12.0
-1.291013531862509,0.7118835863065082,4.5602232979655967e-10,0.00011533708529412622,12.0
-1.2910159753234618,0.7118846626510579,4.5602232979655967e-10,0.00011533708529412622,13.0
-1.291017342439865,0.7118854189022227,4.5602232979655967e-10,0.00011533708529412622,14.0
-1.2910187968227307,0.7118860589144593,4.605251844929804e-11,3.3358967411541976e-05,15.0
-1.2910215603770683,0.7118870769650122,4.605251844929804e-11,3.3358967411541976e-05,15.0
-1.2910229274934713,0.7118876878302502,4.605251844929804e-11,3.3358967411541976e-05,15.0
-1.2910242364904103,0.7118883859619513,4.605251844929804e-11,3.3358967411541976e-05,15.0
-1.2910255454873494,0.7118889387077252,4.605251844929804e-11,3.3358967411541976e-05,16.0
-1.2910270871366776,0.7118894623065007,4.605251844929804e-11,3.3358967411541976e-05,17.0
-1.291028541694076,0.7118899567582779,4.605251844929804e-11,3.3358967411541976e-05,17.0
-1.2910330795501315,0.7118915567016032,4.605251844929804e-11,3.3358967411541976e-05,19.0
-1.2910376755256507,0.7118934182697834,3.05123084713532e-11,3.999871257669087e-05,19.0
-1.2910394208549028,0.7118940291350215,3.05123084713532e-11,3.999871257669087e-05,18.0
-1.2910411370371562,0.7118945818807957,4.2467780652145015e-11,3.348763087482086e-05,18.0
-1.2910442205103456,0.7118955709588829,4.2467780652145015e-11,3.348763087482086e-05,16.0
-1.2910457621596738,0.7118962690905837,4.2467780652145015e-11,3.348763087482086e-05,19.0
-1.291047507488926,0.711897432527063,4.2467780652145015e-11,3.348763087482086e-05,19.0
-1.2910507073755766,0.7118990324703882,4.2467780652145015e-11,3.348763087482086e-05,19.0
-1.2910521909054409,0.7118996141886279,4.2467780652145015e-11,3.348763087482086e-05,19.0
-1.291055157965169,0.7119006905331776,2.1269637180825268e-10,9.77024669872112e-05,21.0
-1.2910564378151097,0.7119011849849547,4.833806294941338e-11,3.606047466233222e-05,21.0
-1.2910575141596594,0.7119013886648784,4.833806294941338e-11,3.606047466233222e-05,21.0
-1.2910583576772867,0.7119017085837304,4.833806294941338e-11,3.606047466233222e-05,20.0
-1.2910605974583158,0.7119023777429656,4.833806294941338e-11,3.606047466233222e-05,21.0
-1.2910618774827893,0.7119026395423533,4.833806294941338e-11,3.606047466233222e-05,22.0
-1.2910631864797284,0.7119031631411289,4.833806294941338e-11,3.606047466233222e-05,22.0
-1.2910661535394568,0.711904093925219,4.833806294941338e-11,3.606047466233222e-05,21.0
-1.291067695188785,0.7119045302575321,4.833806294941338e-11,3.606047466233222e-05,21.0
-1.2910706041290492,0.7119058101074724,2.453541007589686e-11,2.372400885005302e-05,21.0
-1.2910719131259885,0.7119067991855597,2.453541007589686e-11,2.372400885005302e-05,22.0
-1.2910747056527916,0.7119079045025749,2.453541007589686e-11,2.372400885005302e-05,21.0
-1.2910759563557335,0.7119082535684254,2.453541007589686e-11,2.372400885005302e-05,20.0
-1.2910782544307597,0.7119086317812743,2.4465652686659727e-11,2.287575899361813e-05,20.0
-1.2910790398289231,0.7119087771672009,2.4465652686659727e-11,2.287575899361813e-05,19.0
-1.2910809888380987,0.7119063337062482,2.4465652686659727e-11,2.287575899361813e-05,18.0
-1.291081017810564,0.7119060719068604,2.4465652686659727e-11,2.287575899361813e-05,18.0
-1.2910843049636775,0.7119025522758908,2.4465652686659727e-11,2.287575899361813e-05,18.0
-1.291084566763065,0.7119037157123702,2.4465652686659727e-11,2.287575899361813e-05,17.0
-1.2910848866819171,0.7119046756434587,2.4465652686659727e-11,2.287575899361813e-05,17.0
-1.291085206600769,0.7119055483080847,2.4465652686659727e-11,2.287575899361813e-05,17.0
-1.2910856139606164,0.7119062755867841,2.4465652686659727e-11,2.287575899361813e-05,17.0
-1.2910866320111691,0.7119072936373367,2.4465652686659727e-11,2.287575899361813e-05,18.0
-1.291087504675795,0.7119074100507979,2.4465652686659727e-11,2.287575899361813e-05,18.0
-1.2910888428197327,0.7119077882636466,2.4465652686659727e-11,2.287575899361813e-05,18.0
-1.2910901807891373,0.7119078172361123,2.4465652686659727e-11,2.287575899361813e-05,19.0
-1.291091548080073,0.7119079045025749,1.8321229943966898e-10,9.041107711612195e-05,20.0
-1.2910925952776244,0.7119081081824986,1.8321229943966898e-10,9.041107711612195e-05,18.0
-1.2910936424751756,0.7119083408348879,1.8321229943966898e-10,9.041107711612195e-05,18.0
-1.2910945441122672,0.7119090099941231,1.8321229943966898e-10,9.041107711612195e-05,18.0
-1.29109547507089,0.7119095335928988,1.8321229943966898e-10,9.041107711612195e-05,19.0
-1.2910964639744442,0.7119099988976774,1.8321229943966898e-10,9.041107711612195e-05,20.0
-1.2910975111719956,0.7119104643769889,1.8321229943966898e-10,9.041107711612195e-05,19.0
-1.2910985002500828,0.7119108715623033,1.8321229943966898e-10,9.041107711612195e-05,19.0
-1.2910993729147089,0.7119112789221508,1.8321229943966898e-10,9.041107711612195e-05,19.0
-1.2911008855915713,0.7119118314933919,1.8321229943966898e-10,9.041107711612195e-05,20.0
-1.2911015837232722,0.7119120060263171,1.8321229943966898e-10,9.041107711612195e-05,19.0
-1.2911020490280507,0.7119122388532393,1.8321229943966898e-10,9.041107711612195e-05,18.0
-1.2911036781183745,0.7119126168915554,1.8321229943966898e-10,9.041107711612195e-05,19.0
-1.2911051906207043,0.7119122388532393,1.8321229943966898e-10,9.041107711612195e-05,19.0
-1.29110620884579,0.7119123550921675,1.8321229943966898e-10,9.041107711612195e-05,19.0
-1.291107256043341,0.7119126460385539,1.8321229943966898e-10,9.041107711612195e-05,18.0
-1.2911077504951183,0.7119127041580179,1.8321229943966898e-10,9.041107711612195e-05,18.0
-1.2911083613603564,0.7119128205714791,1.8321229943966898e-10,9.041107711612195e-05,18.0
-1.291108884959132,0.7119127333050164,1.8321229943966898e-10,9.041107711612195e-05,18.0
-1.2911112703006207,0.7119137513555691,1.474093956225384e-10,9.588944846763368e-05,20.0
-1.2911126374170239,0.711914013154957,1.220609616504598e-10,6.972154941916635e-05,19.0
-1.2911139172669643,0.7119143622208073,1.220609616504598e-10,6.972154941916635e-05,19.0
-1.2911151100249751,0.7119148568471173,1.220609616504598e-10,6.972154941916635e-05,19.0
-1.2911163317554515,0.7119152348854333,1.220609616504598e-10,6.972154941916635e-05,19.0
-1.2911175534859278,0.7119155839512836,1.220609616504598e-10,6.972154941916635e-05,18.0
-1.2911197641199585,0.7119164566159096,1.220609616504598e-10,6.972154941916635e-05,19.0
-1.291120927730971,0.7119169802146854,1.220609616504598e-10,6.972154941916635e-05,18.0
-1.2911233130724595,0.7119182602391588,1.220609616504598e-10,6.972154941916635e-05,17.0
-1.2911246510418641,0.7119188128103999,1.220609616504598e-10,6.972154941916635e-05,21.0
-1.2911274145962015,0.7119199764214122,1.220609616504598e-10,6.972154941916635e-05,20.0
-1.2911286071796795,0.7119207326725772,5.14932901839417e-11,3.741524346983369e-05,20.0
-1.2911295089913042,0.7119216344842016,5.14932901839417e-11,3.741524346983369e-05,20.0
-1.291135064897912,0.711923728879304,5.14932901839417e-11,3.741524346983369e-05,23.0
-1.2911368683466282,0.7119245142774673,5.14932901839417e-11,3.741524346983369e-05,21.0
-1.2911384974369517,0.7119254450615574,5.14932901839417e-11,3.741524346983369e-05,20.0
-1.2911419298014588,0.7119268123524936,4.8629886438407027e-11,4.06378368339952e-05,20.0
-1.291143733424708,0.7119275686036582,4.8629886438407027e-11,4.06378368339952e-05,18.0
-1.2911455660204223,0.7119282958823577,4.8629886438407027e-11,4.06378368339952e-05,18.0
-1.2911474567356012,0.7119289940140585,4.8629886438407027e-11,4.06378368339952e-05,19.0
-1.2911491729178546,0.7119296048792967,4.8629886438407027e-11,4.06378368339952e-05,19.0
-1.29115077286118,0.711929953945147,1.951517792073079e-10,0.00011296267618993023,20.0
-1.2911524309239693,0.7119304483969242,1.951517792073079e-10,0.00011296267618993023,20.0
-1.2911542054002196,0.7119307974627747,1.951517792073079e-10,0.00011296267618993023,20.0
-1.2911558634630091,0.7119313502085487,1.951517792073079e-10,0.00011296267618993023,18.0
-1.2911574632318015,0.7119316992743989,1.951517792073079e-10,0.00011296267618993023,19.0
-1.2911605758519895,0.7119326300584891,1.951517792073079e-10,0.00011296267618993023,17.0
-1.2911620593818538,0.7119329791243396,1.951517792073079e-10,0.00011296267618993023,17.0
-1.2911633683787926,0.7119332700707258,1.951517792073079e-10,0.00011296267618993023,16.0
-1.2911658408122113,0.7119338809359641,3.0296608876013163e-10,0.00015625625047798733,15.0
-1.2911662190250601,0.7119338517889656,3.0296608876013163e-10,0.00015625625047798733,15.0
-1.291167528021999,0.711935131638906,3.0296608876013163e-10,0.00015625625047798733,15.0
-1.2911680224737763,0.7119354807047563,3.0296608876013163e-10,0.00015625625047798733,14.0
-1.291168837018938,0.7119357135316786,3.0296608876013163e-10,0.00015625625047798733,14.0
-1.2911712223604266,0.7119355389987534,3.0296608876013163e-10,0.00015625625047798733,13.0
-1.2911724440909031,0.7119349862529792,3.0296608876013163e-10,0.00015625625047798733,13.0
-1.2911747711383947,0.7119343462407427,3.0296608876013163e-10,0.00015625625047798733,12.0
-1.291176807414033,0.7119332990431915,3.0296608876013163e-10,0.00015625625047798733,11.0
-1.2911787272762103,0.7119324263785654,3.0296608876013163e-10,0.00015625625047798733,10.0
-1.2911793089944499,0.7119322809926387,3.0296608876013163e-10,0.00015625625047798733,10.0
-1.2911802689255387,0.7119318446603258,3.0296608876013163e-10,0.00015625625047798733,10.0
-1.2911834396651907,0.7119295176128341,3.0296608876013163e-10,0.00015625625047798733,11.0
-1.291183846850505,0.7119292558134462,3.0296608876013163e-10,0.00015625625047798733,11.0
-1.2911844285687448,0.7119287030676721,3.0296608876013163e-10,0.00015625625047798733,11.0
-1.2911849521675205,0.7119281213494324,3.0296608876013163e-10,0.00015625625047798733,11.0
-1.291186173897997,0.7119266086725698,3.7694775995819887e-10,0.0001734026499608096,11.0
-1.291186726643771,0.711925794127408,3.7694775995819887e-10,0.0001734026499608096,9.0
-1.2911873083620107,0.7119249506097803,3.7694775995819887e-10,0.0001734026499608096,8.0
-1.29118803564071,0.7119241070921529,3.7694775995819887e-10,0.0001734026499608096,8.0
-1.291188850185872,0.7119232052805283,0.0,0.0,7.0
-1.2911898973834233,0.7119219544030535,0.0,0.0,7.0
-1.2911909154339756,0.7119209944719649,0.0,0.0,6.0
-1.2911918172456003,0.711919918301948,0.0,0.0,5.0
-1.2911938243742402,0.7119181146786991,0.0,0.0,6.0
-1.2911947843053286,0.7119171547476104,0.0,0.0,5.0
-1.2911956569699545,0.7119161075500593,0.0,0.0,5.0
-1.2911968495534327,0.7119145659007311,0.0,0.0,5.0
-1.291197634951596,0.7119133441702546,0.0,0.0,5.0
-1.291198391202761,0.7119119770538517,0.0,0.0,5.0
-1.291199438400312,0.7119105224964529,0.0,0.0,5.0
-1.2912017656223367,0.7119076427031873,0.0,0.0,6.0
-1.291202434607039,0.7119068864520222,0.0,0.0,6.0
-1.2912031908582038,0.7119059556679321,0.0,0.0,5.0
-1.2912043544692162,0.7119048793233824,0.0,0.0,5.0
-1.2912047908015294,0.7119044138440709,0.0,0.0,5.0
-1.2912053725197687,0.711901417811877,0.0,0.0,7.0
-1.291205430813766,0.7119000505209409,0.0,0.0,7.0
-1.2912056343191567,0.7118985961380753,0.0,0.0,7.0
-1.2912057215856192,0.7118971998746736,0.0,0.0,7.0
-1.291205808852082,0.7118958327582706,3.3854525107592537e-10,0.000187987085097645,7.0
-1.2912058379990803,0.7118941455484826,3.3854525107592537e-10,0.000187987085097645,8.0
-1.2912057507326176,0.7118931856173941,3.3854525107592537e-10,0.000187987085097645,8.0
-1.2912058379990803,0.7118922256863055,3.3854525107592537e-10,0.000187987085097645,9.0
-1.2912057798796162,0.7118919930339161,3.0675461560319503e-10,0.0001414148973166573,8.0
-1.2912056343191567,0.7118912366082185,3.0675461560319503e-10,0.0001414148973166573,8.0
-1.2912055761996926,0.7118902766771298,3.0675461560319503e-10,0.0001414148973166573,8.0
-1.2912054597862315,0.7118890549466534,3.0675461560319503e-10,0.0001414148973166573,9.0
-1.2912052271338421,0.7118868732850885,3.0675461560319503e-10,0.0001414148973166573,10.0
-1.2912051398673794,0.7118858843815343,3.0675461560319503e-10,0.0001414148973166573,10.0
-1.2912049944814528,0.7118848953034471,3.0675461560319503e-10,0.0001414148973166573,10.0
-1.291205169014378,0.7118838772528945,3.0675461560319503e-10,0.0001414148973166573,10.0
-1.2912055761996926,0.7118818118302577,3.0675461560319503e-10,0.0001414148973166573,10.0
-1.291205808852082,0.7118814046449431,3.0675461560319503e-10,0.0001414148973166573,11.0
-1.291206478011317,0.7118799792345429,1.353588828038494e-10,6.877641684652325e-05,11.0
-1.2912068851966316,0.7118785539986758,1.353588828038494e-10,6.877641684652325e-05,11.0
-1.291207408795407,0.7118767503754269,1.353588828038494e-10,6.877641684652325e-05,12.0
-1.2912073796484087,0.7118755286449505,1.353588828038494e-10,6.877641684652325e-05,12.0
-1.291206797930169,0.7118731724504602,1.353588828038494e-10,6.877641684652325e-05,12.0
-1.2912065652777795,0.7118724161992953,1.353588828038494e-10,6.877641684652325e-05,13.0
-1.2912056926131537,0.7118719798669825,1.353588828038494e-10,6.877641684652325e-05,13.0
-1.29120455814914,0.7118715435346694,1.353588828038494e-10,6.877641684652325e-05,14.0
-1.29120348180459,0.7118712817352815,1.353588828038494e-10,6.877641684652325e-05,14.0
-1.29120205639419,0.7118709326694312,1.353588828038494e-10,6.877641684652325e-05,15.0
-1.2911990893344616,0.7118700891518036,1.353588828038494e-10,6.877641684652325e-05,16.0
-1.2911976058045975,0.7118695364060296,9.608014191737687e-11,6.469234240497483e-05,16.0
-1.2911962968076587,0.7118690419542525,9.608014191737687e-11,6.469234240497483e-05,16.0
-1.2911949005442567,0.7118681692896265,9.608014191737687e-11,6.469234240497483e-05,16.0
-1.2911933007754643,0.7118676165438524,9.608014191737687e-11,6.469234240497483e-05,17.0
-1.2911865812578445,0.7118608970262323,8.804296360643149e-11,4.059205811008791e-05,17.0
-1.2911849813145189,0.7118601407750672,8.804296360643149e-11,4.059205811008791e-05,17.0
-1.2911830323053433,0.7118595880292933,8.804296360643149e-11,4.059205811008791e-05,17.0
-1.2911795999408364,0.7118587445116656,8.804296360643149e-11,4.059205811008791e-05,19.0
-1.291177999997511,0.7118583081793527,8.804296360643149e-11,4.059205811008791e-05,20.0
-1.2911769527999597,0.7118573772207297,8.804296360643149e-11,4.059205811008791e-05,20.0
-1.2911757891889475,0.7118565628501007,8.804296360643149e-11,4.059205811008791e-05,19.0
-1.2911738984737688,0.7118560101043265,6.12255121292854e-11,3.38027064962177e-05,18.0
-1.2911733457279948,0.7118552538531617,6.12255121292854e-11,3.38027064962177e-05,18.0
-1.2911724440909031,0.7118512104488837,6.12255121292854e-11,3.38027064962177e-05,20.0
-1.2911707568811153,0.7118502505177949,6.12255121292854e-11,3.38027064962177e-05,17.0
-1.2911699133634877,0.711849814185482,6.12255121292854e-11,3.38027064962177e-05,18.0
-1.2911688661659364,0.7118495232390957,6.12255121292854e-11,3.38027064962177e-05,18.0
-1.291167906234848,0.7118495232390957,6.12255121292854e-11,3.38027064962177e-05,17.0
-1.2911671208366846,0.7118497560660179,6.12255121292854e-11,3.38027064962177e-05,17.0
-1.291166277144524,0.7118503086372591,6.12255121292854e-11,3.38027064962177e-05,17.0
-1.2911655790128234,0.71185100676896,6.12255121292854e-11,3.38027064962177e-05,16.0
-1.2911648808811225,0.7118516759281952,6.12255121292854e-11,3.38027064962177e-05,16.0
-1.2911642118964204,0.7118524030323614,6.12255121292854e-11,3.38027064962177e-05,16.0
-1.291163310084796,0.7118538575897603,6.12255121292854e-11,3.38027064962177e-05,19.0
-1.291162670247092,0.7118545846939265,6.12255121292854e-11,3.38027064962177e-05,19.0
-1.2911621175013177,0.7118552538531617,6.12255121292854e-11,3.38027064962177e-05,19.0
-1.2911616520220064,0.7118558355714015,6.846916206258648e-11,3.681817971126153e-05,19.0
-1.2911612448366918,0.7118562427567159,6.846916206258648e-11,3.681817971126153e-05,18.0
-1.29116092491784,0.7118564464366396,6.846916206258648e-11,3.681817971126153e-05,18.0
-1.2911605758519895,0.7118566501165633,6.846916206258648e-11,3.681817971126153e-05,18.0
-1.29115856872335,0.7118569408884167,6.846916206258648e-11,3.681817971126153e-05,17.0
-1.2911582486299649,0.7118572026878045,6.846916206258648e-11,3.681817971126153e-05,17.0
-1.2911579287111132,0.7118576973141145,6.846916206258648e-11,3.681817971126153e-05,18.0
-1.291157434259336,0.7118582498853557,6.846916206258648e-11,3.681817971126153e-05,17.0
-1.2911560088489358,0.7118599079481451,6.846916206258648e-11,3.681817971126153e-05,17.0
-1.2911551070373113,0.7118608389067682,6.846916206258648e-11,3.681817971126153e-05,17.0
-1.2911534781215204,0.711862525942023,6.846916206258648e-11,3.681817971126153e-05,16.0
-1.2911525473374303,0.7118634277536475,6.846916206258648e-11,3.681817971126153e-05,16.0
-1.2911518492057295,0.7118644749511988,6.105309866840407e-11,4.3574829478837796e-05,17.0
-1.2911494057447768,0.7118664239603744,6.105309866840407e-11,4.3574829478837796e-05,16.0
-1.2911441406100221,0.7118654348822874,1.610123911203737e-10,8.481887868931654e-05,19.0
-1.2911427151996222,0.7118649985499743,1.610123911203737e-10,8.481887868931654e-05,19.0
-1.2911414062026834,0.7118644749511988,1.610123911203737e-10,8.481887868931654e-05,19.0
-1.2911400972057443,0.7118640677658843,1.610123911203737e-10,8.481887868931654e-05,18.0
-1.2911391372746557,0.7118635441671087,1.610123911203737e-10,8.481887868931654e-05,18.0
-1.2911383229040267,0.711862904154872,1.610123911203737e-10,8.481887868931654e-05,18.0
-1.2911373919454037,0.7118624386755605,1.610123911203737e-10,8.481887868931654e-05,17.0
-1.2911364611613134,0.7118621187567087,1.610123911203737e-10,8.481887868931654e-05,17.0
-1.2911355884966875,0.7118619733707818,1.610123911203737e-10,8.481887868931654e-05,17.0
-1.2911349776314494,0.7118618569573207,1.610123911203737e-10,8.481887868931654e-05,17.0
-1.2911344831796723,0.7118617405438598,1.610123911203737e-10,8.481887868931654e-05,17.0
-1.2911332904216613,0.7118614497720063,1.610123911203737e-10,8.481887868931654e-05,18.0
-1.291132301518107,0.7118614206250078,5.38415858737986e-11,4.164038830385507e-05,15.0
-1.2911313415870185,0.7118612460920826,5.38415858737986e-11,4.164038830385507e-05,15.0
-1.2911304689223928,0.7118611296786215,5.38415858737986e-11,4.164038830385507e-05,15.0
-1.2911297707906917,0.7118609842926948,5.38415858737986e-11,4.164038830385507e-05,15.0
-1.291129130778455,0.7118607806127711,5.38415858737986e-11,4.164038830385507e-05,15.0
-1.2911265419315758,0.7118600535086047,5.38415858737986e-11,4.164038830385507e-05,14.0
-1.2911256401199511,0.7118595588822948,5.38415858737986e-11,4.164038830385507e-05,14.0
-1.2911237202577739,0.711858424418281,5.38415858737986e-11,4.164038830385507e-05,13.0
-1.2911217131291342,0.7118574936341908,5.38415858737986e-11,4.164038830385507e-05,14.0
-1.2911206950785816,0.711857173715339,5.38415858737986e-11,4.164038830385507e-05,13.0
-1.2911197351474928,0.711856737383026,5.38415858737986e-11,4.164038830385507e-05,14.0
-1.2911189787217952,0.7118562137842505,5.38415858737986e-11,4.164038830385507e-05,14.0
-1.291117466219465,0.7118555156525495,7.568615797295297e-11,6.369260054742803e-05,14.0
-1.2911167680877647,0.7118552247061632,7.568615797295297e-11,6.369260054742803e-05,14.0
-1.2911160116620666,0.7118549629067754,7.568615797295297e-11,6.369260054742803e-05,14.0
-1.2911152554109018,0.7118547011073877,7.568615797295297e-11,6.369260054742803e-05,14.0
-1.2911138300005016,0.7118540902421494,7.568615797295297e-11,6.369260054742803e-05,14.0
-1.291113131868801,0.7118538284427617,7.568615797295297e-11,6.369260054742803e-05,14.0
-1.2911124337371003,0.7118534212574472,7.568615797295297e-11,6.369260054742803e-05,13.0
-1.2911117066329338,0.7118531594580593,7.568615797295297e-11,6.369260054742803e-05,13.0
-1.291110950207236,0.7118527231257463,7.568615797295297e-11,6.369260054742803e-05,13.0
-1.2911102231030696,0.7118523449128975,7.568615797295297e-11,6.369260054742803e-05,13.0
-1.291109321291445,0.7118522867934334,7.568615797295297e-11,6.369260054742803e-05,14.0
-1.2911084194798206,0.7118519377275829,7.568615797295297e-11,6.369260054742803e-05,13.0
-1.2911064123511808,0.7118496105055583,2.2495006444502624e-10,0.0001163265324773406,13.0
-1.2911051906207043,0.7118489415208559,2.2495006444502624e-10,0.0001163265324773406,13.0
-1.291103968890228,0.7118483015086192,2.2495006444502624e-10,0.0001163265324773406,12.0
-1.2911027471597514,0.7118477197903798,2.2495006444502624e-10,0.0001163265324773406,10.0
-1.2911014381628125,0.7118471089251415,2.2495006444502624e-10,0.0001163265324773406,10.0
-1.2910986166635436,0.7118457999282026,2.2921805911409704e-10,9.484294115278527e-05,9.0
-1.2910971621061453,0.7118451599159659,2.2921805911409704e-10,9.484294115278527e-05,9.0
-1.2910956496038153,0.7118445200782619,2.2921805911409704e-10,9.484294115278527e-05,9.0
-1.2910941369269526,0.7118439092130238,2.2921805911409704e-10,9.484294115278527e-05,9.0
-1.291092740663551,0.7118432983477856,2.2921805911409704e-10,9.484294115278527e-05,9.0
-1.2910912862806856,0.7118427456020114,2.2921805911409704e-10,9.484294115278527e-05,8.0
-1.291089948136748,0.7118422511502344,2.2921805911409704e-10,9.484294115278527e-05,8.0
-1.2910886391398089,0.711841843790387,2.2921805911409704e-10,9.484294115278527e-05,7.0
-1.2910874755287967,0.7118414657520709,2.2921805911409704e-10,9.484294115278527e-05,7.0
-1.2910863993587798,0.7118410294197578,2.2921805911409704e-10,9.484294115278527e-05,8.0
-1.2910853521612284,0.7118405347934479,1.0232997752179604e-10,4.1878154625343035e-05,8.0
-1.2910842466696804,0.7118401276081335,1.0232997752179604e-10,4.1878154625343035e-05,9.0
-1.2910832286191276,0.711839720422819,1.0232997752179604e-10,4.1878154625343035e-05,10.0
-1.2910823559545017,0.7118392549435075,1.0232997752179604e-10,4.1878154625343035e-05,10.0
-1.291081396023413,0.7118390222911182,1.0232997752179604e-10,4.1878154625343035e-05,10.0
-1.291080639772248,0.711838789464196,1.0232997752179604e-10,4.1878154625343035e-05,10.0
-1.2910800870264743,0.7118385859588053,1.0232997752179604e-10,4.1878154625343035e-05,10.0
-1.2910775562990586,0.7118376841471806,1.0232997752179604e-10,4.1878154625343035e-05,10.0
-1.291076683634433,0.7118373059343319,1.0232997752179604e-10,4.1878154625343035e-05,11.0
-1.291075607289883,0.7118368696020189,1.0232997752179604e-10,4.1878154625343035e-05,10.0
-1.2910744728258694,0.7118363460032432,1.0232997752179604e-10,4.1878154625343035e-05,8.0
-1.2910733093893898,0.7118358224044674,1.0232997752179604e-10,4.1878154625343035e-05,9.0
-1.291071942098454,0.7118352698332264,1.0232997752179604e-10,4.1878154625343035e-05,8.0
-1.291069178718649,0.711834106222214,0.0,0.0,8.0
-1.291067811602246,0.7118336698899012,0.0,0.0,8.0
-1.2910666188442355,0.7118332044105895,0.0,0.0,8.0
-1.2910655716466841,0.7118325935453514,0.0,0.0,8.0
-1.29106443718267,0.7118321863600369,0.0,0.0,8.0
-1.2910631864797284,0.711831808147188,4.95669048522934e-10,0.00011837762460787979,7.0
-1.2910619937217176,0.7118316046417972,4.95669048522934e-10,0.00011837762460787979,7.0
-1.2910609756711648,0.7118311972819498,4.95669048522934e-10,0.00011837762460787979,7.0
-1.2910587358901355,0.7118305864167116,4.95669048522934e-10,0.00011837762460787979,8.0
-1.2910576303985875,0.7118300338454705,4.95669048522934e-10,0.00011837762460787979,8.0
-1.2910565542285706,0.7118293646862353,4.95669048522934e-10,0.00011837762460787979,8.0
-1.2910528017706788,0.7118280267168307,3.972681787819785e-10,0.00021544635355087239,8.0
-1.2910514636267414,0.711827561237519,3.972681787819785e-10,0.00021544635355087239,8.0
-1.291050125482804,0.7118271540522046,3.972681787819785e-10,0.00021544635355087239,7.0
-1.2910487292194024,0.7118267466923572,3.972681787819785e-10,0.00021544635355087239,6.0
-1.2910475947553886,0.7118262813875786,3.972681787819785e-10,0.00021544635355087239,6.0
-1.291046431318909,0.7118259323217283,3.972681787819785e-10,0.00021544635355087239,6.0
-1.2910444241902694,0.7118251758960304,3.972681787819785e-10,0.00021544635355087239,6.0
-1.291043522378645,0.7118248559771786,3.972681787819785e-10,0.00021544635355087239,6.0
-1.2910425915945547,0.711824448791864,3.972681787819785e-10,0.00021544635355087239,6.0
-1.2910416025164675,0.7118240997260137,3.972681787819785e-10,0.00021544635355087239,6.0
-1.2910406134383805,0.7118238087796273,3.972681787819785e-10,0.00021544635355087239,6.0
-1.2910396535072919,0.7118234888607754,3.972681787819785e-10,0.00021544635355087239,5.0
-1.2910384900708125,0.7118232270613877,3.972681787819785e-10,0.00021544635355087239,5.0
-1.2910373264598003,0.7118229942344654,3.972681787819785e-10,0.00021544635355087239,5.0
-1.2910359883158629,0.7118227324350775,3.972681787819785e-10,0.00021544635355087239,5.0
-1.2910345920524613,0.7118224997826883,3.972681787819785e-10,0.00021544635355087239,5.0
-1.2910333413495192,0.711822208836302,3.972681787819785e-10,0.00021544635355087239,5.0
-1.2910325559513558,0.7118218016509874,0.0,0.0,5.0
-1.2910275817629875,0.7118186892053325,0.0,0.0,5.0
-1.2910269708977495,0.711818281845485,0.0,0.0,5.0
-1.2910258072867373,0.7118180200460973,0.0,0.0,5.0
-1.2910246728227233,0.7118179910736316,0.0,0.0,5.0
-1.2910224620141597,0.7118196199894226,0.0,0.0,4.0
-1.2910219094429187,0.7118202889741249,0.0,0.0,4.0
-1.291021269430682,0.7118210162528241,0.0,0.0,4.0
-1.2910206585654438,0.7118216852375264,0.0,0.0,4.0
-1.291020018553207,0.7118223833692272,0.0,0.0,4.0
-1.2910194076879689,0.7118230525284625,0.0,0.0,4.0
-1.2910173715868634,0.7118253504289556,0.0,0.0,5.0
-1.291016527894703,0.7118263686540411,0.0,0.0,5.0
-1.291014724445987,0.7118286665545344,0.0,0.0,4.0
-1.2910136772484357,0.7118299174320092,0.0,0.0,4.0
-1.2910126881703488,0.7118311391624857,0.0,0.0,4.0
-1.2910117865332569,0.711832302773498,0.0,0.0,4.0
-1.2910109138686312,0.7118333499710493,0.0,0.0,4.0
-1.29101021573693,0.7118343388746033,0.0,0.0,4.0
-1.2910096921381546,0.7118351534197652,0.0,0.0,4.0
-1.2910093139253058,0.7118357061655394,0.0,0.0,5.0
-1.2910088194735287,0.7118362006173166,0.0,0.0,5.0
-1.2910081213418279,0.7118366078026309,0.0,0.0,5.0
-1.29100736491613,0.711836666096628,0.0,0.0,5.0
-1.291006492251504,0.7118364915637028,0.0,0.0,4.0
-1.2910053869344889,0.7118361714703181,0.0,0.0,4.0
-1.2910039615240887,0.7118356188990768,0.0,0.0,4.0
-1.2910022453418353,0.71183497888684,0.0,0.0,3.0
-1.2909986965638671,0.7118336698899012,0.0,0.0,2.0
-1.2909967475546915,0.7118329717582002,0.0,0.0,2.0
-1.2909947112790532,0.7118324481594248,0.0,0.0,0.0
-1.29099241337856,0.7118320118271118,0.0,0.0,0.0
-1.2909901734229978,0.7118314882283361,0.0,0.0,0.0
-1.2909880209084315,0.7118309937765589,0.0,0.0,0.0
-1.2909858392468665,0.7118304701777833,0.0,0.0,0.0
-1.2909836867323,0.7118297720460826,0.0,0.0,1.0
-1.290981563190199,0.7118290447673832,0.0,0.0,1.0
-1.2909796141810232,0.7118281139832933,0.0,0.0,1.0
-1.2909777234658446,0.711827124905206,0.0,0.0,1.0
-1.2909758036036676,0.7118261068546535,0.0,0.0,1.0
-1.2909738256220262,0.7118251177765662,0.0,0.0,1.0
-1.290971905759849,0.7118240705790151,0.0,0.0,1.0
-1.2909699858976718,0.7118229942344654,0.0,0.0,1.0
-1.290968182274423,0.7118219761839129,0.0,0.0,1.0
-1.29096623343978,0.7118206671869738,0.0,0.0,1.0
-1.2909637608318287,0.7118193581900347,0.0,0.0,1.0
-1.2909589030569215,0.7118172929419309,4.026265515274108e-11,4.1187413743219546e-05,2.0
-1.2909565758348969,0.7118164492497704,4.026265515274108e-11,4.1187413743219546e-05,2.0
-1.290954336053868,0.7118156638516071,4.026265515274108e-11,4.1187413743219546e-05,2.0
-1.2909522708057641,0.7118149948669047,4.026265515274108e-11,4.1187413743219546e-05,3.0
-1.2909499435837395,0.7118144131486649,4.026265515274108e-11,4.1187413743219546e-05,3.0
-1.2909477619221745,0.711813860402891,4.026265515274108e-11,4.1187413743219546e-05,3.0
-1.2909434568930416,0.7118126386724146,4.026265515274108e-11,4.1187413743219546e-05,3.0
-1.2909412169374794,0.7118119986601779,4.026265515274108e-11,4.1187413743219546e-05,3.0
-1.2909388898899878,0.711811358822474,4.026265515274108e-11,4.1187413743219546e-05,3.0
-1.2909365628424962,0.7118106606907731,4.026265515274108e-11,4.1187413743219546e-05,3.0
-1.2909318794259812,0.7118093225468358,2.6344837555730337e-12,6.595454096442308e-06,3.0
-1.2909296396449523,0.7118086535621335,2.6344837555730337e-12,6.595454096442308e-06,3.0
-1.2909275452498497,0.7118079844028984,2.6344837555730337e-12,6.595454096442308e-06,3.0
-1.290925480001746,0.7118073445651945,2.6344837555730337e-12,6.595454096442308e-06,3.0
-1.290923472873106,0.7118065591670312,2.6344837555730337e-12,6.595454096442308e-06,3.0
-1.2909215238639304,0.7118057446218692,2.6344837555730337e-12,6.595454096442308e-06,4.0
-1.2909195748547548,0.7118048719572432,2.6344837555730337e-12,6.595454096442308e-06,4.0
-1.2909176549925774,0.7118040284396158,5.1896908266132226e-11,4.4311512974818164e-05,4.0
-1.2909158515438612,0.7118030102145301,5.1896908266132226e-11,4.4311512974818164e-05,4.0
-1.2909140480951455,0.7118020213109759,5.1896908266132226e-11,4.4311512974818164e-05,4.0
-1.290912390032356,0.7118009449664261,5.1896908266132226e-11,4.4311512974818164e-05,4.0
-1.290911139154881,0.711799577850023,5.1896908266132226e-11,4.4311512974818164e-05,3.0
-1.2909102664902552,0.7117979779066979,5.1896908266132226e-11,4.4311512974818164e-05,3.0
-1.2909094229726275,0.7117964652298352,5.1896908266132226e-11,4.4311512974818164e-05,3.0
-1.2909087538133925,0.7117948363140443,5.1896908266132226e-11,4.4311512974818164e-05,3.0
-1.2909076776433757,0.7117912292420792,5.1896908266132226e-11,4.4311512974818164e-05,3.0
-1.2909071540446,0.711789367673899,5.1896908266132226e-11,4.4311512974818164e-05,3.0
-1.2909066594182899,0.7117875059311858,0.0,0.0,3.0
-1.2909060485530517,0.7117856733354712,0.0,0.0,3.0
-1.2909054087153482,0.7117838115927582,0.0,0.0,3.0
-1.290904536050722,0.7117821535299688,0.0,0.0,3.0
-1.2909004634994454,0.711777092075138,1.0013993057088388e-11,1.3993415887269968e-05,3.0
-1.2908988345836545,0.7117755212788112,1.0013993057088388e-11,1.3993415887269968e-05,3.0
-1.290897176520865,0.7117739796294827,1.0013993057088388e-11,1.3993415887269968e-05,2.0
-1.2908953147781521,0.7117724669526202,1.0013993057088388e-11,1.3993415887269968e-05,3.0
-1.2908932786770466,0.7117709544502904,1.0013993057088388e-11,1.3993415887269968e-05,3.0
-1.2908914169343337,0.7117695871593545,1.0013993057088388e-11,1.3993415887269968e-05,2.0
-1.2908881589282188,0.7117669691654763,0.0,0.0,2.0
-1.2908854536678784,0.7117644384380609,0.0,0.0,4.0
-1.2908845520307866,0.7117629549081969,0.0,0.0,4.0
-1.2908823703692216,0.7117603079418533,0.0,0.0,6.0
-1.290881235905208,0.7117591151838424,0.0,0.0,6.0
-1.2908800722941955,0.7117580679862912,0.0,0.0,6.0
-1.2908791704825713,0.7117570499357386,0.0,0.0,6.0
-1.2908783269649435,0.711756206418111,0.0,0.0,6.0
-1.2908776288332426,0.7117554210199475,0.0,0.0,6.0
-1.2908770760874686,0.7117549263936376,0.0,0.0,6.0
-1.2908766689021542,0.711754519208323,0.0,0.0,7.0
-1.2908764071027665,0.7117542865559339,0.0,0.0,7.0
-1.2908753307582166,0.7117532102113842,0.0,0.0,7.0
-1.2908748363064397,0.7117528030260696,0.0,0.0,7.0
-1.290874312707664,0.7117522794272942,0.0,0.0,7.0
-1.2908729164442623,0.7117509412833566,0.0,0.0,7.0
-1.2908721310460989,0.7117502140046573,0.0,0.0,7.0
-1.2908713165009371,0.7117495158729563,0.0,0.0,7.0
-1.2908704729833096,0.7117488177412556,0.0,0.0,6.0
-1.2908695421992198,0.7117482360230158,2.616054401135992e-10,7.191061197897846e-05,6.0
-1.2908683494412085,0.7117477996907029,2.616054401135992e-10,7.191061197897846e-05,6.0
-1.290867156857731,0.7117473925053884,2.616054401135992e-10,7.191061197897846e-05,5.0
-1.2908658770077903,0.7117470434395382,2.616054401135992e-10,7.191061197897846e-05,5.0
-1.2908645097168543,0.7117466652266891,2.616054401135992e-10,7.191061197897846e-05,6.0
-1.2908629680675259,0.7117463161608387,2.616054401135992e-10,7.191061197897846e-05,8.0
-1.290861397271199,0.7117458506815273,2.616054401135992e-10,7.191061197897846e-05,9.0
-1.290859797327874,0.7117454726432113,2.616054401135992e-10,7.191061197897846e-05,9.0
-1.2908583429450082,0.7117449780169013,2.616054401135992e-10,7.191061197897846e-05,10.0
-1.2908568594151442,0.711744628951051,2.6436283699950577e-10,7.21548617424053e-05,10.0
-1.2908552886188172,0.7117444835651241,2.6436283699950577e-10,7.21548617424053e-05,10.0
-1.290853746969489,0.7117441636462722,2.6436283699950577e-10,7.21548617424053e-05,10.0
-1.2908519143737744,0.7117438726998859,2.6436283699950577e-10,7.21548617424053e-05,10.0
-1.2908501980169882,0.7117434944870371,2.6436283699950577e-10,7.21548617424053e-05,11.0
-1.2908484526877362,0.711743436367573,2.6436283699950577e-10,7.21548617424053e-05,12.0
-1.2908461547872427,0.7117423891700217,2.6436283699950577e-10,7.21548617424053e-05,12.0
-1.2908452821226168,0.711742127370634,2.6436283699950577e-10,7.21548617424053e-05,12.0
-1.2908448747627692,0.7117420692511699,2.6436283699950577e-10,7.21548617424053e-05,12.0
-1.2908426058347418,0.7117413711194691,2.6436283699950577e-10,7.21548617424053e-05,13.0
-1.290841849583577,0.7117419819847074,2.6436283699950577e-10,7.21548617424053e-05,12.0
-1.290841035038415,0.7117426509694097,2.6436283699950577e-10,7.21548617424053e-05,12.0
-1.2908401915207874,0.7117433782481087,2.6436283699950577e-10,7.21548617424053e-05,12.0
-1.2908392024427005,0.7117445708315868,2.6436283699950577e-10,7.21548617424053e-05,11.0
-1.2908387079909232,0.711745181696825,2.6436283699950577e-10,7.21548617424053e-05,11.0
-1.2908382716586104,0.7117458798285258,2.6436283699950577e-10,7.21548617424053e-05,11.0
-1.2908377772068331,0.7117463742803029,2.6436283699950577e-10,7.21548617424053e-05,12.0
-1.2908375154074454,0.7117473633583898,2.6502796913260757e-10,7.330977256243743e-05,12.0
-1.2908362064105066,0.7117493413400312,2.6502796913260757e-10,7.330977256243743e-05,13.0
-1.2908353337458804,0.7117498940858055,2.6502796913260757e-10,7.330977256243743e-05,12.0
-1.29083449005372,0.711750475804045,2.6502796913260757e-10,7.330977256243743e-05,13.0
-1.2908336173890942,0.7117511739357458,2.6502796913260757e-10,7.330977256243743e-05,13.0
-1.2908330648178528,0.7117519884809078,2.6502796913260757e-10,7.330977256243743e-05,13.0
-1.2908323956586174,0.7117528319985352,2.6502796913260757e-10,7.330977256243743e-05,13.0
-1.2908319012068405,0.7117536756906956,2.6502796913260757e-10,7.330977256243743e-05,12.0
-1.2908313194886007,0.711754402794862,2.6502796913260757e-10,7.330977256243743e-05,12.0
-1.290830941275752,0.7117550428070988,2.6502796913260757e-10,7.330977256243743e-05,13.0
-1.2908305049434392,0.7117554499924131,1.4043091515030202e-10,8.111755408783234e-05,13.0
-1.2908304176769765,0.7117557990582637,1.4043091515030202e-10,8.111755408783234e-05,13.0
-1.290829748692274,0.7117567008698882,1.4043091515030202e-10,8.111755408783234e-05,13.0
-1.2908293413324265,0.7117571663491996,1.4043091515030202e-10,8.111755408783234e-05,14.0
-1.2908284105483365,0.7117584170521417,1.4043091515030202e-10,8.111755408783234e-05,14.0
-1.290827683269637,0.7117591734778395,1.4043091515030202e-10,8.111755408783234e-05,14.0
-1.290825647168532,0.7117608896600929,1.4043091515030202e-10,8.111755408783234e-05,14.0
-1.2908246872374431,0.7117617042052549,1.6583570334409548e-10,5.3355792854648586e-05,14.0
-1.2908236108928934,0.7117629840551953,1.6583570334409548e-10,5.3355792854648586e-05,15.0
-1.2908224183094157,0.7117644675850596,1.6583570334409548e-10,5.3355792854648586e-05,14.0
-1.290820032967927,0.7117673182313269,1.6583570334409548e-10,5.3355792854648586e-05,14.0
-1.29081904388984,0.7117688890276537,1.6583570334409548e-10,5.3355792854648586e-05,15.0
-1.290818723970988,0.7117704017045164,1.6583570334409548e-10,5.3355792854648586e-05,14.0
-1.2908179966922888,0.7117717979679179,1.6583570334409548e-10,5.3355792854648586e-05,14.0
-1.290816978641736,0.7117730778178585,1.6583570334409548e-10,5.3355792854648586e-05,14.0
-1.290816164096574,0.7117743286953332,1.6583570334409548e-10,5.3355792854648586e-05,15.0
-1.290815233312484,0.7117755212788112,2.5853687653144576e-10,7.2744046417268e-05,14.0
-1.2908145351807832,0.7117767430092876,2.5853687653144576e-10,7.2744046417268e-05,14.0
-1.2908127898515311,0.7117793320307,1.325463501663497e-10,9.18358703706902e-05,15.0
-1.2908118590674411,0.7117805537611763,1.325463501663497e-10,9.18358703706902e-05,15.0
-1.2908112190552044,0.7117816590781917,1.325463501663497e-10,9.18358703706902e-05,15.0
-1.2908096482588776,0.7117838407397566,2.5682020506265845e-10,7.114019879195634e-05,15.0
-1.2908070883844638,0.7117870114794088,2.5682020506265845e-10,7.114019879195634e-05,15.0
-1.2908064193997613,0.7117879422634988,2.5682020506265845e-10,7.114019879195634e-05,15.0
-1.2908061867473724,0.7117888440751233,2.5682020506265845e-10,7.114019879195634e-05,13.0
-1.2908056340015979,0.7117898912726746,2.5682020506265845e-10,7.114019879195634e-05,13.0
-1.2908053430552118,0.7117908512037632,2.5682020506265845e-10,7.114019879195634e-05,14.0
-1.2908018815437061,0.7117949235805068,2.5339417294758486e-10,7.174497497548347e-05,15.0
-1.2908010380260788,0.7117962325774458,2.5339417294758486e-10,7.174497497548347e-05,15.0
-1.2908001653614527,0.7117975415743849,2.5339417294758486e-10,7.174497497548347e-05,13.0
-1.2907985654181275,0.7117992287841727,2.5339417294758486e-10,7.174497497548347e-05,14.0
-1.2907973728346496,0.711800450514649,2.5339417294758486e-10,7.174497497548347e-05,13.0
-1.2907960638377107,0.7118012940322764,1.7461995587892582e-10,7.943208563572146e-05,14.0
-1.2907949002266983,0.7118021958439011,1.7461995587892582e-10,7.943208563572146e-05,14.0
-1.290793969442608,0.7118026902956782,1.7461995587892582e-10,7.943208563572146e-05,14.0
-1.2907932713109074,0.7118031266279913,1.7461995587892582e-10,7.943208563572146e-05,14.0
-1.2907895769724798,0.7118036502267668,2.2329705801868388e-10,7.564943831875619e-05,14.0
-1.2907887043078536,0.7118033303079149,2.2329705801868388e-10,7.564943831875619e-05,14.0
-1.2907876571103023,0.7118030974809926,2.2329705801868388e-10,7.564943831875619e-05,14.0
-1.2907854173292734,0.7118026030292155,2.2329705801868388e-10,7.564943831875619e-05,15.0
-1.2907843701317223,0.7118022831103639,2.2329705801868388e-10,7.564943831875619e-05,15.0
-1.2907822465896213,0.7118016139511285,2.447473028714117e-10,6.899337333136082e-05,17.0
-1.2907811702450718,0.7118011486463498,2.447473028714117e-10,6.899337333136082e-05,18.0
-1.2907802686079801,0.7118006250475742,2.447473028714117e-10,6.899337333136082e-05,19.0
-1.2907767488024775,0.711799839649411,2.447473028714117e-10,6.899337333136082e-05,18.0
-1.2907754398055384,0.7117996940889514,2.447473028714117e-10,6.899337333136082e-05,18.0
-1.2907741308085996,0.7117995487030245,2.447473028714117e-10,6.899337333136082e-05,17.0
-1.2907716873476467,0.7117991415177102,2.447473028714117e-10,6.899337333136082e-05,17.0
-1.2907706982695595,0.7117987924518597,2.447473028714117e-10,6.899337333136082e-05,16.0
-1.2907698256049336,0.7117985015054734,2.447473028714117e-10,6.899337333136082e-05,16.0
-1.290769360300155,0.7117978614932368,2.447473028714117e-10,6.899337333136082e-05,16.0
-1.2907671203445932,0.7117957381256688,2.447473028714117e-10,6.899337333136082e-05,17.0
-1.2907665967458175,0.7117953017933557,2.447473028714117e-10,6.899337333136082e-05,17.0
-1.2907661314410388,0.7117949235805068,2.447473028714117e-10,6.899337333136082e-05,17.0
-1.2907656659617275,0.7117946326341206,2.447473028714117e-10,6.899337333136082e-05,16.0
-1.2907653460428756,0.7117943418622671,2.447473028714117e-10,6.899337333136082e-05,16.0
-1.2907643861117868,0.7117937891164932,2.447473028714117e-10,6.899337333136082e-05,16.0
-1.290764066018402,0.7117937018500304,0.0,0.0,16.0
-1.2907637169525517,0.7117936145835679,0.0,0.0,16.0
-1.2907632516477732,0.7117934981701067,0.0,0.0,16.0
-1.2907626116355364,0.7117933527841801,2.5285667550870555e-10,7.10810557892546e-05,16.0
-1.2907618553843714,0.7117933527841801,2.5285667550870555e-10,7.10810557892546e-05,16.0
-1.2907609827197453,0.711793294664716,2.5285667550870555e-10,7.10810557892546e-05,16.0
-1.290760197321582,0.7117931201317907,2.5285667550870555e-10,7.10810557892546e-05,16.0
-1.2907594700428828,0.7117929745713312,2.5285667550870555e-10,7.10810557892546e-05,16.0
-1.2907587137917178,0.7117928873048684,2.5285667550870555e-10,7.10810557892546e-05,16.0
-1.2907580156600171,0.711792800038406,2.5285667550870555e-10,7.10810557892546e-05,16.0
-1.2907572883813176,0.7117927127719434,2.5285667550870555e-10,7.10810557892546e-05,17.0
-1.290756590249617,0.7117927127719434,2.395841899077257e-10,9.896874330725196e-05,16.0
-1.2907560085313774,0.7117926837994778,2.395841899077257e-10,9.896874330725196e-05,16.0
-1.2907555139050673,0.7117923637060929,2.395841899077257e-10,9.896874330725196e-05,17.0
-1.2907548157733666,0.7117922183201663,2.395841899077257e-10,9.896874330725196e-05,17.0
-1.2907542632021254,0.7117917528408546,2.395841899077257e-10,9.896874330725196e-05,18.0
-1.2907535067764273,0.7117912002696135,2.395841899077257e-10,9.896874330725196e-05,18.0
-1.2907524014594123,0.7117908220567646,2.395841899077257e-10,9.896874330725196e-05,17.0
-1.2907500744119205,0.7117899785391372,2.395841899077257e-10,9.896874330725196e-05,17.0
-1.2907488816539097,0.7117895130598256,2.395841899077257e-10,9.896874330725196e-05,18.0
-1.290746496486954,0.7117887568086607,2.395841899077257e-10,9.896874330725196e-05,16.0
-1.2907453037289431,0.7117883785958118,2.395841899077257e-10,9.896874330725196e-05,16.0
-1.2907441692649293,0.7117879714104973,2.395841899077257e-10,9.896874330725196e-05,16.0
-1.2907430058284497,0.7117874767841873,2.395841899077257e-10,9.896874330725196e-05,15.0
-1.2907418422174377,0.7117869823324102,2.395841899077257e-10,9.896874330725196e-05,16.0
-1.2907407950198864,0.7117864295866361,2.395841899077257e-10,9.896874330725196e-05,15.0
-1.2907400968881857,0.7117859642818575,2.395841899077257e-10,9.896874330725196e-05,14.0
-1.2907383224119353,0.711781455398268,2.395841899077257e-10,9.896874330725196e-05,14.0
-1.29073864250532,0.7117807864135657,2.395841899077257e-10,9.896874330725196e-05,14.0
-1.2907400677411873,0.7117787211654618,2.5285667550870555e-10,7.10810557892546e-05,14.0
-1.2907404459540361,0.7117781103002234,2.5285667550870555e-10,7.10810557892546e-05,15.0
-1.2907408822863489,0.7117774702879868,2.5285667550870555e-10,7.10810557892546e-05,15.0
-1.2907413477656606,0.7117769466892113,2.5285667550870555e-10,7.10810557892546e-05,14.0
-1.2907418130704391,0.7117764230904357,2.5285667550870555e-10,7.10810557892546e-05,14.0
-1.2907422494027523,0.7117758994916601,2.5285667550870555e-10,7.10810557892546e-05,14.0
-1.290742627615601,0.7117754923063455,2.5285667550870555e-10,7.10810557892546e-05,15.0
-1.290742947534453,0.7117752594794233,2.5285667550870555e-10,7.10810557892546e-05,15.0
-1.2907454782618684,0.7117726706325439,6.05736308506378e-11,4.374452375813299e-05,14.0
-1.29074594374118,0.711772292419695,6.05736308506378e-11,4.374452375813299e-05,15.0
-1.2907463219540287,0.7117717688209194,6.05736308506378e-11,4.374452375813299e-05,15.0
-1.2907469328192667,0.7117707507703668,6.05736308506378e-11,4.374452375813299e-05,15.0
-1.2907472235911202,0.7117702852910551,6.05736308506378e-11,4.374452375813299e-05,15.0
-1.290747485390508,0.7117699362252048,6.05736308506378e-11,4.374452375813299e-05,16.0
-1.2907475726569706,0.7117689762941162,6.05736308506378e-11,4.374452375813299e-05,16.0
-1.2907476599234333,0.7117683945758766,6.05736308506378e-11,4.374452375813299e-05,16.0
-1.2907479217228213,0.7117678128576368,6.05736308506378e-11,4.374452375813299e-05,16.0
-1.2907479508698196,0.7117673473783253,6.05736308506378e-11,4.374452375813299e-05,16.0
-1.290747980016818,0.7117668818990138,6.05736308506378e-11,4.374452375813299e-05,15.0
-1.2907482126692074,0.7117661256478488,6.05736308506378e-11,4.374452375813299e-05,15.0
-1.2907488235344455,0.7117649911838352,6.05736308506378e-11,4.374452375813299e-05,14.0
-1.290750045264922,0.7117630713216578,6.05736308506378e-11,4.374452375813299e-05,14.0
-1.2907508306630855,0.7117620241241067,6.05736308506378e-11,4.374452375813299e-05,15.0
-1.290752110513026,0.7117608896600929,7.905187584505294e-11,4.520314512822301e-05,15.0
-1.2907533032710365,0.7117597260490807,7.905187584505294e-11,4.520314512822301e-05,15.0
-1.290755339372142,0.7117575735345142,1.607650417763315e-10,5.352078094511198e-05,16.0
-1.2907565029831543,0.7117561772711126,1.607650417763315e-10,5.352078094511198e-05,16.0
-1.2907576955666322,0.7117545773277871,1.607650417763315e-10,5.352078094511198e-05,15.0
-1.2907584228453317,0.7117530648254575,1.607650417763315e-10,5.352078094511198e-05,15.0
-1.2907593827764203,0.7117515230015962,1.607650417763315e-10,5.352078094511198e-05,16.0
-1.290761564437985,0.7117484105559412,1.607650417763315e-10,5.352078094511198e-05,15.0
-1.2907629607013869,0.7117468978790784,1.607650417763315e-10,5.352078094511198e-05,16.0
-1.2907640370459366,0.7117454726432113,1.607650417763315e-10,5.352078094511198e-05,16.0
-1.2907650842434877,0.7117441053522752,2.5436986254312276e-10,7.940125295226255e-05,16.0
-1.2907655205758009,0.7117426801164082,2.5436986254312276e-10,7.940125295226255e-05,15.0
-1.2907661604135043,0.7117413419724706,2.5436986254312276e-10,7.940125295226255e-05,15.0
-1.2907669749586665,0.7117401783614582,2.5436986254312276e-10,7.940125295226255e-05,16.0
-1.2907679640367535,0.7117391603109056,2.5436986254312276e-10,7.940125295226255e-05,15.0
-1.2907689529403077,0.7117382584992811,2.5436986254312276e-10,7.940125295226255e-05,15.0
-1.290769796632468,0.7117374441286521,2.5436986254312276e-10,7.940125295226255e-05,14.0
-1.2907708438300194,0.7117363096646383,2.5436986254312276e-10,7.940125295226255e-05,15.0
-1.290771803761108,0.7117349715207008,2.5436986254312276e-10,7.940125295226255e-05,13.0
-1.2907725891592714,0.7117336625237619,2.4225416159606835e-10,7.931722944488135e-05,13.0
-1.2907733454104362,0.7117322954073587,2.4225416159606835e-10,7.931722944488135e-05,13.0
-1.290774101661601,0.7117310153828853,2.4225416159606835e-10,7.931722944488135e-05,13.0
-1.2907750326202239,0.7117298809188716,2.4225416159606835e-10,7.931722944488135e-05,12.0
-1.2907778251470272,0.711726797620215,2.4225416159606835e-10,7.931722944488135e-05,12.0
-1.2907796867152075,0.711724993996966,2.4225416159606835e-10,7.931722944488135e-05,14.0
-1.290780704940293,0.7117240632128758,2.4225416159606835e-10,7.931722944488135e-05,14.0
-1.2907816065773845,0.7117229868683261,2.5507170107681406e-10,9.087875033645525e-05,13.0
-1.290782450269545,0.7117218524043123,2.5507170107681406e-10,9.087875033645525e-05,11.0
-1.2907832937871726,0.7117208924732238,2.5507170107681406e-10,9.087875033645525e-05,11.0
-1.2907841664517985,0.7117199616891338,2.5507170107681406e-10,9.087875033645525e-05,11.0
-1.2907852136493498,0.7117187691056557,2.5507170107681406e-10,9.087875033645525e-05,10.0
-1.2907864062328276,0.711717576347645,2.5507170107681406e-10,9.087875033645525e-05,10.0
-1.2907875989908382,0.711716325644703,2.5507170107681406e-10,9.087875033645525e-05,10.0
-1.2907885297749284,0.7117146965543791,2.5507170107681406e-10,9.087875033645525e-05,11.0
-1.2907893732925557,0.7117130095191241,2.5507170107681406e-10,9.087875033645525e-05,11.0
-1.2907904496371057,0.7117111477764111,2.5861973247481336e-10,7.111917695965564e-05,10.0
-1.2907914387151926,0.7117096933935454,2.5861973247481336e-10,7.111917695965564e-05,10.0
-1.2907926604456692,0.7117079189172949,2.5861973247481336e-10,7.111917695965564e-05,10.0
-1.2907948421072342,0.7117045155252535,2.5861973247481336e-10,7.111917695965564e-05,10.0
-1.2907956856248615,0.7117028574624641,2.5861973247481336e-10,7.111917695965564e-05,11.0
-1.290796471023025,0.7117015776125236,2.5861973247481336e-10,7.111917695965564e-05,11.0
-1.2907973436876512,0.7117001522021235,2.4774093055925265e-10,8.847440936208146e-05,11.0
-1.290798158232813,0.7116989885911114,2.4774093055925265e-10,8.847440936208146e-05,11.0
-1.290800339894378,0.7116961379448441,2.4774093055925265e-10,8.847440936208146e-05,11.0
-1.2908006889602284,0.7116955270796056,2.4774093055925265e-10,8.847440936208146e-05,11.0
-1.2907997871486039,0.7116944507350561,2.4774093055925265e-10,8.847440936208146e-05,11.0
-1.2907990890169032,0.7116936944838912,2.4774093055925265e-10,8.847440936208146e-05,11.0
-1.2907983036187396,0.7116929963521904,2.627337430359093e-10,7.17246967728564e-05,11.0
-1.290796412903561,0.711691832741178,2.627337430359093e-10,7.17246967728564e-05,11.0
-1.290795481944938,0.711691338289401,2.562904753700584e-10,7.183863302284905e-05,11.0
-1.2907944638943853,0.7116907855436269,2.562904753700584e-10,7.183863302284905e-05,11.0
-1.2907934458438326,0.7116902619448513,2.562904753700584e-10,7.183863302284905e-05,11.0
-1.2907915549541211,0.7116893603077596,2.562904753700584e-10,7.183863302284905e-05,11.0
-1.2907905660505667,0.7116889820949107,2.562904753700584e-10,7.183863302284905e-05,11.0
-1.290789547825481,0.7116884876431337,2.562904753700584e-10,7.183863302284905e-05,12.0
-1.290788442508466,0.7116880221638221,2.562904753700584e-10,7.183863302284905e-05,12.0
-1.2907873371914507,0.711687527712045,2.562904753700584e-10,7.183863302284905e-05,12.0
-1.2907863189663649,0.7116870622327336,2.562904753700584e-10,7.183863302284905e-05,13.0
-1.2907853590352765,0.7116867131668833,2.562904753700584e-10,7.183863302284905e-05,13.0
-1.29078463193111,0.7116863932480312,2.562904753700584e-10,7.183863302284905e-05,12.0
-1.2907838755054124,0.7116861895681075,2.562904753700584e-10,7.183863302284905e-05,13.0
-1.2907833229341712,0.7116859569157182,2.562904753700584e-10,7.183863302284905e-05,13.0
-1.290782886601858,0.7116857532357945,2.562904753700584e-10,7.183863302284905e-05,13.0
-1.290779832275667,0.7116854914364067,2.562904753700584e-10,7.183863302284905e-05,11.0
-1.2907769524824013,0.7116845606523168,2.562904753700584e-10,7.183863302284905e-05,11.0
-1.2907751488591523,0.7116832806278434,2.562904753700584e-10,7.183863302284905e-05,9.0
-1.2907739271286758,0.7116826989096036,2.562904753700584e-10,7.183863302284905e-05,10.0
-1.29077247274581,0.7116821461638295,2.562904753700584e-10,7.183863302284905e-05,10.0
-1.2907709600689474,0.7116816225650539,0.0,0.0,10.0
-1.2907695638055459,0.7116812734992035,0.0,0.0,10.0
-1.2907682258361413,0.7116804008345775,0.0,0.0,11.0
-1.2907666258928159,0.7116796445834126,0.0,0.0,11.0
-1.2907652296294143,0.7116785101193988,3.740516098327628e-10,9.599292216223088e-05,12.0
-1.2907636588330875,0.7116776083077743,3.740516098327628e-10,9.599292216223088e-05,12.0
-1.2907620588897621,0.7116763576048323,3.740516098327628e-10,9.599292216223088e-05,12.0
-1.2907585392587928,0.7116744377426552,3.740516098327628e-10,9.599292216223088e-05,10.0
-1.2907568811960035,0.7116734486645679,3.740516098327628e-10,9.599292216223088e-05,10.0
-1.2907551358667513,0.7116727213858687,3.8194516103381266e-10,9.509123547789822e-05,10.0
-1.2907534486569634,0.7116719651347037,3.8194516103381266e-10,9.509123547789822e-05,9.0
-1.290751674180713,0.7116710924700779,3.8194516103381266e-10,9.509123547789822e-05,8.0
-1.2907500744119205,0.7116701033919908,3.8194516103381266e-10,9.509123547789822e-05,9.0
-1.2907463800734928,0.7116693179938273,3.8194516103381266e-10,9.509123547789822e-05,11.0
-1.2907448092771658,0.7116685908896611,3.8194516103381266e-10,9.509123547789822e-05,11.0
-1.290743383866766,0.7116678927579603,3.8194516103381266e-10,9.509123547789822e-05,11.0
-1.2907422494027523,0.7116673108651876,3.8194516103381266e-10,9.509123547789822e-05,10.0
-1.290740940405813,0.7116665546140226,3.8194516103381266e-10,9.509123547789822e-05,10.0
-1.29073814787901,0.7116628313031292,0.0,0.0,11.0
-1.2907373043613823,0.7116626567702042,0.0,0.0,11.0
-1.2907363735772925,0.7116623949708164,0.0,0.0,12.0
-1.2907352972327426,0.7116617549585798,0.0,0.0,12.0
-1.2907342208881931,0.7116610859738773,0.0,0.0,12.0
-1.290731719307776,0.7116598932158666,0.0,0.0,11.0
-1.2907304394578358,0.7116592242311643,0.0,0.0,11.0
-1.2907279668498843,0.7116580897671505,4.0934397485855277e-10,9.995719253566392e-05,11.0
-1.2907265124670186,0.7116577115543016,4.0934397485855277e-10,9.995719253566392e-05,10.0
-1.2907251451760826,0.7116574207824482,4.0934397485855277e-10,9.995719253566392e-05,10.0
-1.2907218873445008,0.7116569844501351,4.0934397485855277e-10,9.995719253566392e-05,11.0
-1.2907208401469497,0.7116566643567503,4.0934397485855277e-10,9.995719253566392e-05,11.0
-1.2907186584853847,0.711655878958587,4.0934397485855277e-10,9.995719253566392e-05,10.0
-1.290717582140835,0.7116555881867336,4.0934397485855277e-10,9.995719253566392e-05,10.0
-1.2907164185298226,0.711655500920271,4.0934397485855277e-10,9.995719253566392e-05,9.0
-1.2907156041591936,0.7116552099738847,4.0934397485855277e-10,9.995719253566392e-05,9.0
-1.2907149349999585,0.7116548900550328,4.0934397485855277e-10,9.995719253566392e-05,8.0
-1.2907144114011826,0.7116545991086465,4.0934397485855277e-10,9.995719253566392e-05,8.0
-1.2907138878024074,0.7116543954287228,4.0934397485855277e-10,9.995719253566392e-05,8.0
-1.2907135678835553,0.7116540463628723,4.0934397485855277e-10,9.995719253566392e-05,8.0
-1.2907131896707065,0.7116537845634846,4.0934397485855277e-10,9.995719253566392e-05,8.0
-1.2907126952189292,0.7116535810580937,4.0934397485855277e-10,9.995719253566392e-05,8.0
-1.2907122007671523,0.7116533192587061,4.0934397485855277e-10,9.995719253566392e-05,8.0
-1.2907117061408424,0.7116531155787822,3.319240868417033e-10,0.00017805649291384202,8.0
-1.2907106589432908,0.711652824632396,3.319240868417033e-10,0.00017805649291384202,8.0
-1.29071010637205,0.7116526792464694,3.319240868417033e-10,0.00017805649291384202,9.0
-1.2907095536262756,0.711652562833008,3.319240868417033e-10,0.00017805649291384202,9.0
-1.2907083318957993,0.7116521265006952,3.319240868417033e-10,0.00017805649291384202,9.0
-1.2907068192189366,0.7116519811147686,3.319240868417033e-10,0.00017805649291384202,10.0
-1.2907051030366832,0.7116516901683821,3.319240868417033e-10,0.00017805649291384202,10.0
-1.290704172252593,0.7116512538360692,3.319240868417033e-10,0.00017805649291384202,10.0
-1.29070137972579,0.711649886719666,3.319240868417033e-10,0.00017805649291384202,12.0
-1.2907005943276266,0.7116495085068171,3.319240868417033e-10,0.00017805649291384202,12.0
-1.2906999543153899,0.7116492177349637,3.319240868417033e-10,0.00017805649291384202,12.0
-1.2906961145910356,0.7116445926124461,0.0,0.0,13.0
-1.2906951838069454,0.7116445053459833,0.0,0.0,13.0
-1.2906942238758567,0.7116443597855238,0.0,0.0,13.0
-1.2906932056507712,0.7116441852525985,0.0,0.0,12.0
-1.2906912568161284,0.7116436326813574,0.0,0.0,12.0
-1.2906893950734153,0.7116427889891971,0.0,0.0,11.0
-1.2906884932617908,0.7116422653904214,3.3012334096546927e-10,0.00011329015625064344,11.0
-1.2906875624777008,0.7116418000856427,3.3012334096546927e-10,0.00011329015625064344,11.0
-1.2906865152801494,0.711641421872794,3.3012334096546927e-10,0.00011329015625064344,10.0
-1.2906853226966715,0.7116410146874794,3.3012334096546927e-10,0.00011329015625064344,10.0
-1.2906841590856593,0.7116405783551664,3.3012334096546927e-10,0.00011329015625064344,11.0
-1.290683053768644,0.7116400547563908,3.3012334096546927e-10,0.00011329015625064344,12.0
-1.2906819193046304,0.7116395601300809,3.3012334096546927e-10,0.00011329015625064344,12.0
-1.2906807265466194,0.7116390948253023,3.3012334096546927e-10,0.00011329015625064344,12.0
-1.2906794175496803,0.7116385129325297,3.3012334096546927e-10,0.00011329015625064344,10.0
-1.290678079580276,0.7116378730948257,3.3012334096546927e-10,0.00011329015625064344,10.0
-1.2906764796369505,0.7116373784685158,3.3012334096546927e-10,0.00011329015625064344,9.0
-1.2906749669600879,0.711636796750276,3.3012334096546927e-10,0.00011329015625064344,9.0
-1.290672087166822,0.7116356914332608,3.3012334096546927e-10,0.00011329015625064344,9.0
-1.2906706327839563,0.7116350805680226,3.3012334096546927e-10,0.00011329015625064344,11.0
-1.2906692656675534,0.711634556969247,3.3012334096546927e-10,0.00011329015625064344,11.0
-1.290666851179066,0.7116338588375464,3.845980741402614e-10,9.545977518166947e-05,12.0
-1.290665745862051,0.7116335387441614,3.845980741402614e-10,9.545977518166947e-05,12.0
-1.2906646405450355,0.711633247972308,3.845980741402614e-10,9.545977518166947e-05,12.0
-1.2906637387334108,0.7116328697594592,3.845980741402614e-10,9.545977518166947e-05,12.0
-1.2906617607517694,0.711631880681372,3.845980741402614e-10,9.545977518166947e-05,11.0
-1.2906609170596093,0.7116314734960576,3.845980741402614e-10,9.545977518166947e-05,11.0
-1.290659491823742,0.7116309207502834,3.845980741402614e-10,9.545977518166947e-05,12.0
-1.2906562629646257,0.711628884649178,0.0,0.0,12.0
-1.2906549829401521,0.711628651822256,0.0,0.0,12.0
-1.2906536739432133,0.7116284483168649,0.0,0.0,12.0
-1.2906508524439446,0.7116277210381659,0.0,0.0,12.0
-1.2906493689140803,0.7116272265863888,0.0,0.0,12.0
-1.2906475652908314,0.7116264993076893,3.9431399905855766e-10,0.00010452274410975362,12.0
-1.2906459363750407,0.7116257430565245,3.9431399905855766e-10,0.00010452274410975362,11.0
-1.2906442491652526,0.7116249866308266,3.9431399905855766e-10,0.00010452274410975362,12.0
-1.2906425911024633,0.7116244340595855,3.9431399905855766e-10,0.00010452274410975362,11.0
-1.2906408168007457,0.7116235903674252,3.9431399905855766e-10,0.00010452274410975362,12.0
-1.2906390423244953,0.7116228341162602,3.9431399905855766e-10,0.00010452274410975362,12.0
-1.2906373551147072,0.7116221068375609,3.9431399905855766e-10,0.00010452274410975362,11.0
-1.2906354643995286,0.7116214378528587,3.9431399905855766e-10,0.00010452274410975362,10.0
-1.2906336026568155,0.7116207397211579,3.9431399905855766e-10,0.00010452274410975362,11.0
-1.2906316827946382,0.7116202161223821,3.891949033165227e-10,9.833396004320513e-05,11.0
-1.2906298501989237,0.711619605257144,3.891949033165227e-10,9.833396004320513e-05,11.0
-1.290627959483745,0.7116189362724418,3.891949033165227e-10,9.833396004320513e-05,12.0
-1.2906247306246288,0.711617976341353,3.891949033165227e-10,9.833396004320513e-05,12.0
-1.2906231306813034,0.711617423595579,3.891949033165227e-10,9.833396004320513e-05,12.0
-1.2906216181789738,0.7116165217839545,3.891949033165227e-10,9.833396004320513e-05,10.0
-1.2906202219155722,0.7116156782663271,3.891949033165227e-10,9.833396004320513e-05,10.0
-1.2906190583045598,0.7116148637211651,9.910971446535312e-11,4.1279204010703786e-05,10.0
-1.2906179819600103,0.7116136419906887,9.910971446535312e-11,4.1279204010703786e-05,11.0
-1.2906161493642956,0.7116123621407482,9.910971446535312e-11,4.1279204010703786e-05,11.0
-1.2906155384990574,0.7116120422218963,9.910971446535312e-11,4.1279204010703786e-05,11.0
-1.290613444103955,0.711612071194362,9.910971446535312e-11,4.1279204010703786e-05,11.0
-1.2906129787991765,0.7116123621407482,9.910971446535312e-11,4.1279204010703786e-05,11.0
-1.2906126005863277,0.7116127403535971,9.910971446535312e-11,4.1279204010703786e-05,11.0
-1.2906122223734786,0.7116132929248383,9.910971446535312e-11,4.1279204010703786e-05,11.0
-1.2906118733076282,0.7116139620840737,9.910971446535312e-11,4.1279204010703786e-05,11.0
-1.2906114661223136,0.7116146891882399,9.910971446535312e-11,4.1279204010703786e-05,11.0
-1.2906111170564631,0.7116154456139377,9.910971446535312e-11,4.1279204010703786e-05,11.0
-1.290610767990613,0.7116161437456385,1.5504508817618423e-10,5.2085237726752536e-05,11.0
-1.290610506191225,0.7116167835833422,1.5504508817618423e-10,5.2085237726752536e-05,11.0
-1.290610564310689,0.7116174817150431,1.5504508817618423e-10,5.2085237726752536e-05,10.0
-1.2906105353382236,0.7116181508742783,1.5504508817618423e-10,5.2085237726752536e-05,10.0
-1.2906103608052983,0.7116187617395165,1.5504508817618423e-10,5.2085237726752536e-05,10.0
-1.2906102152448389,0.7116194888436829,1.5504508817618423e-10,5.2085237726752536e-05,10.0
-1.290609953445451,0.7116200707364555,1.5504508817618423e-10,5.2085237726752536e-05,9.0
-1.2906092844607486,0.7116209434010816,1.5504508817618423e-10,5.2085237726752536e-05,10.0
-1.290608033583274,0.711621350586396,1.5504508817618423e-10,5.2085237726752536e-05,11.0
-1.2906060847486311,0.7116242012326632,1.5504508817618423e-10,5.2085237726752536e-05,11.0
-1.2906054738833928,0.7116250157778252,1.5504508817618423e-10,5.2085237726752536e-05,11.0
-1.2906032922218278,0.7116278374516268,1.8775277438984483e-10,5.752223933719774e-05,11.0
-1.2906025357961302,0.7116289427686422,1.8775277438984483e-10,5.752223933719774e-05,10.0
-1.290601983224889,0.7116297862862696,1.8775277438984483e-10,5.752223933719774e-05,10.0
-1.2906014596261133,0.7116307753643568,1.8775277438984483e-10,5.752223933719774e-05,9.0
-1.290600906880339,0.7116317352954453,1.8775277438984483e-10,5.752223933719774e-05,9.0
-1.2906001214821754,0.7116329570259217,1.8775277438984483e-10,5.752223933719774e-05,10.0
-1.2905992196705511,0.7116339750764744,1.8775277438984483e-10,5.752223933719774e-05,10.0
-1.2905982307669972,0.7116350222740256,1.8775277438984483e-10,5.752223933719774e-05,10.0
-1.2905971835694459,0.7116360113521126,5.980249185683063e-12,1.1968301633728548e-05,10.0
-1.290596252610823,0.7116370004301998,5.980249185683063e-12,1.1968301633728548e-05,10.0
-1.2905953799461969,0.7116381057472151,5.980249185683063e-12,1.1968301633728548e-05,10.0
-1.2905945655755677,0.7116392110642304,5.980249185683063e-12,1.1968301633728548e-05,10.0
-1.2905937801774043,0.711640229289316,5.980249185683063e-12,1.1968301633728548e-05,9.0
-1.290592994779241,0.7116412764868674,5.980249185683063e-12,1.1968301633728548e-05,9.0
-1.2905920348481525,0.711642410950881,5.980249185683063e-12,1.1968301633728548e-05,8.0
-1.2905911621835264,0.7116435162678963,5.980249185683063e-12,1.1968301633728548e-05,8.0
-1.2905901731054392,0.71164465073191,5.980249185683063e-12,1.1968301633728548e-05,9.0
-1.290589067788424,0.711645843315388,2.0683522802998115e-12,5.829399701617888e-06,9.0
-1.290587147926247,0.7116482867763407,2.0683522802998115e-12,5.829399701617888e-06,9.0
-1.2905862169676237,0.7116494795343516,2.0683522802998115e-12,5.829399701617888e-06,9.0
-1.2905852861835336,0.7116507593842921,2.0683522802998115e-12,5.829399701617888e-06,8.0
-1.2905842971054466,0.7116520392342327,2.0683522802998115e-12,5.829399701617888e-06,7.0
-1.2905833663213566,0.7116533482311715,2.0683522802998115e-12,5.829399701617888e-06,8.0
-1.2905824063902678,0.711654628255645,2.0683522802998115e-12,5.829399701617888e-06,8.0
-1.290581417312181,0.711655878958587,2.0683522802998115e-12,5.829399701617888e-06,10.0
-1.2905792066781503,0.7116581478866146,2.0683522802998115e-12,5.829399701617888e-06,10.0
-1.290578101186602,0.7116592242311643,2.0683522802998115e-12,5.829399701617888e-06,10.0
-1.2905770539890509,0.711660242281717,0.0,0.0,11.0
-1.290576094057962,0.7116612022128055,0.0,0.0,10.0
-1.2905752796873333,0.7116621331714285,0.0,0.0,9.0
-1.2905745232616355,0.7116630348085201,0.0,0.0,10.0
-1.2905737670104704,0.7116638202066836,0.0,0.0,12.0
-1.2905731852922309,0.7116645183383843,0.0,0.0,12.0
-1.290572428866533,0.7116655365634701,0.0,0.0,13.0
-1.2905710326031314,0.7116672235987249,0.0,0.0,13.0
-1.2905698400196535,0.7116689108085127,0.0,0.0,14.0
-1.2905695201008016,0.7116696962066762,0.0,0.0,13.0
-1.2905689965020262,0.7116706269907663,0.0,0.0,13.0
-1.290568240076328,0.7116716160688534,0.0,0.0,13.0
-1.2905674257056994,0.7116727213858687,6.606862448568432e-11,3.896620695239339e-05,12.0
-1.290566582013539,0.7116738268774169,6.606862448568432e-11,3.896620695239339e-05,12.0
-1.2905647785648229,0.71167612477791,6.606862448568432e-11,3.896620695239339e-05,14.0
-1.290563964019661,0.7116772883889224,6.606862448568432e-11,3.896620695239339e-05,14.0
-1.2905631205020336,0.7116785101193988,6.606862448568432e-11,3.896620695239339e-05,15.0
-1.290562276984406,0.7116797899693393,6.606862448568432e-11,3.896620695239339e-05,16.0
-1.29056140431978,0.7116810989662783,6.606862448568432e-11,3.896620695239339e-05,15.0
-1.2905605025081555,0.7116823789907517,6.606862448568432e-11,3.896620695239339e-05,16.0
-1.2905595717240652,0.7116836879876908,6.606862448568432e-11,3.896620695239339e-05,17.0
-1.2905570699691156,0.7116869458192724,6.606862448568432e-11,3.896620695239339e-05,17.0
-1.2905562555984864,0.7116879348973596,6.606862448568432e-11,3.896620695239339e-05,17.0
-1.2905561683320241,0.7116894475742221,6.606862448568432e-11,3.896620695239339e-05,17.0
-1.29055654637034,0.7116901746783886,5.271617681596367e-11,3.9187583004920676e-05,17.0
-1.2905572155295753,0.7116908438376239,5.271617681596367e-11,3.9187583004920676e-05,17.0
-1.2905582627271264,0.7116913964088649,5.271617681596367e-11,3.9187583004920676e-05,18.0
-1.2905592516306805,0.711691832741178,5.271617681596367e-11,3.9187583004920676e-05,18.0
-1.2905604152416927,0.711692210954027,6.606862448568432e-11,3.896620695239339e-05,18.0
-1.2905616078251707,0.7116926472863401,6.606862448568432e-11,3.896620695239339e-05,18.0
-1.2905627422891846,0.7116931127656514,6.606862448568432e-11,3.896620695239339e-05,19.0
-1.2905637313672715,0.7116936363644271,6.606862448568432e-11,3.896620695239339e-05,19.0
-1.2905646621513618,0.7116941889356683,6.606862448568432e-11,3.896620695239339e-05,19.0
-1.2905654475495252,0.7116947708284409,6.606862448568432e-11,3.896620695239339e-05,19.0
-1.2905664074806138,0.71169500348083,6.606862448568432e-11,3.896620695239339e-05,19.0
-1.290567134759313,0.711695381693679,6.606862448568432e-11,3.896620695239339e-05,19.0
-1.2905678910104779,0.7116956434930668,6.606862448568432e-11,3.896620695239339e-05,19.0
-1.290568501875716,0.7116958469984577,6.606862448568432e-11,3.896620695239339e-05,19.0
-1.2905689673550276,0.7116959634119187,6.606862448568432e-11,3.896620695239339e-05,19.0
-1.2905712654300536,0.711697068728934,8.16190391490477e-11,6.289787625257146e-05,19.0
-1.2905719052677576,0.7116973305283218,8.16190391490477e-11,6.289787625257146e-05,19.0
-1.2905726325464568,0.7116977668606348,8.16190391490477e-11,6.289787625257146e-05,19.0
-1.2905744651421713,0.7116985814057968,8.16190391490477e-11,6.289787625257146e-05,18.0
-1.29057542507326,0.7116991050045723,8.16190391490477e-11,6.289787625257146e-05,18.0
-1.290577548615361,0.7116999776691983,8.16190391490477e-11,6.289787625257146e-05,17.0
-1.2905787120518402,0.7117003558820472,8.956346145887284e-11,6.754794584869564e-05,16.0
-1.29057978839639,0.7117007049478977,8.956346145887284e-11,6.754794584869564e-05,15.0
-1.2905808647409396,0.7117011702526762,8.956346145887284e-11,6.754794584869564e-05,17.0
-1.2905818827914926,0.7117016357319877,8.956346145887284e-11,6.754794584869564e-05,16.0
-1.2905827263091199,0.7117021012112992,8.956346145887284e-11,6.754794584869564e-05,16.0
-1.2905836862402085,0.7117025665160779,8.956346145887284e-11,6.754794584869564e-05,17.0
-1.2905845299323688,0.7117030901148534,8.956346145887284e-11,6.754794584869564e-05,17.0
-1.2905853153305322,0.7117035264471664,8.956346145887284e-11,6.754794584869564e-05,17.0
-1.2905858097823095,0.711704050045942,8.956346145887284e-11,6.754794584869564e-05,17.0
-1.2905863625280836,0.7117043409923284,4.4642444412862803e-11,2.9457272763510887e-05,17.0
-1.2905868569798604,0.7117045736447175,4.4642444412862803e-11,2.9457272763510887e-05,17.0
-1.2905925874193935,0.711707773531368,4.4642444412862803e-11,2.9457272763510887e-05,18.0
-1.2905931110181692,0.7117078897702964,4.4642444412862803e-11,2.9457272763510887e-05,18.0
-1.2905937801774043,0.7117079480642935,4.4642444412862803e-11,2.9457272763510887e-05,18.0
-1.290594681814496,0.7117079770367589,4.4642444412862803e-11,2.9457272763510887e-05,16.0
-1.2905957000395816,0.7117079480642935,4.4642444412862803e-11,2.9457272763510887e-05,14.0
-1.2905966308236716,0.7117084425160705,4.4642444412862803e-11,2.9457272763510887e-05,14.0
-1.290599103431623,0.7117090825283071,4.4642444412862803e-11,2.9457272763510887e-05,12.0
-1.2906004124285622,0.7117096642465469,4.4642444412862803e-11,2.9457272763510887e-05,12.0
-1.290601721425501,0.7117103042587837,4.4642444412862803e-11,2.9457272763510887e-05,12.0
-1.2906032630748292,0.7117109440964874,3.370355671408143e-10,0.00010847517537078446,11.0
-1.2906048630181546,0.7117115549617257,3.370355671408143e-10,0.00010847517537078446,12.0
-1.2906064627869471,0.7117121949739622,3.370355671408143e-10,0.00010847517537078446,12.0
-1.2906079754638096,0.7117130676385882,3.370355671408143e-10,0.00010847517537078446,12.0
-1.2906094881406722,0.7117138530367517,3.370355671408143e-10,0.00010847517537078446,12.0
-1.290612571439329,0.7117155983660037,3.370355671408143e-10,0.00010847517537078446,9.0
-1.2906141422356558,0.7117164710306296,3.370355671408143e-10,0.00010847517537078446,9.0
-1.2906158002984451,0.711717140015332,3.370355671408143e-10,0.00010847517537078446,8.0
-1.2906174293887689,0.7117178091745672,3.370355671408143e-10,0.00010847517537078446,8.0
-1.2906192036904864,0.711718390892807,3.3268380268322357e-10,9.221550715710522e-05,8.0
-1.2906206872203505,0.7117192344104344,3.3268380268322357e-10,9.221550715710522e-05,10.0
-1.2906221417777493,0.7117199035696695,3.3268380268322357e-10,9.221550715710522e-05,10.0
-1.2906247014776302,0.7117210380336834,3.3268380268322357e-10,9.221550715710522e-05,11.0
-1.2906260104745695,0.7117214743659963,3.3268380268322357e-10,9.221550715710522e-05,10.0
-1.2906272613520442,0.7117217942848483,3.3268380268322357e-10,9.221550715710522e-05,10.0
-1.2906285703489833,0.7117220269372375,3.3268380268322357e-10,9.221550715710522e-05,10.0
-1.2906299666123848,0.7117223470306224,3.3268380268322357e-10,9.221550715710522e-05,11.0
-1.2906313628757866,0.7117226669494743,3.3268380268322357e-10,9.221550715710522e-05,11.0
-1.2906326427257269,0.711722928748862,0.0,0.0,11.0
-1.2906336026568155,0.7117232486677141,0.0,0.0,11.0
-1.2906341262555912,0.7117238305604865,0.0,0.0,11.0
-1.2906336899232782,0.7117250231439645,0.0,0.0,11.0
-1.290632875552649,0.711726739326218,0.0,0.0,11.0
-1.2906326718727255,0.7117274957519157,0.0,0.0,11.0
-1.290632322806875,0.7117283101225447,0.0,0.0,10.0
-1.290632002888023,0.7117290955207082,0.0,0.0,11.0
-1.290631828355098,0.7117298519464059,0.0,0.0,11.0
-1.2906317119416368,0.711730346398183,0.0,0.0,11.0
-1.2906316538221727,0.71173133547627,0.0,0.0,10.0
-1.2906313047563223,0.7117318880475112,0.0,0.0,10.0
-1.2906304320916964,0.711732411646287,0.0,0.0,10.0
-1.2906288902678351,0.7117330225115251,0.0,0.0,11.0
-1.2906275522984305,0.7117338079096885,0.0,0.0,11.0
-1.2906267669002671,0.7117350006676995,0.0,0.0,12.0
-1.2906259523551051,0.7117361641041787,0.0,0.0,12.0
-1.2906247014776302,0.7117384913262034,0.0,0.0,12.0
-1.2906240324929281,0.7117395385237545,0.0,0.0,10.0
-1.2906233343612272,0.7117405565743071,0.0,0.0,10.0
-1.2906226362295266,0.7117415165053957,0.0,0.0,10.0
-1.2906212399661248,0.7117433782481087,0.0,0.0,11.0
-1.2906213563795859,0.7117442509127349,0.0,0.0,12.0
-1.2906209200472731,0.711745181696825,0.0,0.0,12.0
-1.2906201055021111,0.7117459670949884,0.0,0.0,12.0
-1.2906187673581735,0.7117477705437044,0.0,0.0,13.0
-1.2906180983734712,0.711748730474793,0.0,0.0,13.0
-1.2906177201606224,0.7117498359663413,0.0,0.0,13.0
-1.29061705117592,0.7117508248698954,0.0,0.0,12.0
-1.2906163530442194,0.7117518139479826,0.0,0.0,13.0
-1.2906155967930544,0.7117528030260696,0.0,0.0,13.0
-1.2906147241284285,0.7117537046631612,0.0,0.0,12.0
-1.2906118733076282,0.7117556828193354,2.5343560090769572e-11,2.4660651096776047e-05,14.0
-1.290609139074822,0.7117586207320654,2.5343560090769572e-11,2.4660651096776047e-05,15.0
-1.2906084117961227,0.7117595515161554,2.5343560090769572e-11,2.4660651096776047e-05,15.0
-1.2906077136644218,0.7117604824747785,2.5343560090769572e-11,2.4660651096776047e-05,16.0
-1.2906070155327212,0.7117615296723296,2.5343560090769572e-11,2.4660651096776047e-05,15.0
-1.2906063174010205,0.7117625185758838,2.5343560090769572e-11,2.4660651096776047e-05,14.0
-1.2906058810687073,0.7117634495345068,2.5343560090769572e-11,2.4660651096776047e-05,14.0
-1.2906052410564706,0.7117644384380609,2.5343560090769572e-11,2.4660651096776047e-05,14.0
-1.2906048630181546,0.7117652821302214,2.5343560090769572e-11,2.4660651096776047e-05,15.0
-1.2906044556583072,0.7117659219679251,2.5343560090769572e-11,2.4660651096776047e-05,15.0
-1.2906036702601438,0.7117670564319389,2.5343560090769572e-11,2.4660651096776047e-05,16.0
-1.2906027103290552,0.7117679290965649,2.5343560090769572e-11,2.4660651096776047e-05,16.0
-1.2906017795449651,0.7117687727887253,2.5343560090769572e-11,2.4660651096776047e-05,16.0
-1.290601168679727,0.7117697908392782,2.523481167285748e-11,3.155571742990938e-05,16.0
-1.2906004414010275,0.7117708671838279,2.523481167285748e-11,3.155571742990938e-05,16.0
-1.290599859682788,0.7117719725008431,2.523481167285748e-11,3.155571742990938e-05,15.0
-1.290599103431623,0.7117731069648568,2.523481167285748e-11,3.155571742990938e-05,14.0
-1.2905967762095985,0.7117765395038967,2.523481167285748e-11,3.155571742990938e-05,15.0
-1.2905948563474212,0.7117790119373151,2.523481167285748e-11,3.155571742990938e-05,15.0
-1.290593867443867,0.7117803209342541,2.523481167285748e-11,3.155571742990938e-05,15.0
-1.290592936485244,0.7117817171976557,2.523481167285748e-11,3.155571742990938e-05,15.0
-1.2905910166230667,0.7117847134043827,1.69589656116858e-11,1.667748850137612e-05,13.0
-1.2905899694255158,0.7117862842007094,1.69589656116858e-11,1.667748850137612e-05,12.0
-1.2905888059890362,0.7117878841440347,1.69589656116858e-11,1.667748850137612e-05,12.0
-1.2905875551115615,0.7117894549403616,1.69589656116858e-11,1.667748850137612e-05,12.0
-1.2905862752616208,0.7117910547091538,1.69589656116858e-11,1.667748850137612e-05,12.0
-1.290585024384146,0.7117926546524793,1.69589656116858e-11,1.667748850137612e-05,13.0
-1.2905838318006682,0.7117942545958046,1.1184028568064597e-11,1.3763769543252523e-05,12.0
-1.290580544647555,0.7117988505713237,1.1184028568064597e-11,1.3763769543252523e-05,13.0
-1.2905793812110755,0.7118003049541894,1.1184028568064597e-11,1.3763769543252523e-05,13.0
-1.2905782467470615,0.7118017884840537,1.1184028568064597e-11,1.3763769543252523e-05,13.0
-1.2905771412555136,0.7118033592803805,1.1184028568064597e-11,1.3763769543252523e-05,12.0
-1.2905759195250373,0.7118049592237058,1.1184028568064597e-11,1.3763769543252523e-05,12.0
-1.2905746688220952,0.7118065591670312,1.1726643577312197e-10,6.718614510427837e-05,10.0
-1.2905734760640843,0.7118081589358234,1.1726643577312197e-10,6.718614510427837e-05,8.0
-1.2905723416000705,0.7118097007596847,1.1726643577312197e-10,6.718614510427837e-05,8.0
-1.2905712071360569,0.7118111842895489,1.1726643577312197e-10,6.718614510427837e-05,8.0
-1.2905700726720428,0.7118127259388771,0.0,0.0,9.0
-1.290568821969101,0.7118142675882055,0.0,0.0,10.0
-1.2905675419446274,0.7118158675315308,0.0,0.0,10.0
-1.2905662329476884,0.7118174964473215,0.0,0.0,9.0
-1.2905649530977479,0.7118191255376455,8.134305576775791e-11,4.326927536150065e-05,9.0
-1.290563644100809,0.7118207544534363,8.134305576775791e-11,4.326927536150065e-05,11.0
-1.2905622478374075,0.7118223252497632,8.134305576775791e-11,4.326927536150065e-05,11.0
-1.2905595717240652,0.7118256705223405,8.134305576775791e-11,4.326927536150065e-05,11.0
-1.2905570118496514,0.7118291028868474,8.134305576775791e-11,4.326927536150065e-05,11.0
-1.2905557609721765,0.7118307319771712,8.134305576775791e-11,4.326927536150065e-05,12.0
-1.2905545392417002,0.7118323317459635,8.134305576775791e-11,4.326927536150065e-05,12.0
-1.2905533758052208,0.7118339316892889,8.134305576775791e-11,4.326927536150065e-05,14.0
-1.2905522703136725,0.7118354443661516,8.134305576775791e-11,4.326927536150065e-05,14.0
-1.2905511649966572,0.7118369860154798,9.86488283056002e-12,1.5199292007277565e-05,14.0
-1.2905490997485536,0.7118400403416708,9.86488283056002e-12,1.5199292007277565e-05,14.0
-1.2905481106704662,0.7118415819909992,9.86488283056002e-12,1.5199292007277565e-05,14.0
-1.2905470926199136,0.7118430655208633,9.86488283056002e-12,1.5199292007277565e-05,15.0
-1.2905459871283653,0.7118444909312636,9.86488283056002e-12,1.5199292007277565e-05,15.0
-1.2905438637607973,0.711847196191604,9.86488283056002e-12,1.5199292007277565e-05,14.0
-1.2905418856046231,0.7118498433324806,1.2160464475809324e-10,9.493674353181254e-05,17.0
-1.290541012939997,0.711851123182421,1.2160464475809324e-10,9.493674353181254e-05,17.0
-1.2905401113029056,0.7118521995269708,1.2160464475809324e-10,9.493674353181254e-05,17.0
-1.2905394421436702,0.7118531011640622,1.2160464475809324e-10,9.493674353181254e-05,17.0
-1.2905388895724292,0.7118537703232976,1.2160464475809324e-10,9.493674353181254e-05,18.0
-1.290538715039504,0.7118543520415372,1.2160464475809324e-10,9.493674353181254e-05,18.0
-1.290538715039504,0.7118549629067754,1.2160464475809324e-10,9.493674353181254e-05,19.0
-1.2905383659736536,0.7118553411196243,4.029463998122582e-11,3.635143765956405e-05,20.0
-1.290538220413194,0.7118558355714015,4.029463998122582e-11,3.635143765956405e-05,20.0
-1.2905381914407283,0.7118570864488762,4.029463998122582e-11,3.635143765956405e-05,20.0
-1.2905384822125818,0.7118576390201174,4.029463998122582e-11,3.635143765956405e-05,20.0
-1.2905414202998444,0.711858977164055,4.029463998122582e-11,3.635143765956405e-05,23.0
-1.290542642030321,0.711859413496368,4.029463998122582e-11,3.635143765956405e-05,23.0
-1.2905438054668004,0.7118598789756795,4.029463998122582e-11,3.635143765956405e-05,23.0
-1.2905449982248112,0.7118604025744552,4.029463998122582e-11,3.635143765956405e-05,25.0
-1.2905462199552875,0.7118609551456963,4.029463998122582e-11,3.635143765956405e-05,24.0
-1.2905474998052282,0.7118615951579329,4.029463998122582e-11,3.635143765956405e-05,24.0
-1.2905488960686298,0.7118621187567087,1.5187569623330267e-10,5.109248203069526e-05,24.0
-1.2905501759185702,0.7118628750078735,2.2471931675483793e-11,1.9249391429294866e-05,25.0
-1.290551484915509,0.7118635441671087,2.2471931675483793e-11,1.9249391429294866e-05,24.0
-1.2905528522064451,0.7118640967383498,2.2471931675483793e-11,1.9249391429294866e-05,23.0
-1.2905543065893108,0.71186459136466,2.2471931675483793e-11,1.9249391429294866e-05,22.0
-1.2905557028527124,0.7118650566694384,2.2471931675483793e-11,1.9249391429294866e-05,22.0
-1.2905570699691156,0.7118655221487499,2.2471931675483793e-11,1.9249391429294866e-05,23.0
-1.290558291699592,0.7118660748945241,2.2471931675483793e-11,1.9249391429294866e-05,23.0
-1.2905596006965312,0.7118666274657652,2.348463228629639e-11,2.361077986982555e-05,23.0
-1.290560967987467,0.7118673547444645,2.348463228629639e-11,2.361077986982555e-05,24.0
-1.2905624223703327,0.7118679656097028,2.348463228629639e-11,2.361077986982555e-05,23.0
-1.2905639350471956,0.7118685183554769,2.348463228629639e-11,2.361077986982555e-05,23.0
-1.2905655058435221,0.711869070926718,2.348463228629639e-11,2.361077986982555e-05,23.0
-1.290567018345852,0.7118697400859533,2.348463228629639e-11,2.361077986982555e-05,23.0
-1.290568443756252,0.711870321804193,2.348463228629639e-11,2.361077986982555e-05,24.0
-1.2905698108726549,0.7118709326694312,6.338783888149866e-11,3.5359535681224786e-05,24.0
-1.2905711490165928,0.7118714854152052,6.338783888149866e-11,3.5359535681224786e-05,25.0
-1.2905722543336078,0.7118719507199839,6.338783888149866e-11,3.5359535681224786e-05,25.0
-1.2905733015311591,0.7118723870522968,6.338783888149866e-11,3.5359535681224786e-05,26.0
-1.2905751632738722,0.7118732307444573,2.7483192846987316e-11,2.4038287399175455e-05,29.0
-1.2905758614055731,0.7118735506633093,2.7483192846987316e-11,2.4038287399175455e-05,30.0
-1.2905765303902752,0.711873870582161,2.7483192846987316e-11,2.4038287399175455e-05,30.0
-1.290577286815973,0.7118741034090833,2.7483192846987316e-11,2.4038287399175455e-05,31.0
-1.2905781884530647,0.7118741615285474,2.7483192846987316e-11,2.4038287399175455e-05,31.0
-1.2905790902646892,0.7118739869956221,2.7483192846987316e-11,2.4038287399175455e-05,30.0
-1.2905798465158542,0.7118736670767702,2.7483192846987316e-11,2.4038287399175455e-05,30.0
-1.2905808647409396,0.7118728525316084,2.7483192846987316e-11,2.4038287399175455e-05,28.0
-1.2905811846597917,0.7118725615852219,2.7483192846987316e-11,2.4038287399175455e-05,28.0
-1.2905821737378784,0.7118720379864466,2.7483192846987316e-11,2.4038287399175455e-05,28.0
-1.2905826973366543,0.7118718344810557,2.7483192846987316e-11,2.4038287399175455e-05,28.0
-1.2905851989170711,0.7118680528761655,2.7483192846987316e-11,2.4038287399175455e-05,25.0
-1.2905854898634574,0.7118676746633166,2.7483192846987316e-11,2.4038287399175455e-05,25.0
-1.2905876132310254,0.7118660457475257,1.271016184098157e-12,5.296931826441647e-06,25.0
-1.2905884277761872,0.7118655512957486,1.271016184098157e-12,5.296931826441647e-06,25.0
-1.2905888349615018,0.7118650566694384,1.271016184098157e-12,5.296931826441647e-06,25.0
-1.2905905221712897,0.7118639222054248,1.271016184098157e-12,5.296931826441647e-06,24.0
-1.2905913367164517,0.7118632532207224,1.271016184098157e-12,5.296931826441647e-06,23.0
-1.2905918603152273,0.711862525942023,1.271016184098157e-12,5.296931826441647e-06,23.0
-1.2905922093810775,0.7118617405438598,2.1468826511026918e-11,2.4383077576784477e-05,23.0
-1.2905925292999294,0.7118609551456963,2.1468826511026918e-11,2.4383077576784477e-05,22.0
-1.2905927329798532,0.7118602280415299,2.1468826511026918e-11,2.4383077576784477e-05,23.0
-1.2905935183780166,0.7118589190445909,2.1468826511026918e-11,2.4383077576784477e-05,22.0
-1.2905939547103296,0.7118582209128901,2.1468826511026918e-11,2.4383077576784477e-05,21.0
-1.290594187362719,0.7118574063677282,2.1468826511026918e-11,2.4383077576784477e-05,21.0
-1.2905942746291816,0.7118565918225662,2.1468826511026918e-11,2.4383077576784477e-05,21.0
-1.2905945655755677,0.7118557774519374,2.1468826511026918e-11,2.4383077576784477e-05,21.0
-1.2905950600273448,0.7118550210262395,2.1468826511026918e-11,2.4383077576784477e-05,21.0
-1.290595612773119,0.7118542939220731,2.1468826511026918e-11,2.4383077576784477e-05,21.0
-1.2905961944913589,0.7118535085239096,2.1468826511026918e-11,2.4383077576784477e-05,21.0
-1.2905970380089862,0.7118521122605082,1.3263042455319958e-12,4.680207809507992e-06,20.0
-1.2905974162218352,0.71185150139527,1.3263042455319958e-12,4.680207809507992e-06,21.0
-1.290597794434684,0.7118509486494957,1.3263042455319958e-12,4.680207809507992e-06,21.0
-1.2905982016199986,0.7118503669312561,1.3263042455319958e-12,4.680207809507992e-06,21.0
-1.2905984925663847,0.7118497269190194,1.3263042455319958e-12,4.680207809507992e-06,21.0
-1.2905988706047007,0.7118491160537812,1.3263042455319958e-12,4.680207809507992e-06,21.0
-1.2905991615510872,0.7118484760415444,1.3263042455319958e-12,4.680207809507992e-06,21.0
-1.290599976096249,0.7118472253386027,1.3263042455319958e-12,4.680207809507992e-06,19.0
-1.2906003541345648,0.7118466144733644,1.3263042455319958e-12,4.680207809507992e-06,19.0
-1.2906007032004154,0.7118459744611276,1.3263042455319958e-12,4.680207809507992e-06,20.0
-1.2906010814132642,0.7118452763294268,1.3263042455319958e-12,4.680207809507992e-06,20.0
-1.2906015468925758,0.7118445200782619,1.3263042455319958e-12,4.680207809507992e-06,20.0
-1.2906020121973543,0.7118437346800985,1.3263042455319958e-12,4.680207809507992e-06,20.0
-1.2906024776766658,0.7118429201349367,1.3263042455319958e-12,4.680207809507992e-06,20.0
-1.290603728554141,0.7118412620721472,1.3263042455319958e-12,4.680207809507992e-06,20.0
-1.290604397538843,0.7118404475269854,1.3263042455319958e-12,4.680207809507992e-06,20.0
-1.2906050375510798,0.7118396040093578,1.3263042455319958e-12,4.680207809507992e-06,20.0
-1.2906057356827807,0.7118388186111945,1.3263042455319958e-12,4.680207809507992e-06,18.0
-1.2906063755204846,0.7118381785989578,1.3263042455319958e-12,4.680207809507992e-06,18.0
-1.290607073652185,0.7118375968807181,1.3263042455319958e-12,4.680207809507992e-06,18.0
-1.2906076263979593,0.7118369860154798,1.3263042455319958e-12,4.680207809507992e-06,18.0
-1.2906081499967348,0.7118364042972403,1.4283967739840465e-11,1.5395341419920206e-05,18.0
-1.2906086735955107,0.7118357642850035,1.4283967739840465e-11,1.5395341419920206e-05,18.0
-1.2906130369186404,0.711832680811814,1.4283967739840465e-11,1.5395341419920206e-05,17.0
-1.2906156840595169,0.7118324481594248,1.4283967739840465e-11,1.5395341419920206e-05,17.0
-1.2906167312570682,0.7118330590246629,1.4283967739840465e-11,1.5395341419920206e-05,17.0
-1.2906179529875446,0.7118336407429026,4.185367193517701e-11,3.999656319293278e-05,17.0
-1.2906192619844836,0.7118344552880644,4.185367193517701e-11,3.999656319293278e-05,16.0
-1.2906223744301386,0.7118359969373929,2.146214015905307e-10,8.274724807423951e-05,16.0
-1.290623974373464,0.7118367823355561,2.146214015905307e-10,8.274724807423951e-05,18.0
-1.2906268831391952,0.7118382077459562,2.146214015905307e-10,8.274724807423951e-05,18.0
-1.290628279402597,0.711838847758193,2.146214015905307e-10,8.274724807423951e-05,17.0
-1.290631013809936,0.7118401276081335,2.0606606905051498e-11,2.3847155892888236e-05,17.0
-1.2906324973398002,0.7118406803539076,2.0606606905051498e-11,2.3847155892888236e-05,18.0
-1.2906353190136017,0.7118417856709229,2.0606606905051498e-11,2.3847155892888236e-05,20.0
-1.2906365988635424,0.7118422220032359,1.9948633278657563e-11,2.3785477921191646e-05,20.0
-1.2906387513781088,0.7118429201349367,2.3244746068576696e-11,2.113685042654844e-05,21.0
-1.290639624042735,0.7118430655208633,2.3244746068576696e-11,2.113685042654844e-05,21.0
-1.29064029320197,0.7118431238148604,2.3244746068576696e-11,2.113685042654844e-05,21.0
-1.290642474863535,0.7118442872513399,2.3244746068576696e-11,2.113685042654844e-05,21.0
-1.2906431729952357,0.7118444328117994,2.3244746068576696e-11,2.113685042654844e-05,20.0
-1.2906437547134755,0.7118446073447245,2.3244746068576696e-11,2.113685042654844e-05,19.0
-1.2906442783122511,0.7118447235836528,2.3244746068576696e-11,2.113685042654844e-05,18.0
-1.290641922117761,0.7118467017398269,1.9948633278657563e-11,2.3785477921191646e-05,20.0
-1.2906427075159244,0.7118471089251415,1.9948633278657563e-11,2.3785477921191646e-05,20.0
-1.290643667447013,0.7118476033769185,1.9948633278657563e-11,2.3785477921191646e-05,20.0
-1.2906447437915627,0.7118489123738575,1.9948633278657563e-11,2.3785477921191646e-05,20.0
-1.2906447727640284,0.7118495815330926,1.9948633278657563e-11,2.3785477921191646e-05,19.0
-1.2906445692586375,0.7118503086372591,1.9948633278657563e-11,2.3785477921191646e-05,20.0
-1.2906441910457886,0.7118510940354226,1.9948633278657563e-11,2.3785477921191646e-05,20.0
-1.2906437547134755,0.7118518794335859,1.9948633278657563e-11,2.3785477921191646e-05,21.0
-1.290643114701239,0.7118533629634501,1.9948633278657563e-11,2.3785477921191646e-05,22.0
-1.2906425038360005,0.7118545557214608,1.9948633278657563e-11,2.3785477921191646e-05,22.0
-1.2906422420366128,0.711854933759777,1.9948633278657563e-11,2.3785477921191646e-05,22.0
-1.290642038531222,0.711855050173238,1.9948633278657563e-11,2.3785477921191646e-05,23.0
-1.2906422130641473,0.7118571445683404,1.9948633278657563e-11,2.3785477921191646e-05,22.0
-1.2906416021989089,0.7118580753524305,1.9948633278657563e-11,2.3785477921191646e-05,23.0
-1.290638111540405,0.711862904154872,2.0174811712707865e-11,2.0948495665491737e-05,21.0
-1.2906362789446906,0.7118653476158247,2.0174811712707865e-11,2.0948495665491737e-05,22.0
-1.2906353771330659,0.7118666274657652,2.0174811712707865e-11,2.0948495665491737e-05,24.0
-1.2906345044684397,0.7118679364627042,2.0174811712707865e-11,2.0948495665491737e-05,23.0
-1.2906334864178874,0.7118692164871776,2.0174811712707865e-11,2.0948495665491737e-05,23.0
-1.290632439220336,0.7118706417230448,2.0174811712707865e-11,2.0948495665491737e-05,24.0
-1.2906314209952505,0.7118721835469062,2.0174811712707865e-11,2.0948495665491737e-05,24.0
-1.2906303448252339,0.7118738416096954,2.0174811712707865e-11,2.0948495665491737e-05,25.0
-1.2906292976276825,0.7118754705254864,1.1875433956103766e-10,7.075667205789566e-05,25.0
-1.2906282504301314,0.7118770994412772,1.1875433956103766e-10,7.075667205789566e-05,25.0
-1.290627086819119,0.7118787285316011,1.1875433956103766e-10,7.075667205789566e-05,25.0
-1.2906259523551051,0.711880299327928,1.1875433956103766e-10,7.075667205789566e-05,25.0
-1.2906247597716274,0.7118818409772562,2.198332533489181e-11,2.4548975805816568e-05,25.0
-1.2906235380411508,0.7118833245071202,2.198332533489181e-11,2.4548975805816568e-05,26.0
-1.2906224035771372,0.7118847788899859,2.198332533489181e-11,2.4548975805816568e-05,27.0
-1.290621298085589,0.7118862334473846,2.198332533489181e-11,2.4548975805816568e-05,23.0
-1.2906190291575612,0.7118892294795787,2.198332533489181e-11,2.4548975805816568e-05,24.0
-1.2906178946935476,0.7118906548899787,2.198332533489181e-11,2.4548975805816568e-05,25.0
-1.2906167893765321,0.7118920511533803,2.1039011333656952e-11,2.4389941390936453e-05,24.0
-1.2906157713259796,0.711893505536246,2.1039011333656952e-11,2.4389941390936453e-05,24.0
-1.2906147531008938,0.7118949600936446,2.1039011333656952e-11,2.4389941390936453e-05,23.0
-1.2906137059033427,0.7118962690905837,2.1039011333656952e-11,2.4389941390936453e-05,23.0
-1.2906119605740909,0.7118986542575395,2.1039011333656952e-11,2.4389941390936453e-05,22.0
-1.2906112915893884,0.711899556069164,2.1039011333656952e-11,2.4389941390936453e-05,23.0
-1.2906107971376115,0.7119001960814006,2.1039011333656952e-11,2.4389941390936453e-05,22.0
-1.2906105353382236,0.7119008069466387,2.1039011333656952e-11,2.4389941390936453e-05,23.0
-1.2906115533887763,0.7119026103953549,2.1039011333656952e-11,2.4389941390936453e-05,22.0
-1.2906122515204772,0.7119029303142068,2.1039011333656952e-11,2.4389941390936453e-05,21.0
-1.290613066065639,0.7119032793800573,2.1039011333656952e-11,2.4389941390936453e-05,22.0
-1.2906139095832665,0.7119036867399047,1.933432655855289e-10,0.00012433086549742966,23.0
-1.2906148695143551,0.711904093925219,1.933432655855289e-10,0.00012433086549742966,26.0
-1.290615858592442,0.7119045594045307,1.933432655855289e-10,0.00012433086549742966,27.0
-1.2906168766429948,0.7119049957368436,1.933432655855289e-10,0.00012433086549742966,25.0
-1.2906179529875446,0.7119055483080847,1.933432655855289e-10,0.00012433086549742966,26.0
-1.2906217635649004,0.7119073519313338,1.933432655855289e-10,0.00012433086549742966,26.0
-1.290623043414841,0.7119079917690375,1.933432655855289e-10,0.00012433086549742966,26.0
-1.2906242070258533,0.7119086026342757,1.933432655855289e-10,0.00012433086549742966,26.0
-1.2906253123428684,0.7119090972605857,1.933432655855289e-10,0.00012433086549742966,26.0
-1.2906263886874183,0.7119095625653644,1.933432655855289e-10,0.00012433086549742966,28.0
-1.2906274067379708,0.71191008616414,1.933432655855289e-10,0.00012433086549742966,29.0
-1.290628395816058,0.7119105807904499,1.933432655855289e-10,0.00012433086549742966,28.0
-1.2906294138666106,0.7119110460952285,1.933432655855289e-10,0.00012433086549742966,27.0
-1.290630461064162,0.7119114534550759,1.933432655855289e-10,0.00012433086549742966,26.0
-1.290631450142249,0.7119118314933919,1.8839399405726132e-10,0.00012192587967439617,27.0
-1.290632322806875,0.7119121805592423,1.8839399405726132e-10,0.00012192587967439617,28.0
-1.2906330790580398,0.7119124423586302,1.8839399405726132e-10,0.00012192587967439617,28.0
-1.2906336899232782,0.7119127333050164,1.8839399405726132e-10,0.00012192587967439617,28.0
-1.2906341262555912,0.7119130242514028,1.8839399405726132e-10,0.00012192587967439617,28.0
-1.2906345044684397,0.7119132277567934,1.8839399405726132e-10,0.00012192587967439617,28.0
-1.2906376169140952,0.7119141295684182,5.765585289487405e-11,3.920707272641552e-05,26.0
-1.2906397696031946,0.7119147695806548,5.765585289487405e-11,3.920707272641552e-05,25.0
-1.2906408168007457,0.7119152059129679,5.765585289487405e-11,3.920707272641552e-05,25.0
-1.2906418057042999,0.7119157295117434,5.765585289487405e-11,3.920707272641552e-05,26.0
-1.2906438711269366,0.7119168929482227,5.765585289487405e-11,3.920707272641552e-05,27.0
-1.290644918324488,0.7119173003080701,5.765585289487405e-11,3.920707272641552e-05,27.0
-1.2906459363750407,0.7119176783463862,5.765585289487405e-11,3.920707272641552e-05,28.0
-1.2906470127195901,0.7119180565592351,5.765585289487405e-11,3.920707272641552e-05,28.0
-1.2906481180366056,0.7119185801580107,5.765585289487405e-11,3.920707272641552e-05,27.0
-1.2906493106200836,0.7119192201702473,5.765585289487405e-11,3.920707272641552e-05,29.0
-1.2906506196170224,0.711919801888487,1.0464354682322549e-10,6.171634771348615e-05,28.0
-1.290652074174421,0.7119202673677987,1.0464354682322549e-10,6.171634771348615e-05,27.0
-1.2906550702066149,0.7119212854183511,1.0464354682322549e-10,6.171634771348615e-05,29.0
-1.290656495617015,0.7119218671365909,1.0464354682322549e-10,6.171634771348615e-05,27.0
-1.2906577754669555,0.7119223907353665,1.1615976069098015e-11,1.651385356994537e-05,27.0
-1.2906588809585038,0.7119228853616766,1.1615976069098015e-11,1.651385356994537e-05,26.0
-1.2906604807272961,0.7119236416128413,1.1615976069098015e-11,1.651385356994537e-05,25.0
-1.290661004326072,0.7119240487981559,1.1615976069098015e-11,1.651385356994537e-05,24.0
-1.2906614116859194,0.7119243397445423,1.1615976069098015e-11,1.651385356994537e-05,24.0
-1.2906619352846946,0.7119246596633941,1.1615976069098015e-11,1.651385356994537e-05,24.0
-1.2906625170029347,0.7119249506097803,1.1615976069098015e-11,1.651385356994537e-05,24.0
-1.2906634477870247,0.7119250670232415,1.1615976069098015e-11,1.651385356994537e-05,25.0
-1.290664407718113,0.7119251251427056,1.1615976069098015e-11,1.651385356994537e-05,26.0
-1.2906649896108857,0.7119253869420934,1.1615976069098015e-11,1.651385356994537e-05,27.0
-1.2906659785144399,0.7119259396878675,1.1615976069098015e-11,1.651385356994537e-05,26.0
-1.2906662403138278,0.7119261723402569,1.1615976069098015e-11,1.651385356994537e-05,26.0
-1.29066647314075,0.7119262887537179,1.1615976069098015e-11,1.651385356994537e-05,26.0
-1.2906706909034202,0.7119277431365837,3.092308506111289e-11,2.9650296399408973e-05,25.0
-1.2906714763015836,0.7119277139895851,3.092308506111289e-11,2.9650296399408973e-05,24.0
-1.2906719417808954,0.711926783205495,3.092308506111289e-11,2.9650296399408973e-05,24.0
-1.290672145460819,0.7119261723402569,3.092308506111289e-11,2.9650296399408973e-05,24.0
-1.2906731635113717,0.711924281625078,3.092308506111289e-11,2.9650296399408973e-05,23.0
-1.2906738035236083,0.7119232633999926,3.092308506111289e-11,2.9650296399408973e-05,24.0
-1.2906746761882344,0.7119222162024412,3.092308506111289e-11,2.9650296399408973e-05,23.0
-1.290675636119323,0.7119212272988871,3.092308506111289e-11,2.9650296399408973e-05,23.0
-1.2906764215174864,0.7119200345408763,3.092308506111289e-11,2.9650296399408973e-05,23.0
-1.290677323154578,0.7119188711043969,3.092308506111289e-11,2.9650296399408973e-05,22.0
-1.290678195819204,0.7119177074933846,3.092308506111289e-11,2.9650296399408973e-05,22.0
-1.29067906848383,0.7119165149099067,3.092308506111289e-11,2.9650296399408973e-05,23.0
-1.2906796793490682,0.7119152640324319,1.822267097750787e-11,2.2967668541172236e-05,24.0
-1.2906804066277675,0.711914013154957,1.822267097750787e-11,2.2967668541172236e-05,24.0
-1.2906813374118575,0.7119127914244804,1.822267097750787e-11,2.2967668541172236e-05,23.0
-1.290682995474647,0.7119101444581368,1.822267097750787e-11,2.2967668541172236e-05,22.0
-1.2906838972862713,0.7119088644336634,1.822267097750787e-11,2.2967668541172236e-05,22.0
-1.2906846826844347,0.7119076427031873,1.822267097750787e-11,2.2967668541172236e-05,22.0
-1.2906854099631342,0.7119064501197092,1.822267097750787e-11,2.2967668541172236e-05,22.0
-1.290686224333763,0.7119053156556954,1.822267097750787e-11,2.2967668541172236e-05,22.0
-1.2906870097319265,0.7119041811916815,1.822267097750787e-11,2.2967668541172236e-05,24.0
-1.2906883187288656,0.7119018249971915,2.539290810845276e-12,8.249465797798729e-06,23.0
-1.2906889295941038,0.7119006613861791,2.539290810845276e-12,8.249465797798729e-06,22.0
-1.2906895114868764,0.7118994688027013,2.539290810845276e-12,8.249465797798729e-06,22.0
-1.2906908204838152,0.7118972290216722,2.539290810845276e-12,8.249465797798729e-06,23.0
-1.29069157673498,0.7118960945576582,2.539290810845276e-12,8.249465797798729e-06,23.0
-1.2906922167472168,0.7118948728271821,2.539290810845276e-12,8.249465797798729e-06,23.0
-1.2906932347977695,0.7118937092161697,2.539290810845276e-12,8.249465797798729e-06,22.0
-1.290694950980023,0.7118927784320797,2.539290810845276e-12,8.249465797798729e-06,20.0
-1.2906955618452614,0.7118916439680659,2.539290810845276e-12,8.249465797798729e-06,19.0
-1.2906964636568856,0.7118905967705146,2.539290810845276e-12,8.249465797798729e-06,18.0
-1.2906969872556615,0.7118895204259649,2.539290810845276e-12,8.249465797798729e-06,18.0
-1.2906972490550492,0.7118884151089497,2.539290810845276e-12,8.249465797798729e-06,17.0
-1.2906976853873624,0.7118873679113984,2.539290810845276e-12,8.249465797798729e-06,17.0
-1.2906982671056018,0.7118863496863128,2.539290810845276e-12,8.249465797798729e-06,16.0
-1.2906989362648371,0.7118853316357601,8.219887840883222e-11,5.7987439690975265e-05,17.0
-1.2906995761025408,0.7118843135852074,8.219887840883222e-11,5.7987439690975265e-05,17.0
-1.2907002742342415,0.7118832953601218,8.219887840883222e-11,5.7987439690975265e-05,17.0
-1.2907013214317928,0.7118822481625707,8.219887840883222e-11,5.7987439690975265e-05,17.0
-1.2907022523904161,0.7118812592590164,8.219887840883222e-11,5.7987439690975265e-05,16.0
-1.2907037940397443,0.7118791938363795,8.219887840883222e-11,5.7987439690975265e-05,16.0
-1.2907046085849063,0.7118782049328254,8.219887840883222e-11,5.7987439690975265e-05,15.0
-1.290705481249532,0.7118772739742024,8.219887840883222e-11,5.7987439690975265e-05,15.0
-1.2907062666476954,0.7118764304565749,7.371985252802491e-11,6.787394470071434e-05,15.0
-1.2907070228988604,0.7118757323248742,7.371985252802491e-11,6.787394470071434e-05,15.0
-1.2907073719647106,0.7118750633401719,7.371985252802491e-11,6.787394470071434e-05,14.0
-1.2907083900152634,0.711873492543845,7.371985252802491e-11,6.787394470071434e-05,15.0
-1.2907091172939626,0.7118725907322205,7.371985252802491e-11,6.787394470071434e-05,15.0
-1.2907100772250515,0.7118714854152052,7.371985252802491e-11,6.787394470071434e-05,16.0
-1.2907109498896774,0.7118704671901197,7.371985252802491e-11,6.787394470071434e-05,16.0
-1.2907128116323903,0.7118681982620921,7.371985252802491e-11,6.787394470071434e-05,14.0
-1.2907136260030194,0.7118671510645408,7.371985252802491e-11,6.787394470071434e-05,14.0
-1.2907143241347203,0.7118661911334523,2.1007163581194356e-10,0.0001413196785880078,14.0
-1.2907151095328837,0.7118654348822874,2.1007163581194356e-10,0.0001413196785880078,15.0
-1.2907179312066854,0.7118631078347957,2.1007163581194356e-10,0.0001413196785880078,15.0
-1.2907186001913875,0.7118624097030949,2.1007163581194356e-10,0.0001413196785880078,15.0
-1.2907191529371618,0.7118616243049315,2.1007163581194356e-10,0.0001413196785880078,16.0
-1.290719996454789,0.7118609261732306,2.1007163581194356e-10,0.0001413196785880078,17.0
-1.290721363745725,0.711859849828681,2.1007163581194356e-10,0.0001413196785880078,16.0
-1.2907218290505038,0.7118594426433664,2.1007163581194356e-10,0.0001413196785880078,16.0
-1.2907222072633526,0.7118590644305177,2.36949249230135e-10,9.260155154516677e-05,16.0
-1.2907233125803679,0.711856737383026,2.36949249230135e-10,9.260155154516677e-05,15.0
-1.2907237780596794,0.7118560101043265,2.36949249230135e-10,9.260155154516677e-05,15.0
-1.29072412712553,0.7118552538531617,2.36949249230135e-10,9.260155154516677e-05,15.0
-1.2907246798713041,0.7118542647750746,2.36949249230135e-10,9.260155154516677e-05,15.0
-1.2907253197090076,0.7118533339909845,2.36949249230135e-10,9.260155154516677e-05,16.0
-1.2907255815083956,0.7118524613263585,2.36949249230135e-10,9.260155154516677e-05,16.0
-1.290726046987707,0.7118517631946577,2.36949249230135e-10,9.260155154516677e-05,16.0
-1.290726599733481,0.7118512395958821,2.36949249230135e-10,9.260155154516677e-05,16.0
-1.290728170529808,0.7118508032635691,1.3053755059167448e-10,4.7485872870434423e-05,16.0
-1.2907291304608965,0.7118507449695721,1.3053755059167448e-10,4.7485872870434423e-05,16.0
-1.2907301776584479,0.7118508322360347,1.3053755059167448e-10,4.7485872870434423e-05,17.0
-1.2907311957090004,0.7118512685683478,1.3053755059167448e-10,4.7485872870434423e-05,18.0
-1.2907322137595534,0.7118518213141218,1.3053755059167448e-10,4.7485872870434423e-05,19.0
-1.2907332028376401,0.7118524902988241,2.36949249230135e-10,9.260155154516677e-05,19.0
-1.2907355009126664,0.7118534793769111,2.36949249230135e-10,9.260155154516677e-05,17.0
-1.2907365481102178,0.7118539448562227,2.36949249230135e-10,9.260155154516677e-05,17.0
-1.2907375080413062,0.7118544101610013,2.36949249230135e-10,9.260155154516677e-05,17.0
-1.2907384679723948,0.7118548175208487,2.36949249230135e-10,9.260155154516677e-05,17.0
-1.2907394279034834,0.7118551665866991,2.36949249230135e-10,9.260155154516677e-05,18.0
-1.2907404168070375,0.7118555446250151,2.36949249230135e-10,9.260155154516677e-05,18.0
-1.2907413477656606,0.7118559519848625,2.36949249230135e-10,9.260155154516677e-05,19.0
-1.2907422494027523,0.7118563883171755,2.36949249230135e-10,9.260155154516677e-05,19.0
-1.2907431220673782,0.7118567663554914,4.743807078511933e-12,8.826592647193248e-06,19.0
-1.290744053026001,0.7118571445683404,4.743807078511933e-12,8.826592647193248e-06,18.0
-1.2907459145941813,0.7118579299665038,4.743807078511933e-12,8.826592647193248e-06,16.0
-1.290746816405806,0.711858424418281,4.743807078511933e-12,8.826592647193248e-06,16.0
-1.2907477763368944,0.7118588898975925,4.743807078511933e-12,8.826592647193248e-06,16.0
-1.290748678148519,0.711859413496368,4.743807078511933e-12,8.826592647193248e-06,16.0
-1.290750423477771,0.7118626715024826,1.2510789738645742e-11,1.5837411788835247e-05,16.0
-1.290750219797847,0.711863398606649,1.2510789738645742e-11,1.5837411788835247e-05,16.0
-1.2907497834655342,0.7118645330706629,1.2510789738645742e-11,1.5837411788835247e-05,16.0
-1.2907496380796075,0.711865027696973,1.2510789738645742e-11,1.5837411788835247e-05,15.0
-1.2907493762802196,0.7118654930017515,1.2510789738645742e-11,1.5837411788835247e-05,15.0
-1.2907489980673708,0.7118660457475257,1.2510789738645742e-11,1.5837411788835247e-05,15.0
-1.2907487362679828,0.7118665112268371,1.2510789738645742e-11,1.5837411788835247e-05,15.0
-1.290748183522209,0.7118674420109272,1.2510789738645742e-11,1.5837411788835247e-05,15.0
-1.2907478927503555,0.7118681401426279,1.2510789738645742e-11,1.5837411788835247e-05,16.0
-1.2907473400045812,0.7118689836602556,1.2510789738645742e-11,1.5837411788835247e-05,16.0
-1.290746554606418,0.7118699727383426,1.2510789738645742e-11,1.5837411788835247e-05,16.0
-1.2907456527947934,0.7118709907888953,1.2510789738645742e-11,1.5837411788835247e-05,17.0
-1.2907447220107033,0.7118720962804435,1.2510789738645742e-11,1.5837411788835247e-05,16.0
-1.2907439074655416,0.711873259716923,1.2510789738645742e-11,1.5837411788835247e-05,16.0
-1.290743180361375,0.7118743941809367,2.574362937939171e-10,8.317329648264768e-05,16.0
-1.2907425403491384,0.7118755286449505,2.574362937939171e-10,8.317329648264768e-05,17.0
-1.290741754950975,0.7118764885760389,2.574362937939171e-10,8.317329648264768e-05,16.0
-1.2907408822863489,0.7118772739742024,2.574362937939171e-10,8.317329648264768e-05,16.0
-1.2907399804747246,0.7118787285316011,2.574362937939171e-10,8.317329648264768e-05,16.0
-1.290739515169946,0.7118792811028423,2.574362937939171e-10,8.317329648264768e-05,16.0
-1.290739136957097,0.7118795720492285,2.574362937939171e-10,8.317329648264768e-05,16.0
-1.2907375370137717,0.7118808229267035,2.1007163581194356e-10,0.0001413196785880078,17.0
-1.290737711546697,0.7118815500308697,2.5525203458745203e-10,8.778697113025885e-05,17.0
-1.2907376534272328,0.7118822481625707,2.5525203458745203e-10,8.778697113025885e-05,16.0
-1.2907378860796221,0.7118829462942715,2.5525203458745203e-10,8.778697113025885e-05,16.0
-1.29073864250532,0.7118836444259723,2.5525203458745203e-10,8.778697113025885e-05,16.0
-1.29073957328941,0.7118842552912104,2.5525203458745203e-10,8.778697113025885e-05,17.0
-1.290741754950975,0.7118854770216867,2.5525203458745203e-10,8.778697113025885e-05,16.0
-1.290742947534453,0.711886087886925,2.5525203458745203e-10,8.778697113025885e-05,15.0
-1.2907442856783904,0.7118867860186258,2.5525203458745203e-10,8.778697113025885e-05,15.0
-1.2907455074088667,0.7118873679113984,2.5525203458745203e-10,8.778697113025885e-05,15.0
-1.2907467582863419,0.7118879496296382,2.5525203458745203e-10,8.778697113025885e-05,14.0
-1.2907479217228213,0.7118884440814152,2.574362937939171e-10,8.317329648264768e-05,13.0
-1.2907489689203722,0.7118889676801907,2.574362937939171e-10,8.317329648264768e-05,13.0
-1.2907501325313846,0.7118895495729634,2.574362937939171e-10,8.317329648264768e-05,13.0
-1.2907512088759343,0.711890073171739,2.574362937939171e-10,8.317329648264768e-05,13.0
-1.2907520232465632,0.7118905967705146,2.574362937939171e-10,8.317329648264768e-05,13.0
-1.2907528086447266,0.7118910331028276,2.574362937939171e-10,8.317329648264768e-05,13.0
-1.2907534195099648,0.711891265755217,2.574362937939171e-10,8.317329648264768e-05,13.0
-1.2907540886692002,0.7118913530216795,2.574362937939171e-10,8.317329648264768e-05,13.0
-1.2907545831209772,0.7118914694351406,2.574362937939171e-10,8.317329648264768e-05,12.0
-1.2907559212649147,0.7118920803003789,2.574362937939171e-10,8.317329648264768e-05,12.0
-1.290756473836156,0.7118923129527681,2.574362937939171e-10,8.317329648264768e-05,11.0
-1.2907572883813176,0.71189263287162,2.574362937939171e-10,8.317329648264768e-05,10.0
-1.290758335578869,0.7118930402314673,2.574362937939171e-10,8.317329648264768e-05,10.0
-1.290759528162347,0.7118935928027087,2.574362937939171e-10,8.317329648264768e-05,8.0
-1.290760895453283,0.7118941164014843,2.574362937939171e-10,8.317329648264768e-05,8.0
-1.2907624952220753,0.7118946110277942,2.574362937939171e-10,8.317329648264768e-05,7.0
-1.2907642696983257,0.7118950763325728,0.0,0.0,7.0
-1.2907660731470418,0.7118957163448095,0.0,0.0,7.0
-1.2907695638055459,0.7118976362069867,0.0,0.0,7.0
-1.2907713964012604,0.7118987415240018,0.0,0.0,7.0
-1.2907733454104362,0.7118997014550905,0.0,0.0,6.0
-1.2907752944196118,0.7119006905331776,0.0,0.0,4.0
-1.2907773305207173,0.7119016796112648,0.0,0.0,4.0
-1.290779512182282,0.7119027557812815,0.0,0.0,4.0
-1.2907817521378442,0.7119038029788326,0.0,0.0,4.0
-1.2907865517932873,0.7119056938685443,0.0,0.0,0.0
-1.290789053373704,0.7119065665331703,0.0,0.0,0.0
-1.2907916422205838,0.711907584583723,0.0,0.0,0.0
-1.290794231241996,0.71190857366181,0.0,0.0,0.0
-1.2907968492358741,0.7119095335928988,0.0,0.0,0.0
-1.2907994962022178,0.7119104935239874,0.0,0.0,0.0
-1.2908022306095566,0.7119114534550759,0.0,0.0,0.0
-1.2908068557320744,0.7119138096495661,0.0,0.0,0.0
-1.2908092700460287,0.7119147695806548,0.0,0.0,1.0
-1.2908118299204427,0.7119158167782059,0.0,0.0,1.0
-1.290814360647858,0.7119169220952212,0.0,0.0,1.0
-1.2908196839020765,0.7119189873433253,0.0,0.0,1.0
-1.2908252981026815,0.7119207326725772,0.0,0.0,2.0
-1.2908281778959472,0.7119214599512763,0.0,0.0,2.0
-1.2908311158086772,0.7119221872299758,0.0,0.0,2.0
-1.2908340247489416,0.7119227980952139,0.0,0.0,2.0
-1.2908368753952086,0.7119233506664551,0.0,0.0,2.0
-1.2908424313018168,0.7119246596633941,0.0,0.0,4.0
-1.2908451075896916,0.7119254450615574,0.0,0.0,5.0
-1.2908476672895726,0.7119263760201805,0.0,0.0,5.0
-1.2908500526310613,0.7119273940707332,0.0,0.0,5.0
-1.29085243797255,0.7119285576817455,0.0,0.0,5.0
-1.29085479416704,0.7119298666786845,0.0,0.0,5.0
-1.2908570630950675,0.7119313210615502,0.0,0.0,5.0
-1.290859244756633,0.7119328045914143,0.0,0.0,5.0
-1.2908614264181977,0.7119341717078175,0.0,0.0,5.0
-1.2908636370522282,0.7119355389987534,0.0,0.0,5.0
-1.2908658478607917,0.711936818848694,0.0,0.0,5.0
-1.2908680586693553,0.7119380697261688,0.0,0.0,5.0
-1.2908702111839219,0.7119393495761093,0.0,0.0,3.0
-1.290872450964951,0.7119405421595871,0.0,0.0,3.0
-1.2908747781869756,0.7119416766236011,0.0,0.0,3.0
-1.2908771343814658,0.7119427821151493,0.0,0.0,3.0
-1.2908821085698339,0.7119451383096395,0.0,0.0,2.0
-1.290887140877666,0.7119472327047418,0.0,0.0,2.0
-1.2908897588715442,0.7119481926358304,0.0,0.0,1.0
-1.290892144213033,0.7119490361534578,0.0,0.0,1.0
-1.290894703912914,0.7119498796710855,0.0,0.0,4.0
-1.2908993000629658,0.7119515087614093,0.0,0.0,4.0
-1.290900987098221,0.7119520904796488,0.0,0.0,4.0
-1.290903430559174,0.7119529631442748,0.0,0.0,4.0
-1.2909042451043355,0.7119533703295894,0.0,0.0,4.0
-1.290904972383035,0.7119536904229743,0.0,0.0,4.0
-1.2909056994872015,0.7119541267552872,0.0,0.0,4.0
-1.2909064848853649,0.7119546503540628,0.0,0.0,4.0
-1.2909072702835283,0.7119551739528384,0.0,0.0,4.0
-1.2909079975622273,0.7119556684046154,0.0,0.0,4.0
-1.2909095975055527,0.7119568028686293,0.0,0.0,4.0
-1.290911139154881,0.7119579081856446,0.0,0.0,5.0
-1.2909118664335801,0.7119584028119545,0.0,0.0,5.0
-1.2909126226847454,0.711958809997269,0.0,0.0,6.0
-1.2909133208164463,0.7119592171825837,0.0,0.0,6.0
-1.2909141643340736,0.7119595953954325,0.0,0.0,6.0
-1.2909152115316247,0.7119602062606707,6.31986714664367e-11,4.3002307100164586e-05,6.0
-1.2909165205285638,0.7119608752453729,6.31986714664367e-11,4.3002307100164586e-05,6.0
-1.290917945938964,0.7119615733770739,6.31986714664367e-11,4.3002307100164586e-05,8.0
-1.2909195167352907,0.7119622133893105,6.31986714664367e-11,4.3002307100164586e-05,9.0
-1.2909211456510816,0.7119629696404753,6.31986714664367e-11,4.3002307100164586e-05,9.0
-1.290922803713871,0.7119636969191747,6.31986714664367e-11,4.3002307100164586e-05,9.0
-1.290924403657196,0.7119643659038769,6.31986714664367e-11,4.3002307100164586e-05,9.0
-1.2909260036005215,0.7119651513020404,6.31986714664367e-11,4.3002307100164586e-05,11.0
-1.2909294359650285,0.7119667803923643,6.65083397311872e-11,4.584411859070227e-05,12.0
-1.2909312104412791,0.7119677111764542,6.65083397311872e-11,4.584411859070227e-05,12.0
-1.2909329849175295,0.7119686711075428,6.65083397311872e-11,4.584411859070227e-05,12.0
-1.2909347302467815,0.7119696310386315,6.65083397311872e-11,4.584411859070227e-05,13.0
-1.290936504548499,0.7119704164367948,6.65083397311872e-11,4.584411859070227e-05,13.0
-1.2909383954382105,0.711971027302033,6.755363440704862e-11,5.0113406016072155e-05,15.0
-1.2909401407674628,0.711971899966659,6.755363440704862e-11,5.0113406016072155e-05,15.0
-1.2909436022789682,0.7119734416159874,6.755363440704862e-11,5.0113406016072155e-05,17.0
-1.2909453476082202,0.7119740524812256,6.755363440704862e-11,5.0113406016072155e-05,16.0
-1.290947034818008,0.7119746052269996,6.755363440704862e-11,5.0113406016072155e-05,15.0
-1.2909485183478722,0.7119751579727738,6.755363440704862e-11,5.0113406016072155e-05,15.0
-1.2909497981978129,0.7119756232775523,6.755363440704862e-11,5.0113406016072155e-05,16.0
-1.2909509326618267,0.7119759433709372,6.755363440704862e-11,5.0113406016072155e-05,16.0
-1.2909519217399137,0.7119761179038624,6.755363440704862e-11,5.0113406016072155e-05,17.0
-1.2909528525240037,0.7119764378227142,6.755363440704862e-11,5.0113406016072155e-05,17.0
-1.2909536087751687,0.7119768160355632,6.755363440704862e-11,5.0113406016072155e-05,17.0
-1.290954452467329,0.7119771940738792,4.289881430262381e-11,2.790881682136659e-05,17.0
-1.290955266837958,0.7119776887001892,4.289881430262381e-11,2.790881682136659e-05,18.0
-1.2909561395025841,0.711977950499577,4.289881430262381e-11,2.790881682136659e-05,18.0
-1.2909567213953568,0.7119782995654274,4.289881430262381e-11,2.790881682136659e-05,18.0
-1.290957070461207,0.711978503070818,4.289881430262381e-11,2.790881682136659e-05,18.0
-1.290958263044685,0.7119792012025188,4.289881430262381e-11,2.790881682136659e-05,18.0
-1.2909589903233842,0.7119794340294411,4.289881430262381e-11,2.790881682136659e-05,18.0
-1.2909607356526362,0.7119802484000701,4.289881430262381e-11,2.790881682136659e-05,18.0
-1.2909615791702638,0.7119805684934549,4.289881430262381e-11,2.790881682136659e-05,18.0
-1.2909623354214286,0.7119811210646961,4.289881430262381e-11,2.790881682136659e-05,18.0
-1.2909629754336653,0.7119814411580809,4.289881430262381e-11,2.790881682136659e-05,18.0
-1.2909635571519051,0.7119815865440076,4.289881430262381e-11,2.790881682136659e-05,19.0
-1.2909641680171433,0.7119817319299344,4.289881430262381e-11,2.790881682136659e-05,18.0
-1.2909647207629174,0.711981935609858,4.289881430262381e-11,2.790881682136659e-05,18.0
-1.2909652152146942,0.7119821682622474,4.289881430262381e-11,2.790881682136659e-05,17.0
-1.2909670769574075,0.7119815865440076,4.289881430262381e-11,2.790881682136659e-05,17.0
-1.290967542436719,0.7119808592653083,4.289881430262381e-11,2.790881682136659e-05,18.0
-1.290968793139661,0.7119792012025188,4.289881430262381e-11,2.790881682136659e-05,18.0
-1.2909695785378243,0.7119782995654274,4.289881430262381e-11,2.790881682136659e-05,19.0
-1.2909701894030627,0.7119773686068044,4.289881430262381e-11,2.790881682136659e-05,18.0
-1.2909708294152993,0.7119764959421784,0.0,0.0,18.0
-1.2909713821610733,0.7119756815715493,0.0,0.0,19.0
-1.2909719638793131,0.71197495429285,0.0,0.0,19.0
-1.2909724293586247,0.7119744015470759,0.0,0.0,19.0
-1.2909751927384292,0.7119733834965233,1.0303836533670988e-11,1.4127480932615528e-05,20.0
-1.2909765598548324,0.7119731508441339,1.0303836533670988e-11,1.4127480932615528e-05,20.0
-1.2909769672146798,0.711972772631285,1.0303836533670988e-11,1.4127480932615528e-05,21.0
-1.2909772871335317,0.7119724816848988,1.0303836533670988e-11,1.4127480932615528e-05,22.0
-1.2909795852085577,0.7119723654459704,1.0303836533670988e-11,1.4127480932615528e-05,23.0
-1.2909802250462616,0.7119726272453584,1.0303836533670988e-11,1.4127480932615528e-05,22.0
-1.29098118497735,0.7119730344306728,1.0303836533670988e-11,1.4127480932615528e-05,22.0
-1.2909838321182265,0.7119740524812256,0.0,0.0,20.0
-1.290985432061552,0.7119746343739981,0.0,0.0,20.0
-1.2909871190968067,0.7119752452392364,0.0,0.0,19.0
-1.2909888354535934,0.7119758850769401,3.928466569428809e-10,0.00018024834901533084,19.0
-1.2909904935163827,0.7119764959421784,3.928466569428809e-10,0.00018024834901533084,17.0
-1.2909922096986364,0.7119772232208775,3.928466569428809e-10,0.00018024834901533084,17.0
-1.2909939550278882,0.7119779794720427,3.928466569428809e-10,0.00018024834901533084,15.0
-1.2909958167706013,0.7119789394031311,3.928466569428809e-10,0.00018024834901533084,18.0
-1.2909977074857801,0.7119797248012946,3.928466569428809e-10,0.00018024834901533084,17.0
-1.2909995982009586,0.7119804229329953,3.928466569428809e-10,0.00018024834901533084,17.0
-1.2910014599436719,0.7119810920922305,3.928466569428809e-10,0.00018024834901533084,18.0
-1.2910069577308156,0.7119836228196459,5.171459473849957e-11,4.107420535047541e-05,20.0
-1.2910088194735287,0.711984553603736,5.171459473849957e-11,4.107420535047541e-05,20.0
-1.2910126300508846,0.7119863280799864,5.171459473849957e-11,4.107420535047541e-05,20.0
-1.2910143753801364,0.7119873752775377,5.171459473849957e-11,4.107420535047541e-05,18.0
-1.2910161788288526,0.7119882769146293,5.171459473849957e-11,4.107420535047541e-05,18.0
-1.2910196405148908,0.7119900222438814,2.964963193726706e-11,2.3583652513412197e-05,17.0
-1.2910211821642195,0.711990720375582,2.964963193726706e-11,2.3583652513412197e-05,17.0
-1.2910231601458606,0.7119917094536692,2.964963193726706e-11,2.3583652513412197e-05,16.0
-1.2910236256251724,0.7119920004000554,2.964963193726706e-11,2.3583652513412197e-05,17.0
-1.2910236837446365,0.7119928147706845,2.964963193726706e-11,2.3583652513412197e-05,17.0
-1.2910235675057078,0.711993280249996,2.964963193726706e-11,2.3583652513412197e-05,17.0
-1.2910229856129356,0.7119937457293075,2.964963193726706e-11,2.3583652513412197e-05,17.0
-1.2910215893495336,0.711995083698712,2.964963193726706e-11,2.3583652513412197e-05,18.0
-1.2910207749789049,0.711995898243874,2.964963193726706e-11,2.3583652513412197e-05,17.0
-1.291020076847204,0.7119967417615015,2.964963193726706e-11,2.3583652513412197e-05,17.0
-1.291019582220894,0.7119974398932023,2.964963193726706e-11,2.3583652513412197e-05,18.0
-1.291018971355656,0.7119980507584405,2.964963193726706e-11,2.3583652513412197e-05,17.0
-1.2910184769038786,0.7119985453847504,2.964963193726706e-11,2.3583652513412197e-05,17.0
-1.2910178079191765,0.7119992724889168,2.964963193726706e-11,2.3583652513412197e-05,18.0
-1.2899377690310438,0.7122079848949898,7.741242489816538e-12,1.2658826830416745e-05,12.0
-1.2899324457768253,0.7122096429577791,7.741242489816538e-12,1.2658826830416745e-05,10.0
-1.2899299441964085,0.7122103700619455,7.741242489816538e-12,1.2658826830416745e-05,10.0
-1.2899269479896813,0.7122111264876433,7.741242489816538e-12,1.2658826830416745e-05,10.0
-1.289923864516492,0.7122117954723456,1.1539821713389246e-11,1.9102058190392603e-05,10.0
-1.2899209847232262,0.7122126100175076,1.1539821713389246e-11,1.9102058190392603e-05,9.0
-1.2899182213434215,0.7122135989210617,1.1539821713389246e-11,1.9102058190392603e-05,8.0
-1.289915516083081,0.7122144426132222,1.1539821713389246e-11,1.9102058190392603e-05,8.0
-1.2899080111672974,0.7122174677924147,1.1539821713389246e-11,1.9102058190392603e-05,7.0
-1.2899057713862683,0.7122187476423552,1.1539821713389246e-11,1.9102058190392603e-05,6.0
-1.289903676991166,0.7122201149332911,1.1539821713389246e-11,1.9102058190392603e-05,6.0
-1.2899015825960636,0.7122213366637676,0.0,0.0,5.0
-1.289899429906964,0.712222558394244,0.0,0.0,5.0
-1.2898973065393962,0.7122237801247203,0.0,0.0,5.0
-1.289895066583834,0.7122249727081982,0.0,0.0,6.0
-1.2898928559498035,0.7122261944386747,1.980927080821428e-12,5.8086795482253174e-06,6.0
-1.2898908196741652,0.7122272997556899,1.980927080821428e-12,5.8086795482253174e-06,7.0
-1.2898872998686628,0.712229481417255,1.980927080821428e-12,5.8086795482253174e-06,7.0
-1.2898855545394108,0.7122304123758779,1.980927080821428e-12,5.8086795482253174e-06,7.0
-1.2898838092101585,0.7122314304264308,1.980927080821428e-12,5.8086795482253174e-06,7.0
-1.2898821221749037,0.7122323612105207,1.980927080821428e-12,5.8086795482253174e-06,6.0
-1.289880434965116,0.7122333211416093,1.980927080821428e-12,5.8086795482253174e-06,5.0
-1.2898774387583891,0.7122350374983957,1.980927080821428e-12,5.8086795482253174e-06,6.0
-1.2898761589084484,0.7122354738307087,1.980927080821428e-12,5.8086795482253174e-06,6.0
-1.2898740936603443,0.7122362882013377,1.980927080821428e-12,5.8086795482253174e-06,5.0
-1.2898735990340344,0.7122367536806492,1.980927080821428e-12,5.8086795482253174e-06,5.0
-1.2898726101304803,0.712237509931814,1.980927080821428e-12,5.8086795482253174e-06,5.0
-1.2898719409712454,0.7122378881446629,1.980927080821428e-12,5.8086795482253174e-06,5.0
-1.289870952067691,0.7122381207970523,1.980927080821428e-12,5.8086795482253174e-06,5.0
-1.2898699048701399,0.7122384698629026,1.980927080821428e-12,5.8086795482253174e-06,5.0
-1.2898687412591274,0.7122389061952157,7.782365841210322e-12,1.1793152485932144e-05,5.0
-1.289867577648115,0.7122394880879884,7.782365841210322e-12,1.1793152485932144e-05,5.0
-1.289865716079935,0.7122403607526143,7.782365841210322e-12,1.1793152485932144e-05,6.0
-1.2898649306817715,0.7122407679379289,7.782365841210322e-12,1.1793152485932144e-05,6.0
-1.2898642615225364,0.7122410297373166,7.782365841210322e-12,1.1793152485932144e-05,6.0
-1.289863796217758,0.7122414660696297,7.782365841210322e-12,1.1793152485932144e-05,6.0
-1.289863418004909,0.7122417278690174,7.782365841210322e-12,1.1793152485932144e-05,5.0
-1.2898608581304951,0.7122435313177334,7.782365841210322e-12,1.1793152485932144e-05,5.0
-1.2898585310830033,0.7122448403146725,7.782365841210322e-12,1.1793152485932144e-05,6.0
-1.289857571151915,0.712245189380523,7.782365841210322e-12,1.1793152485932144e-05,6.0
-1.2898566984872888,0.7122450731415946,7.782365841210322e-12,1.1793152485932144e-05,6.0
-1.2898519279788443,0.7122656680267682,0.0,0.0,11.0
-1.2898522770446945,0.7122675295949483,1.7022950500709055e-10,6.564270317728584e-05,12.0
-1.2898525096970839,0.7122695658705867,1.7022950500709055e-10,6.564270317728584e-05,13.0
-1.289852887909933,0.7122715148797625,1.7022950500709055e-10,6.564270317728584e-05,13.0
-1.2898532078287845,0.7122734928614036,1.7022950500709055e-10,6.564270317728584e-05,14.0
-1.2898535568946352,0.7122756164035045,1.7022950500709055e-10,6.564270317728584e-05,14.0
-1.2898539059604854,0.7122777980650694,1.7022950500709055e-10,6.564270317728584e-05,15.0
-1.2898542258793373,0.7122799797266345,1.7022950500709055e-10,6.564270317728584e-05,14.0
-1.2898546040921863,0.712282132241201,1.086841445891473e-10,7.04763760105525e-05,15.0
-1.2898549531580368,0.7122842266363034,1.086841445891473e-10,7.04763760105525e-05,16.0
-1.2898555640232747,0.7122882117465846,1.086841445891473e-10,7.04763760105525e-05,19.0
-1.2898560876220506,0.7122917896715512,2.032392193972453e-11,2.2334906799104508e-05,20.0
-1.2898563785684367,0.7122932442289498,2.032392193972453e-11,2.2334906799104508e-05,20.0
-1.289856873020214,0.7122943786929634,2.032392193972453e-11,2.2334906799104508e-05,22.0
-1.2898573966189895,0.7122953675965177,2.032392193972453e-11,2.2334906799104508e-05,22.0
-1.2898582692836156,0.7122962402611437,2.032392193972453e-11,2.2334906799104508e-05,23.0
-1.2898606254781058,0.7122981311508552,2.032392193972453e-11,2.2334906799104508e-05,25.0
-1.2898617599421194,0.7122990910819439,2.032392193972453e-11,2.2334906799104508e-05,25.0
-1.2898627490202066,0.7122999637465699,2.032392193972453e-11,2.2334906799104508e-05,25.0
-1.2898635633908355,0.7123006327312721,2.032392193972453e-11,2.2334906799104508e-05,26.0
-1.2898642615225364,0.7123012144495118,2.032392193972453e-11,2.2334906799104508e-05,27.0
-1.2898668505439488,0.7123042687757027,2.032392193972453e-11,2.2334906799104508e-05,29.0
-1.2898680431274265,0.7123050541738662,2.032392193972453e-11,2.2334906799104508e-05,29.0
-1.289869206738439,0.7123058395720295,2.032392193972453e-11,2.2334906799104508e-05,29.0
-1.2898702829084558,0.7123064795842663,2.032392193972453e-11,2.2334906799104508e-05,29.0
-1.2898712428395442,0.7123070613025061,2.032392193972453e-11,2.2334906799104508e-05,28.0
-1.2898720865317048,0.7123076140482802,1.2004972513401297e-11,1.7385214846644758e-05,28.0
-1.2898729300493323,0.7123081667940543,7.799911803977832e-11,4.4408933367607865e-05,28.0
-1.2898736573280316,0.7123086031263672,7.799911803977832e-11,4.4408933367607865e-05,28.0
-1.2898743263127337,0.7123089230452191,7.799911803977832e-11,4.4408933367607865e-05,28.0
-1.289874820764511,0.7123092429640709,7.799911803977832e-11,4.4408933367607865e-05,28.0
-1.2898753443632864,0.7123096211769199,7.799911803977832e-11,4.4408933367607865e-05,27.0
-1.2898761589084484,0.7123099121233062,7.799911803977832e-11,4.4408933367607865e-05,27.0
-1.2898769443066118,0.7123102320421582,7.799911803977832e-11,4.4408933367607865e-05,29.0
-1.2898793877675647,0.71231055196101,7.799911803977832e-11,4.4408933367607865e-05,30.0
-1.289880929416893,0.7123107264939352,7.799911803977832e-11,4.4408933367607865e-05,30.0
-1.2898825293602183,0.7123109593208574,7.799911803977832e-11,4.4408933367607865e-05,31.0
-1.2898841874230078,0.7123111047067842,7.799911803977832e-11,4.4408933367607865e-05,31.0
-1.2898873871351253,0.7123115410390971,7.799911803977832e-11,4.4408933367607865e-05,33.0
-1.2898889870784507,0.7123117447190209,1.4605796043678324e-11,1.8034668471673472e-05,34.0
-1.2898905578747775,0.71231197737141,1.4605796043678324e-11,1.8034668471673472e-05,34.0
-1.2898921286711045,0.7123122683177965,4.716269663647662e-11,4.1547667653548184e-05,36.0
-1.289893844853358,0.7123126173836468,4.716269663647662e-11,4.1547667653548184e-05,35.0
-1.2898956774490722,0.7123130826884254,4.716269663647662e-11,4.1547667653548184e-05,35.0
-1.2898996917063519,0.7123139263805859,4.716269663647662e-11,4.1547667653548184e-05,34.0
-1.2899016407155275,0.7123141590329751,4.716269663647662e-11,4.1547667653548184e-05,34.0
-1.2899035314307064,0.712314420832363,4.716269663647662e-11,4.1547667653548184e-05,35.0
-1.2899072549161323,0.7123152062305262,4.037353589270348e-11,2.7724408463112903e-05,36.0
-1.2899090583648485,0.7123157589763005,4.037353589270348e-11,2.7724408463112903e-05,36.0
-1.2899109782270257,0.7123163988140042,3.4864682163518005e-11,3.053857988075484e-05,38.0
-1.2899169704659466,0.7123180568767935,3.4864682163518005e-11,3.053857988075484e-05,36.0
-1.2899188322086597,0.7123185223561052,3.4864682163518005e-11,3.053857988075484e-05,35.0
-1.2899204611244504,0.7123188714219555,2.1362667340597963e-11,1.9695849950551178e-05,36.0
-1.2899218865348507,0.7123192496348044,2.1362667340597963e-11,1.9695849950551178e-05,36.0
-1.2899229337324019,0.7123197149395831,2.1362667340597963e-11,1.9695849950551178e-05,37.0
-1.2899236027171042,0.7123202385383587,2.1362667340597963e-11,1.9695849950551178e-05,37.0
-1.2899240390494173,0.7123209366700595,4.020340705965181e-12,9.60418600716497e-06,39.0
-1.2899240100769518,0.7123226238798472,4.020340705965181e-12,9.60418600716497e-06,40.0
-1.2899237191305652,0.7123235546639374,4.020340705965181e-12,9.60418600716497e-06,38.0
-1.2899234573311775,0.7123245437420244,4.020340705965181e-12,9.60418600716497e-06,39.0
-1.2899230209988644,0.7123257654725009,4.020340705965181e-12,9.60418600716497e-06,39.0
-1.2899224974000891,0.7123269872029773,5.438030178123892e-12,1.0314759402980257e-05,40.0
-1.2899215666159989,0.7123292852780035,5.438030178123892e-12,1.0314759402980257e-05,42.0
-1.2899210719896888,0.7123303905950187,1.518335067232167e-11,1.7402171287159028e-05,44.0
-1.2899206066849103,0.7123315250590325,1.518335067232167e-11,1.7402171287159028e-05,43.0
-1.2899201120586004,0.7123326886700447,1.518335067232167e-11,1.7402171287159028e-05,43.0
-1.2899189775945863,0.7123349865705381,1.518335067232167e-11,1.7402171287159028e-05,41.0
-1.2899183958763467,0.7123360920620863,7.447880682875862e-11,4.8831658556292094e-05,40.0
-1.2899179014245696,0.7123372554985655,7.447880682875862e-11,4.8831658556292094e-05,40.0
-1.2899174940647222,0.712338477229042,7.447880682875862e-11,4.8831658556292094e-05,40.0
-1.289916446867171,0.7123411824893825,7.447880682875862e-11,4.8831658556292094e-05,36.0
-1.2899157778824688,0.7123426078997827,7.447880682875862e-11,4.8831658556292094e-05,35.0
-1.289915196164229,0.7123440333101827,7.447880682875862e-11,4.8831658556292094e-05,34.0
-1.289914701537919,0.7123454004265859,7.447880682875862e-11,4.8831658556292094e-05,35.0
-1.289914265205606,0.712346505743601,7.447880682875862e-11,4.8831658556292094e-05,35.0
-1.2899138871672902,0.7123476402076149,7.447880682875862e-11,4.8831658556292094e-05,35.0
-1.2899135089544411,0.7123487746716288,7.447880682875862e-11,4.8831658556292094e-05,35.0
-1.2899132763020518,0.7123499091356424,1.572633122264187e-11,2.3741913192098873e-05,34.0
-1.289912956208667,0.7123512181325814,1.572633122264187e-11,2.3741913192098873e-05,33.0
-1.2899125490233523,0.7123526435429816,1.572633122264187e-11,2.3741913192098873e-05,33.0
-1.2899121999575023,0.7123540689533816,1.572633122264187e-11,2.3741913192098873e-05,32.0
-1.2899117927721877,0.7123554941892488,5.120588364901928e-11,3.111672745997636e-05,31.0
-1.289911269173412,0.7123569195996489,5.120588364901928e-11,3.111672745997636e-05,32.0
-1.2899106872806394,0.7123583450100491,5.120588364901928e-11,3.111672745997636e-05,31.0
-1.2899101347093982,0.7123597412734507,1.003455473364659e-11,1.5983110147612618e-05,31.0
-1.2899096111106227,0.7123610211233912,1.003455473364659e-11,1.5983110147612618e-05,30.0
-1.2899091456313112,0.7123621264404065,1.003455473364659e-11,1.5983110147612618e-05,30.0
-1.2899087965654608,0.712363086371495,1.003455473364659e-11,1.5983110147612618e-05,29.0
-1.289908418352612,0.7123644826348966,1.003455473364659e-11,1.5983110147612618e-05,29.0
-1.2899082438196865,0.7123648899947442,1.003455473364659e-11,1.5983110147612618e-05,29.0
-1.2899076329544485,0.7123660244587579,1.003455473364659e-11,1.5983110147612618e-05,29.0
-1.2899069639697462,0.7123661698446846,1.003455473364659e-11,1.5983110147612618e-05,28.0
-1.2899059167721951,0.712366140697686,1.003455473364659e-11,1.5983110147612618e-05,28.0
-1.2899047531611827,0.7123661117252204,5.360505044694798e-11,3.370375765129741e-05,29.0
-1.2899033279253154,0.7123660534312235,5.360505044694798e-11,3.370375765129741e-05,30.0
-1.2899005643709778,0.7123656170989104,5.360505044694798e-11,3.370375765129741e-05,31.0
-1.289899313668036,0.7123653552995227,5.360505044694798e-11,3.370375765129741e-05,32.0
-1.289898120910025,0.7123651807665975,5.360505044694798e-11,3.370375765129741e-05,32.0
-1.289897132006471,0.7123649481142081,5.360505044694798e-11,3.370375765129741e-05,32.0
-1.2898963466083075,0.7123648027282815,5.360505044694798e-11,3.370375765129741e-05,31.0
-1.289895823009532,0.7123647154618188,5.360505044694798e-11,3.370375765129741e-05,31.0
-1.2898938158808921,0.7123644536624312,5.360505044694798e-11,3.370375765129741e-05,31.0
-1.2898926522698797,0.7123643663959685,5.360505044694798e-11,3.370375765129741e-05,31.0
-1.2898912268594798,0.7123641918630432,5.360505044694798e-11,3.370375765129741e-05,34.0
-1.2898896270906874,0.7123639009166568,2.101068191176994e-11,2.2909571463200153e-05,37.0
-1.2898877944949727,0.7123635227038081,2.101068191176994e-11,2.2909571463200153e-05,37.0
-1.289885845485797,0.7123631736379578,2.101068191176994e-11,2.2909571463200153e-05,38.0
-1.2898839837430838,0.712363028252031,2.101068191176994e-11,2.2909571463200153e-05,38.0
-1.2898821802943676,0.7123628828661044,2.101068191176994e-11,2.2909571463200153e-05,38.0
-1.289880609498041,0.712362591919718,2.101068191176994e-11,2.2909571463200153e-05,40.0
-1.289879184087641,0.7123623592673286,2.101068191176994e-11,2.2909571463200153e-05,41.0
-1.2898769734536104,0.7123619810544797,2.355378044220829e-11,2.207379733702841e-05,37.0
-1.2898761007889843,0.712362213706869,2.355378044220829e-11,2.207379733702841e-05,39.0
-1.2898753153908211,0.7123627955996417,2.355378044220829e-11,2.207379733702841e-05,41.0
-1.2898745881121216,0.7123635809978052,2.355378044220829e-11,2.207379733702841e-05,41.0
-1.28987412263281,0.7123644826348966,2.355378044220829e-11,2.207379733702841e-05,41.0
-1.2898737445944943,0.7123655008599823,2.355378044220829e-11,2.207379733702841e-05,41.0
-1.2898732791151828,0.7123666061769977,2.355378044220829e-11,2.207379733702841e-05,39.0
-1.289872697396943,0.7123680897068618,2.355378044220829e-11,2.207379733702841e-05,40.0
-1.2898721446511687,0.7123695732367259,2.355378044220829e-11,2.207379733702841e-05,41.0
-1.2898703120554542,0.7123741402397796,5.085374591155184e-11,3.7040965354150754e-05,38.0
-1.2898698757231413,0.7123756527421096,5.085374591155184e-11,3.7040965354150754e-05,39.0
-1.2898695558042894,0.7123770490055109,5.085374591155184e-11,3.7040965354150754e-05,39.0
-1.2898692357109047,0.7123783871494485,5.085374591155184e-11,3.7040965354150754e-05,38.0
-1.2898689157920527,0.7123796669993889,5.085374591155184e-11,3.7040965354150754e-05,38.0
-1.289868392193277,0.7123810051433266,5.085374591155184e-11,3.7040965354150754e-05,39.0
-1.2898678104750372,0.712382343287264,5.085374591155184e-11,3.7040965354150754e-05,40.0
-1.2898671413158023,0.7123838268171282,4.833684447976238e-11,3.7102831273307694e-05,42.0
-1.2898658033463977,0.7123868811433192,4.833684447976238e-11,3.7102831273307694e-05,40.0
-1.289865163334161,0.7123883355261849,4.833684447976238e-11,3.7102831273307694e-05,42.0
-1.2898646688823838,0.7123896445231239,4.833684447976238e-11,3.7102831273307694e-05,41.0
-1.2898642906695348,0.7123906917206752,4.833684447976238e-11,3.7102831273307694e-05,41.0
-1.2898639997231487,0.7123915643853012,4.833684447976238e-11,3.7102831273307694e-05,40.0
-1.2898637670707593,0.712392320636466,4.833684447976238e-11,3.7102831273307694e-05,40.0
-1.2898635925378341,0.7123929897957012,4.833684447976238e-11,3.7102831273307694e-05,42.0
-1.2898633888579105,0.7123935715139409,4.833684447976238e-11,3.7102831273307694e-05,42.0
-1.2898631270585226,0.7123942987926402,2.2918500813047098e-11,2.8305194377732874e-05,41.0
-1.2898628362866693,0.7123952587237289,2.2918500813047098e-11,2.8305194377732874e-05,42.0
-1.2898625453402828,0.7123962476272829,2.2918500813047098e-11,2.8305194377732874e-05,42.0
-1.2898622254214311,0.7123970913194433,2.2918500813047098e-11,2.8305194377732874e-05,43.0
-1.2898618472085819,0.7123978184236097,2.2918500813047098e-11,2.8305194377732874e-05,43.0
-1.2898615272897305,0.7123983711693839,2.481352578081227e-11,2.2135140965697486e-05,43.0
-1.2898577165378415,0.7123999419657105,2.481352578081227e-11,2.2135140965697486e-05,45.0
-1.2898564075409025,0.7123997093133212,2.481352578081227e-11,2.2135140965697486e-05,46.0
-1.2898549823050354,0.7123995056333976,2.481352578081227e-11,2.2135140965697486e-05,47.0
-1.2898535277476366,0.7123991857145459,2.481352578081227e-11,2.2135140965697486e-05,45.0
-1.2898505898349069,0.7123987493822328,1.8240186479636785e-11,1.8458112057606973e-05,46.0
-1.2898492808379676,0.7123985457023091,1.8240186479636785e-11,1.8458112057606973e-05,46.0
-1.289848146373954,0.7123984875828451,1.8240186479636785e-11,1.8458112057606973e-05,47.0
-1.2898447138349138,0.7123974985047579,1.8240186479636785e-11,1.8458112057606973e-05,47.0
-1.2898431721855856,0.7123971202919089,1.8240186479636785e-11,1.8458112057606973e-05,51.0
-1.2898413977093353,0.7123966258401319,1.8240186479636785e-11,1.8458112057606973e-05,51.0
-1.2898376162789777,0.7123956950560418,2.5458553166590434e-11,2.4274753391667528e-05,56.0
-1.2898357253892663,0.7123953749626568,2.5458553166590434e-11,2.4274753391667528e-05,59.0
-1.2898339219405501,0.7123950258968066,2.5458553166590434e-11,2.4274753391667528e-05,62.0
-1.2898322347307623,0.7123946768309563,2.5458553166590434e-11,2.4274753391667528e-05,65.0
-1.2898306058149713,0.7123943277651057,2.5458553166590434e-11,2.4274753391667528e-05,67.0
-1.2898291514321056,0.7123940369932523,2.5458553166590434e-11,2.4274753391667528e-05,69.0
-1.289827638755243,0.7123938914327927,1.2375387296013479e-11,1.8619930040273716e-05,71.0
-1.2898262424918414,0.7123936296334049,1.2375387296013479e-11,1.8619930040273716e-05,73.0
-1.2898248753754382,0.7123931060346294,1.2375387296013479e-11,1.8619930040273716e-05,74.0
-1.2898233626985758,0.7123923789304629,1.2375387296013479e-11,1.8619930040273716e-05,77.0
-1.289821966435174,0.7123915643853012,1.2375387296013479e-11,1.8619930040273716e-05,79.0
-1.2898208028241618,0.7123904590682858,1.2375387296013479e-11,1.8619930040273716e-05,79.0
-1.2898195810936854,0.7123894408432002,1.2375387296013479e-11,1.8619930040273716e-05,80.0
-1.2898183303907433,0.7123885100591101,1.1124780479233433e-11,1.5074629124513508e-05,81.0
-1.289817283193192,0.7123873755950962,1.321369443530183e-11,1.8658758799962205e-05,85.0
-1.2898164395010319,0.7123859793316947,1.321369443530183e-11,1.8658758799962205e-05,86.0
-1.2898156832498668,0.7123844666548319,1.321369443530183e-11,1.8658758799962205e-05,83.0
-1.2898139670676134,0.7123812960897129,3.238555329360383e-11,3.2953152819794106e-05,83.0
-1.2898131525224517,0.7123796669993889,3.238555329360383e-11,3.2953152819794106e-05,83.0
-1.2898123379772897,0.7123780672305966,3.238555329360383e-11,3.2953152819794106e-05,85.0
-1.2898115236066607,0.7123764381402728,3.238555329360383e-11,3.2953152819794106e-05,84.0
-1.2898107382084973,0.7123748092244819,3.238555329360383e-11,3.2953152819794106e-05,83.0
-1.2898098945163368,0.7123731220146939,3.238555329360383e-11,3.2953152819794106e-05,83.0
-1.2898089345852481,0.7123714349794391,1.1760669343196378e-11,1.5458889416295713e-05,83.0
-1.2898047749420418,0.7123628245721073,2.243156986761062e-11,2.9566241901103713e-05,72.0
-1.289804018690877,0.712361341042243,2.243156986761062e-11,2.9566241901103713e-05,69.0
-1.2898032914121775,0.7123599447788413,2.243156986761062e-11,2.9566241901103713e-05,66.0
-1.2898027096939382,0.7123586357819025,2.243156986761062e-11,2.9566241901103713e-05,65.0
-1.2898020988287,0.7123573850789605,2.243156986761062e-11,2.9566241901103713e-05,60.0
-1.2898016042023899,0.7123561050544871,6.549015600603874e-11,5.201006857388777e-05,60.0
-1.28980102248415,0.7123547670850824,6.549015600603874e-11,5.201006857388777e-05,58.0
-1.2897997134872112,0.7123521490912045,6.549015600603874e-11,5.201006857388777e-05,53.0
-1.2897990445025087,0.7123508109472669,6.549015600603874e-11,5.201006857388777e-05,52.0
-1.2897982591043453,0.7123494438308638,6.549015600603874e-11,5.201006857388777e-05,48.0
-1.2897975318256463,0.712348192953389,6.549015600603874e-11,5.201006857388777e-05,46.0
-1.2897970082268704,0.7123470876363737,6.549015600603874e-11,5.201006857388777e-05,44.0
-1.2897965137750935,0.7123463022382104,6.549015600603874e-11,5.201006857388777e-05,43.0
-1.2897961355622445,0.7123457786394346,6.549015600603874e-11,5.201006857388777e-05,43.0
-1.2897947101518443,0.712345022213737,6.549015600603874e-11,5.201006857388777e-05,43.0
-1.289794244847066,0.7123442078431078,6.549015600603874e-11,5.201006857388777e-05,41.0
-1.289793052089055,0.7123424333668574,5.6581771872841837e-11,4.220894190943703e-05,38.0
-1.2897925284902794,0.7123412407833796,5.6581771872841837e-11,4.220894190943703e-05,35.0
-1.2897919467720398,0.7123399607589062,5.6581771872841837e-11,4.220894190943703e-05,34.0
-1.2897914523202627,0.712338593642503,5.6581771872841837e-11,4.220894190943703e-05,32.0
-1.2897908704274899,0.7123372846455641,5.6581771872841837e-11,4.220894190943703e-05,31.0
-1.2897904051227116,0.7123361501815502,5.6581771872841837e-11,4.220894190943703e-05,29.0
-1.2897902014427878,0.7123352193974601,5.6581771872841837e-11,4.220894190943703e-05,28.0
-1.2897900269098626,0.7123345212657594,5.6581771872841837e-11,4.220894190943703e-05,27.0
-1.2897896197245482,0.7123327176425104,6.72179460107925e-11,4.021064799532074e-05,24.0
-1.2897887760323876,0.7123314086455713,6.72179460107925e-11,4.021064799532074e-05,20.0
-1.289787379768986,0.7123300996486323,6.72179460107925e-11,4.021064799532074e-05,19.0
-1.2897866235178213,0.7123297216103165,6.72179460107925e-11,4.021064799532074e-05,18.0
-1.2897860707720468,0.7123295760498567,6.72179460107925e-11,4.021064799532074e-05,16.0
-1.2897856927337312,0.7123294598109285,6.72179460107925e-11,4.021064799532074e-05,16.0
-1.2897821148087645,0.712330739660869,6.72179460107925e-11,4.021064799532074e-05,15.0
-1.2897809220507537,0.7123315831784965,6.72179460107925e-11,4.021064799532074e-05,16.0
-1.2897797294672757,0.7123325431095852,6.72179460107925e-11,4.021064799532074e-05,17.0
-1.2897785950032619,0.712333677573599,6.72179460107925e-11,4.021064799532074e-05,18.0
-1.2897775769527093,0.7123348411846112,6.72179460107925e-11,4.021064799532074e-05,19.0
-1.2897765587276238,0.7123360047956235,6.72179460107925e-11,4.021064799532074e-05,19.0
-1.2897753661441458,0.7123370809656403,3.0278225214138465e-10,9.819054005881683e-05,19.0
-1.289774057147207,0.7123380700437274,3.0278225214138465e-10,9.819054005881683e-05,20.0
-1.2897728354167304,0.7123389427083535,3.0278225214138465e-10,9.819054005881683e-05,20.0
-1.2897718173661776,0.712339786225981,3.0278225214138465e-10,9.819054005881683e-05,22.0
-1.2897709447015517,0.7123405135046801,3.0278225214138465e-10,9.819054005881683e-05,20.0
-1.2897702174228525,0.7123412407833796,3.0278225214138465e-10,9.819054005881683e-05,21.0
-1.289769577410616,0.7123418806210833,3.0278225214138465e-10,9.819054005881683e-05,23.0
-1.2897690248393745,0.7123424625138559,3.0278225214138465e-10,9.819054005881683e-05,24.0
-1.2897684720936005,0.7123430150850971,3.0278225214138465e-10,9.819054005881683e-05,24.0
-1.2897679484948246,0.7123434805644087,3.0278225214138465e-10,9.819054005881683e-05,24.0
-1.2897674540430477,0.7123439168967217,3.0278225214138465e-10,9.819054005881683e-05,26.0
-1.2897669885637362,0.7123443823760331,3.0278225214138465e-10,9.819054005881683e-05,25.0
-1.2897659705131836,0.7123453423071218,3.0278225214138465e-10,9.819054005881683e-05,25.0
-1.289765388620411,0.712346011291824,3.0278225214138465e-10,9.819054005881683e-05,28.0
-1.2897647196357087,0.712346767542989,3.0278225214138465e-10,9.819054005881683e-05,28.0
-1.2897639050905467,0.7123476112351494,3.0278225214138465e-10,9.819054005881683e-05,29.0
-1.2897630324259208,0.7123484838997755,3.0278225214138465e-10,9.819054005881683e-05,30.0
-1.2897612581242033,0.7123501128155661,3.0278225214138465e-10,9.819054005881683e-05,29.0
-1.289759629033879,0.7123515382259664,8.761558535864301e-12,1.2615066533615545e-05,31.0
-1.2897589019297129,0.7123522072106686,8.761558535864301e-12,1.2615066533615545e-05,31.0
-1.2897582619174761,0.7123529053423695,8.761558535864301e-12,1.2615066533615545e-05,31.0
-1.2897577964381648,0.7123535162076077,8.761558535864301e-12,1.2615066533615545e-05,31.0
-1.2897579419986243,0.7123543597252351,8.761558535864301e-12,1.2615066533615545e-05,31.0
-1.2897584364504016,0.7123551161509329,8.761558535864301e-12,1.2615066533615545e-05,32.0
-1.2897591345821022,0.7123557270161711,8.761558535864301e-12,1.2615066533615545e-05,33.0
-1.289760152632655,0.7123562506149467,8.761558535864301e-12,1.2615066533615545e-05,36.0
-1.2897612870966688,0.7123567742137222,2.0321028073086896e-11,1.960139972129879e-05,37.0
-1.2897624215606824,0.7123574723454232,2.0321028073086896e-11,1.960139972129879e-05,42.0
-1.2897635560246963,0.7123581704771239,2.0321028073086896e-11,1.960139972129879e-05,42.0
-1.2897646032222474,0.7123589558752873,2.0321028073086896e-11,1.960139972129879e-05,43.0
-1.2897657668332596,0.7123596248599895,2.0321028073086896e-11,1.960139972129879e-05,44.0
-1.2897669304442723,0.7123602648722263,2.0321028073086896e-11,1.960139972129879e-05,48.0
-1.2897678612283623,0.7123607593240033,2.0321028073086896e-11,1.960139972129879e-05,51.0
-1.2897685885070613,0.7123610792428552,2.0321028073086896e-11,1.960139972129879e-05,53.0
-1.28976905381184,0.7123613701892416,2.0321028073086896e-11,1.960139972129879e-05,53.0
-1.2897701010093914,0.7123633773178815,2.0321028073086896e-11,1.960139972129879e-05,56.0
-1.289769315611228,0.7123644245154326,2.0321028073086896e-11,1.960139972129879e-05,55.0
-1.2897685302130644,0.7123651807665975,2.0321028073086896e-11,1.960139972129879e-05,55.0
-1.2897677158424357,0.7123659661647609,2.0321028073086896e-11,1.960139972129879e-05,56.0
-1.289766872150275,0.7123666353239961,2.0321028073086896e-11,1.960139972129879e-05,55.0
-1.2897661158991103,0.7123674496946251,2.0321028073086896e-11,1.960139972129879e-05,54.0
-1.2897652432344842,0.7123682061203229,2.0321028073086896e-11,1.960139972129879e-05,54.0
-1.2897638469710828,0.7123697477696511,2.0321028073086896e-11,1.960139972129879e-05,55.0
-1.2897630615729192,0.7123704750483504,1.1057703723337982e-10,7.369954272050714e-05,54.0
-1.28976233429422,0.7123712604465139,1.1057703723337982e-10,7.369954272050714e-05,54.0
-1.289761519923591,0.7123719875506802,1.1057703723337982e-10,7.369954272050714e-05,54.0
-1.289760705378429,0.7123728020958421,1.1057703723337982e-10,7.369954272050714e-05,54.0
-1.2897598327138031,0.7123735874940056,1.1057703723337982e-10,7.369954272050714e-05,54.0
-1.2897590181686411,0.7123744893056301,1.1057703723337982e-10,7.369954272050714e-05,55.0
-1.2897571855729264,0.7123759728354943,1.1057703723337982e-10,7.369954272050714e-05,51.0
-1.2897561383753753,0.7123768744725859,2.589400376873578e-11,3.044731751461655e-05,50.0
-1.289754480312586,0.7123784452689127,2.589400376873578e-11,3.044731751461655e-05,47.0
-1.2897540731272714,0.712379288961073,2.589400376873578e-11,3.044731751461655e-05,46.0
-1.289753345848572,0.7123801033317019,2.589400376873578e-11,3.044731751461655e-05,45.0
-1.2897524442114805,0.7123808306104014,2.589400376873578e-11,3.044731751461655e-05,43.0
-1.2897517169327812,0.7123816451555632,2.589400376873578e-11,3.044731751461655e-05,42.0
-1.289750989654082,0.712382343287264,2.589400376873578e-11,3.044731751461655e-05,41.0
-1.2897503787888438,0.7123829541525022,2.589400376873578e-11,3.044731751461655e-05,41.0
-1.2897499716035292,0.7123832740713542,2.589400376873578e-11,3.044731751461655e-05,40.0
-1.2897490116724408,0.7123859212122305,2.589400376873578e-11,3.044731751461655e-05,40.0
-1.2897495933906802,0.7123864737834718,2.589400376873578e-11,3.044731751461655e-05,40.0
-1.2897504370828408,0.7123871429427071,2.589400376873578e-11,3.044731751461655e-05,40.0
-1.289751367866931,0.7123878119274093,2.589400376873578e-11,3.044731751461655e-05,43.0
-1.2897525314779432,0.7123886845920353,2.589400376873578e-11,3.044731751461655e-05,44.0
-1.289753665941957,0.7123895281096627,2.589400376873578e-11,3.044731751461655e-05,46.0
-1.2897547131395082,0.7123904299212873,2.589400376873578e-11,3.044731751461655e-05,47.0
-1.2897560511089128,0.7123919715706156,2.4670355593375336e-11,2.531075967233417e-05,49.0
-1.289756516588224,0.7123924079029286,2.4670355593375336e-11,2.531075967233417e-05,50.0
-1.2897568075346106,0.7123927279963133,2.4670355593375336e-11,2.531075967233417e-05,50.0
-1.2897582037980122,0.7123939786992555,2.4670355593375336e-11,2.531075967233417e-05,51.0
-1.2897602690461158,0.7123951131632692,2.4670355593375336e-11,2.531075967233417e-05,55.0
-1.2897616361625193,0.7123958985614326,2.4670355593375336e-11,2.531075967233417e-05,59.0
-1.2897630324259208,0.7123968295200556,5.80291615429961e-11,3.970799325150959e-05,61.0
-1.289764574249782,0.7123979056900724,5.80291615429961e-11,3.970799325150959e-05,63.0
-1.2897694611716874,0.7124011928431855,5.80291615429961e-11,3.970799325150959e-05,70.0
-1.2897711482069425,0.7124023273071993,5.80291615429961e-11,3.970799325150959e-05,72.0
-1.2897727481502677,0.7124034034772162,5.80291615429961e-11,3.970799325150959e-05,71.0
-1.2897741444136697,0.7124046252076925,2.560979571806889e-11,2.7715531231527146e-05,72.0
-1.2897755987965351,0.7124057596717064,2.560979571806889e-11,2.7715531231527146e-05,74.0
-1.2897771114733978,0.7124068068692575,2.560979571806889e-11,2.7715531231527146e-05,76.0
-1.2897785950032619,0.7124078832138072,2.560979571806889e-11,2.7715531231527146e-05,77.0
-1.289779845880737,0.7124089012643599,2.560979571806889e-11,2.7715531231527146e-05,78.0
-1.289781096583679,0.7124098030759843,2.560979571806889e-11,2.7715531231527146e-05,79.0
-1.2897820565147675,0.7124105012076852,2.560979571806889e-11,2.7715531231527146e-05,80.0
-1.2897831620063156,0.7124117229381616,2.560979571806889e-11,2.7715531231527146e-05,77.0
-1.2897833655117066,0.7124123629503982,2.560979571806889e-11,2.7715531231527146e-05,77.0
-1.2897826965270043,0.7124137881862654,2.560979571806889e-11,2.7715531231527146e-05,75.0
-1.2897818238623782,0.7124145446119633,2.560979571806889e-11,2.7715531231527146e-05,73.0
-1.2897783623508727,0.7124177443240811,7.236643732735903e-12,1.1711038299756636e-05,61.0
-1.2897772568593244,0.7124189952015558,7.236643732735903e-12,1.1711038299756636e-05,60.0
-1.2897761223953106,0.7124202750514963,7.236643732735903e-12,1.1711038299756636e-05,56.0
-1.2897751334917564,0.712421351396046,7.236643732735903e-12,1.1711038299756636e-05,54.0
-1.2897713227398677,0.7124246675216249,7.236643732735903e-12,1.1711038299756636e-05,40.0
-1.2897702755423166,0.7124255110392523,7.236643732735903e-12,1.1711038299756636e-05,38.0
-1.2897695192911516,0.7124262091709531,7.236643732735903e-12,1.1711038299756636e-05,36.0
-1.2897689084259134,0.7124266746502647,7.236643732735903e-12,1.1711038299756636e-05,34.0
-1.2897674830155132,0.7124280126196693,7.236643732735903e-12,1.1711038299756636e-05,32.0
-1.289766494111959,0.7124289725507579,7.236643732735903e-12,1.1711038299756636e-05,29.0
-1.2897643997168566,0.7124311542123228,7.236643732735903e-12,1.1711038299756636e-05,25.0
-1.289763265252843,0.712432317823335,7.236643732735903e-12,1.1711038299756636e-05,21.0
-1.2897609380308184,0.7124345867513628,5.607610695609825e-11,6.048758673584199e-05,19.0
-1.289759658180878,0.7124357503623749,5.607610695609825e-11,6.048758673584199e-05,22.0
-1.2897583783309374,0.7124369429458528,5.607610695609825e-11,6.048758673584199e-05,22.0
-1.2897571855729264,0.7124380482628682,5.607610695609825e-11,6.048758673584199e-05,22.0
-1.289755469390673,0.7124397646196546,5.607610695609825e-11,6.048758673584199e-05,23.0
-1.289754916644899,0.7124403171908958,5.607610695609825e-11,6.048758673584199e-05,23.0
-1.2897544513401205,0.7124407245507433,5.607610695609825e-11,6.048758673584199e-05,25.0
-1.2897538694473478,0.7124413354159814,5.607610695609825e-11,6.048758673584199e-05,24.0
-1.2897531423431814,0.7124420625201479,5.607610695609825e-11,6.048758673584199e-05,24.0
-1.2897522113845583,0.7124429643317722,5.607610695609825e-11,6.048758673584199e-05,26.0
-1.2897511933340058,0.7124438661433967,5.607610695609825e-11,6.048758673584199e-05,29.0
-1.289749302618827,0.7124451168463388,5.607610695609825e-11,6.048758673584199e-05,29.0
-1.2897484299542008,0.7124454659121892,5.607610695609825e-11,6.048758673584199e-05,29.0
-1.2897476445560374,0.7124456987391115,5.607610695609825e-11,6.048758673584199e-05,29.0
-1.2897468591578742,0.7124458149780395,5.607610695609825e-11,6.048758673584199e-05,27.0
-1.2897451428010878,0.7124457568585756,7.014501479759024e-11,7.67766508227125e-05,27.0
-1.2897441538975336,0.7124454950591878,7.014501479759024e-11,7.67766508227125e-05,27.0
-1.2897407213584937,0.7124422953470699,7.014501479759024e-11,7.67766508227125e-05,27.0
-1.28973993596033,0.7124410153225966,7.014501479759024e-11,7.67766508227125e-05,27.0
-1.2897392378286294,0.7124396190591951,7.014501479759024e-11,7.67766508227125e-05,26.0
-1.2897385105499302,0.7124380192904026,7.014501479759024e-11,7.67766508227125e-05,28.0
-1.28973757976584,0.7124363612276132,4.753828991474682e-11,3.665279102362768e-05,27.0
-1.289736707101214,0.7124347321372895,4.753828991474682e-11,3.665279102362768e-05,30.0
-1.2897348745054995,0.7124313287452481,4.753828991474682e-11,3.665279102362768e-05,29.0
-1.2897338854274123,0.7124296125629945,4.753828991474682e-11,3.665279102362768e-05,29.0
-1.2897329546433223,0.712427954500205,4.753828991474682e-11,3.665279102362768e-05,28.0
-1.2897320238592322,0.7124262672904172,1.644644680368689e-11,2.2188103885286676e-05,28.0
-1.2897301621165191,0.7124227766319132,1.644644680368689e-11,2.2188103885286676e-05,28.0
-1.2897292021854305,0.7124210313026613,1.644644680368689e-11,2.2188103885286676e-05,26.0
-1.2897282714013405,0.7124193732398718,7.068647225284422e-13,3.402875620476377e-06,25.0
-1.2897273987367144,0.7124177443240811,7.068647225284422e-13,3.402875620476377e-06,25.0
-1.2897267006050137,0.7124163189136808,7.068647225284422e-13,3.402875620476377e-06,25.0
-1.2897261478592394,0.7124152135966655,2.6253909251023377e-11,2.9436212149194775e-05,25.0
-1.2897257696463906,0.7124144281985022,2.6253909251023377e-11,2.9436212149194775e-05,25.0
-1.2897254497275388,0.712413817333264,2.6253909251023377e-11,2.9436212149194775e-05,25.0
-1.2897252170751494,0.7124133518539525,2.6253909251023377e-11,2.9436212149194775e-05,25.0
-1.2897243444105235,0.7124114319917753,3.730040305220028e-11,3.41762863269397e-05,25.0
-1.2897239370506761,0.7124108211265372,3.730040305220028e-11,3.41762863269397e-05,24.0
-1.2897235298653615,0.7124100357283737,3.730040305220028e-11,3.41762863269397e-05,23.0
-1.2897223081348852,0.7124075922674209,3.730040305220028e-11,3.41762863269397e-05,23.0
-1.2897216100031843,0.7124062832704818,3.730040305220028e-11,3.41762863269397e-05,22.0
-1.2897208246050211,0.71240503256754,3.730040305220028e-11,3.41762863269397e-05,22.0
-1.2897200100598591,0.7124038981035261,3.730040305220028e-11,3.41762863269397e-05,22.0
-1.2897185556769935,0.7124019490943504,3.730040305220028e-11,3.41762863269397e-05,22.0
-1.2897180029312194,0.7124006692444099,3.730040305220028e-11,3.41762863269397e-05,22.0
-1.289717886692291,0.7124003491510251,3.730040305220028e-11,3.41762863269397e-05,22.0
-1.2897176830123673,0.7123984875828451,3.730040305220028e-11,3.41762863269397e-05,22.0
-1.289717392065981,0.7123978767176068,3.730040305220028e-11,3.41762863269397e-05,23.0
-1.2897169267612025,0.7123973820912967,3.730040305220028e-11,3.41762863269397e-05,23.0
-1.2897162867489658,0.7123970330254464,3.730040305220028e-11,3.41762863269397e-05,23.0
-1.2897144541532513,0.71239723670537,1.5938070791336427e-10,0.0001097548998434487,22.0
-1.2897135814886251,0.7123977021846816,1.5938070791336427e-10,0.0001097548998434487,23.0
-1.2897127379709978,0.7123983130499199,1.5938070791336427e-10,0.0001097548998434487,23.0
-1.289711778039909,0.7123990401540863,1.5938070791336427e-10,0.0001097548998434487,25.0
-1.2897109343477489,0.7123997965797839,1.5938070791336427e-10,0.0001097548998434487,25.0
-1.2897101199771197,0.7124006109504128,1.5938070791336427e-10,0.0001097548998434487,25.0
-1.2897091600460313,0.7124016000285001,1.5938070791336427e-10,0.0001097548998434487,27.0
-1.2897082873814052,0.7124022108937382,1.5938070791336427e-10,0.0001097548998434487,27.0
-1.2897070946233944,0.7124029671449033,1.5938070791336427e-10,0.0001097548998434487,27.0
-1.2897060184533775,0.7124038981035261,8.317578647406953e-12,1.2624983547473219e-05,27.0
-1.2897037203783515,0.7124057596717064,9.548233022943083e-12,1.2812971831496177e-05,30.0
-1.2897020623155622,0.7124069814021827,9.548233022943083e-12,1.2812971831496177e-05,30.0
-1.2897014805973221,0.7124073596150315,9.548233022943083e-12,1.2812971831496177e-05,31.0
-1.2897009859710122,0.7124077378278806,9.548233022943083e-12,1.2812971831496177e-05,31.0
-1.289695837249719,0.7124126537222517,1.8421586151494643e-11,1.988245699204169e-05,29.0
-1.289695197412015,0.7124134682674136,1.8421586151494643e-11,1.988245699204169e-05,30.0
-1.2896946155192424,0.7124141955461128,1.8421586151494643e-11,1.988245699204169e-05,30.0
-1.2896939173875417,0.7124150099167418,1.8421586151494643e-11,1.988245699204169e-05,30.0
-1.289693277549838,0.7124157663424396,1.8421586151494643e-11,1.988245699204169e-05,31.0
-1.2896923757382135,0.712416551740603,1.8421586151494643e-11,1.988245699204169e-05,31.0
-1.2896915030735874,0.7124172498723039,1.8421586151494643e-11,1.988245699204169e-05,31.0
-1.2896906885284258,0.7124178607375421,5.09230463734107e-11,3.8792436545928154e-05,31.0
-1.2896898741577965,0.7124184716027803,5.09230463734107e-11,3.8792436545928154e-05,31.0
-1.289689030465636,0.71241905332102,5.09230463734107e-11,3.8792436545928154e-05,31.0
-1.289688245067473,0.712419547772797,5.09230463734107e-11,3.8792436545928154e-05,31.0
-1.2896875179633063,0.7124199841051101,5.09230463734107e-11,3.8792436545928154e-05,31.0
-1.2896867615376086,0.7124208567697361,5.09230463734107e-11,3.8792436545928154e-05,31.0
-1.2896853652742069,0.7124225148325255,5.09230463734107e-11,3.8792436545928154e-05,32.0
-1.2896844053431185,0.7124233585246859,5.09230463734107e-11,3.8792436545928154e-05,32.0
-1.2896835037060268,0.712424405722237,5.1930720798659894e-11,4.6863273700742505e-05,32.0
-1.289682689160865,0.7124255401862508,5.1930720798659894e-11,4.6863273700742505e-05,31.0
-1.2896818456432373,0.7124268491831899,5.1930720798659894e-11,4.6863273700742505e-05,30.0
-1.2896813220444618,0.7124274309014295,5.1930720798659894e-11,4.6863273700742505e-05,30.0
-1.2896808565651503,0.7124278091142784,5.1930720798659894e-11,4.6863273700742505e-05,29.0
-1.2896803038193763,0.7124282454465914,5.1930720798659894e-11,4.6863273700742505e-05,30.0
-1.2896789075559747,0.7124297579489212,3.208748514852963e-11,3.293456850856914e-05,29.0
-1.289678325837735,0.7124303106946952,3.208748514852963e-11,3.293456850856914e-05,29.0
-1.2896776277060342,0.7124309796793976,3.208748514852963e-11,3.293456850856914e-05,28.0
-1.2896759696432447,0.7124326087697215,3.208748514852963e-11,3.293456850856914e-05,27.0
-1.2896749805651577,0.71243356870081,3.208748514852963e-11,3.293456850856914e-05,27.0
-1.289673962514605,0.7124345286318986,3.208748514852963e-11,3.293456850856914e-05,26.0
-1.2896729734365178,0.7124353430025275,3.208748514852963e-11,3.293456850856914e-05,26.0
-1.2896720426524277,0.7124362156671536,3.208748514852963e-11,3.293456850856914e-05,26.0
-1.2896710535743408,0.7124371174787781,3.208748514852963e-11,3.293456850856914e-05,26.0
-1.2896700936432521,0.7124380482628682,3.208748514852963e-11,3.293456850856914e-05,26.0
-1.2896691337121635,0.7124389500744926,1.3298621772334233e-10,6.329852163766495e-05,27.0
-1.2896681448086094,0.7124398518861174,1.3298621772334233e-10,6.329852163766495e-05,27.0
-1.2896671557305222,0.7124407535232089,1.3298621772334233e-10,6.329852163766495e-05,27.0
-1.2896662539188977,0.7124416261878349,1.3298621772334233e-10,6.329852163766495e-05,24.0
-1.289665293987809,0.7124424988524609,1.3298621772334233e-10,6.329852163766495e-05,24.0
-1.2896644504701815,0.7124431969841616,1.3298621772334233e-10,6.329852163766495e-05,24.0
-1.2896636942190167,0.7124440696487876,1.3298621772334233e-10,6.329852163766495e-05,24.0
-1.2896629960873158,0.7124451751403358,1.3298621772334233e-10,6.329852163766495e-05,25.0
-1.2896618616233022,0.7124464258432779,1.3298621772334233e-10,6.329852163766495e-05,24.0
-1.289660756131754,0.7124477931342137,1.3298621772334233e-10,6.329852163766495e-05,25.0
-1.2896596508147387,0.7124492475170795,8.538319660734685e-11,5.459799075059111e-05,23.0
-1.2896578182190237,0.7124513710591803,9.84218883371966e-12,1.3583963807779092e-05,21.0
-1.2896570619678591,0.7124521854298094,9.84218883371966e-12,1.3583963807779092e-05,21.0
-1.2896562182756988,0.7124530872414339,9.84218883371966e-12,1.3583963807779092e-05,20.0
-1.2896554620245337,0.7124540471725226,9.84218883371966e-12,1.3583963807779092e-05,19.0
-1.2896547930398314,0.7124549779566125,9.84218883371966e-12,1.3583963807779092e-05,19.0
-1.289654269441056,0.712455763354776,9.84218883371966e-12,1.3583963807779092e-05,19.0
-1.2896539493476713,0.71245631610055,9.84218883371966e-12,1.3583963807779092e-05,19.0
-1.289653774814746,0.7124566360194019,9.84218883371966e-12,1.3583963807779092e-05,19.0
-1.2896529894165825,0.7124552107835347,9.84218883371966e-12,1.3583963807779092e-05,19.0
-1.28965290215012,0.7124555888218508,9.84218883371966e-12,1.3583963807779092e-05,19.0
-1.289652698644729,0.7124565487529394,9.84218883371966e-12,1.3583963807779092e-05,19.0
-1.2896525241118038,0.7124572179121745,9.84218883371966e-12,1.3583963807779092e-05,18.0
-1.2896523785513443,0.712457945016341,9.84218883371966e-12,1.3583963807779092e-05,18.0
-1.289652262312416,0.7124586431480417,9.84218883371966e-12,1.3583963807779092e-05,18.0
-1.2896521750459533,0.7124592250408144,9.84218883371966e-12,1.3583963807779092e-05,18.0
-1.2896521458989552,0.7124597776120556,9.84218883371966e-12,1.3583963807779092e-05,18.0
-1.2896520005130285,0.7124604467712907,9.84218883371966e-12,1.3583963807779092e-05,18.0
-1.289651825980103,0.7124612611419199,9.432006246706593e-11,3.967679764052112e-05,18.0
-1.2896516223001793,0.7124621629535444,9.432006246706593e-11,3.967679764052112e-05,19.0
-1.2896514477672543,0.7124630937376343,9.432006246706593e-11,3.967679764052112e-05,20.0
-1.2896514186202557,0.7124651591602712,9.432006246706593e-11,3.967679764052112e-05,22.0
-1.2896514477672543,0.712466351743749,9.432006246706593e-11,3.967679764052112e-05,23.0
-1.2896514186202557,0.7124675734742254,9.432006246706593e-11,3.967679764052112e-05,22.0
-1.2896517968331045,0.7124714713180438,9.432006246706593e-11,3.967679764052112e-05,22.0
-1.2896519422190311,0.7124727221955188,9.432006246706593e-11,3.967679764052112e-05,23.0
-1.2896521167519563,0.7124753983088609,9.432006246706593e-11,3.967679764052112e-05,22.0
-1.2896521750459533,0.7124767364527985,5.03728768525109e-10,0.00019516898973290063,22.0
-1.289652204018419,0.7124780163027389,5.03728768525109e-10,0.00019516898973290063,22.0
-1.289652204018419,0.7124792963272123,5.03728768525109e-10,0.00019516898973290063,21.0
-1.289652204018419,0.7124805180576886,5.03728768525109e-10,0.00019516898973290063,22.0
-1.289652262312416,0.7124817106411666,5.03728768525109e-10,0.00019516898973290063,23.0
-1.289652262312416,0.7124828451051803,5.03728768525109e-10,0.00019516898973290063,23.0
-1.2896524658178068,0.7124851431802065,5.03728768525109e-10,0.00019516898973290063,23.0
-1.289652698644729,0.712486364910683,5.03728768525109e-10,0.00019516898973290063,22.0
-1.2896528148836572,0.7124876447606234,5.03728768525109e-10,0.00019516898973290063,22.0
-1.28965290215012,0.7124888956380983,5.03728768525109e-10,0.00019516898973290063,22.0
-1.2896529894165825,0.7124900009551136,5.03728768525109e-10,0.00019516898973290063,20.0
-1.2896531349770421,0.7124910190056662,1.9232630032005127e-11,2.4779068004434574e-05,19.0
-1.289653193096506,0.7124919499642892,1.9232630032005127e-11,2.4779068004434574e-05,20.0
-1.289653193096506,0.7124927643349183,1.9232630032005127e-11,2.4779068004434574e-05,19.0
-1.2896531349770421,0.7124935788800802,1.9232630032005127e-11,2.4779068004434574e-05,20.0
-1.2896531058300436,0.7124943642782436,1.9232630032005127e-11,2.4779068004434574e-05,21.0
-1.2896530477105794,0.7124952950623337,1.9232630032005127e-11,2.4779068004434574e-05,21.0
-1.289653193096506,0.712498756748372,1.9232630032005127e-11,2.4779068004434574e-05,21.0
-1.289653193096506,0.7124997456519263,1.9232630032005127e-11,2.4779068004434574e-05,21.0
-1.2896532803629688,0.7125007055830148,1.9232630032005127e-11,2.4779068004434574e-05,21.0
-1.2896533967764299,0.7125015492751753,1.9232630032005127e-11,2.4779068004434574e-05,20.0
-1.2896538331087428,0.7125036436702776,1.9232630032005127e-11,2.4779068004434574e-05,20.0
-1.2896538331087428,0.7125043999214425,1.9232630032005127e-11,2.4779068004434574e-05,22.0
-1.2896538620812086,0.7125052144666044,1.9232630032005127e-11,2.4779068004434574e-05,22.0
-1.2896538912282067,0.7125060871312303,2.6771362861722346e-10,0.00012586763812658336,24.0
-1.2896539493476713,0.712506930648858,2.6771362861722346e-10,0.00012586763812658336,24.0
-1.289654007641668,0.7125083850317235,2.6771362861722346e-10,0.00012586763812658336,23.0
-1.2896542402940574,0.7125096067621999,2.6771362861722346e-10,0.00012586763812658336,23.0
-1.28965432756052,0.7125101303609757,2.6771362861722346e-10,0.00012586763812658336,24.0
-1.2896544439739812,0.7125106831067497,2.6771362861722346e-10,0.00012586763812658336,24.0
-1.2896545893599078,0.7125119921036887,2.6771362861722346e-10,0.00012586763812658336,26.0
-1.2896546766263703,0.7125126321159254,2.6771362861722346e-10,0.00012586763812658336,26.0
-1.2896547347458345,0.7125133592200916,2.6771362861722346e-10,0.00012586763812658336,26.0
-1.2896548511592956,0.7125151336963422,2.6771362861722346e-10,0.00012586763812658336,26.0
-1.2896549092787597,0.7125160644804324,2.6771362861722346e-10,0.00012586763812658336,26.0
-1.2896550256922208,0.7125169954390554,2.6771362861722346e-10,0.00012586763812658336,25.0
-1.2896551129586835,0.7125179262231454,2.6771362861722346e-10,0.00012586763812658336,24.0
-1.2896550548392194,0.712519642405399,2.6771362861722346e-10,0.00012586763812658336,22.0
-1.2896550256922208,0.7125204860975594,2.6771362861722346e-10,0.00012586763812658336,22.0
-1.2896550256922208,0.7125213296151868,2.6771362861722346e-10,0.00012586763812658336,22.0
-1.2896550256922208,0.7125222022798129,2.6771362861722346e-10,0.00012586763812658336,23.0
-1.2896549092787597,0.7125231622109014,2.6771362861722346e-10,0.00012586763812658336,24.0
-1.2896547347458345,0.7125239767560634,2.6771362861722346e-10,0.00012586763812658336,23.0
-1.289654123880596,0.7125246165937671,2.6771362861722346e-10,0.00012586763812658336,23.0
-1.2896533095099674,0.7125252274590054,3.50334402143719e-11,2.6510083244724396e-05,23.0
-1.2896523204318802,0.7125256056718543,3.50334402143719e-11,2.6510083244724396e-05,22.0
-1.2896513896477901,0.7125259255907062,3.50334402143719e-11,2.6510083244724396e-05,21.0
-1.2896493242251532,0.7125274963870329,3.50334402143719e-11,2.6510083244724396e-05,23.0
-1.289648335321599,0.7125278454528833,3.50334402143719e-11,2.6510083244724396e-05,24.0
-1.289645920833112,0.7125288926504345,3.50334402143719e-11,2.6510083244724396e-05,21.0
-1.2896445537167087,0.7125295907821354,3.50334402143719e-11,2.6510083244724396e-05,21.0
-1.2896403940735026,0.7125319469766255,3.680996901486567e-12,9.38987137644176e-06,18.0
-1.2896388232771758,0.7125326451083264,3.680996901486567e-12,9.38987137644176e-06,18.0
-1.2896370779479238,0.7125335469199509,2.653217726499189e-11,2.881019769563798e-05,18.0
-1.289635245352209,0.7125346522369662,2.653217726499189e-11,2.881019769563798e-05,18.0
-1.2896334708759587,0.7125356704620517,4.465752297555117e-11,3.023433336516921e-05,18.0
-1.2896298348315278,0.7125378229766182,4.465752297555117e-11,3.023433336516921e-05,18.0
-1.2896279439418163,0.7125388120547053,4.465752297555117e-11,3.023433336516921e-05,16.0
-1.289626082373636,0.7125397719857939,4.465752297555117e-11,3.023433336516921e-05,16.0
-1.289624220630923,0.7125407319168825,4.465752297555117e-11,3.023433336516921e-05,16.0
-1.2896223299157443,0.7125416627009725,4.465752297555117e-11,3.023433336516921e-05,14.0
-1.289620410053567,0.7125426517790597,2.0068652541886525e-11,2.0069749975810306e-05,15.0
-1.2896185483108542,0.712543640682614,2.0068652541886525e-11,2.0069749975810306e-05,15.0
-1.2896167157151395,0.7125446589076995,2.0068652541886525e-11,2.0069749975810306e-05,15.0
-1.2896131086431746,0.7125466660363393,2.0068652541886525e-11,2.0069749975810306e-05,14.0
-1.289611392460921,0.7125475387009653,2.0068652541886525e-11,2.0069749975810306e-05,14.0
-1.2896098216645941,0.7125483530715943,2.0068652541886525e-11,2.0069749975810306e-05,13.0
-1.2896083672817285,0.7125491094972921,2.0068652541886525e-11,2.0069749975810306e-05,14.0
-1.2896070582847894,0.7125498657484569,2.0068652541886525e-11,2.0069749975810306e-05,14.0
-1.289604731062765,0.7125511455983975,2.0068652541886525e-11,2.0069749975810306e-05,15.0
-1.2896039166921358,0.71255123286486,2.0068652541886525e-11,2.0069749975810306e-05,14.0
-1.2896031602664382,0.7125511455983975,2.0068652541886525e-11,2.0069749975810306e-05,13.0
-1.2896025204287342,0.7125507965325469,2.0068652541886525e-11,2.0069749975810306e-05,13.0
-1.2896021422158854,0.7125501275478447,2.0068652541886525e-11,2.0069749975810306e-05,15.0
-1.2896019385359616,0.7125495166826066,2.0068652541886525e-11,2.0069749975810306e-05,16.0
-1.289601793150035,0.7125487894039073,2.0068652541886525e-11,2.0069749975810306e-05,17.0
-1.2896017058835723,0.7125478294728187,2.0068652541886525e-11,2.0069749975810306e-05,18.0
-1.2896016186171098,0.7125451825064751,2.0068652541886525e-11,2.0069749975810306e-05,19.0
-1.289601473231183,0.7125436698296124,2.0068652541886525e-11,2.0069749975810306e-05,23.0
-1.2896013859647204,0.7125422735662108,2.0068652541886525e-11,2.0069749975810306e-05,25.0
-1.2896013859647204,0.7125409064498077,2.0068652541886525e-11,2.0069749975810306e-05,27.0
-1.2896012695512593,0.7125381720424686,2.0068652541886525e-11,2.0069749975810306e-05,29.0
-1.289601414937186,0.712536775779067,2.0068652541886525e-11,2.0069749975810306e-05,31.0
-1.2896016186171098,0.7125325578418636,2.0068652541886525e-11,2.0069749975810306e-05,34.0
-1.2896014440841848,0.712530987045537,3.208108818100484e-11,2.80861676736843e-05,35.0
-1.2896007168054853,0.7125247621542267,3.208108818100484e-11,2.80861676736843e-05,36.0
-1.2896005714195586,0.7125230168249748,3.208108818100484e-11,2.80861676736843e-05,36.0
-1.2896003968866334,0.7125213877346509,3.208108818100484e-11,2.80861676736843e-05,37.0
-1.2896002223537082,0.7125197879658586,3.208108818100484e-11,2.80861676736843e-05,37.0
-1.289600164234244,0.7125182171695318,3.208108818100484e-11,2.80861676736843e-05,37.0
-1.289600105940247,0.7125166753456705,3.208108818100484e-11,2.80861676736843e-05,38.0
-1.2896000186737846,0.712515220962805,3.208108818100484e-11,2.80861676736843e-05,38.0
-1.2895997860213952,0.712513766579939,3.208108818100484e-11,2.80861676736843e-05,38.0
-1.2895995823414714,0.7125123120225406,3.208108818100484e-11,2.80861676736843e-05,38.0
-1.28959961148847,0.7125108867866733,3.208108818100484e-11,2.80861676736843e-05,38.0
-1.2895996406354686,0.7125094905232717,3.718921769333916e-11,3.507121304227606e-05,38.0
-1.2895995823414714,0.7125081232323358,3.718921769333916e-11,3.507121304227606e-05,38.0
-1.2895994661025432,0.7125067561159326,3.718921769333916e-11,3.507121304227606e-05,38.0
-1.289599349689082,0.7125054762659923,3.718921769333916e-11,3.507121304227606e-05,38.0
-1.2895992332756212,0.7125042545355159,3.718921769333916e-11,3.507121304227606e-05,37.0
-1.2895992332756212,0.7125023927928027,3.718921769333916e-11,3.507121304227606e-05,37.0
-1.289599058742696,0.712501811074563,3.718921769333916e-11,3.507121304227606e-05,37.0
-1.28959902977023,0.7125014909811783,3.718921769333916e-11,3.507121304227606e-05,37.0
-1.2895986224103828,0.7125007638770119,3.718921769333916e-11,3.507121304227606e-05,36.0
-1.289597487946369,0.7124997166794607,7.588415929386513e-11,7.866455500630344e-05,35.0
-1.2895965280152806,0.7124993965860758,7.588415929386513e-11,7.866455500630344e-05,35.0
-1.2895951608988776,0.7124993384666117,7.588415929386513e-11,7.866455500630344e-05,35.0
-1.2895935028360879,0.7124994548800728,7.588415929386513e-11,7.866455500630344e-05,35.0
-1.2895918447732986,0.7124996002659995,7.588415929386513e-11,7.866455500630344e-05,34.0
-1.289590070297048,0.7124997166794607,7.588415929386513e-11,7.866455500630344e-05,33.0
-1.2895869287043944,0.7124998329183888,5.447321009598713e-12,1.2628192774594232e-05,32.0
-1.289585648854454,0.7124998620653873,5.447321009598713e-12,1.2628192774594232e-05,32.0
-1.2895845435374387,0.7124998912123859,1.0380143197003801e-11,1.4438804825665619e-05,31.0
-1.2895833507794279,0.7124999493318499,1.0380143197003801e-11,1.4438804825665619e-05,30.0
-1.289582100076486,0.7124999784788484,1.0380143197003801e-11,1.4438804825665619e-05,29.0
-1.2895806746660858,0.7124999493318499,1.0380143197003801e-11,1.4438804825665619e-05,29.0
-1.2895791330167574,0.7124998912123859,1.0380143197003801e-11,1.4438804825665619e-05,28.0
-1.2895777657258216,0.7124998912123859,1.0380143197003801e-11,1.4438804825665619e-05,28.0
-1.2895766312618075,0.7124998912123859,1.0380143197003801e-11,1.4438804825665619e-05,28.0
-1.2895758168911786,0.7124998039459232,1.0380143197003801e-11,1.4438804825665619e-05,28.0
-1.2895736642020794,0.7124996583854636,1.0380143197003801e-11,1.4438804825665619e-05,27.0
-1.2895733442832276,0.7124992220531505,1.0380143197003801e-11,1.4438804825665619e-05,27.0
-1.289573198897301,0.712498698454375,1.0380143197003801e-11,1.4438804825665619e-05,27.0
-1.28957343154969,0.71249794220321,1.0380143197003801e-11,1.4438804825665619e-05,27.0
-1.2895738387350046,0.7124969822721215,1.0380143197003801e-11,1.4438804825665619e-05,27.0
-1.2895743623337799,0.7124958769551062,1.0380143197003801e-11,1.4438804825665619e-05,27.0
-1.2895750314930152,0.7124947133440939,1.0380143197003801e-11,1.4438804825665619e-05,27.0
-1.2895768930611955,0.7124923571496038,1.0380143197003801e-11,1.4438804825665619e-05,27.0
-1.2895790166032963,0.7124899428356494,1.0380143197003801e-11,1.4438804825665619e-05,27.0
-1.2895816927166386,0.7124876156136248,0.0,0.0,28.0
-1.2895831181270385,0.712486481149611,0.0,0.0,28.0
-1.2895859106538416,0.7124841832491179,0.0,0.0,29.0
-1.289587510597167,0.712482990491107,0.0,0.0,27.0
-1.2895890813934938,0.7124817687606306,0.0,0.0,25.0
-1.2895905357763597,0.7124805761771528,0.0,0.0,25.0
-1.2895934155696254,0.7124784526350519,7.280889413558038e-11,5.565249013631099e-05,21.0
-1.2895948990994897,0.7124774927039632,7.280889413558038e-11,5.565249013631099e-05,19.0
-1.289597982572679,0.712475514722322,7.280889413558038e-11,5.565249013631099e-05,16.0
-1.2895994078085462,0.7124744675247707,7.280889413558038e-11,5.565249013631099e-05,15.0
-1.2896005714195586,0.7124735948601448,7.280889413558038e-11,5.565249013631099e-05,15.0
-1.2896015894701114,0.7124728094619814,7.280889413558038e-11,5.565249013631099e-05,15.0
-1.2896034512128243,0.7124715004650425,7.280889413558038e-11,5.565249013631099e-05,13.0
-1.2896042657579863,0.7124709768662667,7.280889413558038e-11,5.565249013631099e-05,13.0
-1.2896049638896872,0.7124705405339538,7.280889413558038e-11,5.565249013631099e-05,13.0
-1.2896054291944656,0.712470220615102,7.280889413558038e-11,5.565249013631099e-05,13.0
-1.289605836554313,0.7124699588157142,7.280889413558038e-11,5.565249013631099e-05,13.0
-1.2896061856201635,0.7124697551357906,7.280889413558038e-11,5.565249013631099e-05,13.0
-1.2896086290811162,0.7124683588723888,0.0,0.0,12.0
-1.2896093272128168,0.7124678933930773,0.0,0.0,12.0
-1.289610199877443,0.7124673408218362,0.0,0.0,12.0
-1.289612003326159,0.7124662063578223,0.0,0.0,13.0
-1.2896127306048584,0.7124657117315122,4.470260635367377e-12,9.60452368283495e-06,12.0
-1.2896133995895607,0.7124652753991992,4.470260635367377e-12,9.60452368283495e-06,12.0
-1.2896139231883363,0.7124648973608834,4.470260635367377e-12,9.60452368283495e-06,12.0
-1.2896143014011852,0.712464606414497,4.470260635367377e-12,9.60452368283495e-06,12.0
-1.2896468517917348,0.7124389792214914,8.810297324284663e-12,1.3037946211408809e-05,14.0
-1.2896488297733761,0.7124382810897905,8.810297324284663e-12,1.3037946211408809e-05,15.0
-1.2896493533721518,0.7124379901434041,8.810297324284663e-12,1.3037946211408809e-05,15.0
-1.289650720488555,0.712437059359314,1.3298621772334233e-10,6.329852163766495e-05,17.0
-1.2896534840428926,0.7124351394971369,1.3298621772334233e-10,6.329852163766495e-05,19.0
-1.2896540949081308,0.7124344122184376,3.964763258041778e-11,4.0099701681343085e-05,19.0
-1.289654822012297,0.7124337722062009,3.964763258041778e-11,4.0099701681343085e-05,19.0
-1.2896554328775354,0.7124332196349598,3.964763258041778e-11,4.0099701681343085e-05,18.0
-1.2896559275038455,0.7124327833026467,3.964763258041778e-11,4.0099701681343085e-05,18.0
-1.289656567341549,0.7124321141434113,3.964763258041778e-11,4.0099701681343085e-05,18.0
-1.2896569164073994,0.7124317361050955,3.964763258041778e-11,4.0099701681343085e-05,18.0
-1.2896575855666348,0.7124310960928587,3.964763258041778e-11,4.0099701681343085e-05,18.0
-1.289658254551337,0.7124303979611579,3.964763258041778e-11,4.0099701681343085e-05,19.0
-1.289659127215963,0.7124296125629945,3.964763258041778e-11,4.0099701681343085e-05,19.0
-1.2896599707335905,0.7124288563118297,3.964763258041778e-11,4.0099701681343085e-05,18.0
-1.289660756131754,0.7124280709136662,3.964763258041778e-11,4.0099701681343085e-05,19.0
-1.289662297955615,0.7124264418233425,3.964763258041778e-11,4.0099701681343085e-05,19.0
-1.2896631414732427,0.7124254818922539,3.964763258041778e-11,4.0099701681343085e-05,19.0
-1.289664101404331,0.7124243765752385,3.964763258041778e-11,4.0099701681343085e-05,20.0
-1.2896651777488808,0.7124230967252981,3.967916048488617e-11,2.7396082317899947e-05,21.0
-1.2896662539188977,0.7124218749948218,3.967916048488617e-11,2.7396082317899947e-05,22.0
-1.2896673594104457,0.7124206532643452,3.967916048488617e-11,2.7396082317899947e-05,22.0
-1.2896706755360248,0.7124167843929924,8.975399965465705e-12,1.2775897672523185e-05,22.0
-1.2896715771731162,0.7124157080484426,8.975399965465705e-12,1.2775897672523185e-05,22.0
-1.2896723625712796,0.7124147481173542,8.975399965465705e-12,1.2775897672523185e-05,22.0
-1.2896730607029805,0.7124139337467251,9.003881693375259e-12,1.2639303371472654e-05,23.0
-1.2896735553292904,0.712413322881487,9.003881693375259e-12,1.2639303371472654e-05,23.0
-1.2896738752481425,0.712412886549174,9.003881693375259e-12,1.2639303371472654e-05,23.0
-1.2896753006585424,0.7124109375399982,7.832170789293633e-12,1.1608200137783968e-05,23.0
-1.28967614417617,0.7124100648753722,7.832170789293633e-12,1.1608200137783968e-05,24.0
-1.2896766096554813,0.7124095993960607,7.832170789293633e-12,1.1608200137783968e-05,24.0
-1.2896771041072586,0.7124091049442836,7.832170789293633e-12,1.1608200137783968e-05,25.0
-1.2896775985590356,0.7124086394649721,7.832170789293633e-12,1.1608200137783968e-05,25.0
-1.2896782094242736,0.7124081158661966,7.832170789293633e-12,1.1608200137783968e-05,25.0
-1.289678820289512,0.7124075632949552,7.832170789293633e-12,1.1608200137783968e-05,24.0
-1.2896793438882876,0.7124070105491812,7.832170789293633e-12,1.1608200137783968e-05,25.0
-1.2896797802206004,0.7124063996839431,7.832170789293633e-12,1.1608200137783968e-05,25.0
-1.2896800130475228,0.7124057306992407,7.832170789293633e-12,1.1608200137783968e-05,25.0
-1.2896799257810603,0.7124050615400055,7.832170789293633e-12,1.1608200137783968e-05,24.0
-1.2896795767152098,0.7124043344358392,7.832170789293633e-12,1.1608200137783968e-05,24.0
-1.2896791693553624,0.7124034034772162,7.832170789293633e-12,1.1608200137783968e-05,24.0
-1.2896784712236615,0.7124027053455153,7.832170789293633e-12,1.1608200137783968e-05,23.0
-1.28967756958657,0.7124021236272756,7.832170789293633e-12,1.1608200137783968e-05,23.0
-1.2896765805084827,0.7124015708815015,7.832170789293633e-12,1.1608200137783968e-05,22.0
-1.2896755624579304,0.7124009018967993,1.895603741629633e-11,2.1361893316409012e-05,21.0
-1.2896745733798431,0.7124001164986358,1.895603741629633e-11,2.1361893316409012e-05,20.0
-1.2896737007152173,0.7123995347803962,1.895603741629633e-11,2.1361893316409012e-05,19.0
-1.2896728571975895,0.7123990111816206,1.895603741629633e-11,2.1361893316409012e-05,18.0
-1.289672013505429,0.7123983711693839,1.895603741629633e-11,2.1361893316409012e-05,16.0
-1.2896711408408033,0.7123977021846816,1.895603741629633e-11,2.1361893316409012e-05,16.0
-1.2896701519372489,0.7123970330254464,1.895603741629633e-11,2.1361893316409012e-05,14.0
-1.2896691920061605,0.7123963931877425,1.895603741629633e-11,2.1361893316409012e-05,14.0
-1.2896675629158367,0.7123954622291195,1.895603741629633e-11,2.1361893316409012e-05,13.0
-1.2896670103445953,0.7123951423102676,1.895603741629633e-11,2.1361893316409012e-05,13.0
-1.2896665157182854,0.7123949096578783,1.895603741629633e-11,2.1361893316409012e-05,11.0
-1.2896648286830303,0.7123937168998675,1.895603741629633e-11,2.1361893316409012e-05,11.0
-1.289663926871406,0.7123930479151653,1.895603741629633e-11,2.1361893316409012e-05,11.0
-1.2896629377933189,0.7123922916640003,1.895603741629633e-11,2.1361893316409012e-05,11.0
-1.2896619488897647,0.7123913025859132,1.895603741629633e-11,2.1361893316409012e-05,10.0
-1.2896611343446027,0.7123901681218995,1.6571644562619404e-11,2.548397476960165e-05,10.0
-1.2896604653599004,0.7123890336578856,1.6571644562619404e-11,2.548397476960165e-05,11.0
-1.289659941761125,0.7123881028737955,1.6571644562619404e-11,2.548397476960165e-05,11.0
-1.289659563548276,0.7123873464480978,1.6571644562619404e-11,2.548397476960165e-05,11.0
-1.2896578473660225,0.7123841758829785,1.6571644562619404e-11,2.548397476960165e-05,9.0
-1.2896574691531737,0.7123831286854274,1.6571644562619404e-11,2.548397476960165e-05,9.0
-1.2896570909403247,0.7123819359274167,1.6571644562619404e-11,2.548397476960165e-05,7.0
-1.2896567129020087,0.712380597958012,1.6571644562619404e-11,2.548397476960165e-05,6.0
-1.289655520143998,0.7123761182214209,1.6571644562619404e-11,2.548397476960165e-05,7.0
-1.2896550256922208,0.7123744893056301,1.6571644562619404e-11,2.548397476960165e-05,7.0
-1.2896545312404435,0.7123728312428406,1.6571644562619404e-11,2.548397476960165e-05,7.0
-1.289654065761132,0.7123712021525168,1.6571644562619404e-11,2.548397476960165e-05,8.0
-1.2896536002818206,0.7123696023837244,0.0,0.0,8.0
-1.2896531349770421,0.7123679732934006,0.0,0.0,8.0
-1.289652698644729,0.7123663152306112,0.0,0.0,9.0
-1.289652262312416,0.7123645990483578,0.0,0.0,9.0
-1.289651825980103,0.7123628828661044,0.0,0.0,10.0
-1.2896514186202557,0.7123611083898538,0.0,0.0,11.0
-1.289651011434941,0.7123593339136033,0.0,0.0,11.0
-1.2896506623690909,0.7123576468783483,0.0,0.0,11.0
-1.289650342450239,0.7123561342014856,0.0,0.0,10.0
-1.2896500515038525,0.7123548543515451,0.0,0.0,9.0
-1.289649789704465,0.7123537198875313,0.0,0.0,9.0
-1.289649527905077,0.7123526726899801,0.0,0.0,10.0
-1.2896492369586907,0.7123516544648945,0.0,0.0,10.0
-1.289648975159303,0.7123506072673433,0.0,0.0,10.0
-1.2896484515605273,0.7123486292857021,0.0,0.0,12.0
-1.289648218908138,0.7123477566210761,0.0,0.0,11.0
-1.2896479279617517,0.7123464184771385,0.0,0.0,10.0
-1.289647840695289,0.7123459821448255,0.0,0.0,10.0
-1.2896476953093623,0.7123457203454377,1.881769541488464e-10,0.00012333689602342358,12.0
-1.2896470263246602,0.7123448768278101,1.881769541488464e-10,0.00012333689602342358,12.0
-1.289646473578886,0.712342840552172,1.881769541488464e-10,0.00012333689602342358,11.0
-1.2896462409264966,0.7123420261815429,2.7335910325419387e-11,2.731519316643141e-05,11.0
-1.2896460372465728,0.7123412407833796,2.7335910325419387e-11,2.731519316643141e-05,12.0
-1.289645862713648,0.7123404262382178,2.7335910325419387e-11,2.731519316643141e-05,12.0
-1.289645659033724,0.7123395827205902,2.7335910325419387e-11,2.731519316643141e-05,12.0
-1.2896454555283334,0.7123386809089657,2.7335910325419387e-11,2.731519316643141e-05,12.0
-1.2896452809954082,0.7123378373913382,2.7335910325419387e-11,2.731519316643141e-05,12.0
-1.2896451064624828,0.7123371392596375,2.7335910325419387e-11,2.731519316643141e-05,11.0
-1.289644844663095,0.7123365283943992,2.7335910325419387e-11,2.731519316643141e-05,10.0
-1.2896445245697103,0.7123360047956235,2.7335910325419387e-11,2.731519316643141e-05,10.0
-1.2896441173843958,0.712335481196848,2.7335910325419387e-11,2.731519316643141e-05,11.0
-1.2896433319862324,0.712335102983999,2.7335910325419387e-11,2.731519316643141e-05,11.0
-1.2896420811087574,0.7123348993040753,2.7335910325419387e-11,2.731519316643141e-05,13.0
-1.2896406267258917,0.7123349284510739,2.7335910325419387e-11,2.731519316643141e-05,15.0
-1.2896391140490293,0.7123350738370006,2.7335910325419387e-11,2.731519316643141e-05,18.0
-1.2896375432527025,0.7123352193974601,2.7335910325419387e-11,2.731519316643141e-05,20.0
-1.2896339363552702,0.7123356265827747,2.7335910325419387e-11,2.731519316643141e-05,24.0
-1.2896320164930928,0.7123356557297732,4.7959118880959085e-11,4.21950672786472e-05,28.0
-1.2896299802174547,0.7123357138492372,4.7959118880959085e-11,4.21950672786472e-05,29.0
-1.2896275367565018,0.712336353861474,4.042882395495407e-12,8.14660177323321e-06,31.0
-1.2896255587748608,0.7123366737803258,4.042882395495407e-12,8.14660177323321e-06,33.0
-1.2896238424180742,0.7123369355797137,4.042882395495407e-12,8.14660177323321e-06,37.0
-1.2896226206875978,0.7123371392596375,4.042882395495407e-12,8.14660177323321e-06,39.0
-1.2896218352894344,0.7123371682321029,4.042882395495407e-12,8.14660177323321e-06,39.0
-1.289619595508405,0.7123372265260999,4.042882395495407e-12,8.14660177323321e-06,44.0
-1.2896184029249274,0.7123372265260999,1.5801236646006396e-10,0.0001080550708995972,46.0
-1.2896154939846634,0.7123373427650281,1.5801236646006396e-10,0.0001080550708995972,47.0
-1.2896140104547988,0.7123373137925626,1.5801236646006396e-10,0.0001080550708995972,47.0
-1.2896121487120857,0.7123380119242634,6.572821451995482e-11,4.8291030883746124e-05,51.0
-1.2896103161163712,0.712338419109578,6.572821451995482e-11,4.8291030883746124e-05,54.0
-1.2896084254011926,0.7123386227895016,6.572821451995482e-11,4.8291030883746124e-05,56.0
-1.2896064182725528,0.7123388845888894,6.572821451995482e-11,4.8291030883746124e-05,58.0
-1.2896008913384103,0.7123396408400543,6.572821451995482e-11,4.8291030883746124e-05,63.0
-1.289599553369006,0.7123398153729795,6.572821451995482e-11,4.8291030883746124e-05,63.0
-1.28959853514392,0.7123399899059047,6.572821451995482e-11,4.8291030883746124e-05,62.0
-1.2895978370122194,0.7123400771723671,6.572821451995482e-11,4.8291030883746124e-05,62.0
-1.2895963534823554,0.7123408625705306,7.773075009921518e-12,1.119726737549764e-05,62.0
-1.289590390390433,0.7123421715674697,7.773075009921518e-12,1.119726737549764e-05,66.0
-1.2895885286477198,0.7123425497803186,7.773075009921518e-12,1.119726737549764e-05,68.0
-1.2895867541714694,0.712342840552172,6.8950152961549825e-12,1.3714467282634375e-05,70.0
-1.2895850961086799,0.7123431023515597,6.8950152961549825e-12,1.3714467282634375e-05,72.0
-1.2895836417258142,0.7123433060314834,1.7353292861479166e-11,1.9977820653410345e-05,73.0
-1.2895824491423364,0.7123434805644087,1.7353292861479166e-11,1.9977820653410345e-05,74.0
-1.2895815764777103,0.7123435969778698,1.7353292861479166e-11,1.9977820653410345e-05,73.0
-1.2895810818514002,0.7123437132167979,1.7353292861479166e-11,1.9977820653410345e-05,74.0
-1.2895790747227605,0.712343829630259,1.7353292861479166e-11,1.9977820653410345e-05,75.0
-1.289578783950907,0.7123432768844851,1.7353292861479166e-11,1.9977820653410345e-05,75.0
-1.2895784348850567,0.7123425206333199,1.7353292861479166e-11,1.9977820653410345e-05,75.0
-1.2895782603521315,0.7123415315552329,1.7353292861479166e-11,1.9977820653410345e-05,74.0
-1.289577678459359,0.7123393209212024,3.4391306695479388e-12,9.013024812739806e-06,72.0
-1.289577416659971,0.712338040896729,3.4391306695479388e-12,9.013024812739806e-06,72.0
-1.2895770967411193,0.7123368483132511,3.4391306695479388e-12,9.013024812739806e-06,70.0
-1.2895767768222675,0.7123356847022388,3.4391306695479388e-12,9.013024812739806e-06,71.0
-1.2895762821959573,0.7123338231340586,3.4391306695479388e-12,9.013024812739806e-06,70.0
-1.289576107663032,0.7123331539748234,3.4391306695479388e-12,9.013024812739806e-06,70.0
-1.2895758750106427,0.712332484990121,3.4391306695479388e-12,9.013024812739806e-06,68.0
-1.2895755840642567,0.7123317577114219,3.4391306695479388e-12,9.013024812739806e-06,67.0
-1.2895752932924032,0.7123308269273317,6.892928667600038e-11,4.675230646798529e-05,68.0
-1.2895750314930152,0.7123297216103165,6.892928667600038e-11,4.675230646798529e-05,67.0
-1.2895747113996305,0.7123284707328413,6.892928667600038e-11,4.675230646798529e-05,66.0
-1.2895739842954643,0.7123259108584276,4.943224872328599e-11,4.035061812325455e-05,65.0
-1.2895736060826153,0.712324572889023,4.943224872328599e-11,4.035061812325455e-05,65.0
-1.2895732278697662,0.712323205598087,4.943224872328599e-11,4.035061812325455e-05,65.0
-1.2895728498314503,0.712321896601148,4.943224872328599e-11,4.035061812325455e-05,65.0
-1.2895724716186017,0.7123206748706715,4.943224872328599e-11,4.035061812325455e-05,62.0
-1.2895721806722151,0.7123196859671175,4.943224872328599e-11,4.035061812325455e-05,62.0
-1.2895722098192137,0.7123189295414196,7.103678229092697e-12,1.1305216169871789e-05,61.0
-1.2895722679386776,0.7123184059426441,7.103678229092697e-12,1.1305216169871789e-05,61.0
-1.2895721516997496,0.712317969610331,7.103678229092697e-12,1.1305216169871789e-05,62.0
-1.289572064433287,0.7123174751585539,7.103678229092697e-12,1.1305216169871789e-05,62.0
-1.2895719771668244,0.7123168061738517,7.103678229092697e-12,1.1305216169871789e-05,62.0
-1.2895717443399022,0.7123160207756882,7.103678229092697e-12,1.1305216169871789e-05,62.0
-1.289571569806977,0.7123150608445996,7.103678229092697e-12,1.1305216169871789e-05,62.0
-1.289571308007589,0.7123139553530515,7.103678229092697e-12,1.1305216169871789e-05,62.0
-1.2895710172357358,0.7123128208890377,7.103678229092697e-12,1.1305216169871789e-05,62.0
-1.2895706971423508,0.7123116574525582,7.103678229092697e-12,1.1305216169871789e-05,58.0
-1.2895703191040349,0.7123105811080085,7.103678229092697e-12,1.1305216169871789e-05,58.0
-1.289569940891186,0.7123095920299215,7.103678229092697e-12,1.1305216169871789e-05,57.0
-1.2895696499447997,0.7123087485122941,7.103678229092697e-12,1.1305216169871789e-05,57.0
-1.2895694754118745,0.7123080795275917,7.103678229092697e-12,1.1305216169871789e-05,56.0
-1.2895693300259479,0.7123073231018938,7.103678229092697e-12,1.1305216169871789e-05,56.0
-1.2895674682832348,0.7123052870007885,6.515507684381996e-11,3.395966785248827e-05,52.0
-1.2895662465527584,0.7123051997343258,6.515507684381996e-11,3.395966785248827e-05,50.0
-1.2895647921698925,0.7123052578537901,6.515507684381996e-11,3.395966785248827e-05,48.0
-1.2895630176936421,0.7123054032397167,6.515507684381996e-11,3.395966785248827e-05,45.0
-1.2895611269784635,0.7123056360666389,9.26950808361539e-12,1.2662751483094043e-05,44.0
-1.2895591198498237,0.7123058395720295,9.26950808361539e-12,1.2662751483094043e-05,45.0
-1.2895570546017197,0.7123060723989518,9.26950808361539e-12,1.2662751483094043e-05,43.0
-1.28955504747308,0.7123063050513412,9.26950808361539e-12,1.2662751483094043e-05,40.0
-1.2895530403444402,0.7123065377037305,9.26950808361539e-12,1.2662751483094043e-05,39.0
-1.2895510332158004,0.7123068286501167,9.26950808361539e-12,1.2662751483094043e-05,40.0
-1.2895490260871605,0.7123070904495046,9.26950808361539e-12,1.2662751483094043e-05,40.0
-1.2895470770779849,0.7123073813958909,7.601179399584814e-11,4.183756874268645e-05,40.0
-1.289545215335272,0.7123076140482802,7.601179399584814e-11,4.183756874268645e-05,40.0
-1.2895435572724825,0.712307817728204,7.601179399584814e-11,4.183756874268645e-05,38.0
-1.2895421320366152,0.7123079631141306,7.601179399584814e-11,4.183756874268645e-05,38.0
-1.2895407938926777,0.7123081376470558,7.601179399584814e-11,4.183756874268645e-05,39.0
-1.2895396013092,0.7123083702994452,7.601179399584814e-11,4.183756874268645e-05,38.0
-1.2895386122311128,0.7123085448323702,1.2618593844305644e-10,8.106884507868745e-05,38.0
-1.2895378268329494,0.7123087485122941,1.2618593844305644e-10,8.106884507868745e-05,36.0
-1.2895372159677112,0.7123090103116818,1.2618593844305644e-10,8.106884507868745e-05,37.0
-1.2895367504883997,0.7123094757909931,1.347505618165835e-11,1.5248327979287011e-05,37.0
-1.289536605102473,0.7123113083867079,1.347505618165835e-11,1.5248327979287011e-05,36.0
-1.2895373613536378,0.712313606287201,1.347505618165835e-11,1.5248327979287011e-05,36.0
-1.2895377976859508,0.7123149444311385,1.347505618165835e-11,1.5248327979287011e-05,36.0
-1.2895381758988,0.7123163988140042,1.347505618165835e-11,1.5248327979287011e-05,35.0
-1.28953852496465,0.7123179987573295,1.347505618165835e-11,1.5248327979287011e-05,38.0
-1.2895389321499646,0.7123195987006548,1.347505618165835e-11,1.5248327979287011e-05,38.0
-1.2895405029462914,0.7123253291401879,4.1251290987829e-12,1.083196038316715e-05,35.0
-1.2895409392786044,0.7123274526822887,3.878693605809744e-12,9.730765219063231e-06,37.0
-1.2895411138115296,0.7123283253469148,3.878693605809744e-12,9.730765219063231e-06,37.0
-1.2895415792908411,0.7123299251157073,3.878693605809744e-12,9.730765219063231e-06,37.0
-1.2895417538237663,0.712330739660869,3.878693605809744e-12,9.730765219063231e-06,37.0
-1.2895419864761557,0.7123322523377318,3.609899194938483e-11,2.625190026692591e-05,39.0
-1.289541899209693,0.71233286320297,3.609899194938483e-11,2.625190026692591e-05,39.0
-1.2895402121744381,0.7123356557297732,9.016675626179994e-12,1.292670682294443e-05,38.0
-1.289540037641513,0.7123364701004021,9.016675626179994e-12,1.292670682294443e-05,37.0
-1.2895400666139782,0.7123373137925626,9.016675626179994e-12,1.292670682294443e-05,38.0
-1.2895409103061388,0.7123392045077412,9.016675626179994e-12,1.292670682294443e-05,38.0
-1.2895416374103053,0.7123400771723671,6.856938117972644e-13,3.4921215099134645e-06,39.0
-1.2895426846078564,0.7123410952229199,6.856938117972644e-13,3.4921215099134645e-06,40.0
-1.28954381907187,0.7123422007144681,6.856938117972644e-13,3.4921215099134645e-06,44.0
-1.2895450699493451,0.7123433351784819,6.856938117972644e-13,3.4921215099134645e-06,46.0
-1.289546262532823,0.7123445569089585,6.856938117972644e-13,3.4921215099134645e-06,47.0
-1.2895489096736996,0.712347203875302,8.791258735399373e-13,3.804769547576836e-06,46.0
-1.2895503350840998,0.7123486292857021,8.780597125452008e-12,1.2224502453795608e-05,50.0
-1.289551876733428,0.7123500836685678,8.780597125452008e-12,1.2224502453795608e-05,51.0
-1.2895533894102906,0.7123515090789678,8.780597125452008e-12,1.2224502453795608e-05,52.0
-1.289556356470019,0.7123545925521574,8.780597125452008e-12,1.2224502453795608e-05,53.0
-1.2895578981193472,0.7123561050544871,8.480213887881716e-11,5.38045074461201e-05,56.0
-1.2895626977747903,0.7123607884710018,8.480213887881716e-11,5.38045074461201e-05,60.0
-1.2895644722510409,0.7123623301203301,8.480213887881716e-11,5.38045074461201e-05,61.0
-1.2895662175802927,0.7123638427971929,7.910213771942168e-11,5.226163449938475e-05,61.0
-1.2895678756430822,0.7123653263270571,7.910213771942168e-11,5.226163449938475e-05,61.0
-1.2895693300259479,0.7123667515629243,7.910213771942168e-11,5.226163449938475e-05,62.0
-1.2895709008222747,0.7123682642397868,7.910213771942168e-11,5.226163449938475e-05,61.0
-1.2895723552051404,0.7123698058891152,3.1460125572091684e-11,3.726670004877153e-05,61.0
-1.2895737224960764,0.7123713185659778,3.1460125572091684e-11,3.726670004877153e-05,60.0
-1.2895750896124794,0.7123728020958421,3.1460125572091684e-11,3.726670004877153e-05,62.0
-1.2895764567288828,0.7123743437451705,7.146842517706593e-11,4.1513050858668955e-05,64.0
-1.2895778240198186,0.7123759145414972,7.146842517706593e-11,4.1513050858668955e-05,66.0
-1.289579161989223,0.7123772818324332,7.146842517706593e-11,4.1513050858668955e-05,65.0
-1.2895802674807713,0.7123784744159112,7.146842517706593e-11,4.1513050858668955e-05,67.0
-1.2895825072618006,0.7123805106915495,7.146842517706593e-11,4.1513050858668955e-05,64.0
-1.2895845435374387,0.7123824014067281,5.182456162752271e-12,1.0806526031038667e-05,66.0
-1.2895847470428294,0.7123826340591175,2.840298514614234e-11,2.764455625544036e-05,67.0
-1.289586143306231,0.7123845539212946,2.840298514614234e-11,2.764455625544036e-05,67.0
-1.2895871323843182,0.7123858629182337,2.840298514614234e-11,2.764455625544036e-05,65.0
-1.2895880050489443,0.7123872883286337,2.840298514614234e-11,2.764455625544036e-05,63.0
-1.289588964980033,0.7123888299779619,2.840298514614234e-11,2.764455625544036e-05,59.0
-1.289592921117848,0.7123954332566539,6.937859736975212e-11,3.716788926806466e-05,59.0
-1.2895938519019383,0.7123971202919089,6.937859736975212e-11,3.716788926806466e-05,57.0
-1.2895958009111141,0.712400291031561,6.937859736975212e-11,3.716788926806466e-05,52.0
-1.289596877081131,0.7124019490943504,6.937859736975212e-11,3.716788926806466e-05,51.0
-1.289597924278682,0.7124037235706009,6.937859736975212e-11,3.716788926806466e-05,50.0
-1.2895990006232319,0.712405527019317,1.0211385145661608e-11,1.30835688748355e-05,48.0
-1.289600105940247,0.712407272348569,1.0211385145661608e-11,1.30835688748355e-05,45.0
-1.289601095018334,0.7124089304113583,1.0211385145661608e-11,1.30835688748355e-05,43.0
-1.2896019968299586,0.7124104720606868,1.0211385145661608e-11,1.30835688748355e-05,39.0
-1.2896028112005877,0.7124117229381616,1.0211385145661608e-11,1.30835688748355e-05,38.0
-1.2896034220658257,0.7124126828692503,1.0211385145661608e-11,1.30835688748355e-05,37.0
-1.2896036838652136,0.7124133810009511,1.0211385145661608e-11,1.30835688748355e-05,36.0
-1.2896039456646016,0.7124140791326519,9.568947007745398e-12,1.3271349625165532e-05,34.0
-1.289604091225061,0.7124144863179662,9.568947007745398e-12,1.3271349625165532e-05,32.0
-1.2896056328743892,0.7124157663424396,9.568947007745398e-12,1.3271349625165532e-05,31.0
-1.2896060400597038,0.7124163772076779,9.568947007745398e-12,1.3271349625165532e-05,30.0
-1.289606534686014,0.7124171043118444,9.568947007745398e-12,1.3271349625165532e-05,29.0
-1.2896070872572551,0.7124180061234688,9.568947007745398e-12,1.3271349625165532e-05,28.0
-1.2896085707871192,0.7124204495844215,0.0,0.0,24.0
-1.289609385332281,0.7124218749948218,0.0,0.0,24.0
-1.289610199877443,0.7124233293776873,0.0,0.0,22.0
-1.289611072542069,0.7124247837605531,0.0,0.0,24.0
-1.2896119160596964,0.7124261510514891,0.0,0.0,20.0
-1.2896127887243225,0.7124274309014295,0.0,0.0,19.0
-1.2896136032694845,0.7124285362184448,0.0,0.0,17.0
-1.2896143595206493,0.7124295834159962,0.0,0.0,13.0
-1.289614999532886,0.712430514374619,0.0,0.0,13.0
-1.2896155231316615,0.7124315032781733,0.0,0.0,12.0
-1.2896158430505134,0.7124324923562603,0.0,0.0,12.0
-1.289615813903515,0.7124335104068131,0.0,0.0,12.0
-1.2896152321852754,0.7124344703379015,0.0,0.0,12.0
-1.2896142722541868,0.7124354302689903,0.0,0.0,12.0
-1.2896129341102491,0.7124363902000789,0.0,0.0,11.0
-1.28960976354513,0.7124386010086422,0.0,0.0,11.0
-1.289607959921881,0.7124398227391188,0.0,0.0,11.0
-1.289606156473165,0.7124410736165937,0.0,0.0,11.0
-1.2896044402909115,0.7124423243195355,0.0,0.0,12.0
-1.2896027822281222,0.7124434879305479,0.0,0.0,11.0
-1.2896008913384103,0.7124446223945617,0.0,0.0,11.0
-1.2895953062848042,0.7124477931342137,0.0,0.0,11.0
-1.2895937646354758,0.7124486947713053,0.0,0.0,10.0
-1.2895923683720742,0.7124494801694689,0.0,0.0,10.0
-1.2895912047610618,0.7124501783011695,0.0,0.0,10.0
-1.289590070297048,0.7124508764328703,0.0,0.0,10.0
-1.289589139512958,0.712451516445107,0.0,0.0,10.0
-1.2895882959953304,0.7124519819244186,0.0,0.0,9.0
-1.2895873360642418,0.7124525344956598,0.0,0.0,9.0
-1.2895863761331534,0.7124531163884325,0.0,0.0,9.0
-1.2895854743215287,0.7124537272536705,0.0,0.0,8.0
-1.2895846016569028,0.7124543089719103,0.0,0.0,8.0
-1.2895841361775913,0.712455007103611,0.0,0.0,7.0
-1.2895833507794279,0.7124555307023867,0.0,0.0,7.0
-1.2895821290489513,0.7124565487529394,0.0,0.0,7.0
-1.2895798601209238,0.7124582940821913,0.0,0.0,7.0
-1.2895791911362215,0.7124587014420386,0.0,0.0,7.0
-1.2895784638575223,0.7124591377743517,0.0,0.0,7.0
-1.2895764277564168,0.712460126677906,0.0,0.0,6.0
-1.2895737224960764,0.7124608248096068,0.0,0.0,5.0
-1.289572384352139,0.712461057636529,0.0,0.0,5.0
-1.2895710462082013,0.7124612611419199,0.0,0.0,5.0
-1.2895697372112624,0.7124615229413076,0.0,0.0,5.0
-1.289568457361322,0.7124617557682298,0.0,0.0,5.0
-1.2895672356308454,0.7124619592736207,0.0,0.0,5.0
-1.2895660720198332,0.7124621338065457,0.0,0.0,5.0
-1.2895649958498163,0.712462308339471,0.0,0.0,5.0
-1.2895639195052668,0.7124625120193946,0.0,0.0,5.0
-1.2895626105083275,0.7124626865523199,0.0,0.0,5.0
-1.2895610397120008,0.712462919204709,0.0,0.0,4.0
-1.2895592362632846,0.7124632101510955,0.0,0.0,3.0
-1.2895573164011076,0.71246361733641,0.0,0.0,4.0
-1.289553360263292,0.712464170082184,0.0,0.0,3.0
-1.2895514695481134,0.7124644318815718,0.0,0.0,3.0
-1.2895496078054003,0.7124646936809595,0.0,0.0,3.0
-1.2895478916231469,0.7124648390668862,0.0,0.0,3.0
-1.2895449245634185,0.7124646645339611,0.0,0.0,3.0
-1.289543760952406,0.7124643446151092,0.0,0.0,3.0
-1.28954288828778,0.7124636756304069,0.0,0.0,3.0
-1.2895421028896166,0.7124617266212313,0.0,0.0,3.0
-1.2895418119432305,0.7124604176242922,0.0,0.0,5.0
-1.289541521171377,0.712458875974964,0.0,0.0,5.0
-1.2895412883444548,0.7124572760316386,0.0,0.0,5.0
-1.289540968425603,0.7124556760883133,0.0,0.0,5.0
-1.289540270293902,0.7124524182567317,0.0,0.0,9.0
-1.289540037641513,0.7124507891664078,0.0,0.0,10.0
-1.2895396302816655,0.7124491893976155,0.0,0.0,11.0
-1.289539281215815,0.7124476475737541,0.0,0.0,11.0
-1.2895389904439616,0.7124461640438899,5.1226749942560783e-11,3.906804653312222e-05,11.0
-1.2895386994975753,0.7124446805140259,5.1226749942560783e-11,3.906804653312222e-05,11.0
-1.2895383212847267,0.7124431969841616,5.1226749942560783e-11,3.906804653312222e-05,11.0
-1.289537972218876,0.7124418007207599,5.1226749942560783e-11,3.906804653312222e-05,13.0
-1.2895377395664869,0.7124404336043569,5.1226749942560783e-11,3.906804653312222e-05,17.0
-1.289537477767099,0.7124391537544164,5.1226749942560783e-11,3.906804653312222e-05,19.0
-1.2895371868207126,0.7124378447574775,5.1226749942560783e-11,3.906804653312222e-05,19.0
-1.2895368960488593,0.7124365938800026,5.1226749942560783e-11,3.906804653312222e-05,19.0
-1.2895365759554744,0.7124353721495262,5.1226749942560783e-11,3.906804653312222e-05,19.0
-1.2895362851836212,0.7124342376855122,5.1226749942560783e-11,3.906804653312222e-05,19.0
-1.289536110650696,0.7124333650208864,5.1226749942560783e-11,3.906804653312222e-05,20.0
-1.289534859773221,0.712430514374619,7.167023421805365e-11,3.7280307583432285e-05,22.0
-1.2895345107073706,0.7124295834159962,7.167023421805365e-11,3.7280307583432285e-05,22.0
-1.2895341907885185,0.7124283908325181,7.167023421805365e-11,3.7280307583432285e-05,22.0
-1.2895338706951338,0.712426965422118,7.167023421805365e-11,3.7280307583432285e-05,25.0
-1.2895335799232805,0.7124254529197883,7.167023421805365e-11,3.7280307583432285e-05,26.0
-1.2895328234975827,0.7124221367942095,7.167023421805365e-11,3.7280307583432285e-05,26.0
-1.2895323290458056,0.7124203914649575,7.167023421805365e-11,3.7280307583432285e-05,26.0
-1.289531863566494,0.7124185878417085,1.0761524205973092e-11,1.3895847032347053e-05,28.0
-1.289531369114717,0.7124167843929924,1.0761524205973092e-11,1.3895847032347053e-05,28.0
-1.28953087466294,0.7124149517972779,1.0761524205973092e-11,1.3895847032347053e-05,29.0
-1.2895303800366298,0.7124131192015631,1.0761524205973092e-11,1.3895847032347053e-05,32.0
-1.2895299147318513,0.7124113157528471,1.0761524205973092e-11,1.3895847032347053e-05,34.0
-1.2895293911330759,0.7124095121295981,6.09991813855445e-11,3.2360533967094155e-05,32.0
-1.2895289548007627,0.7124077959473445,6.09991813855445e-11,3.2360533967094155e-05,33.0
-1.2895281694025993,0.7124044506747673,6.09991813855445e-11,3.2360533967094155e-05,35.0
-1.2895277911897505,0.7124029090254391,6.09991813855445e-11,3.2360533967094155e-05,36.0
-1.2895273548574373,0.7124014546425733,6.09991813855445e-11,3.2360533967094155e-05,36.0
-1.289526947672123,0.7124000873516374,6.09991813855445e-11,3.2360533967094155e-05,36.0
-1.289526627578738,0.7123988075016969,6.09991813855445e-11,3.2360533967094155e-05,35.0
-1.2895263657793503,0.7123976730376831,6.09991813855445e-11,3.2360533967094155e-05,36.0
-1.2895261039799624,0.712396742253593,6.09991813855445e-11,3.2360533967094155e-05,35.0
-1.2895259294470371,0.7123960730943577,3.056500728405118e-11,2.2361198486156627e-05,35.0
-1.2895257840611105,0.7123956659090432,3.056500728405118e-11,2.2361198486156627e-05,35.0
-1.2895255514087212,0.7123949096578783,3.056500728405118e-11,2.2361198486156627e-05,35.0
-1.2895254349952603,0.7123944733255654,3.056500728405118e-11,2.2361198486156627e-05,35.0
-1.2895252896093337,0.7123938333133286,3.056500728405118e-11,2.2361198486156627e-05,35.0
-1.2895250278099457,0.7123929897957012,3.056500728405118e-11,2.2361198486156627e-05,34.0
-1.2895247660105578,0.7123918843041529,3.056500728405118e-11,2.2361198486156627e-05,36.0
-1.2895244169447075,0.7123905463347484,3.056500728405118e-11,2.2361198486156627e-05,35.0
-1.289523573252547,0.7123875792750199,3.056500728405118e-11,2.2361198486156627e-05,33.0
-1.2895231660672326,0.7123859501846962,3.056500728405118e-11,2.2361198486156627e-05,31.0
-1.2895227297349197,0.7123842631494413,3.056500728405118e-11,2.2361198486156627e-05,31.0
-1.289522322549605,0.7123825178201891,3.215236865786256e-12,8.917863805148546e-06,33.0
-1.289521886217292,0.7123807724909372,3.215236865786256e-12,8.917863805148546e-06,32.0
-1.2895214498849792,0.7123790271616852,3.215236865786256e-12,8.917863805148546e-06,30.0
-1.2895210425251318,0.7123773108048987,3.215236865786256e-12,8.917863805148546e-06,28.0
-1.289520577220353,0.7123755654756468,2.3553018898998676e-12,7.895651137218642e-06,28.0
-1.2895200825940432,0.7123737911739293,2.3553018898998676e-12,7.895651137218642e-06,25.0
-1.2895195589952677,0.7123720748171428,2.3553018898998676e-12,7.895651137218642e-06,25.0
-1.289519093690489,0.7123703294878908,2.3553018898998676e-12,7.895651137218642e-06,25.0
-1.2895185990641789,0.712368642452636,2.3553018898998676e-12,7.895651137218642e-06,23.0
-1.2895181918788643,0.712367013362312,1.269435219669424e-10,6.669603375808168e-05,25.0
-1.2895173773337023,0.7123639009166568,1.269435219669424e-10,6.669603375808168e-05,23.0
-1.2895169701483882,0.7123624173867927,1.269435219669424e-10,6.669603375808168e-05,25.0
-1.2895165919355391,0.7123610211233912,1.269435219669424e-10,6.669603375808168e-05,24.0
-1.2895162720166873,0.7123597121264522,1.269435219669424e-10,6.669603375808168e-05,24.0
-1.2895156902984475,0.7123575013178887,1.269435219669424e-10,6.669603375808168e-05,25.0
-1.289515544737988,0.7123566286532627,1.269435219669424e-10,6.669603375808168e-05,25.0
-1.2895154284990595,0.712355988815559,1.269435219669424e-10,6.669603375808168e-05,25.0
-1.2895153993520614,0.7123555814557114,1.269435219669424e-10,6.669603375808168e-05,26.0
-1.2895150794332093,0.7123539525399206,7.425140992435781e-11,3.9028817428966915e-05,27.0
-1.2895148757532857,0.7123531671417571,7.425140992435781e-11,3.9028817428966915e-05,28.0
-1.2895146139538978,0.7123522363576672,7.425140992435781e-11,3.9028817428966915e-05,27.0
-1.289513537609348,0.7123485420192395,7.425140992435781e-11,3.9028817428966915e-05,29.0
-1.2895131304240337,0.7123471749028364,7.425140992435781e-11,3.9028817428966915e-05,31.0
-1.2895127232387191,0.7123458659058973,7.425140992435781e-11,3.9028817428966915e-05,31.0
-1.2895124031453344,0.7123445858814239,7.425140992435781e-11,3.9028817428966915e-05,29.0
-1.289512112373481,0.7123433641509475,7.425140992435781e-11,3.9028817428966915e-05,31.0
-1.289511850574093,0.712342084301007,1.5897800368026632e-10,9.496144010666967e-05,31.0
-1.2895115015082426,0.712340775304068,1.5897800368026632e-10,9.496144010666967e-05,30.0
-1.2895101342173068,0.7123353939303854,2.8189905262851844e-11,2.773300344835898e-05,27.0
-1.2895096689125283,0.7123338812535227,2.8189905262851844e-11,2.773300344835898e-05,27.0
-1.2895091742862184,0.7123323977236585,2.8189905262851844e-11,2.773300344835898e-05,28.0
-1.2895087379539052,0.7123309433407927,8.818293531156705e-11,7.533171042236479e-05,28.0
-1.289508359915589,0.7123294015169315,8.818293531156705e-11,7.533171042236479e-05,28.0
-1.2895080108497388,0.7123278598676033,8.818293531156705e-11,7.533171042236479e-05,28.0
-1.2895073416905034,0.7123247763944137,8.818293531156705e-11,7.533171042236479e-05,27.0
-1.2895069926246532,0.7123233511585466,8.818293531156705e-11,7.533171042236479e-05,28.0
-1.2895066435588027,0.7123220130146092,8.818293531156705e-11,7.533171042236479e-05,29.0
-1.2895063236399509,0.7123207621371341,8.818293531156705e-11,7.533171042236479e-05,29.0
-1.289506003721099,0.7123196276731204,8.818293531156705e-11,7.533171042236479e-05,29.0
-1.2895057419217113,0.7123186677420318,1.5047795920365025e-11,1.5690273947217156e-05,28.0
-1.2895054509753248,0.7123178242244043,1.5047795920365025e-11,1.5690273947217156e-05,27.0
-1.2895052183229356,0.7123170969457051,1.5047795920365025e-11,1.5690273947217156e-05,27.0
-1.2895050437900104,0.7123165152274653,1.5047795920365025e-11,1.5690273947217156e-05,27.0
-1.2895048982295507,0.7123160207756882,1.5047795920365025e-11,1.5690273947217156e-05,27.0
-1.289503152900299,0.7123142462994377,1.5047795920365025e-11,1.5690273947217156e-05,25.0
-1.2895019894638193,0.7123139553530515,1.2223992438250896e-11,1.9428308598039088e-05,25.0
-1.289495589865051,0.7123145080988255,1.2223992438250896e-11,1.9428308598039088e-05,23.0
-1.2894938736827974,0.7123147698982133,1.2223992438250896e-11,1.9428308598039088e-05,22.0
-1.2894920119400846,0.7123150316976012,1.2223992438250896e-11,1.9428308598039088e-05,22.0
-1.2894900629309087,0.7123153226439874,1.2223992438250896e-11,1.9428308598039088e-05,21.0
-1.2894879976828049,0.7123156425628393,1.2223992438250896e-11,1.9428308598039088e-05,20.0
-1.2894838380395985,0.7123163406945401,9.132232243621541e-11,4.267558407442242e-05,20.0
-1.2894819181774213,0.7123166606133922,9.132232243621541e-11,4.267558407442242e-05,18.0
-1.2894801145541726,0.7123169224127798,9.132232243621541e-11,4.267558407442242e-05,18.0
-1.2894784275189175,0.7123171842121675,9.132232243621541e-11,4.267558407442242e-05,18.0
-1.2894769439890534,0.7123173878920912,9.132232243621541e-11,4.267558407442242e-05,19.0
-1.2894756931115783,0.7123175043055525,9.132232243621541e-11,4.267558407442242e-05,18.0
-1.289474791299954,0.7123176205444806,9.132232243621541e-11,4.267558407442242e-05,17.0
-1.2894740931682531,0.7123176496914791,9.132232243621541e-11,4.267558407442242e-05,17.0
-1.2894725223719263,0.7123177369579419,9.132232243621541e-11,4.267558407442242e-05,16.0
-1.289471736973763,0.7123168351463172,9.132232243621541e-11,4.267558407442242e-05,17.0
-1.2894712425219856,0.712315729829302,9.132232243621541e-11,4.267558407442242e-05,17.0
-1.289470806189673,0.7123143916853645,9.132232243621541e-11,4.267558407442242e-05,17.0
-1.2894703990043583,0.7123128791830348,9.132232243621541e-11,4.267558407442242e-05,16.0
-1.289469991644511,0.7123113083867079,9.132232243621541e-11,4.267558407442242e-05,17.0
-1.289469555312198,0.7123096503239186,9.132232243621541e-11,4.267558407442242e-05,17.0
-1.2894690608604207,0.7123079922611291,9.132232243621541e-11,4.267558407442242e-05,16.0
-1.2894685664086436,0.712306246931877,9.132232243621541e-11,4.267558407442242e-05,16.0
-1.2894679845158712,0.7123044724556266,9.132232243621541e-11,4.267558407442242e-05,16.0
-1.2894674609170955,0.7123026398599119,1.6926066931150534e-12,6.160147848198895e-06,14.0
-1.2894669083458545,0.7123008364111958,3.625784993383619e-11,2.4717826596719838e-05,14.0
-1.2894662391866192,0.7122990910819439,3.625784993383619e-11,2.4717826596719838e-05,14.0
-1.2894656574683794,0.7122973457526919,3.625784993383619e-11,2.4717826596719838e-05,14.0
-1.2894647556567551,0.7122936222672658,3.625784993383619e-11,2.4717826596719838e-05,15.0
-1.2894637957256663,0.7122898408369084,3.625784993383619e-11,2.4717826596719838e-05,14.0
-1.2894633012738892,0.7122879499471967,8.029654261968286e-11,5.474686308565926e-05,14.0
-1.2894627776751135,0.7122859719655554,8.029654261968286e-11,5.474686308565926e-05,15.0
-1.2894622832233364,0.7122839067174515,8.029654261968286e-11,5.474686308565926e-05,15.0
-1.289461759624561,0.7122818123223491,8.029654261968286e-11,5.474686308565926e-05,16.0
-1.2894612360257853,0.7122796887802483,8.029654261968286e-11,5.474686308565926e-05,15.0
-1.2894607124270094,0.7122775943851457,4.0725521321468536e-11,3.0381261644980424e-05,14.0
-1.2894602178006995,0.7122754999900435,4.0725521321468536e-11,3.0381261644980424e-05,13.0
-1.2894597233489227,0.7122735220084021,4.0725521321468536e-11,3.0381261644980424e-05,14.0
-1.2894592578696111,0.7122716311186906,4.0725521321468536e-11,3.0381261644980424e-05,14.0
-1.2894551854928675,0.7122540615872424,7.710476129601217e-12,1.1325944366051215e-05,13.0
-1.2894548072800185,0.7122528688292317,7.710476129601217e-12,1.1325944366051215e-05,13.0
-1.2894544000947041,0.7122515889792911,7.710476129601217e-12,1.1325944366051215e-05,15.0
-1.2894539929093896,0.7122502508353535,7.710476129601217e-12,1.1325944366051215e-05,15.0
-1.2894536146965407,0.7122488837189506,7.710476129601217e-12,1.1325944366051215e-05,15.0
-1.28945326563069,0.7122475166025475,7.710476129601217e-12,1.1325944366051215e-05,16.0
-1.2894529457118382,0.7122460911921474,7.710476129601217e-12,1.1325944366051215e-05,16.0
-1.2894525674989894,0.7122447240757442,7.710476129601217e-12,1.1325944366051215e-05,16.0
-1.2894522184331392,0.7122433859318068,1.4831761246145597e-10,4.882439002023792e-05,15.0
-1.2894518693672887,0.7122420188154036,1.4831761246145597e-10,4.882439002023792e-05,15.0
-1.2894515494484367,0.7122405934050036,1.4831761246145597e-10,4.882439002023792e-05,15.0
-1.289451229355052,0.7122391390221378,1.4831761246145597e-10,4.882439002023792e-05,15.0
-1.2894509094361999,0.7122377136117377,1.4831761246145597e-10,4.882439002023792e-05,15.0
-1.2894505603703499,0.7122362882013377,1.4831761246145597e-10,4.882439002023792e-05,14.0
-1.2894501821575006,0.7122348629654704,1.4831761246145597e-10,4.882439002023792e-05,14.0
-1.2894494840258,0.7122321866775955,1.4831761246145597e-10,4.882439002023792e-05,15.0
-1.289449105987484,0.712230906827655,1.4831761246145597e-10,4.882439002023792e-05,14.0
-1.289448785894099,0.7122296559501801,1.4831761246145597e-10,4.882439002023792e-05,12.0
-1.2894482622953236,0.7122274161691511,1.4831761246145597e-10,4.882439002023792e-05,12.0
-1.2894480296429343,0.7122262817051372,1.4831761246145597e-10,4.882439002023792e-05,12.0
-1.2894473896306975,0.7122236637112591,3.68815541050609e-12,8.526181885944681e-06,11.0
-1.2894464007271436,0.7122205802380697,3.68815541050609e-12,8.526181885944681e-06,11.0
-1.2894458771283677,0.7122189513222789,3.68815541050609e-12,8.526181885944681e-06,10.0
-1.2894453535295922,0.7122174677924147,3.68815541050609e-12,8.526181885944681e-06,10.0
-1.2894449461697448,0.7122161296484771,3.68815541050609e-12,8.526181885944681e-06,9.0
-1.2894446843703569,0.7122149079180007,3.68815541050609e-12,8.526181885944681e-06,8.0
-1.2894445098374319,0.7122139190144466,3.68815541050609e-12,8.526181885944681e-06,8.0
-1.2894443644515052,0.7122131336162831,3.68815541050609e-12,8.526181885944681e-06,9.0
-1.2894441607715814,0.7122123482181197,3.68815541050609e-12,8.526181885944681e-06,8.0
-1.2894439572661907,0.7122115045259594,3.68815541050609e-12,8.526181885944681e-06,8.0
-1.2894436954668027,0.7122105445948707,3.304367922911385e-11,2.3087471115498786e-05,9.0
-1.2894432008404928,0.7122085666132294,3.304367922911385e-11,2.3087471115498786e-05,9.0
-1.2894429973351018,0.7122075485626768,3.304367922911385e-11,2.3087471115498786e-05,8.0
-1.2894427063887157,0.7122059194723529,3.304367922911385e-11,2.3087471115498786e-05,7.0
-1.289442502708792,0.7122053958735775,3.304367922911385e-11,2.3087471115498786e-05,7.0
-1.289442240909404,0.7122047850083392,3.304367922911385e-11,2.3087471115498786e-05,8.0
-1.289441891843554,0.7122039414907116,3.304367922911385e-11,2.3087471115498786e-05,8.0
-1.2894415427777033,0.7122028942931605,1.0491023938316784e-12,4.283712445171706e-06,8.0
-1.2894408156735369,0.7122004799792061,1.0491023938316784e-12,4.283712445171706e-06,8.0
-1.2894401756613003,0.7121982983176411,1.0491023938316784e-12,4.283712445171706e-06,9.0
-1.289439943008911,0.7121973673590183,1.0491023938316784e-12,4.283712445171706e-06,8.0
-1.2894398557424485,0.7121966111078534,1.0491023938316784e-12,4.283712445171706e-06,8.0
-1.2894397974484515,0.7121960293896137,1.0491023938316784e-12,4.283712445171706e-06,8.0
-1.2894397974484515,0.7121955639103021,1.0491023938316784e-12,4.283712445171706e-06,8.0
-1.2894398265954499,0.7121952729639157,1.0491023938316784e-12,4.283712445171706e-06,8.0
-1.2894401756613003,0.7121937604615861,1.0491023938316784e-12,4.283712445171706e-06,8.0
-1.28944075737954,0.7121934113957357,1.0491023938316784e-12,4.283712445171706e-06,8.0
-1.289441688338163,0.7121932368628104,1.0491023938316784e-12,4.283712445171706e-06,8.0
-1.2894429681881034,0.7121930623298851,1.0491023938316784e-12,4.283712445171706e-06,8.0
-1.2894443063320409,0.7121929750634226,1.0491023938316784e-12,4.283712445171706e-06,10.0
-1.2894477097240824,0.7121925095841112,1.0491023938316784e-12,4.283712445171706e-06,11.0
-1.2894496585587252,0.7121921313712622,1.0491023938316784e-12,4.283712445171706e-06,12.0
-1.2894519274867529,0.7121917241859477,1.0491023938316784e-12,4.283712445171706e-06,14.0
-1.28945434197524,0.7121912587066361,1.0491023938316784e-12,4.283712445171706e-06,15.0
-1.289456843555657,0.7121907934018576,1.0491023938316784e-12,4.283712445171706e-06,14.0
-1.2894593742830722,0.7121903570695447,0.0,0.0,14.0
-1.2894619341574862,0.7121899788566958,0.0,0.0,15.0
-1.2894670828787793,0.7121892515779965,1.692911309985972e-12,5.512534091541048e-06,15.0
-1.2894722316000728,0.7121884080603689,1.3723014760684497e-12,6.213372137020556e-06,17.0
-1.289474529500566,0.7121880008750543,1.3723014760684497e-12,6.213372137020556e-06,16.0
-1.289476594923203,0.712187593515207,1.3723014760684497e-12,6.213372137020556e-06,16.0
-1.2894786020518427,0.7121872735963553,1.3723014760684497e-12,6.213372137020556e-06,16.0
-1.2894805800334839,0.7121868953835062,1.3723014760684497e-12,6.213372137020556e-06,14.0
-1.289484826943153,0.7121862555458024,1.3723014760684497e-12,6.213372137020556e-06,16.0
-1.2894870958711804,0.7121859645994162,6.141087183198485e-12,1.0897998973892232e-05,16.0
-1.2894895103596677,0.7121856736530299,6.141087183198485e-12,1.0897998973892232e-05,14.0
-1.289492041087083,0.7121853245871795,6.141087183198485e-12,1.0897998973892232e-05,14.0
-1.2894947463474236,0.7121849465488634,6.141087183198485e-12,1.0897998973892232e-05,14.0
-1.2895000404546435,0.7121842192701642,6.141087183198485e-12,1.0897998973892232e-05,13.0
-1.2895026875955202,0.7121838702043136,9.314591462107125e-12,2.1941691139404512e-05,14.0
-1.289505305589398,0.7121835211384634,9.314591462107125e-12,2.1941691139404512e-05,14.0
-1.2895078944362774,0.7121831429256145,9.314591462107125e-12,2.1941691139404512e-05,15.0
-1.289510425163693,0.7121827357403,1.8036747735638635e-10,6.183681769672946e-05,18.0
-1.2895128105051819,0.7121823285549854,1.8036747735638635e-10,6.183681769672946e-05,20.0
-1.289515166699672,0.7121819794891351,1.8036747735638635e-10,6.183681769672946e-05,20.0
-1.2895175228941622,0.7121816012762862,1.8036747735638635e-10,6.183681769672946e-05,18.0
-1.2895198790886524,0.7121812522104357,1.8036747735638635e-10,6.183681769672946e-05,18.0
-1.289522206136144,0.7121808450251214,1.8036747735638635e-10,6.183681769672946e-05,16.0
-1.28952450421117,0.7121805249317364,1.8036747735638635e-10,6.183681769672946e-05,18.0
-1.2895268604056602,0.712180175865886,1.8036747735638635e-10,6.183681769672946e-05,18.0
-1.2895290129202268,0.7121799140664982,1.8036747735638635e-10,6.183681769672946e-05,16.0
-1.2895309909018682,0.7121796814141089,1.8036747735638635e-10,6.183681769672946e-05,16.0
-1.2895348306262224,0.7121791286683349,0.0,0.0,17.0
-1.2895366923689355,0.7121786923360218,2.0138760240886735e-10,7.137836029543631e-05,17.0
-1.2895404448268275,0.7121776451384707,2.0138760240886735e-10,7.137836029543631e-05,17.0
-1.2895421901560793,0.7121772088061578,2.0138760240886735e-10,7.137836029543631e-05,16.0
-1.2895436155664795,0.7121770925672294,2.0138760240886735e-10,7.137836029543631e-05,16.0
-1.2895451863628062,0.7121770342732325,2.0138760240886735e-10,7.137836029543631e-05,16.0
-1.289546698865136,0.7121770342732325,2.0138760240886735e-10,7.137836029543631e-05,16.0
-1.2895481534225348,0.7121771506866935,2.0138760240886735e-10,7.137836029543631e-05,15.0
-1.2895504513230278,0.7121776742854692,2.0138760240886735e-10,7.137836029543631e-05,14.0
-1.2895512077487257,0.7121781687372463,2.0138760240886735e-10,7.137836029543631e-05,13.0
-1.2895518186139638,0.7121787506300189,2.0138760240886735e-10,7.137836029543631e-05,13.0
-1.2895522257992784,0.7121793614952571,2.0138760240886735e-10,7.137836029543631e-05,13.0
-1.289552807517518,0.7121811357969747,2.429313261167355e-10,0.00010486412729763262,12.0
-1.2895533894102906,0.7121834338720007,2.429313261167355e-10,0.00010486412729763262,11.0
-1.2895538547150693,0.7121852083482512,2.429313261167355e-10,0.00010486412729763262,12.0
-1.2895540875419915,0.7121860810128772,2.429313261167355e-10,0.00010486412729763262,12.0
-1.2895543783138448,0.7121882626744422,2.429313261167355e-10,0.00010486412729763262,13.0
-1.2895544074608434,0.7121889025121461,2.429313261167355e-10,0.00010486412729763262,11.0
-1.2895545819937686,0.7121896879103095,2.429313261167355e-10,0.00010486412729763262,11.0
-1.2895547856736922,0.7121905605749353,2.429313261167355e-10,0.00010486412729763262,9.0
-1.2895550183260815,0.7121914915335583,2.429313261167355e-10,0.00010486412729763262,9.0
-1.2895552220060051,0.71219239317065,2.429313261167355e-10,0.00010486412729763262,9.0
-1.2895554546583945,0.7121933822487372,2.429313261167355e-10,0.00010486412729763262,9.0
-1.2895557456047808,0.7121944294462883,2.429313261167355e-10,0.00010486412729763262,8.0
-1.289556414589483,0.7121964657219266,2.429313261167355e-10,0.00010486412729763262,9.0
-1.289556618269407,0.7121973673590183,2.429313261167355e-10,0.00010486412729763262,9.0
-1.2895568217747975,0.7121982983176411,2.429313261167355e-10,0.00010486412729763262,9.0
-1.2895571418681824,0.7121992291017313,2.429313261167355e-10,0.00010486412729763262,9.0
-1.2895578108528847,0.712201498029759,2.429313261167355e-10,0.00010486412729763262,10.0
-1.289558218038199,0.7122027489072339,2.429313261167355e-10,0.00010486412729763262,10.0
-1.2895585671040497,0.7122038542242491,2.429313261167355e-10,0.00010486412729763262,11.0
-1.2895589161699,0.7122053958735775,0.0,0.0,9.0
-1.2895589453168985,0.7122058322058903,0.0,0.0,9.0
-1.2895598179815246,0.7122077812150661,0.0,0.0,9.0
-1.2895608943260741,0.712208159427915,0.0,0.0,9.0
-1.2895622033230134,0.7122083048138417,0.0,0.0,11.0
-1.2895636285588803,0.7122082756668432,2.620634324016463e-10,9.51187022687101e-05,11.0
-1.289565403035131,0.7122081302809165,2.620634324016463e-10,9.51187022687101e-05,11.0
-1.289567264777844,0.7122079557479913,2.620634324016463e-10,9.51187022687101e-05,11.0
-1.2895691846400212,0.712207723095602,2.620634324016463e-10,9.51187022687101e-05,11.0
-1.2895711626216624,0.7122074902686797,2.620634324016463e-10,9.51187022687101e-05,11.0
-1.2895732278697662,0.712207228469292,2.620634324016463e-10,9.51187022687101e-05,11.0
-1.2895754095313312,0.7122069666699041,2.620634324016463e-10,9.51187022687101e-05,9.0
-1.2895775330734323,0.7122067631645133,0.0,0.0,9.0
-1.289579656615533,0.7122065013651256,0.0,0.0,10.0
-1.2895839326722005,0.7122060650328126,0.0,0.0,11.0
-1.289586143306231,0.7122058322058903,8.909008598605294e-11,4.3973686313511685e-05,10.0
-1.2895884122342585,0.7122055122870384,8.909008598605294e-11,4.3973686313511685e-05,11.0
-1.2895928628238513,0.7122048433023361,8.909008598605294e-11,4.3973686313511685e-05,10.0
-1.289594869952491,0.7122046977418766,8.909008598605294e-11,4.3973686313511685e-05,10.0
-1.2895967316952044,0.712204610475414,8.909008598605294e-11,4.3973686313511685e-05,10.0
-1.2895997279019311,0.7122044359424887,8.909008598605294e-11,4.3973686313511685e-05,10.0
-1.2896007459524836,0.7122044069700231,8.909008598605294e-11,4.3973686313511685e-05,10.0
-1.2896014440841848,0.7122044942364858,8.909008598605294e-11,4.3973686313511685e-05,10.0
-1.2896039748116,0.7122045523559499,8.909008598605294e-11,4.3973686313511685e-05,10.0
-1.289607465470104,0.7122046396224124,8.909008598605294e-11,4.3973686313511685e-05,10.0
-1.2896085418146537,0.7122061812717406,8.909008598605294e-11,4.3973686313511685e-05,10.0
-1.2896090362664308,0.712207228469292,8.909008598605294e-11,4.3973686313511685e-05,10.0
-1.2896098797840583,0.7122098756101685,8.909008598605294e-11,4.3973686313511685e-05,11.0
-1.2896103744103682,0.7122114464064953,9.74687404270994e-11,4.958701686001719e-05,12.0
-1.289610839715147,0.7122131336162831,9.74687404270994e-11,4.958701686001719e-05,11.0
-1.2896113051944584,0.7122147916790726,9.74687404270994e-11,4.958701686001719e-05,11.0
-1.2896117123797728,0.7122165370083245,9.74687404270994e-11,4.958701686001719e-05,12.0
-1.2896122359785485,0.7122183113100421,9.74687404270994e-11,4.958701686001719e-05,13.0
-1.2896132831760998,0.7122218311155447,9.74687404270994e-11,4.958701686001719e-05,15.0
-1.289613574122486,0.712223489178334,9.74687404270994e-11,4.958701686001719e-05,15.0
-1.289614563200573,0.7122267180374503,2.332577430214344e-11,2.8903127549566223e-05,15.0
-1.2896150576523502,0.7122281724203159,2.332577430214344e-11,2.8903127549566223e-05,15.0
-1.2896154648376645,0.7122296850971787,2.332577430214344e-11,2.8903127549566223e-05,16.0
-1.2896158430505134,0.7122326521569069,2.535940020038213e-12,6.470095196721247e-06,18.0
-1.2896160467304372,0.7122341356867712,2.535940020038213e-12,6.470095196721247e-06,17.0
-1.289616366649289,0.7122356192166354,2.535940020038213e-12,6.470095196721247e-06,17.0
-1.2896168321286008,0.7122370446270355,2.535940020038213e-12,6.470095196721247e-06,17.0
-1.2896173557273762,0.7122385862763637,2.535940020038213e-12,6.470095196721247e-06,17.0
-1.2896178793261517,0.7122402151921546,2.535940020038213e-12,6.470095196721247e-06,17.0
-1.2896184029249274,0.7122418442824784,2.535940020038213e-12,6.470095196721247e-06,18.0
-1.2896194790949442,0.7122452766469853,2.535940020038213e-12,6.470095196721247e-06,18.0
-1.2896200026937197,0.7122469638567733,4.0442379429339775e-11,3.320797776784693e-05,18.0
-1.2896203227871046,0.7122486219195626,4.0442379429339775e-11,3.320797776784693e-05,18.0
-1.2896207591194178,0.712250279982352,1.0853884208193685e-10,4.235133655217887e-05,18.0
-1.2896210209188053,0.7122518799256775,2.517297433540188e-11,2.011948977008083e-05,17.0
-1.289621369984656,0.7122534507220043,2.517297433540188e-11,2.011948977008083e-05,17.0
-1.2896217771699705,0.7122550215183311,2.517297433540188e-11,2.011948977008083e-05,17.0
-1.2896222135022832,0.7122565050481953,2.517297433540188e-11,2.011948977008083e-05,16.0
-1.2896226498345962,0.7122579302840624,2.517297433540188e-11,2.011948977008083e-05,16.0
-1.2896229697534483,0.7122592392810014,2.517297433540188e-11,2.011948977008083e-05,15.0
-1.2896233188192987,0.7122604320390122,2.517297433540188e-11,2.011948977008083e-05,15.0
-1.2896247150827003,0.7122622063407298,1.2284002070739282e-11,1.5798486777690547e-05,15.0
-1.2896259368131764,0.7122627009670397,1.2284002070739282e-11,1.5798486777690547e-05,16.0
-1.2896271876906515,0.7122631372993528,1.2284002070739282e-11,1.5798486777690547e-05,16.0
-1.2896306202296914,0.7122628754999651,1.2284002070739282e-11,1.5798486777690547e-05,18.0
-1.2896325400918687,0.7122625845535787,1.2284002070739282e-11,1.5798486777690547e-05,19.0
-1.2896347217534336,0.7122622354877284,1.2284002070739282e-11,1.5798486777690547e-05,18.0
-1.2896370779479238,0.7122617991554154,1.2284002070739282e-11,1.5798486777690547e-05,17.0
-1.28963981218073,0.7122614209425663,1.2284002070739282e-11,1.5798486777690547e-05,17.0
-1.289651709566642,0.712259821173774,2.3274750885399296e-11,2.7031785851266215e-05,19.0
-1.2896546766263703,0.7122593556944625,2.3274750885399296e-11,2.7031785851266215e-05,17.0
-1.2896575855666348,0.7122588902151511,2.3274750885399296e-11,2.7031785851266215e-05,17.0
-1.289660494332366,0.7122584249103724,3.727298748422206e-11,2.4462675655814314e-05,17.0
-1.2896634613920943,0.7122578430175998,3.727298748422206e-11,2.4462675655814314e-05,18.0
-1.2896663703323585,0.7122573194188242,3.727298748422206e-11,2.4462675655814314e-05,18.0
-1.2896718681195023,0.7122563886347341,3.727298748422206e-11,2.4462675655814314e-05,15.0
-1.2896745733798431,0.7122559231554226,3.727298748422206e-11,2.4462675655814314e-05,16.0
-1.289677191373721,0.7122555451171065,3.727298748422206e-11,2.4462675655814314e-05,16.0
-1.289679692954138,0.7122551669042577,1.7861470872178893e-10,5.439088965478582e-05,15.0
-1.2896821655620891,0.7122548469854058,1.7861470872178893e-10,5.439088965478582e-05,15.0
-1.2896844053431185,0.7122545560390195,1.7861470872178893e-10,5.439088965478582e-05,14.0
-1.2896865870046834,0.7122542650926331,1.7861470872178893e-10,5.439088965478582e-05,14.0
-1.2896884487473963,0.712254090559708,1.7861470872178893e-10,5.439088965478582e-05,14.0
-1.2896915611930515,0.7122535669609323,1.7861470872178893e-10,5.439088965478582e-05,13.0
-1.28969301575045,0.7122533924280072,1.7861470872178893e-10,5.439088965478582e-05,12.0
-1.2896945573997782,0.7122531889226164,1.5424303052824987e-12,5.5062545528097106e-06,12.0
-1.2896960117826441,0.7122530143896912,1.5424303052824987e-12,5.5062545528097106e-06,12.0
-1.289699444321684,0.7122525489103797,1.5424303052824987e-12,5.5062545528097106e-06,13.0
-1.2897031967795758,0.7122520544586025,1.5424303052824987e-12,5.5062545528097106e-06,11.0
-1.2897063964916933,0.7122516762457538,1.424086438000598e-12,4.886921906477326e-06,11.0
-1.2897082290874082,0.7122517343652178,1.424086438000598e-12,4.886921906477326e-06,9.0
-1.2897202718592469,0.7122990327879468,0.0,0.0,1.0
-1.2897186429434562,0.7123005454648096,0.0,0.0,1.0
-1.2897178575452926,0.7123012727435089,0.0,0.0,1.0
-1.2897169267612025,0.7123022326745974,0.0,0.0,1.0
-1.289715966830114,0.7123033671386112,0.0,0.0,1.0
-1.2897149777520267,0.7123046178415534,0.0,0.0,1.0
-1.289713901407477,0.7123058978660268,0.0,0.0,1.0
-1.2897127379709978,0.7123071485689686,0.0,0.0,1.0
-1.2897116324794495,0.7123083702994452,0.0,0.0,1.0
-1.2897106435758954,0.7123095630574559,0.0,0.0,1.0
-1.2897097126172723,0.712310610255007,0.0,0.0,1.0
-1.2897084327673318,0.7123119482244117,0.0,0.0,1.0
-1.2897081418209455,0.712312355584259,0.0,0.0,1.0
-1.2897080255820172,0.712312791916572,0.0,0.0,1.0
-1.2897082582344066,0.7123132863683491,0.0,0.0,1.0
-1.2897088690996448,0.7123137808201262,0.0,0.0,1.0
-1.2897099162971961,0.7123141881799736,0.0,0.0,1.0
-1.2897126507045351,0.7123152643499904,0.0,0.0,1.0
-1.2897141923538633,0.7123158752152287,0.0,0.0,1.0
-1.2897157340031915,0.7123165152274653,0.0,0.0,1.0
-1.2897171885605903,0.7123170679732395,0.0,0.0,1.0
-1.2897184975575293,0.712317591572015,0.0,0.0,1.0
-1.2897196028745446,0.7123181441432562,0.0,0.0,1.0
-1.289720650072096,0.7123186096225678,0.0,0.0,1.0
-1.2897228898531248,0.7123195695536563,0.0,0.0,1.0
-1.2897232972129722,0.7123197440865815,0.0,0.0,1.0
-1.2897253916080749,0.7123203258048212,0.0,0.0,1.0
-1.2897261478592394,0.7123199767389707,0.0,0.0,1.0
-1.2897270786433297,0.7123191623683419,0.0,0.0,1.0
-1.2897280968684153,0.7123179987573295,0.0,0.0,1.0
-1.2897291440659666,0.7123167478798547,0.0,0.0,1.0
-1.2897301329695205,0.7123155261493783,0.0,0.0,1.0
-1.2897310347811453,0.7123144499793614,7.1982619386088675e-12,1.1256255906406179e-05,1.0
-1.28973179103231,0.7123136354341995,7.1982619386088675e-12,1.1256255906406179e-05,1.0
-1.28973228565862,0.7123130826884254,7.1982619386088675e-12,1.1256255906406179e-05,1.0
-1.289732605577472,0.712312791916572,7.1982619386088675e-12,1.1256255906406179e-05,1.0
-1.289733652775023,0.7123116864250237,7.1982619386088675e-12,1.1256255906406179e-05,1.0
-1.289733536361562,0.7123107847879322,7.1982619386088675e-12,1.1256255906406179e-05,1.0
-1.2897328965238584,0.7123098248568436,7.1982619386088675e-12,1.1256255906406179e-05,1.0
-1.289730540329368,0.7123080795275917,7.1982619386088675e-12,1.1256255906406179e-05,1.0
-1.2897290276525053,0.7123071777159672,0.0,0.0,1.0
-1.2897273404427176,0.7123061886378801,0.0,0.0,1.0
-1.2897256823799281,0.7123052578537901,0.0,0.0,1.0
-1.289724315263525,0.7123043560421655,0.0,0.0,1.0
-1.2897234134519004,0.7123034833775393,0.0,0.0,1.0
-1.289722802586662,0.7123024361799882,0.0,0.0,1.0
-1.289722395401348,0.712300021866034,0.0,0.0,1.0
-1.2897222208684225,0.7122986837220965,0.0,0.0,1.0
-1.2897219009495706,0.7122972584862293,0.0,0.0,1.0
-1.2897214646172577,0.712295658542904,0.0,0.0,1.0
-1.2897209699909478,0.712293971333116,0.0,0.0,1.0
-1.2897199227933964,0.7122903934081495,0.0,0.0,1.0
-1.2897193991946208,0.712288560812435,0.0,0.0,2.0
-1.2897189628623078,0.7122867282167203,0.0,0.0,3.0
-1.2897185265299949,0.7122849247680043,0.0,0.0,3.0
-1.289718090197682,0.7122830921722896,0.0,0.0,4.0
-1.2897171594135917,0.7122792233009368,0.0,0.0,4.0
-1.2897166649618148,0.7122773034387595,0.0,0.0,4.0
-1.2897162576019674,0.7122753835765824,0.0,0.0,4.0
-1.2897158212696542,0.7122735220084021,0.0,0.0,4.0
-1.2897153849373413,0.7122716602656891,0.0,0.0,4.0
-1.289714890485564,0.7122698568169731,0.0,0.0,5.0
-1.2897144250062527,0.7122680531937239,0.0,0.0,5.0
-1.2897139886739397,0.7122663370114705,0.0,0.0,6.0
-1.2897136106356237,0.7122646498016827,0.0,0.0,6.0
-1.2897131451563124,0.7122629917388932,1.424086438000598e-12,4.886921906477326e-06,6.0
-1.2897127088239992,0.7122613628231024,1.424086438000598e-12,4.886921906477326e-06,6.0
-1.2897122433446877,0.7122597047603129,1.424086438000598e-12,4.886921906477326e-06,7.0
-1.2897118653063717,0.7122581339639861,1.424086438000598e-12,4.886921906477326e-06,8.0
-1.2897115452129868,0.7122566795811205,1.424086438000598e-12,4.886921906477326e-06,9.0
-1.2897112544411335,0.7122553705841814,1.424086438000598e-12,4.886921906477326e-06,10.0
-1.2897110507612097,0.7122542650926331,1.424086438000598e-12,4.886921906477326e-06,10.0
-1.2897107016953595,0.7122526070298439,1.424086438000598e-12,4.886921906477326e-06,10.0
-1.2897105271624343,0.7122521125780668,1.424086438000598e-12,4.886921906477326e-06,10.0
-1.2897118653063717,0.7122506290482025,1.424086438000598e-12,4.886921906477326e-06,10.0
-1.2897126507045351,0.7122505709287384,1.424086438000598e-12,4.886921906477326e-06,10.0
-1.2897136979020862,0.7122505126347414,1.424086438000598e-12,4.886921906477326e-06,10.0
-1.2897149777520267,0.7122504545152772,1.424086438000598e-12,4.886921906477326e-06,10.0
-1.2897164321348926,0.7122503963958133,1.424086438000598e-12,4.886921906477326e-06,9.0
-1.2897180029312194,0.7122503091293506,1.424086438000598e-12,4.886921906477326e-06,8.0
-1.2897197482604712,0.7122502508353535,1.424086438000598e-12,4.886921906477326e-06,8.0
-1.28972355901236,0.7122500181829644,1.424086438000598e-12,4.886921906477326e-06,8.0
-1.2897255369940015,0.7122498436500391,1.424086438000598e-12,4.886921906477326e-06,8.0
-1.2897296385177435,0.7122493781707278,0.0,0.0,8.0
-1.289731674793382,0.7122491455183384,0.0,0.0,8.0
-1.2897335946555588,0.7122488837189506,0.0,0.0,8.0
-1.289735456223739,0.7122486219195626,1.1048930741192948e-11,1.3370427722868573e-05,8.0
-1.2897369397536034,0.7122483892671735,1.1048930741192948e-11,1.3370427722868573e-05,7.0
-1.2897383651640035,0.7122480110543246,1.1048930741192948e-11,1.3370427722868573e-05,7.0
-1.2897397322804065,0.7122474293360848,1.1048930741192948e-11,1.3370427722868573e-05,7.0
-1.2897406049450326,0.7122465856439244,1.1048930741192948e-11,1.3370427722868573e-05,7.0
-1.2897413030767335,0.712245800245761,1.1048930741192948e-11,1.3370427722868573e-05,7.0
-1.2897415359036555,0.7122448694616709,1.1048930741192948e-11,1.3370427722868573e-05,7.0
-1.2897413030767335,0.7122426296806418,1.1048930741192948e-11,1.3370427722868573e-05,7.0
-1.2897404887061044,0.7122398080068402,1.1048930741192948e-11,1.3370427722868573e-05,8.0
-1.2897400523737914,0.712238324476976,1.1048930741192948e-11,1.3370427722868573e-05,8.0
-1.2897396741609426,0.7122369573605728,1.1048930741192948e-11,1.3370427722868573e-05,8.0
-1.2897393542420907,0.7122358228965591,1.1048930741192948e-11,1.3370427722868573e-05,8.0
-1.2897391505621667,0.7122349792043986,1.1048930741192948e-11,1.3370427722868573e-05,8.0
-1.2897399940797942,0.7122337285014566,1.1048930741192948e-11,1.3370427722868573e-05,8.0
-1.289740895891419,0.7122336120879956,1.1048930741192948e-11,1.3370427722868573e-05,8.0
-1.2897421176218953,0.7122335539685316,1.1048930741192948e-11,1.3370427722868573e-05,7.0
-1.289745259214549,0.7122331176362185,1.1048930741192948e-11,1.3370427722868573e-05,6.0
-1.2897469172773381,0.7122329139562948,2.6393576338456752e-12,6.593953767333765e-06,6.0
-1.2897485753401277,0.7122327102763711,2.6393576338456752e-12,6.593953767333765e-06,5.0
-1.2897501752834528,0.7122325067709803,2.6393576338456752e-12,6.593953767333765e-06,5.0
-1.2897515715468546,0.7122323030910566,2.6393576338456752e-12,6.593953767333765e-06,5.0
-1.2897534331150347,0.7122321285581313,3.712372494466151e-12,8.062300178205641e-06,5.0
-1.2897539858608087,0.7122320704386673,3.712372494466151e-12,8.062300178205641e-06,5.0
-1.2897545675790485,0.712232099411133,3.712372494466151e-12,8.062300178205641e-06,5.0
-1.2897551203248228,0.7122322739440582,3.712372494466151e-12,8.062300178205641e-06,5.0
-1.2897556147765996,0.7122325648904444,3.712372494466151e-12,8.062300178205641e-06,5.0
-1.2897559348699847,0.7122330303697558,3.712372494466151e-12,8.062300178205641e-06,5.0
-1.2897561383753753,0.7122337574739223,3.712372494466151e-12,8.062300178205641e-06,5.0
-1.2897563712022975,0.7122347174050109,3.712372494466151e-12,8.062300178205641e-06,5.0
-1.2897568365070762,0.7122360846959468,3.712372494466151e-12,8.062300178205641e-06,5.0
-1.289757534638777,0.7122386154233624,1.1048930741192948e-11,1.3370427722868573e-05,5.0
-1.2897580001180884,0.712240622552002,1.1048930741192948e-11,1.3370427722868573e-05,5.0
-1.2897581165315495,0.7122414660696297,1.1048930741192948e-11,1.3370427722868573e-05,5.0
-1.2897582327704777,0.7122421642013302,1.1048930741192948e-11,1.3370427722868573e-05,5.0
-1.289758291064475,0.7122423968537196,1.1048930741192948e-11,1.3370427722868573e-05,5.0
-1.289758960049177,0.7122435313177334,1.1048930741192948e-11,1.3370427722868573e-05,5.0
-1.2897591345821022,0.7122442294494342,0.0,0.0,5.0
-1.28975939638149,0.7122453057939839,0.0,0.0,5.0
-1.2897599780997298,0.7122479819073261,0.0,0.0,5.0
-1.2897604144320427,0.7122495527036528,0.0,0.0,5.0
-1.2897608507643559,0.7122512690604392,0.0,0.0,5.0
-1.2897612581242033,0.7122530143896912,0.0,0.0,4.0
-1.289761694456516,0.7122548469854058,0.0,0.0,4.0
-1.2897621889082933,0.7122566795811205,0.0,0.0,3.0
-1.2897625960936077,0.7122585121768351,0.0,0.0,3.0
-1.2897630907199176,0.7122604320390122,0.0,0.0,3.0
-1.2897634979052321,0.7122622354877284,0.0,0.0,3.0
-1.2897639633845435,0.7122640680834429,0.0,0.0,3.0
-1.2897643414228597,0.7122659006791575,0.0,0.0,1.0
-1.2897648069021712,0.712267675155408,0.0,0.0,1.0
-1.2897652432344842,0.7122693040711989,0.0,0.0,1.0
-1.2897660286326476,0.7122721547174662,0.0,0.0,0.0
-1.289766494111959,0.7122732602090144,0.0,0.0,0.0
-1.289767075830199,0.7122740456071777,0.0,0.0,0.0
-1.2897687047459898,0.7122753254571182,0.0,0.0,0.0
-1.2897695192911516,0.7122759944418207,0.0,0.0,0.0
-1.289770304689315,0.7122766925735214,0.0,0.0,0.0
-1.2897713227398677,0.7122773617327566,0.0,0.0,0.0
-1.289772544470344,0.7122777980650694,0.0,0.0,0.0
-1.2897737080813565,0.7122780888369229,0.0,0.0,0.0
-1.2897750751977595,0.7122779725979949,0.0,0.0,0.0
-1.2897788859496482,0.712277390705222,0.0,0.0,0.0
-1.2897796130538148,0.712277216172297,0.0,0.0,0.0
-1.2897804275989764,0.7122768671064467,0.0,0.0,0.0
-1.2897812421441384,0.7122762853882069,0.0,0.0,0.0
-1.289781969248305,0.7122754418705792,0.0,0.0,0.0
-1.2897827546464682,0.712274336379031,0.0,0.0,0.0
-1.289783452778169,0.7122731146485547,0.0,0.0,0.0
-1.2897841800568686,0.7122717183851531,0.0,0.0,0.0
-1.28978499460203,0.7122702348552891,0.0,0.0,0.0
-1.2897857800001935,0.7122686640589622,0.0,0.0,0.0
-1.2897864781318946,0.7122669478767087,0.0,0.0,0.0
-1.2897869144642073,0.7122652025474566,0.0,0.0,0.0
-1.2897870598501342,0.7122633408047436,0.0,0.0,0.0
-1.2897869144642073,0.7122614500895649,0.0,0.0,0.0
-1.2897866526648196,0.7122595302273877,0.0,0.0,0.0
-1.2897862453049722,0.712257581218212,0.0,0.0,0.0
-1.2897857508531951,0.7122555451171065,0.0,0.0,0.0
-1.289785256401418,0.7122534796944697,0.0,0.0,0.0
-1.2897847036556438,0.7122513563269017,0.0,0.0,0.0
-1.2897841800568686,0.7122492036378023,0.0,0.0,1.0
-1.2897831909787811,0.7122449567281336,0.0,0.0,4.0
-1.2897826965270043,0.7122428914800297,0.0,0.0,5.0
-1.289782202075227,0.7122408552043914,0.0,0.0,5.0
-1.2897817365959157,0.71223887722275,0.0,0.0,5.0
-1.2897812421441384,0.7122369282135744,0.0,0.0,5.0
-1.2897807475178285,0.7122350374983957,0.0,0.0,5.0
-1.289780340332514,0.712233146608684,0.0,0.0,5.0
-1.289779642200813,0.7122293068843296,0.0,0.0,5.0
-1.2897792931349628,0.7122274161691511,0.0,0.0,5.0
-1.2897788859496482,0.7122255254539723,0.0,0.0,5.0
-1.2897784496173352,0.7122237218307234,0.0,0.0,5.0
-1.289777984138024,0.7122219765014713,0.0,0.0,5.0
-1.289777286006323,0.7122186022564283,0.0,0.0,5.0
-1.2897769950599367,0.7122167696607139,0.0,0.0,5.0
-1.2897766459940863,0.7122148497985366,0.0,0.0,5.0
-1.2897762679557705,0.712212900789361,0.0,0.0,4.0
-1.2897754534106085,0.7122091483314692,0.0,0.0,4.0
-1.289775046225294,0.7122073157357546,0.0,0.0,4.0
-1.2897746388654465,0.7122055414340369,0.0,0.0,4.0
-1.2897743189465944,0.7122039706377101,0.0,0.0,4.0
-1.2897741735606678,0.7122026906132367,0.0,0.0,4.0
-1.289774231680132,0.7122017017096827,0.0,0.0,4.0
-1.2897745515989838,0.7122009744309832,0.0,0.0,3.0
-1.2897751334917564,0.7122004216852093,0.0,0.0,3.0
-1.2897761515423092,0.7122001017663574,0.0,0.0,3.0
-1.2897775478057107,0.712199869113968,0.0,0.0,3.0
-1.2897792350154986,0.7121996654340443,0.0,0.0,3.0
-1.289782260194691,0.7121991709822673,0.0,0.0,3.0
-1.2897833365392408,0.7121988508888824,0.0,0.0,3.0
-1.2897840055239433,0.712198560117029,0.0,0.0,3.0
-1.289784383736792,0.7121983272901068,0.0,0.0,3.0
-1.2897860417995815,0.7121971928260931,0.0,0.0,3.0
-1.2897864781318946,0.7121964946943922,0.0,0.0,3.0
-1.2897866816372852,0.7121955639103021,0.0,0.0,3.0
-1.2897866816372852,0.7121944875657523,0.0,0.0,3.0
-1.2897865362513588,0.7121932949822745,0.0,0.0,3.0
-1.2897864781318946,0.7121921023987966,0.0,0.0,3.0
-1.2897866235178213,0.712191026054247,0.0,0.0,2.0
-1.2897869725836715,0.7121901825366195,0.0,0.0,2.0
-1.2897878452482976,0.7121894844049186,0.0,0.0,2.0
-1.289790666922099,0.7121885244738301,0.0,0.0,2.0
-1.2897920631855007,0.7121881754079796,0.0,0.0,2.0
-1.2897932266219803,0.712187913608592,0.0,0.0,2.0
-1.2897940703141406,0.7121877099286681,0.0,0.0,2.0
-1.2897965718945577,0.712187215476891,0.0,0.0,2.0
-1.2897975609726446,0.7121870117969673,0.0,0.0,2.0
-1.2898002662329853,0.7121863717847307,0.0,0.0,2.0
-1.289801837029312,0.7121859645994162,0.0,0.0,2.0
-1.289803756891489,0.712185411853642,0.0,0.0,2.0
-1.2898058221395932,0.712184917401865,0.0,0.0,3.0
-1.2898080910676206,0.7121844229500879,5.852358607726778e-10,0.00010163003916954817,3.0
-1.289810505381575,0.7121840155902405,5.852358607726778e-10,0.00010163003916954817,3.0
-1.2898129488425276,0.71218366652439,5.852358607726778e-10,0.00010163003916954817,3.0
-1.289818039444357,0.7121830556591519,5.852358607726778e-10,0.00010163003916954817,4.0
-1.2898205410247738,0.7121827648872985,5.852358607726778e-10,0.00010163003916954817,5.0
-1.2898230717521892,0.7121824447939136,5.852358607726778e-10,0.00010163003916954817,5.0
-1.289825457093678,0.7121821829945258,5.852358607726778e-10,0.00010163003916954817,5.0
-1.289827638755243,0.7121819503421365,5.852358607726778e-10,0.00010163003916954817,4.0
-1.2898295294704216,0.7121817758092115,5.852358607726778e-10,0.00010163003916954817,4.0
-1.2898311875332111,0.7121816885427488,1.3087582823594082e-11,1.5699547715978834e-05,4.0
-1.2898326420906097,0.7121817758092115,1.3087582823594082e-11,1.5699547715978834e-05,5.0
-1.2898339219405501,0.7121820667555977,1.3087582823594082e-11,1.5699547715978834e-05,5.0
-1.2898349691381015,0.7121823285549854,1.3087582823594082e-11,1.5699547715978834e-05,5.0
-1.2898358418027274,0.7121825030879106,1.3087582823594082e-11,1.5699547715978834e-05,5.0
-1.2898370054137398,0.7121837829378511,1.3087582823594082e-11,1.5699547715978834e-05,5.0
-1.2898372380661292,0.7121856736530299,1.3087582823594082e-11,1.5699547715978834e-05,5.0
-1.2898374417460525,0.7121868953835062,1.3087582823594082e-11,1.5699547715978834e-05,5.0
-1.2898376743984419,0.7121883207939064,1.3087582823594082e-11,1.5699547715978834e-05,5.0
-1.2898380815837565,0.7121916660664838,1.3087582823594082e-11,1.5699547715978834e-05,4.0
-1.2898383725301428,0.7121934695151997,1.3087582823594082e-11,1.5699547715978834e-05,4.0
-1.289838663476529,0.7121956220297662,1.3087582823594082e-11,1.5699547715978834e-05,4.0
-1.2898389542483826,0.7121976583054045,1.3087582823594082e-11,1.5699547715978834e-05,4.0
-1.2898392743417673,0.7121995490205831,1.3087582823594082e-11,1.5699547715978834e-05,4.0
-1.2898399433264696,0.7122031852395467,1.3087582823594082e-11,1.5699547715978834e-05,5.0
-1.2898402632453214,0.7122049305687989,0.0,0.0,5.0
-1.2898405250447094,0.7122063558046658,0.0,0.0,5.0
-1.2898406414581702,0.7122076939486034,0.0,0.0,5.0
-1.2898406414581702,0.7122087992656188,0.0,0.0,4.0
-1.2898406706051688,0.712209788343706,0.0,0.0,4.0
-1.289840845138094,0.712210661008332,0.0,0.0,4.0
-1.2898410486434848,0.712211388287031,0.0,0.0,4.0
-1.28984122317641,0.7122118535918097,0.0,0.0,4.0
-1.2898413687368695,0.7122121153911974,0.0,0.0,4.0
-1.2898423286679583,0.7122149662119978,0.0,0.0,4.0
-1.2898426194398116,0.7122160423820145,0.0,0.0,5.0
-1.2898428812391995,0.7122174677924147,0.0,0.0,5.0
-1.2898432594520484,0.7122190385887414,0.0,0.0,5.0
-1.2898436085178988,0.712220754770995,0.0,0.0,4.0
-1.2898445975959858,0.7122257872533602,0.0,0.0,3.0
-1.2898449466618365,0.712227358049687,7.782365841210322e-12,1.1793152485932144e-05,3.0
-1.289845208461224,0.7122289869654779,7.782365841210322e-12,1.1793152485932144e-05,2.0
-1.289845470260612,0.712230586908803,7.782365841210322e-12,1.1793152485932144e-05,2.0
-1.2898456737660027,0.7122322449715925,7.782365841210322e-12,1.1793152485932144e-05,2.0
-1.289845964712389,0.7122338738873832,7.782365841210322e-12,1.1793152485932144e-05,2.0
-1.289846459164166,0.7122370735995011,7.782365841210322e-12,1.1793152485932144e-05,3.0
-1.2898466336970913,0.7122384990099011,7.782365841210322e-12,1.1793152485932144e-05,3.0
-1.2898468954964792,0.7122399244203013,7.782365841210322e-12,1.1793152485932144e-05,3.0
-1.2898470991764026,0.712241262389706,7.782365841210322e-12,1.1793152485932144e-05,4.0
-1.2898477100416408,0.7122453930604467,7.782365841210322e-12,1.1793152485932144e-05,4.0
-1.2898480591074912,0.7122467601768496,7.782365841210322e-12,1.1793152485932144e-05,5.0
-1.2898483790263433,0.7122481274677855,7.782365841210322e-12,1.1793152485932144e-05,5.0
-1.2898486699727296,0.7122494654371903,7.782365841210322e-12,1.1793152485932144e-05,7.0
-1.2898489898915815,0.7122508908475903,7.782365841210322e-12,1.1793152485932144e-05,7.0
-1.2898492227185037,0.7122520253116041,7.782365841210322e-12,1.1793152485932144e-05,8.0
-1.2898494553708928,0.7122529271232286,7.782365841210322e-12,1.1793152485932144e-05,8.0
-1.2898496007568196,0.7122535961079309,7.782365841210322e-12,1.1793152485932144e-05,9.0
-1.2898497171702807,0.7122545560390195,0.0,0.0,8.0
-1.2898498335837416,0.71225726129936,0.0,0.0,8.0
-1.289850124355595,0.7122578430175998,0.0,0.0,8.0
-1.2898506771013694,0.7122586284157632,0.0,0.0,9.0
-1.2898518407123816,0.7122598501462396,0.0,0.0,10.0
-1.2898537022805618,0.7122616537694886,0.0,0.0,10.0
-1.2898547205056474,0.7122617118889527,0.0,0.0,10.0
-1.2898558549696613,0.7122613919701006,0.0,0.0,10.0
-1.2898570184061406,0.7122607228108657,0.0,0.0,11.0
-1.289858356550078,0.7122599084402366,0.0,0.0,13.0
-1.2898614689957333,0.7122579302840624,0.0,0.0,13.0
-1.2898649306817715,0.7122554287036456,3.4756695289556505e-10,0.00016785965162500902,12.0
-1.2898669378104115,0.7122540032932453,3.4756695289556505e-10,0.00016785965162500902,12.0
-1.2898689157920527,0.7122525489103797,3.4756695289556505e-10,0.00016785965162500902,12.0
-1.289870952067691,0.7122511234999797,3.4756695289556505e-10,0.00016785965162500902,10.0
-1.2898753153908211,0.7122482147342483,3.4756695289556505e-10,0.00016785965162500902,11.0
-1.2898775843188486,0.7122466439379215,3.4756695289556505e-10,0.00016785965162500902,9.0
-1.2898798822193416,0.7122451312610587,3.4756695289556505e-10,0.00016785965162500902,10.0
-1.2898821221749037,0.7122435896117305,1.980927080821428e-12,5.8086795482253174e-06,11.0
-1.2898843911029312,0.712241989668405,1.980927080821428e-12,5.8086795482253174e-06,12.0
-1.2898890451979148,0.7122385281568997,1.980927080821428e-12,5.8086795482253174e-06,11.0
-1.2898984118564116,0.7122316922258184,0.0,0.0,7.0
-1.2899005643709778,0.7122300922824931,2.463409088952328e-10,9.26551717701507e-05,8.0
-1.2899027170600772,0.7122285506331648,2.463409088952328e-10,9.26551717701507e-05,7.0
-1.2899048404276452,0.7122270379563022,2.463409088952328e-10,9.26551717701507e-05,7.0
-1.2899069348227477,0.7122255835734362,2.463409088952328e-10,9.26551717701507e-05,9.0
-1.2899090583648485,0.7122241581630362,2.463409088952328e-10,9.26551717701507e-05,9.0
-1.2899110363464898,0.7122228491660973,2.463409088952328e-10,9.26551717701507e-05,10.0
-1.2899129272362015,0.7122216857296179,2.463409088952328e-10,9.26551717701507e-05,10.0
-1.2899167086665586,0.7122197948399064,1.1539821713389246e-11,1.9102058190392603e-05,11.0
-1.2899186576757347,0.7122189513222789,1.1539821713389246e-11,1.9102058190392603e-05,10.0
-1.2899206356573756,0.712218078657653,1.1539821713389246e-11,1.9102058190392603e-05,9.0
-1.2899228173189408,0.7122171187265642,1.1539821713389246e-11,1.9102058190392603e-05,9.0
-1.2899250572745027,0.7122161879424741,7.741242489816538e-12,1.2658826830416745e-05,10.0
-1.289927471588457,0.7122152569838511,7.741242489816538e-12,1.2658826830416745e-05,10.0
-1.2899298569299458,0.7122142970527625,7.741242489816538e-12,1.2658826830416745e-05,10.0
-1.2899323003908987,0.7122133662686725,7.741242489816538e-12,1.2658826830416745e-05,10.0
-1.2899348019713155,0.7122123771905854,7.741242489816538e-12,1.2658826830416745e-05,11.0
-1.289937390818195,0.7122114172594967,7.741242489816538e-12,1.2658826830416745e-05,12.0
-1.2899769808197497,0.712194516712751,3.2841062951753457e-10,0.00012148939246479366,11.0
-1.2899782315226918,0.7121939639669768,3.2841062951753457e-10,0.00012148939246479366,11.0
-1.2899791041873174,0.7121935276346638,3.2841062951753457e-10,0.00012148939246479366,11.0
-1.2899795405196306,0.712193324129273,3.2841062951753457e-10,0.00012148939246479366,11.0
-1.2899797441995542,0.7121931785688135,3.2841062951753457e-10,0.00012148939246479366,11.0
-1.2899809078105666,0.7121928586499615,3.2841062951753457e-10,0.00012148939246479366,11.0
-1.289982129541043,0.712192451464647,1.080752143702788e-11,1.974313612636124e-05,12.0
-1.289983642043373,0.7121918114524104,1.080752143702788e-11,1.974313612636124e-05,12.0
-1.2899854165196234,0.712191026054247,1.080752143702788e-11,1.974313612636124e-05,13.0
-1.2899873655287988,0.7121902115090849,1.080752143702788e-11,1.974313612636124e-05,14.0
-1.2899894016299043,0.7121893098719934,1.080752143702788e-11,1.974313612636124e-05,15.0
-1.2899932123817932,0.7121875353957429,1.080752143702788e-11,1.974313612636124e-05,15.0
-1.2899964412409093,0.7121859645994162,1.080752143702788e-11,1.974313612636124e-05,17.0
-1.2899978664767764,0.7121853245871795,1.080752143702788e-11,1.974313612636124e-05,16.0
-1.2899992918871765,0.7121847137219413,1.080752143702788e-11,1.974313612636124e-05,19.0
-1.2900008045640392,0.7121841320037016,1.080752143702788e-11,1.974313612636124e-05,19.0
-1.2900023170663693,0.7121835792579274,5.974461454053391e-11,4.207577426217772e-05,18.0
-1.2900037133297708,0.7121830848061503,5.974461454053391e-11,4.207577426217772e-05,18.0
-1.2900047896743203,0.7121825030879106,5.974461454053391e-11,4.207577426217772e-05,17.0
-1.2900058949913356,0.7121819794891351,5.974461454053391e-11,4.207577426217772e-05,18.0
-1.2900071167218121,0.7121815140098235,5.974461454053391e-11,4.207577426217772e-05,19.0
-1.2900083967462856,0.7121810195580464,5.974461454053391e-11,4.207577426217772e-05,19.0
-1.2904936272508056,0.7119149149665814,1.698561963600584e-11,1.88617329242995e-05,27.0
-1.290494412648969,0.711915322151896,1.698561963600584e-11,1.88617329242995e-05,30.0
-1.290495023514207,0.7119156712177463,1.698561963600584e-11,1.88617329242995e-05,31.0
-1.2904954889935185,0.7119159330171341,1.698561963600584e-11,1.88617329242995e-05,31.0
-1.2904960417392926,0.7119161658440564,1.698561963600584e-11,1.88617329242995e-05,31.0
-1.2904974669751599,0.7119166021763692,1.698561963600584e-11,1.88617329242995e-05,29.0
-1.2904981651068608,0.711916863975757,1.698561963600584e-11,1.88617329242995e-05,28.0
-1.2904988051190973,0.7119172130416075,1.698561963600584e-11,1.88617329242995e-05,28.0
-1.2904997359031876,0.7119175910799235,1.698561963600584e-11,1.88617329242995e-05,28.0
-1.2905003177959602,0.7119178239068458,1.698561963600584e-11,1.88617329242995e-05,29.0
-1.2905010449001264,0.7119179984397709,1.698561963600584e-11,1.88617329242995e-05,29.0
-1.2905019175647525,0.7119179401457739,2.594883490611063e-12,6.795004474936774e-06,29.0
-1.2905029066428395,0.7119181438256976,2.594883490611063e-12,6.795004474936774e-06,28.0
-1.2905039246933925,0.7119184056250855,2.594883490611063e-12,6.795004474936774e-06,28.0
-1.2905049718909434,0.711918609305009,2.594883490611063e-12,6.795004474936774e-06,28.0
-1.290507299112968,0.7119192782897112,2.594883490611063e-12,6.795004474936774e-06,29.0
-1.2905086081099069,0.7119197146220243,1.7083858754275422e-11,1.8945365933422723e-05,29.0
-1.2905100333457744,0.7119202963402641,1.7083858754275422e-11,1.8945365933422723e-05,30.0
-1.2905114296091758,0.711920790966574,1.7083858754275422e-11,1.8945365933422723e-05,31.0
-1.2905128258725773,0.7119213145653498,1.7083858754275422e-11,1.8945365933422723e-05,29.0
-1.290514164016515,0.7119218381641252,1.7083858754275422e-11,1.8945365933422723e-05,28.0
-1.2905165783304695,0.7119228853616766,1.7083858754275422e-11,1.8945365933422723e-05,27.0
-1.2905177127944831,0.7119232633999926,1.7083858754275422e-11,1.8945365933422723e-05,27.0
-1.2905191673518817,0.7119236997323055,1.7083858754275422e-11,1.8945365933422723e-05,27.0
-1.2905206798542113,0.7119240487981559,1.3881019817045084e-10,8.68427722108556e-05,28.0
-1.2905221052646114,0.7119243688915406,1.3881019817045084e-10,8.68427722108556e-05,27.0
-1.2905235887944757,0.7119248052238537,1.3881019817045084e-10,8.68427722108556e-05,27.0
-1.2905249850578775,0.7119253577950949,1.72768338886437e-11,1.9069444453840315e-05,24.0
-1.2905273703993658,0.7119266378195683,1.72768338886437e-11,1.9069444453840315e-05,25.0
-1.290529115728618,0.7119278304030462,1.72768338886437e-11,1.9069444453840315e-05,24.0
-1.2905297265938562,0.7119282958823577,1.72768338886437e-11,1.9069444453840315e-05,24.0
-1.2905336535846732,0.7119291975194492,1.7451531979077327e-11,1.9155294391375185e-05,24.0
-1.2905349625816123,0.7119296338517622,1.7451531979077327e-11,1.9155294391375185e-05,22.0
-1.2905362424315527,0.7119301574505379,1.7451531979077327e-11,1.9155294391375185e-05,22.0
-1.2905374641620293,0.7119306520768478,1.7451531979077327e-11,1.9155294391375185e-05,21.0
-1.2905386277730415,0.711931146528625,5.4880940510255656e-11,3.7965532808976226e-05,20.0
-1.2905398495035176,0.7119317865408616,5.4880940510255656e-11,3.7965532808976226e-05,20.0
-1.2905411002064597,0.7119323682591013,5.4880940510255656e-11,3.7965532808976226e-05,20.0
-1.2905439218802615,0.7119335899895778,5.4880940510255656e-11,3.7965532808976226e-05,19.0
-1.2905455218235866,0.71193425897428,5.4880940510255656e-11,3.7965532808976226e-05,20.0
-1.290548750682703,0.7119355971182176,5.4880940510255656e-11,3.7965532808976226e-05,21.0
-1.2905533466582222,0.7119376042468574,2.0640343284399215e-10,0.00011207493474762979,21.0
-1.2905563137179508,0.7119389713632603,2.0640343284399215e-10,0.00011207493474762979,21.0
-1.2905576518618882,0.7119397859084222,2.0640343284399215e-10,0.00011207493474762979,23.0
-1.2905593099246777,0.7119405131871217,2.0640343284399215e-10,0.00011207493474762979,22.0
-1.29056090969347,0.7119412113188225,2.0640343284399215e-10,0.00011207493474762979,23.0
-1.2905624223703327,0.7119418803035248,2.0640343284399215e-10,0.00011207493474762979,22.0
-1.2905638186337343,0.7119425203157616,2.496029045357582e-10,0.0001250741177189322,22.0
-1.2905650984836745,0.7119431311809996,2.496029045357582e-10,0.0001250741177189322,21.0
-1.2905663493611497,0.7119437420462377,2.496029045357582e-10,0.0001250741177189322,23.0
-1.2905673674117024,0.711944352911476,2.496029045357582e-10,0.0001250741177189322,24.0
-1.2905681819568642,0.7119448765102517,2.496029045357582e-10,0.0001250741177189322,25.0
-1.290568821969101,0.7119453709620288,2.496029045357582e-10,0.0001250741177189322,27.0
-1.2905694328343391,0.7119456327614165,2.496029045357582e-10,0.0001250741177189322,27.0
-1.2905697819001896,0.7119457491748775,2.496029045357582e-10,0.0001250741177189322,27.0
-1.2905707126842796,0.7119465054260427,4.4392962747051205e-11,2.9656727358717556e-05,26.0
-1.2905717890288295,0.7119467672254304,4.4392962747051205e-11,2.9656727358717556e-05,26.0
-1.2905730107593056,0.7119471162912807,4.4392962747051205e-11,2.9656727358717556e-05,26.0
-1.2905743487287102,0.7119475526235937,4.4392962747051205e-11,2.9656727358717556e-05,27.0
-1.2905757160196465,0.7119479598089081,4.4392962747051205e-11,2.9656727358717556e-05,26.0
-1.2905769958695867,0.7119484544352181,4.4392962747051205e-11,2.9656727358717556e-05,27.0
-1.2905783048665256,0.7119490070064594,4.4392962747051205e-11,2.9656727358717556e-05,28.0
-1.290579671982929,0.7119496178716976,4.4392962747051205e-11,2.9656727358717556e-05,28.0
-1.2905811265403275,0.7119502287369359,4.4392962747051205e-11,2.9656727358717556e-05,26.0
-1.290582522803729,0.71195078148271,4.4392962747051205e-11,2.9656727358717556e-05,27.0
-1.2905839480395962,0.7119513632009495,4.4392962747051205e-11,2.9656727358717556e-05,28.0
-1.290585344302998,0.7119519159467237,4.4392962747051205e-11,2.9656727358717556e-05,30.0
-1.2905893585602775,0.7119535740095131,1.0589049822718102e-10,6.221347143241257e-05,31.0
-1.2905919184346915,0.711954766592991,1.0589049822718102e-10,6.221347143241257e-05,30.0
-1.2905931110181692,0.7119553484857636,1.0589049822718102e-10,6.221347143241257e-05,30.0
-1.2905943327486455,0.7119558429375407,1.0589049822718102e-10,6.221347143241257e-05,30.0
-1.290595496359658,0.7119562792698537,1.0589049822718102e-10,6.221347143241257e-05,30.0
-1.2905966599706704,0.7119567156021668,1.0589049822718102e-10,6.221347143241257e-05,30.0
-1.2905977652876854,0.7119571227874811,1.0589049822718102e-10,6.221347143241257e-05,28.0
-1.2905988706047007,0.7119575301473285,1.0589049822718102e-10,6.221347143241257e-05,28.0
-1.2906000050687148,0.7119579664796416,5.2435319555527385e-12,1.0155763250357749e-05,28.0
-1.290601285093188,0.7119584609314187,5.2435319555527385e-12,1.0155763250357749e-05,28.0
-1.290602652209591,0.7119590136771927,5.2435319555527385e-12,1.0155763250357749e-05,28.0
-1.290604106592457,0.711959682661895,5.2435319555527385e-12,1.0155763250357749e-05,29.0
-1.2906056773887837,0.7119602935271333,5.2435319555527385e-12,1.0155763250357749e-05,30.0
-1.2906072192126448,0.7119609043923715,5.2435319555527385e-12,1.0155763250357749e-05,30.0
-1.2906087900089716,0.7119615444046082,3.603136688177657e-11,2.7229147270545307e-05,30.0
-1.2906102735388356,0.7119620969758492,3.603136688177657e-11,2.7229147270545307e-05,31.0
-1.2906117279217015,0.711962620574625,3.603136688177657e-11,2.7229147270545307e-05,30.0
-1.2906131533321017,0.7119631441734007,2.0193362913229727e-10,0.00011444683192445576,30.0
-1.290614433182042,0.7119636677721761,2.0193362913229727e-10,0.00011444683192445576,30.0
-1.2906168185235307,0.7119646568502632,2.0193362913229727e-10,0.00011444683192445576,29.0
-1.290618040254007,0.7119651804490388,2.0193362913229727e-10,0.00011444683192445576,29.0
-1.2906192909569492,0.711965733194813,2.0193362913229727e-10,0.00011444683192445576,29.0
-1.2906205126874257,0.7119662567935886,2.0193362913229727e-10,0.00011444683192445576,29.0
-1.2906217635649004,0.7119668385118284,2.0193362913229727e-10,0.00011444683192445576,31.0
-1.2906231306813034,0.7119673621106037,8.648179932835564e-11,6.220929983886114e-05,28.0
-1.2906245560917036,0.7119679438288435,8.648179932835564e-11,6.220929983886114e-05,28.0
-1.2906261268880304,0.7119684965746176,8.648179932835564e-11,6.220929983886114e-05,26.0
-1.2906276685373586,0.7119690201733933,8.648179932835564e-11,6.220929983886114e-05,24.0
-1.2906290648007603,0.7119698055715566,1.7274549259060413e-11,1.997744334538537e-05,24.0
-1.290630461064162,0.7119704455837933,1.7274549259060413e-11,1.997744334538537e-05,24.0
-1.2906324973398002,0.7119713182484193,1.7274549259060413e-11,1.997744334538537e-05,25.0
-1.2906332827379634,0.7119716381672713,1.7274549259060413e-11,1.997744334538537e-05,24.0
-1.2906339808696643,0.7119719291136575,2.1322914767860802e-11,2.6043662633098268e-05,24.0
-1.2906346790013652,0.7119722490325094,2.1322914767860802e-11,2.6043662633098268e-05,24.0
-1.2906347954148263,0.7119723071519736,2.1322914767860802e-11,2.6043662633098268e-05,24.0
-1.290636249797692,0.7119731798165996,2.1322914767860802e-11,2.6043662633098268e-05,23.0
-1.2906365988635424,0.7119735580294485,2.1322914767860802e-11,2.6043662633098268e-05,23.0
-1.2906380823934065,0.7119744888135386,2.1322914767860802e-11,2.6043662633098268e-05,21.0
-1.2906386932586449,0.7119747216404608,2.1322914767860802e-11,2.6043662633098268e-05,23.0
-1.2906390714714935,0.711974837879389,2.1322914767860802e-11,2.6043662633098268e-05,23.0
-1.290639624042735,0.7119750996787767,2.1322914767860802e-11,2.6043662633098268e-05,23.0
-1.290640496707361,0.711975390625163,2.1322914767860802e-11,2.6043662633098268e-05,23.0
-1.290641660318373,0.7119757978104775,2.1322914767860802e-11,2.6043662633098268e-05,23.0
-1.290643114701239,0.7119762924367875,2.1322914767860802e-11,2.6043662633098268e-05,24.0
-1.2906446273781016,0.7119769033020257,2.1322914767860802e-11,2.6043662633098268e-05,24.0
-1.290646401854352,0.7119775722867281,2.1322914767860802e-11,2.6043662633098268e-05,24.0
-1.2906482634225322,0.7119782412714304,1.3741855348679213e-10,6.79713696240988e-05,22.0
-1.2906501832847095,0.7119789104306654,1.3741855348679213e-10,6.79713696240988e-05,22.0
-1.2906521031468865,0.7119796375348318,1.3741855348679213e-10,6.79713696240988e-05,23.0
-1.290653877623137,0.7119804520799937,1.3741855348679213e-10,6.79713696240988e-05,23.0
-1.2906567865634015,0.7119818483433954,3.4950279659024176e-11,2.9976583910757144e-05,21.0
-1.2906577173474916,0.7119822846757083,3.4950279659024176e-11,2.9976583910757144e-05,21.0
-1.290658240946267,0.7119825464750963,3.4950279659024176e-11,2.9976583910757144e-05,21.0
-1.2906585318926536,0.7119826045945604,3.4950279659024176e-11,2.9976583910757144e-05,21.0
-1.2906591427578917,0.711983739058574,3.4950279659024176e-11,2.9976583910757144e-05,21.0
-1.2906592008773559,0.7119847862561254,3.4950279659024176e-11,2.9976583910757144e-05,20.0
-1.2906589682249665,0.7119857753342124,3.4950279659024176e-11,2.9976583910757144e-05,20.0
-1.290658560865119,0.7119868516787621,1.3741855348679213e-10,6.79713696240988e-05,19.0
-1.2906579210274152,0.7119879861427759,1.3741855348679213e-10,6.79713696240988e-05,17.0
-1.2906571064822534,0.7119891206067896,1.3741855348679213e-10,6.79713696240988e-05,17.0
-1.2906563792035541,0.711990284043269,1.3741855348679213e-10,6.79713696240988e-05,18.0
-1.2906555356859266,0.7119913312408203,1.3741855348679213e-10,6.79713696240988e-05,18.0
-1.2906548375542255,0.7119926985317562,6.037593414516944e-11,3.615130653941299e-05,18.0
-1.2906544303689114,0.7119930475976067,6.037593414516944e-11,3.615130653941299e-05,18.0
-1.2906537903566746,0.71199383299577,6.037593414516944e-11,3.615130653941299e-05,18.0
-1.2906530049585112,0.7119947929268587,6.037593414516944e-11,3.615130653941299e-05,18.0
-1.2906505033780944,0.7119980217859749,6.037593414516944e-11,3.615130653941299e-05,16.0
-1.2906494851530086,0.7119989525700651,2.329896797012087e-11,2.4555566015415776e-05,17.0
-1.2906486997548454,0.7119999125011535,2.329896797012087e-11,2.4555566015415776e-05,18.0
-1.2906480599171415,0.712000814312778,2.329896797012087e-11,2.4555566015415776e-05,19.0
-1.2906474199049047,0.7120014541504819,2.329896797012087e-11,2.4555566015415776e-05,21.0
-1.2906468381866651,0.7120019777492574,2.329896797012087e-11,2.4555566015415776e-05,21.0
-1.2906463145878895,0.7120023559621064,2.329896797012087e-11,2.4555566015415776e-05,20.0
-1.2906457326951168,0.7120027631474207,2.329896797012087e-11,2.4555566015415776e-05,20.0
-1.2906452090963412,0.7120032867461965,2.329896797012087e-11,2.4555566015415776e-05,20.0
-1.2906431729952357,0.7120058757676088,1.0894489709694776e-11,1.3732685286113918e-05,20.0
-1.2906423875970725,0.7120070683510866,1.0894489709694776e-11,1.3732685286113918e-05,23.0
-1.2906415149324464,0.7120083192285617,1.0894489709694776e-11,1.3732685286113918e-05,23.0
-1.2906388969385687,0.7120120425394549,9.330279259368316e-11,5.695099735087058e-05,24.0
-1.2906381405128706,0.7120132934169298,9.330279259368316e-11,5.695099735087058e-05,24.0
-1.2906351153336784,0.7120186166711485,2.0864922477131808e-11,2.208443452378504e-05,25.0
-1.2906341845495881,0.71202001293455,2.0864922477131808e-11,2.208443452378504e-05,26.0
-1.2906331082050382,0.7120213800509531,2.0864922477131808e-11,2.208443452378504e-05,26.0
-1.2906319156215604,0.7120228054613531,2.0864922477131808e-11,2.208443452378504e-05,25.0
-1.2906311302233973,0.7120240853112937,2.0864922477131808e-11,2.208443452378504e-05,24.0
-1.2906303737976994,0.7120252197753075,2.0864922477131808e-11,2.208443452378504e-05,25.0
-1.2906297339599955,0.712026121586932,2.0864922477131808e-11,2.208443452378504e-05,25.0
-1.2906300538788473,0.7120277213557243,5.2485581434830456e-12,1.0491285551071478e-05,26.0
-1.2906308101300121,0.7120281576880373,1.1156034226755452e-10,4.409023051363534e-05,25.0
-1.2906317410886352,0.7120286231673489,1.1156034226755452e-10,4.409023051363534e-05,25.0
-1.2906329045251148,0.712029234032587,1.1156034226755452e-10,4.409023051363534e-05,24.0
-1.2906341554025895,0.7120300194307504,1.1156034226755452e-10,4.409023051363534e-05,24.0
-1.2906357843183804,0.7120308048289139,1.1156034226755452e-10,4.409023051363534e-05,23.0
-1.2906375879416294,0.7120315321076132,1.1156034226755452e-10,4.409023051363534e-05,23.0
-1.2906394495098095,0.712032171945317,1.1156034226755452e-10,4.409023051363534e-05,24.0
-1.2906413985189855,0.7120328119575537,2.103520361515965e-11,1.863256708013881e-05,25.0
-1.2906432602616984,0.71203310290394,2.103520361515965e-11,1.863256708013881e-05,25.0
-1.290645034563416,0.7120333647033277,2.103520361515965e-11,1.863256708013881e-05,25.0
-1.2906465180932802,0.7120336554751812,2.103520361515965e-11,1.863256708013881e-05,24.0
-1.2906476235848285,0.7120339464215674,2.103520361515965e-11,1.863256708013881e-05,23.0
-1.2906483798359933,0.7120343536068819,2.103520361515965e-11,1.863256708013881e-05,23.0
-1.2906491071146928,0.7120347609667295,2.103520361515965e-11,1.863256708013881e-05,22.0
-1.2906497469523963,0.7120350808855812,2.103520361515965e-11,1.863256708013881e-05,22.0
-1.2906500670457812,0.7120358954307431,2.103520361515965e-11,1.863256708013881e-05,22.0
-1.290650386964633,0.7120367970678347,2.103520361515965e-11,1.863256708013881e-05,22.0
-1.290650648764021,0.712038716930012,2.103520361515965e-11,1.863256708013881e-05,23.0
-1.2906505033780944,0.7120394733557096,2.103520361515965e-11,1.863256708013881e-05,23.0
-1.2906508232969462,0.7120401131934135,2.202338252531566e-11,1.9501423455704694e-05,23.0
-1.2906511723627965,0.7120403168733372,2.202338252531566e-11,1.9501423455704694e-05,23.0
-1.2906537030902119,0.7120404041397997,2.202338252531566e-11,1.9501423455704694e-05,22.0
-1.2906547211407646,0.7120410441520365,2.202338252531566e-11,1.9501423455704694e-05,20.0
-1.2906558556047782,0.712041393217887,1.4144909887491756e-11,1.6521880317695076e-05,18.0
-1.2906571646017175,0.7120415677508122,1.4144909887491756e-11,1.6521880317695076e-05,18.0
-1.2906598117425938,0.7120418585226654,1.4144909887491756e-11,1.6521880317695076e-05,19.0
-1.2906612661254595,0.7120418295501998,1.4144909887491756e-11,1.6521880317695076e-05,17.0
-1.2906626042693972,0.7120420330555907,1.4144909887491756e-11,1.6521880317695076e-05,16.0
-1.2906638841193376,0.7120424112684396,1.4144909887491756e-11,1.6521880317695076e-05,17.0
-1.290665222263275,0.7120432258136016,1.4144909887491756e-11,1.6521880317695076e-05,16.0
-1.2906667057931394,0.7120440401842305,1.4144909887491756e-11,1.6521880317695076e-05,16.0
-1.2906683057364645,0.712044941995855,1.4144909887491756e-11,1.6521880317695076e-05,15.0
-1.290670080038182,0.7120457565410168,1.4144909887491756e-11,1.6521880317695076e-05,16.0
-1.2906719417808954,0.7120466000586444,1.4144909887491756e-11,1.6521880317695076e-05,13.0
-1.2906739197625365,0.7120474435762719,3.3376519452469553e-10,0.00020619352901063496,13.0
-1.2906758687717124,0.7120482872684324,3.3376519452469553e-10,0.00020619352901063496,14.0
-1.290677875900352,0.7120490726665957,3.3376519452469553e-10,0.00020619352901063496,13.0
-1.2906799411484562,0.7120498870372248,3.3376519452469553e-10,0.00020619352901063496,11.0
-1.2906820355435582,0.7120507597018507,3.3376519452469553e-10,0.00020619352901063496,9.0
-1.2906861953612974,0.7120525050311027,3.3376519452469553e-10,0.00020619352901063496,9.0
-1.2906882314624029,0.7120533776957287,3.3376519452469553e-10,0.00020619352901063496,9.0
-1.2906928565849207,0.7120553558519028,3.3376519452469553e-10,0.00020619352901063496,8.0
-1.2906936711300827,0.7120556466237562,3.3376519452469553e-10,0.00020619352901063496,8.0
-1.2906940783153968,0.7120558503036799,3.3376519452469553e-10,0.00020619352901063496,8.0
-1.2906954164593347,0.7120566648488419,3.3376519452469553e-10,0.00020619352901063496,8.0
-1.2906962310044963,0.7120570139146923,3.3376519452469553e-10,0.00020619352901063496,8.0
-1.2906973944409759,0.7120574211000068,3.3376519452469553e-10,0.00020619352901063496,9.0
-1.290698703437915,0.7120579446987825,1.1378983716296247e-11,1.5649911087599484e-05,10.0
-1.290699983462388,0.7120584974445565,1.1378983716296247e-11,1.5649911087599484e-05,10.0
-1.2907013214317928,0.7120590500157977,0.0,0.0,9.0
-1.290702485042805,0.7120595154951092,0.0,0.0,8.0
-1.2907034741208923,0.7120598645609596,0.0,0.0,8.0
-1.290704172252593,0.7120601555073459,0.0,0.0,8.0
-1.2907070520458588,0.7120615226237489,0.0,0.0,8.0
-1.2907081865098726,0.7120620753695232,0.0,0.0,9.0
-1.29070961174574,0.7120627735012238,0.0,0.0,9.0
-1.2907112408360637,0.7120635006053903,0.0,0.0,9.0
-1.2907130442847796,0.7120642570310881,0.0,0.0,9.0
-1.2908182584916768,0.7121011997172333,9.29587272177547e-11,7.081302029259172e-05,15.0
-1.2908183167856735,0.7121000944002182,8.119958096320592e-11,5.67851115758899e-05,15.0
-1.2908188112374506,0.7120989599362043,8.119958096320592e-11,5.67851115758899e-05,14.0
-1.2908194802221529,0.7120977673527262,8.119958096320592e-11,5.67851115758899e-05,13.0
-1.2908205274197042,0.7120966037417141,8.119958096320592e-11,5.67851115758899e-05,12.0
-1.2908215164977912,0.7120953238917735,8.119958096320592e-11,5.67851115758899e-05,15.0
-1.2908225928423411,0.712093927628372,8.119958096320592e-11,5.67851115758899e-05,15.0
-1.29082375627882,0.7120925022179719,2.2384171396323823e-10,9.35078548928827e-05,14.0
-1.290826025206848,0.7120896515717045,2.2384171396323823e-10,9.35078548928827e-05,14.0
-1.2908272179648588,0.7120881097478434,2.2384171396323823e-10,9.35078548928827e-05,13.0
-1.2908283524288724,0.7120865389515166,2.2384171396323823e-10,9.35078548928827e-05,13.0
-1.2908296903982772,0.7120850554216525,2.2384171396323823e-10,9.35078548928827e-05,12.0
-1.2908309121287533,0.7120836010387867,1.0773830749946056e-10,5.396650833426045e-05,12.0
-1.2908320757397658,0.7120821175089225,1.0773830749946056e-10,5.396650833426045e-05,13.0
-1.290834257401331,0.7120791795961926,1.0773830749946056e-10,5.396650833426045e-05,11.0
-1.2908353337458804,0.7120777833327909,1.0773830749946056e-10,5.396650833426045e-05,11.0
-1.2908363226494344,0.7120764743358521,1.0773830749946056e-10,5.396650833426045e-05,12.0
-1.2908373408745202,0.7120752234583771,1.0773830749946056e-10,5.396650833426045e-05,12.0
-1.29083934800316,0.7120726054644991,1.0773830749946056e-10,5.396650833426045e-05,12.0
-1.2908415296647249,0.7120697256712333,1.5045313288113027e-10,7.750116534253487e-05,14.0
-1.2908461547872427,0.7120639079652377,1.5045313288113027e-10,7.750116534253487e-05,12.0
-1.2908473473707207,0.7120624825548376,1.5045313288113027e-10,7.750116534253487e-05,12.0
-1.290848394568272,0.7120610862914359,1.5045313288113027e-10,7.750116534253487e-05,12.0
-1.2908493544993607,0.712059777294497,1.5045313288113027e-10,7.750116534253487e-05,13.0
-1.2908510417091483,0.7120575083664694,1.3838342916587957e-10,9.541264704469247e-05,15.0
-1.2908518271073117,0.7120565775823794,1.3838342916587957e-10,9.541264704469247e-05,14.0
-1.29085243797255,0.7120557338902189,1.3838342916587957e-10,9.541264704469247e-05,14.0
-1.2908530196907897,0.7120550067860525,1.3838342916587957e-10,9.541264704469247e-05,14.0
-1.2908535432895651,0.7120543086543516,1.3838342916587957e-10,9.541264704469247e-05,14.0
-1.2908539796218783,0.7120536686421148,1.3838342916587957e-10,9.541264704469247e-05,15.0
-1.2908544159541913,0.7120530577768768,1.3838342916587957e-10,9.541264704469247e-05,15.0
-1.2908547358730433,0.71205241776464,1.3838342916587957e-10,9.541264704469247e-05,17.0
-1.2908552013523547,0.712051806899402,1.3838342916587957e-10,9.541264704469247e-05,17.0
-1.2908568594151442,0.7120510506482369,1.3838342916587957e-10,9.541264704469247e-05,16.0
-1.2908579066126953,0.7120510215012384,1.3838342916587957e-10,9.541264704469247e-05,16.0
-1.2908589538102464,0.7120512251811622,1.3838342916587957e-10,9.541264704469247e-05,18.0
-1.2908600301547961,0.712051545100014,1.3838342916587957e-10,9.541264704469247e-05,18.0
-1.2908611354718114,0.7120519233128629,1.3838342916587957e-10,9.541264704469247e-05,18.0
-1.2908623280552893,0.7120523015257119,1.3838342916587957e-10,9.541264704469247e-05,19.0
-1.2908635789327643,0.7120526505915623,1.3838342916587957e-10,9.541264704469247e-05,21.0
-1.2908647715162422,0.7120530869238754,1.637486170982552e-11,2.0561559916247375e-05,21.0
-1.2908659932467186,0.7120535232561882,1.637486170982552e-11,2.0561559916247375e-05,21.0
-1.2908670404442697,0.7120538140280417,1.637486170982552e-11,2.0561559916247375e-05,21.0
-1.2908678549894317,0.7120540468549638,1.637486170982552e-11,2.0561559916247375e-05,22.0
-1.2908686695345937,0.7120543086543516,1.637486170982552e-11,2.0561559916247375e-05,22.0
-1.2908700947704608,0.7120547449866645,1.637486170982552e-11,2.0561559916247375e-05,21.0
-1.2908711129955461,0.712055413971367,1.637486170982552e-11,2.0561559916247375e-05,21.0
-1.2908715493278593,0.7120555885042922,1.637486170982552e-11,2.0561559916247375e-05,22.0
-1.2908728000308014,0.7120561412500663,1.637486170982552e-11,2.0561559916247375e-05,23.0
-1.290873381923574,0.7120564320219197,1.637486170982552e-11,2.0561559916247375e-05,23.0
-1.2908746909205129,0.7120573919530082,1.637486170982552e-11,2.0561559916247375e-05,23.0
-1.290875418024679,0.7120577410188587,1.637486170982552e-11,2.0561559916247375e-05,22.0
-1.290875999917452,0.7120580319652449,1.637486170982552e-11,2.0561559916247375e-05,22.0
-1.290878937830182,0.7120595736145733,1.637486170982552e-11,2.0561559916247375e-05,23.0
-1.290880421360046,0.7120601555073459,3.649423305147676e-11,3.015419570410377e-05,24.0
-1.2908819340369087,0.7120607953450497,3.649423305147676e-11,3.015419570410377e-05,24.0
-1.2908835920996984,0.7120615226237489,3.649423305147676e-11,3.015419570410377e-05,24.0
-1.2908872862635927,0.712062948034149,5.1630520331870584e-11,3.351097857692613e-05,22.0
-1.290889293392233,0.7120635297523887,5.1630520331870584e-11,3.351097857692613e-05,22.0
-1.2908910970154817,0.7120640533511644,5.1630520331870584e-11,3.351097857692613e-05,23.0
-1.2908928713171992,0.71206457694994,5.1630520331870584e-11,3.351097857692613e-05,23.0
-1.2908945004075232,0.7120653332011049,5.1630520331870584e-11,3.351097857692613e-05,23.0
-1.2908962165897766,0.7120660604798041,5.1630520331870584e-11,3.351097857692613e-05,25.0
-1.2908977873861036,0.7120667586115049,5.1630520331870584e-11,3.351097857692613e-05,24.0
-1.2908989799695811,0.7120674275962072,7.802638130035241e-11,5.436682173205736e-05,24.0
-1.2908998526342073,0.7120678349560546,7.802638130035241e-11,5.436682173205736e-05,24.0
-1.2909021215622347,0.7120692020724577,7.802638130035241e-11,5.436682173205736e-05,20.0
-1.2909036923585615,0.7120697548182319,7.802638130035241e-11,5.436682173205736e-05,20.0
-1.2909054376878137,0.7120704529499325,7.802638130035241e-11,5.436682173205736e-05,16.0
-1.2909072994305266,0.7120712964675602,7.802638130035241e-11,5.436682173205736e-05,16.0
-1.2909107609420323,0.7120726927309617,0.0,0.0,16.0
-1.2909122154994308,0.7120731582102732,3.586828994653383e-10,0.00011118433212954397,16.0
-1.2909147170798476,0.7120739144614381,3.586828994653383e-10,0.00011118433212954397,16.0
-1.290917015154874,0.7120747871260641,3.586828994653383e-10,0.00011118433212954397,17.0
-1.2909181496188875,0.7120753398718382,3.586828994653383e-10,0.00011118433212954397,16.0
-1.2909207093187685,0.7120764743358521,3.586828994653383e-10,0.00011118433212954397,15.0
-1.2909220183157077,0.7120770269070931,3.586828994653383e-10,0.00011118433212954397,15.0
-1.2909233856066435,0.7120775796528673,3.586828994653383e-10,0.00011118433212954397,15.0
-1.2909264399328346,0.7120788595028077,3.9057055557993733e-10,0.0001804197889195793,14.0
-1.2909312395882775,0.7120807503925194,3.9057055557993733e-10,0.0001804197889195793,13.0
-1.2909328685040684,0.7120811575778337,3.9057055557993733e-10,0.0001804197889195793,12.0
-1.2909341193815433,0.7120816811766095,3.9057055557993733e-10,0.0001804197889195793,13.0
-1.290935253845557,0.7120818265625362,3.9057055557993733e-10,0.0001804197889195793,14.0
-1.290936388309571,0.712081972122996,3.9057055557993733e-10,0.0001804197889195793,14.0
-1.2909391225423772,0.71208296102655,1.0397354081202838e-11,1.3502468842873801e-05,13.0
-1.2909406352192399,0.7120836010387867,1.0397354081202838e-11,1.3502468842873801e-05,15.0
-1.290942235162565,0.7120841827570265,1.0397354081202838e-11,1.3502468842873801e-05,15.0
-1.2909439513448184,0.7120847936222645,1.0397354081202838e-11,1.3502468842873801e-05,15.0
-1.290945609407608,0.7120854627814999,1.0397354081202838e-11,1.3502468842873801e-05,16.0
-1.2909472966173958,0.7120860444997396,1.0397354081202838e-11,1.3502468842873801e-05,16.0
-1.2909485764673365,0.7120869171643653,1.0397354081202838e-11,1.3502468842873801e-05,17.0
-1.2909496817843515,0.7120876444430648,1.0397354081202838e-11,1.3502468842873801e-05,16.0
-1.2909504382100496,0.7120881680418404,1.0397354081202838e-11,1.3502468842873801e-05,16.0
-1.2909509326618267,0.7120885171076908,1.0397354081202838e-11,1.3502468842873801e-05,16.0
-1.290951281727677,0.7120893025058541,1.0397354081202838e-11,1.3502468842873801e-05,16.0
-1.2909522416587658,0.7120897388381672,1.0397354081202838e-11,1.3502468842873801e-05,16.0
-1.2909533180033153,0.7120902914094084,1.0397354081202838e-11,1.3502468842873801e-05,16.0
-1.2909546270002543,0.7120907568887198,1.0397354081202838e-11,1.3502468842873801e-05,16.0
-1.2909559649696587,0.7120911932210329,1.0397354081202838e-11,1.3502468842873801e-05,15.0
-1.2909573903800589,0.7120913969009566,1.0397354081202838e-11,1.3502468842873801e-05,15.0
-1.2909586993769981,0.7120915131398847,1.0397354081202838e-11,1.3502468842873801e-05,16.0
-1.290959891960476,0.7120916004063474,1.0397354081202838e-11,1.3502468842873801e-05,17.0
-1.2909607937721004,0.712091745966807,1.0397354081202838e-11,1.3502468842873801e-05,17.0
-1.290962190035502,0.7120920367386604,2.3673921551869277e-10,8.708435845121442e-05,17.0
-1.2909630918471264,0.7120924730709735,2.3673921551869277e-10,8.708435845121442e-05,17.0
-1.2909635862989035,0.7120926186314329,2.3673921551869277e-10,8.708435845121442e-05,17.0
-1.2909641680171433,0.7120925894844344,2.3673921551869277e-10,8.708435845121442e-05,18.0
-1.290964866148844,0.7120925022179719,2.3673921551869277e-10,8.708435845121442e-05,18.0
-1.2909658260799326,0.7120925022179719,2.3673921551869277e-10,8.708435845121442e-05,18.0
-1.2909669024244823,0.7120926186314329,2.3673921551869277e-10,8.708435845121442e-05,18.0
-1.2909681533019572,0.7120927348703611,2.3673921551869277e-10,8.708435845121442e-05,18.0
-1.2909696368318213,0.7120928221368238,2.3673921551869277e-10,8.708435845121442e-05,18.0
-1.2909713238670764,0.7120929385502848,2.3673921551869277e-10,8.708435845121442e-05,17.0
-1.2909730983433267,0.7120930839362115,2.3673921551869277e-10,8.708435845121442e-05,16.0
-1.29097496008604,0.7120932876161352,2.3673921551869277e-10,8.708435845121442e-05,16.0
-1.2909766471212951,0.7120936948014497,2.3673921551869277e-10,8.708435845121442e-05,17.0
-1.290978072531695,0.7120942475472238,2.3673921551869277e-10,8.708435845121442e-05,17.0
-1.2909804578731838,0.7120955565441629,2.3673921551869277e-10,8.708435845121442e-05,18.0
-1.290981446776738,0.7120970109270286,2.3673921551869277e-10,8.708435845121442e-05,18.0
-1.290981505070735,0.7120973310204133,2.3673921551869277e-10,8.708435845121442e-05,18.0
-1.2909820286695106,0.7120983782179645,6.86595479492013e-11,4.790478317212429e-05,17.0
-1.2909823485883625,0.7120991053221309,6.86595479492013e-11,4.790478317212429e-05,19.0
-1.290982435854825,0.7121009089453799,6.86595479492013e-11,4.790478317212429e-05,20.0
-1.290982377735361,0.7121018105824716,6.86595479492013e-11,4.790478317212429e-05,20.0
-1.2909824067078264,0.7121025378611708,6.86595479492013e-11,4.790478317212429e-05,21.0
-1.290982377735361,0.7121034686452608,6.86595479492013e-11,4.790478317212429e-05,21.0
-1.2909822613218997,0.7121046614032718,6.86595479492013e-11,4.790478317212429e-05,19.0
-1.2909822032024358,0.712105883133748,4.0124054225671144e-11,3.8938365280077086e-05,18.0
-1.2909819122560495,0.7121071048642246,4.0124054225671144e-11,3.8938365280077086e-05,17.0
-1.2909815923371974,0.7121095772976429,4.0124054225671144e-11,3.8938365280077086e-05,18.0
-1.290981621309663,0.7121107117616566,3.979110738600065e-11,2.5924954806673204e-05,17.0
-1.2909817085761257,0.7121117008397438,3.979110738600065e-11,2.5924954806673204e-05,17.0
-1.2909817958425884,0.7121124281184431,3.979110738600065e-11,2.5924954806673204e-05,17.0
-1.2909817958425884,0.7121129806896843,3.979110738600065e-11,2.5924954806673204e-05,16.0
-1.2909816796036602,0.7121134461689957,3.979110738600065e-11,2.5924954806673204e-05,16.0
-1.2909810104444248,0.7121163551092601,3.979110738600065e-11,2.5924954806673204e-05,16.0
-1.2909808942054968,0.7121177803451273,3.979110738600065e-11,2.5924954806673204e-05,16.0
-1.2909807777920355,0.7121193802884526,3.979110738600065e-11,2.5924954806673204e-05,16.0
-1.290980690525573,0.712121038351242,3.979110738600065e-11,2.5924954806673204e-05,18.0
-1.2909799051274096,0.7121257798872209,3.979110738600065e-11,2.5924954806673204e-05,16.0
-1.290979759741483,0.7121271470036239,0.0,0.0,16.0
-1.2909794979420952,0.7121282814676378,0.0,0.0,17.0
-1.2909792069957087,0.7121305212486668,0.0,0.0,16.0
-1.290979061609782,0.7121318302456059,0.0,0.0,17.0
-1.2909789743433193,0.7121332265090073,0.0,0.0,17.0
-1.2909781889451561,0.7121381425779115,5.174612264342718e-11,4.6676463834276345e-05,15.0
-1.2909775489329194,0.7121399751736261,5.174612264342718e-11,4.6676463834276345e-05,15.0
-1.290976763534756,0.7121418369163391,5.174612264342718e-11,4.6676463834276345e-05,14.0
-1.2909757454842035,0.7121436695120538,5.174612264342718e-11,4.6676463834276345e-05,16.0
-1.2909747855531148,0.712145531080234,5.174612264342718e-11,4.6676463834276345e-05,16.0
-1.290973767328029,0.7121474219699455,5.174612264342718e-11,4.6676463834276345e-05,15.0
-1.2909725747445513,0.7121491962716631,5.174612264342718e-11,4.6676463834276345e-05,15.0
-1.2909714402805375,0.7121509707479136,5.174612264342718e-11,4.6676463834276345e-05,14.0
-1.2909703058165238,0.712152628810703,5.174612264342718e-11,4.6676463834276345e-05,16.0
-1.2909680950079603,0.7121560322027444,5.174612264342718e-11,4.6676463834276345e-05,15.0
-1.2909659424933937,0.7121593774753218,5.174612264342718e-11,4.6676463834276345e-05,15.0
-1.2909648952958426,0.7121609772441141,5.174612264342718e-11,4.6676463834276345e-05,16.0
-1.2909620155025767,0.7121646424355432,8.985178184453784e-11,5.0677061683273137e-05,15.0
-1.2909614046373385,0.7121655442471677,8.985178184453784e-11,5.0677061683273137e-05,14.0
-1.2909614046373385,0.7121665041782564,8.985178184453784e-11,5.0677061683273137e-05,15.0
-1.2909618118226531,0.7121672314569556,8.985178184453784e-11,5.0677061683273137e-05,15.0
-1.2909627136342774,0.7121677550557313,8.985178184453784e-11,5.0677061683273137e-05,15.0
-1.2909640226312167,0.71216822036051,8.985178184453784e-11,5.0677061683273137e-05,14.0
-1.2909655353080793,0.7121687731062839,8.985178184453784e-11,5.0677061683273137e-05,14.0
-1.290978887076857,0.7121912878536346,7.292997955807701e-11,3.785098023448628e-05,11.0
-1.2909783343310828,0.7121926259975722,7.292997955807701e-11,3.785098023448628e-05,12.0
-1.2909778979987698,0.7121937894340515,7.292997955807701e-11,3.785098023448628e-05,13.0
-1.290977636199382,0.7121948076591372,7.292997955807701e-11,3.785098023448628e-05,13.0
-1.2909769089206826,0.7121956803237632,2.1148658372677646e-10,0.00012011499998670184,12.0
-1.2909763563494416,0.7121963493084654,2.1148658372677646e-10,0.00012011499998670184,12.0
-1.290975832750666,0.7121969020542396,2.1148658372677646e-10,0.00012011499998670184,12.0
-1.2909754836848155,0.7121976001859404,2.1148658372677646e-10,0.00012011499998670184,12.0
-1.2909752218854276,0.7121983564371053,2.1148658372677646e-10,0.00012011499998670184,12.0
-1.2909748145255802,0.7121995200481177,1.2857337747281262e-10,0.00010074784935841031,13.0
-1.2909745527261924,0.7122007126315955,1.2857337747281262e-10,0.00010074784935841031,13.0
-1.2909739418609543,0.7122035924248613,1.2857337747281262e-10,0.00010074784935841031,13.0
-1.290973651089101,0.7122051340741895,1.2857337747281262e-10,0.00010074784935841031,13.0
-1.2909733601427147,0.7122066758980508,1.2857337747281262e-10,0.00010074784935841031,12.0
-1.2909729238104015,0.7122082466943775,1.2857337747281262e-10,0.00010074784935841031,12.0
-1.2909724583310902,0.7122097591967074,1.2857337747281262e-10,0.00010074784935841031,12.0
-1.2909709166817618,0.712211213754106,1.2857337747281262e-10,0.00010074784935841031,12.0
-1.2909704512024505,0.7122126972839701,8.850537284936374e-11,6.79342415649638e-05,13.0
-1.290970160430597,0.7122140935473719,8.850537284936374e-11,6.79342415649638e-05,13.0
-1.290969665804287,0.7122154606637748,8.850537284936374e-11,6.79342415649638e-05,13.0
-1.2909691713525098,0.7122167988077124,8.850537284936374e-11,6.79342415649638e-05,12.0
-1.2909684440738105,0.7122190385887414,8.850537284936374e-11,6.79342415649638e-05,11.0
-1.2909682114214212,0.7122198821063689,8.850537284936374e-11,6.79342415649638e-05,10.0
-1.2909680660354945,0.7122206093850681,8.850537284936374e-11,6.79342415649638e-05,10.0
-1.2909680077414976,0.7122212493973049,8.850537284936374e-11,6.79342415649638e-05,9.0
-1.2909677459421098,0.7122220056484699,8.850537284936374e-11,6.79342415649638e-05,9.0
-1.2909675714091846,0.7122228201936317,8.850537284936374e-11,6.79342415649638e-05,9.0
-1.2909669605439462,0.712223809097186,8.850537284936374e-11,6.79342415649638e-05,9.0
-1.290966175145783,0.7122259617862854,8.850537284936374e-11,6.79342415649638e-05,9.0
-1.290965360775154,0.7122279978873907,8.850537284936374e-11,6.79342415649638e-05,9.0
-1.2909649534153067,0.7122288124325526,8.850537284936374e-11,6.79342415649638e-05,9.0
-1.2909646334964546,0.7122293651783267,8.850537284936374e-11,6.79342415649638e-05,9.0
-1.2909644008440655,0.7122297723636412,8.850537284936374e-11,6.79342415649638e-05,9.0
-1.290964255283606,0.7122300050160305,8.850537284936374e-11,6.79342415649638e-05,9.0
-1.2909561105301186,0.7122369863330384,0.0,0.0,10.0
-1.2909546270002543,0.7122380626775882,1.959291628661226e-10,0.0001254494286680343,10.0
-1.290953085176393,0.712239197141602,1.959291628661226e-10,0.0001254494286680343,10.0
-1.2909516889129915,0.7122403607526143,1.959291628661226e-10,0.0001254494286680343,11.0
-1.2909504090630508,0.7122415824830907,1.959291628661226e-10,0.0001254494286680343,11.0
-1.290949216479573,0.7122427169471044,1.959291628661226e-10,0.0001254494286680343,10.0
-1.2909483727874127,0.7122438222641198,1.959291628661226e-10,0.0001254494286680343,10.0
-1.2909474420033227,0.7122446657817473,1.959291628661226e-10,0.0001254494286680343,10.0
-1.2909463075393086,0.7122451021140602,1.959291628661226e-10,0.0001254494286680343,10.0
-1.2909451149558309,0.7122451312610587,1.959291628661226e-10,0.0001254494286680343,10.0
-1.2909412169374794,0.7122439386775808,1.959291628661226e-10,0.0001254494286680343,12.0
-1.2909398498210765,0.7122433567848082,1.959291628661226e-10,0.0001254494286680343,14.0
-1.2909384244106763,0.7122430368659564,1.959291628661226e-10,0.0001254494286680343,14.0
-1.290936882761348,0.7122425424141794,1.959291628661226e-10,0.0001254494286680343,14.0
-1.2909352828180227,0.712241989668405,1.959291628661226e-10,0.0001254494286680343,14.0
-1.290933653902232,0.712241436922631,1.959291628661226e-10,0.0001254494286680343,14.0
-1.2909318504535159,0.7122409424708539,1.959291628661226e-10,0.0001254494286680343,14.0
-1.2909299887108026,0.7122402443391531,1.959291628661226e-10,0.0001254494286680343,15.0
-1.2909262653999094,0.7122386735428263,5.683231970125877e-11,4.393184315497317e-05,15.0
-1.29092460733712,0.7122379462641271,5.683231970125877e-11,4.393184315497317e-05,17.0
-1.2909233564596452,0.712237335398889,5.683231970125877e-11,4.393184315497317e-05,18.0
-1.2909223965285563,0.7122367536806492,5.683231970125877e-11,4.393184315497317e-05,18.0
-1.2909216402773918,0.7122364627342629,5.683231970125877e-11,4.393184315497317e-05,18.0
-1.2909209129986923,0.7122368118001132,5.683231970125877e-11,4.393184315497317e-05,18.0
-1.2909174804596526,0.7122346884325453,5.683231970125877e-11,4.393184315497317e-05,17.0
-1.2909165496755624,0.712234397486159,5.683231970125877e-11,4.393184315497317e-05,18.0
-1.2909154152115485,0.7122342521002324,5.683231970125877e-11,4.393184315497317e-05,18.0
-1.2909141062146097,0.7122343683391604,7.460720307235841e-11,4.7975447831906704e-05,18.0
-1.2909129426035972,0.7122347174050109,7.460720307235841e-11,4.7975447831906704e-05,17.0
-1.2909118954060461,0.712235270150785,7.460720307235841e-11,4.7975447831906704e-05,16.0
-1.2909108482084948,0.7122360846959468,7.439518934556371e-11,5.0138575416828626e-05,16.0
-1.2909098882774062,0.7122371027464997,7.439518934556371e-11,5.0138575416828626e-05,16.0
-1.2909089574933161,0.712238208063515,7.439518934556371e-11,5.0138575416828626e-05,16.0
-1.290907095750603,0.712240506138541,7.439518934556371e-11,5.0138575416828626e-05,17.0
-1.2909061941135116,0.7122415533360922,7.439518934556371e-11,5.0138575416828626e-05,17.0
-1.2909055249542762,0.7122425424141794,7.439518934556371e-11,5.0138575416828626e-05,17.0
-1.2909049432360364,0.7122433859318068,7.439518934556371e-11,5.0138575416828626e-05,17.0
-1.290904536050722,0.7122440259440435,7.439518934556371e-11,5.0138575416828626e-05,17.0
-1.29090372150556,0.7122448113422069,7.439518934556371e-11,5.0138575416828626e-05,17.0
-1.290903430559174,0.7122452185275214,7.439518934556371e-11,5.0138575416828626e-05,17.0
-1.2909031397873205,0.7122456548598344,7.439518934556371e-11,5.0138575416828626e-05,17.0
-1.29090279072147,0.7122460911921474,7.439518934556371e-11,5.0138575416828626e-05,17.0
-1.2909024416556196,0.7122464111109993,7.439518934556371e-11,5.0138575416828626e-05,17.0
-1.2909022088286974,0.7122466439379215,1.7430208760071035e-11,1.8549939113109537e-05,17.0
-1.2909006671793692,0.712248040201323,2.794560209239502e-11,2.2950293483562955e-05,16.0
-1.2908998526342073,0.7122492036378023,2.794560209239502e-11,2.2950293483562955e-05,16.0
-1.2908988345836545,0.71225054178174,2.794560209239502e-11,2.2950293483562955e-05,17.0
-1.290897700119641,0.7122519088981429,2.794560209239502e-11,2.2950293483562955e-05,17.0
-1.2908953730721489,0.7122549342518685,2.794560209239502e-11,2.2950293483562955e-05,17.0
-1.2908942675806008,0.7122564177817325,2.794560209239502e-11,2.2950293483562955e-05,17.0
-1.2908929877306605,0.7122578721645983,2.794560209239502e-11,2.2950293483562955e-05,17.0
-1.2908917368531854,0.712259384841461,2.794560209239502e-11,2.2950293483562955e-05,17.0
-1.2908905734167062,0.7122611591431787,3.737960357988715e-11,2.8696022102169197e-05,15.0
-1.2908894098056936,0.7122627882335024,3.737960357988715e-11,2.8696022102169197e-05,16.0
-1.2908880716617561,0.7122643007358321,3.737960357988715e-11,2.8696022102169197e-05,17.0
-1.2908868209588142,0.712265871532159,3.737960357988715e-11,2.8696022102169197e-05,17.0
-1.2908854536678784,0.7122673260895576,3.737960357988715e-11,2.8696022102169197e-05,17.0
-1.2908841156984736,0.7122688677388859,7.747350068287494e-11,5.097955781425362e-05,17.0
-1.290883039353924,0.7122700313498982,7.747350068287494e-11,5.097955781425362e-05,16.0
-1.2908819630093742,0.7122711658139119,7.747350068287494e-11,5.097955781425362e-05,14.0
-1.290880741278898,0.7122721257450005,7.747350068287494e-11,5.097955781425362e-05,14.0
-1.2908803340935835,0.7122733183284784,7.747350068287494e-11,5.097955781425362e-05,14.0
-1.2908796940813467,0.7122743655260297,7.747350068287494e-11,5.097955781425362e-05,13.0
-1.2908780651655558,0.7122746273254175,0.0,0.0,14.0
-1.2908770471150033,0.7122744819394907,0.0,0.0,15.0
-1.2908744872405893,0.7122739000467181,0.0,0.0,16.0
-1.2908728291777996,0.7122735801278663,0.0,0.0,16.0
-1.2908712583814728,0.7122729692626281,0.0,0.0,15.0
-1.290869454932757,0.7122723875443883,0.0,0.0,13.0
-1.2908675640430451,0.7122716602656891,0.0,0.0,14.0
-1.2908656152084026,0.7122708457205271,4.640949960385357e-10,0.00012191652899622997,14.0
-1.2908636370522282,0.7122700022028997,4.640949960385357e-10,0.00012191652899622997,15.0
-1.2908616299235884,0.7122691586852723,4.640949960385357e-10,0.00012191652899622997,16.0
-1.2908596519419473,0.7122681987541836,4.640949960385357e-10,0.00012191652899622997,17.0
-1.290857673960306,0.7122672677955606,4.640949960385357e-10,0.00012191652899622997,16.0
-1.290853688675492,0.7122655224663087,4.640949960385357e-10,0.00012191652899622997,18.0
-1.2908516815468523,0.7122647662151437,4.640949960385357e-10,0.00012191652899622997,21.0
-1.290849761684675,0.7122639226975163,4.640949960385357e-10,0.00012191652899622997,22.0
-1.2908479001164948,0.7122631372993528,4.640949960385357e-10,0.00012191652899622997,22.0
-1.290846212906707,0.7122624100206535,4.640949960385357e-10,0.00012191652899622997,21.0
-1.2908448747627692,0.7122615954754917,4.640949960385357e-10,0.00012191652899622997,23.0
-1.2908436821792915,0.7122610137572519,4.640949960385357e-10,0.00012191652899622997,24.0
-1.290841907703041,0.7122603156255511,0.0,0.0,24.0
-1.2908414423982624,0.7122600829731618,0.0,0.0,24.0
-1.2908409187994867,0.712259384841461,6.335524481967127e-11,4.1462734106704743e-05,23.0
-1.2908404533201754,0.7122591230420732,6.335524481967127e-11,4.1462734106704743e-05,24.0
-1.2908395225360851,0.7122585994432976,6.335524481967127e-11,4.1462734106704743e-05,25.0
-1.290838533457998,0.7122581048169877,6.335524481967127e-11,4.1462734106704743e-05,25.0
-1.2908379517397586,0.7122578430175998,6.335524481967127e-11,4.1462734106704743e-05,25.0
-1.2908373117275218,0.712257581218212,6.335524481967127e-11,4.1462734106704743e-05,25.0
-1.2908366427428195,0.7122572904463585,6.335524481967127e-11,4.1462734106704743e-05,25.0
-1.2908359154641202,0.7122570576194363,6.335524481967127e-11,4.1462734106704743e-05,25.0
-1.2908352754518835,0.7122568249670471,6.335524481967127e-11,4.1462734106704743e-05,25.0
-1.29083449005372,0.712256708553586,6.335524481967127e-11,4.1462734106704743e-05,25.0
-1.2908335301226315,0.7122568249670471,6.335524481967127e-11,4.1462734106704743e-05,25.0
-1.2908327157520025,0.7122570286469708,6.335524481967127e-11,4.1462734106704743e-05,25.0
-1.2908319884733033,0.7122573194188242,6.335524481967127e-11,4.1462734106704743e-05,24.0
-1.290829574159349,0.7122595883468519,4.722468628175971e-11,4.691600754899112e-05,24.0
-1.2908288468806495,0.7122602864785527,4.722468628175971e-11,4.691600754899112e-05,23.0
-1.2908273052313213,0.7122623227541908,4.722468628175971e-11,4.691600754899112e-05,22.0
-1.290825821701457,0.7122640389364444,4.722468628175971e-11,4.691600754899112e-05,21.0
-1.2908255016080723,0.7122648826286048,4.722468628175971e-11,4.691600754899112e-05,21.0
-1.2908250071562952,0.7122655807603056,4.722468628175971e-11,4.691600754899112e-05,21.0
-1.2908245416769835,0.7122665115443957,4.722468628175971e-11,4.691600754899112e-05,21.0
-1.2908237854258187,0.7122674133560202,4.722468628175971e-11,4.691600754899112e-05,20.0
-1.2908230000276553,0.7122684022595744,4.722468628175971e-11,4.691600754899112e-05,21.0
-1.290822098216031,0.71226942048466,4.722468628175971e-11,4.691600754899112e-05,21.0
-1.2908211965789391,0.7122704676822111,7.659863945411869e-11,4.574281558579497e-05,22.0
-1.2908202947673149,0.7122715729992265,7.659863945411869e-11,4.574281558579497e-05,20.0
-1.2908174730935131,0.7122748018583426,7.659863945411869e-11,4.574281558579497e-05,20.0
-1.290816920522272,0.7122756745229686,7.659863945411869e-11,4.574281558579497e-05,21.0
-1.2908163677764979,0.7122764599211321,7.659863945411869e-11,4.574281558579497e-05,20.0
-1.2908159605911833,0.7122775652381473,7.659863945411869e-11,4.574281558579497e-05,20.0
-1.2908153205789465,0.712278641582697,7.659863945411869e-11,4.574281558579497e-05,20.0
-1.2908145933002473,0.7122797468997124,7.659863945411869e-11,4.574281558579497e-05,20.0
-1.2908137789296183,0.7122806487113369,7.659863945411869e-11,4.574281558579497e-05,20.0
-1.2908129352374578,0.7122815505229614,7.659863945411869e-11,4.574281558579497e-05,19.0
-1.2908121208668288,0.7122824521600528,2.2107152314492407e-11,2.089574102894572e-05,19.0
-1.2908113935881296,0.7122832375582163,2.2107152314492407e-11,2.089574102894572e-05,18.0
-1.2908106373369648,0.7122841685168393,1.0619587719426335e-10,5.602249856476833e-05,18.0
-1.290810433657041,0.7122845465551554,1.0619587719426335e-10,5.602249856476833e-05,18.0
-1.2908074957443112,0.7122857974326302,1.0619587719426335e-10,5.602249856476833e-05,17.0
-1.2908071175314624,0.7122865247113295,1.0619587719426335e-10,5.602249856476833e-05,17.0
-1.290806623079685,0.7122872518154959,1.0619587719426335e-10,5.602249856476833e-05,17.0
-1.2908060122144471,0.7122881536271204,1.0619587719426335e-10,5.602249856476833e-05,18.0
-1.2908044703905857,0.7122902480222227,1.0619587719426335e-10,5.602249856476833e-05,18.0
-1.2908035687534942,0.7122914697526993,3.058480741439342e-11,2.8049073023815563e-05,18.0
-1.2908027542083322,0.7122926914831756,3.058480741439342e-11,2.8049073023815563e-05,17.0
-1.2908019396631703,0.712293971333116,3.058480741439342e-11,2.8049073023815563e-05,17.0
-1.2908010088790802,0.7122952513575894,3.058480741439342e-11,2.8049073023815563e-05,15.0
-1.2907991762833657,0.7122978110574705,3.058480741439342e-11,2.8049073023815563e-05,16.0
-1.2907975473675748,0.7123005454648096,3.058480741439342e-11,2.8049073023815563e-05,15.0
-1.2907965582894876,0.7123021743806005,1.4568769796354681e-10,6.78452926872372e-05,16.0
-1.2907945803078462,0.7123052870007885,1.4568769796354681e-10,6.78452926872372e-05,14.0
-1.2907936203767578,0.7123067413836542,1.4568769796354681e-10,6.78452926872372e-05,14.0
-1.2907917005145806,0.7123097957098452,8.675702116785999e-11,7.992467616196998e-05,14.0
-1.2907909440888827,0.7123114246256361,8.675702116785999e-11,7.992467616196998e-05,15.0
-1.2907902459571818,0.7123131409824225,8.675702116785999e-11,7.992467616196998e-05,15.0
-1.2907889952542402,0.7123147117787492,8.675702116785999e-11,7.992467616196998e-05,16.0
-1.2907876571103023,0.7123161370146164,3.1694680983926966e-11,2.85959930470413e-05,17.0
-1.2907865517932873,0.712317533278018,3.1694680983926966e-11,2.85959930470413e-05,17.0
-1.2907855335682015,0.712318784155493,3.1694680983926966e-11,2.85959930470413e-05,18.0
-1.29078463193111,0.7123197440865815,3.1694680983926966e-11,2.85959930470413e-05,18.0
-1.2907838755054124,0.7123205586317435,3.1694680983926966e-11,2.85959930470413e-05,18.0
-1.2907831484012458,0.7123212276164458,3.1694680983926966e-11,2.85959930470413e-05,18.0
-1.2907824792420106,0.7123217803622198,3.1694680983926966e-11,2.85959930470413e-05,18.0
-1.2907792503828943,0.7123229148262337,0.0,0.0,19.0
-1.290778464984731,0.7123224493469221,0.0,0.0,19.0
-1.29077683606894,0.7123209658170578,0.0,0.0,20.0
-1.2907758761378516,0.7123201222994304,2.6692238486994443e-10,0.0001525955695979396,21.0
-1.2907747708208364,0.7123192204878059,2.6692238486994443e-10,0.0001525955695979396,21.0
-1.290773723623285,0.7123182024372532,2.6692238486994443e-10,0.0001525955695979396,20.0
-1.290772618131737,0.7123170679732395,2.6692238486994443e-10,0.0001525955695979396,20.0
-1.2907714546952573,0.712315846242763,2.6692238486994443e-10,0.0001525955695979396,18.0
-1.2907703202312435,0.7123145372458239,2.6692238486994443e-10,0.0001525955695979396,18.0
-1.2907692147396954,0.7123130537159598,2.6692238486994443e-10,0.0001525955695979396,17.0
-1.2907668295727397,0.7123098829763077,2.6692238486994443e-10,0.0001525955695979396,17.0
-1.2907655495482662,0.7123082540605168,2.6692238486994443e-10,0.0001525955695979396,14.0
-1.2907642115788616,0.7123066832641901,2.6692238486994443e-10,0.0001525955695979396,15.0
-1.290761331785596,0.712303628937999,2.984915634698762e-11,2.8026131044315968e-05,17.0
-1.29075996449466,0.7123020581416721,2.984915634698762e-11,2.8026131044315968e-05,17.0
-1.2907585392587928,0.7123004873453455,2.984915634698762e-11,2.8026131044315968e-05,18.0
-1.290757142995391,0.7122989746684828,2.984915634698762e-11,2.8026131044315968e-05,19.0
-1.2907547576539025,0.7122961240222155,2.984915634698762e-11,2.8026131044315968e-05,17.0
-1.2907537396033497,0.7122949312642046,2.984915634698762e-11,2.8026131044315968e-05,19.0
-1.290752779672261,0.7122937678277254,2.984915634698762e-11,2.8026131044315968e-05,20.0
-1.290751674180713,0.712292604216713,2.984915634698762e-11,2.8026131044315968e-05,20.0
-1.2907505397166992,0.7122914406057006,2.984915634698762e-11,2.8026131044315968e-05,19.0
-1.2907494343996837,0.7122901607557602,2.984915634698762e-11,2.8026131044315968e-05,20.0
-1.2907483290826687,0.7122888809058198,7.546713804450506e-11,3.777844078542073e-05,20.0
-1.2907472527381187,0.7122877172948073,7.546713804450506e-11,3.777844078542073e-05,22.0
-1.2907464673399554,0.7122866992442547,7.546713804450506e-11,3.777844078542073e-05,21.0
-1.2907459145941813,0.7122848666485401,7.546713804450506e-11,3.777844078542073e-05,22.0
-1.2907460310076424,0.7122840812503768,7.546713804450506e-11,3.777844078542073e-05,23.0
-1.2907466710198792,0.7122834120911415,7.546713804450506e-11,3.777844078542073e-05,23.0
-1.2907473400045812,0.7122826849869751,1.4026901099301798e-10,0.00011276136110242792,22.0
-1.2907480381362821,0.7122818704418132,1.4026901099301798e-10,0.00011276136110242792,22.0
-1.2907488816539097,0.712280881363726,1.4026901099301798e-10,0.00011276136110242792,22.0
-1.2907497543185358,0.7122797760467108,1.4026901099301798e-10,0.00011276136110242792,22.0
-1.2907507725436214,0.7122785543162344,1.4026901099301798e-10,0.00011276136110242792,21.0
-1.2907519359801007,0.7122772453192954,1.4026901099301798e-10,0.00011276136110242792,20.0
-1.290753041471649,0.7122758199088953,1.4026901099301798e-10,0.00011276136110242792,20.0
-1.2907550486002888,0.7122727947297028,1.3431404505173108e-10,7.558445372208684e-05,20.0
-1.2907559502373802,0.7122713111998386,1.3431404505173108e-10,7.558445372208684e-05,21.0
-1.290757084701394,0.7122697404035118,1.3431404505173108e-10,7.558445372208684e-05,21.0
-1.2907580446324827,0.7122681696071851,1.3431404505173108e-10,7.558445372208684e-05,19.0
-1.2907592373904937,0.7122665115443957,1.3431404505173108e-10,7.558445372208684e-05,20.0
-1.290760575359898,0.7122648243346077,1.3431404505173108e-10,7.558445372208684e-05,20.0
-1.2907620588897621,0.7122631081523543,1.3431404505173108e-10,7.558445372208684e-05,21.0
-1.2907634843001623,0.7122613336761038,9.152245608240318e-11,5.223572250786592e-05,21.0
-1.290766305973964,0.7122577557511371,9.152245608240318e-11,5.223572250786592e-05,20.0
-1.2907677312098311,0.7122559231554226,9.152245608240318e-11,5.223572250786592e-05,20.0
-1.2907691857672299,0.712254032440244,9.152245608240318e-11,5.223572250786592e-05,19.0
-1.2907705237366345,0.7122521417250652,9.152245608240318e-11,5.223572250786592e-05,20.0
-1.290771978294033,0.7122501927158895,9.152245608240318e-11,5.223572250786592e-05,20.0
-1.2907733454104362,0.7122483309731764,1.2635119339321214e-10,7.557716936394153e-05,19.0
-1.290774654407375,0.7122465566714588,1.2635119339321214e-10,7.557716936394153e-05,18.0
-1.2907758761378516,0.7122448694616709,1.2635119339321214e-10,7.557716936394153e-05,19.0
-1.2907769814548666,0.7122433278123427,1.2635119339321214e-10,7.557716936394153e-05,18.0
-1.2907779996799524,0.7122419605214065,1.2635119339321214e-10,7.557716936394153e-05,19.0
-1.2907787850781158,0.7122408260573929,1.2635119339321214e-10,7.557716936394153e-05,19.0
-1.2907793667963554,0.7122400406592294,1.2635119339321214e-10,7.557716936394153e-05,20.0
-1.290779890395131,0.7122394880879884,1.2635119339321214e-10,7.557716936394153e-05,21.0
-1.2907801230475204,0.712239313555063,1.2635119339321214e-10,7.557716936394153e-05,21.0
-1.2907814030719937,0.7122390226086768,1.2635119339321214e-10,7.557716936394153e-05,20.0
-1.2907823338560838,0.7122375971982766,1.316474241614648e-10,5.249519909703128e-05,20.0
-1.290783584733559,0.7122358810160231,1.316474241614648e-10,5.249519909703128e-05,19.0
-1.2907848645834994,0.712233961153846,1.316474241614648e-10,5.249519909703128e-05,20.0
-1.2907854754487373,0.7122330593422215,1.316474241614648e-10,5.249519909703128e-05,20.0
-1.2907861444334399,0.7122320412916688,1.316474241614648e-10,5.249519909703128e-05,20.0
-1.2907875406968414,0.71223015057649,1.316474241614648e-10,5.249519909703128e-05,19.0
-1.290788238828542,0.7122291323514045,1.316474241614648e-10,5.249519909703128e-05,19.0
-1.2907889079877775,0.7122281434478503,1.316474241614648e-10,5.249519909703128e-05,20.0
-1.2907895188530156,0.712227096250299,2.144607159019405e-10,7.549627423561609e-05,22.0
-1.2907901005712552,0.7122260490527479,2.144607159019405e-10,7.549627423561609e-05,21.0
-1.2907908859694186,0.7122248854417357,2.144607159019405e-10,7.549627423561609e-05,20.0
-1.290791787781043,0.7122236345642606,2.144607159019405e-10,7.549627423561609e-05,17.0
-1.2907928930980586,0.7122222383008591,2.144607159019405e-10,7.549627423561609e-05,17.0
-1.2907939402956095,0.7122208130649919,5.34739126463246e-11,3.9590638694665995e-05,17.0
-1.2907961800766388,0.712217816858265,5.34739126463246e-11,3.9590638694665995e-05,18.0
-1.2907973145406524,0.7122161879424741,5.34739126463246e-11,3.9590638694665995e-05,17.0
-1.2907996998821412,0.7122129880558236,5.34739126463246e-11,3.9590638694665995e-05,16.0
-1.290800834346155,0.7122115045259594,5.34739126463246e-11,3.9590638694665995e-05,16.0
-1.2908020269296328,0.712209962876631,5.34739126463246e-11,3.9590638694665995e-05,15.0
-1.2908032486601095,0.7122083629333057,5.34739126463246e-11,3.9590638694665995e-05,15.0
-1.2908043831241232,0.7122067631645133,5.34739126463246e-11,3.9590638694665995e-05,16.0
-1.2908054594686729,0.7122052213406522,5.34739126463246e-11,3.9590638694665995e-05,16.0
-1.2908064775192256,0.7122038250772507,5.34739126463246e-11,3.9590638694665995e-05,15.0
-1.2908075247167767,0.7122023125749208,1.5089345736057455e-10,0.00010428261235802929,14.0
-1.2908084846478654,0.7122008580175222,1.5089345736057455e-10,0.00010428261235802929,14.0
-1.290810259124116,0.7121979782242563,1.5089345736057455e-10,0.00010428261235802929,15.0
-1.2908120625728317,0.7121952148444516,1.5089345736057455e-10,0.00010428261235802929,12.0
-1.2908129062649922,0.7121939639669768,1.5089345736057455e-10,0.00010428261235802929,13.0
-1.2908136333691584,0.7121928005304974,1.5089345736057455e-10,0.00010428261235802929,12.0
-1.2908140697014718,0.7121918987188729,1.5742597792924433e-10,9.839880587714608e-05,12.0
-1.290814186114933,0.7121911133207095,1.5742597792924433e-10,9.839880587714608e-05,12.0
-1.2908138370490825,0.7121905024554713,1.5742597792924433e-10,9.839880587714608e-05,12.0
-1.2908131389173816,0.7121900661231583,1.5742597792924433e-10,9.839880587714608e-05,12.0
-1.2908107246034273,0.7121896297908452,1.5742597792924433e-10,9.839880587714608e-05,14.0
-1.2908095318454167,0.7121892226055309,1.5742597792924433e-10,9.839880587714608e-05,15.0
-1.2908083101149401,0.7121886698597567,1.5742597792924433e-10,9.839880587714608e-05,16.0
-1.2908071175314624,0.712188088141517,1.5742597792924433e-10,9.839880587714608e-05,16.0
-1.2908058958009858,0.7121875062487444,1.5742597792924433e-10,9.839880587714608e-05,16.0
-1.2908047032175078,0.7121870117969673,1.5742597792924433e-10,9.839880587714608e-05,16.0
-1.290803510459497,0.712186604611653,1.5742597792924433e-10,9.839880587714608e-05,17.0
-1.290802463261946,0.7121861972518055,1.5742597792924433e-10,9.839880587714608e-05,17.0
-1.2908015616248545,0.712185790066491,1.5742597792924433e-10,9.839880587714608e-05,17.0
-1.2908008051991566,0.7121854991201045,1.5742597792924433e-10,9.839880587714608e-05,17.0
-1.2908001943339185,0.7121852083482512,1.5742597792924433e-10,9.839880587714608e-05,18.0
-1.2907996707351426,0.7121849465488634,1.5742597792924433e-10,9.839880587714608e-05,18.0
-1.2907991762833657,0.7121847428689397,1.5742597792924433e-10,9.839880587714608e-05,18.0
-1.2907987108040542,0.7121845102165504,1.5742597792924433e-10,9.839880587714608e-05,18.0
-1.290798274471741,0.7121842773896282,1.5742597792924433e-10,9.839880587714608e-05,18.0
-1.2907978091669625,0.7121840155902405,1.5742597792924433e-10,9.839880587714608e-05,18.0
-1.290797285568187,0.7121837537908526,1.5742597792924433e-10,9.839880587714608e-05,18.0
-1.290796790941877,0.7121834338720007,1.5742597792924433e-10,9.839880587714608e-05,18.0
-1.2907957437443256,0.7121828811262266,1.5742597792924433e-10,9.839880587714608e-05,19.0
-1.2907953365590115,0.7121827357403,1.5742597792924433e-10,9.839880587714608e-05,20.0
-1.2907951620260862,0.7121826193268389,2.5954165710937046e-11,2.5801561029335265e-05,20.0
-1.290794609280312,0.7121822412885229,2.5954165710937046e-11,2.5801561029335265e-05,20.0
-1.2907937076432205,0.7121817176897471,2.5954165710937046e-11,2.5801561029335265e-05,20.0
-1.290790740583492,0.7121807867311243,8.381197995514852e-11,6.908608303236753e-05,21.0
-1.2907891114931682,0.7121801177464219,8.381197995514852e-11,6.908608303236753e-05,21.0
-1.2907873953109148,0.7121793904677227,8.381197995514852e-11,6.908608303236753e-05,21.0
-1.2907857081011267,0.7121786923360218,8.381197995514852e-11,6.908608303236753e-05,22.0
-1.2907840210658716,0.7121780233513195,8.381197995514852e-11,6.908608303236753e-05,22.0
-1.2907799195421295,0.7121763944355286,8.381197995514852e-11,6.908608303236753e-05,24.0
-1.2907789885835068,0.7121759870756812,8.381197995514852e-11,6.908608303236753e-05,23.0
-1.2907783487458029,0.7121756963038279,9.926324164539566e-11,5.446324013701811e-05,23.0
-1.29077791241349,0.7121755217709026,9.926324164539566e-11,5.446324013701811e-05,23.0
-1.290772676425734,0.7121741255075011,9.926324164539566e-11,5.446324013701811e-05,25.0
-1.2907715128147215,0.7121735146422629,9.926324164539566e-11,5.446324013701811e-05,25.0
-1.2907708146830208,0.7121731072824156,9.926324164539566e-11,5.446324013701811e-05,25.0
-1.29077011655132,0.7121728165105621,9.926324164539566e-11,5.446324013701811e-05,24.0
-1.290768807554381,0.7121723218842521,9.926324164539566e-11,5.446324013701811e-05,23.0
-1.290768051303216,0.7121721183788613,9.926324164539566e-11,5.446324013701811e-05,23.0
-1.2907672367580543,0.712171769313011,9.926324164539566e-11,5.446324013701811e-05,23.0
-1.290766247679967,0.7121713911001619,9.926324164539566e-11,5.446324013701811e-05,21.0
-1.2907639497794738,0.7121705184355359,9.926324164539566e-11,5.446324013701811e-05,23.0
-1.2907628442879255,0.7121700529562246,9.926324164539566e-11,5.446324013701811e-05,26.0
-1.2907616808514464,0.7121696166239115,0.0,0.0,25.0
-1.2907604880934354,0.7121690057586733,0.0,0.0,24.0
-1.290759150124031,0.712168336773971,0.0,0.0,24.0
-1.2907577247136308,0.7121676967617342,2.671683634300313e-10,0.00015043738788887066,24.0
-1.290754525001513,0.7121664460587922,2.671683634300313e-10,0.00015043738788887066,24.0
-1.290752925058188,0.7121657479270914,2.671683634300313e-10,0.00015043738788887066,23.0
-1.2907512669953982,0.7121650787678563,2.671683634300313e-10,0.00015043738788887066,23.0
-1.290748241816206,0.7121637407984516,2.671683634300313e-10,0.00015043738788887066,21.0
-1.2907470200857294,0.7121631880526776,2.671683634300313e-10,0.00015043738788887066,21.0
-1.29074594374118,0.7121627517203646,2.671683634300313e-10,0.00015043738788887066,20.0
-1.2907448384241644,0.712162606334438,2.671683634300313e-10,0.00015043738788887066,20.0
-1.2907439657595385,0.7121622572685875,2.671683634300313e-10,0.00015043738788887066,20.0
-1.2907430930949124,0.7121619663222012,4.59903917271311e-10,0.0001476598114474067,21.0
-1.2907423366692148,0.7121616753758149,4.59903917271311e-10,0.0001476598114474067,21.0
-1.2907416968315109,0.7121614718704241,4.59903917271311e-10,0.0001476598114474067,21.0
-1.2907407369004222,0.7121610936575752,4.59903917271311e-10,0.0001476598114474067,20.0
-1.2907402422741123,0.71216091912465,4.59903917271311e-10,0.0001476598114474067,19.0
-1.2907397478223352,0.7121606864722606,4.59903917271311e-10,0.0001476598114474067,20.0
-1.290739136957097,0.7121603955258744,4.59903917271311e-10,0.0001476598114474067,18.0
-1.2907384388253962,0.7121600173130255,4.59903917271311e-10,0.0001476598114474067,18.0
-1.2907376242802344,0.7121596101277109,4.59903917271311e-10,0.0001476598114474067,18.0
-1.290732911891254,0.7121575448796071,1.8535208450128626e-11,2.0310659336914622e-05,18.0
-1.2907321847870876,0.7121571666667582,1.8535208450128626e-11,2.0310659336914622e-05,19.0
-1.2907316320413134,0.7121568467479064,1.8535208450128626e-11,2.0310659336914622e-05,19.0
-1.2907311957090004,0.7121566430679827,1.8535208450128626e-11,2.0310659336914622e-05,19.0
-1.2907288103675116,0.7121550431246573,1.8535208450128626e-11,2.0310659336914622e-05,20.0
-1.290727792316959,0.7121546067923443,1.8535208450128626e-11,2.0310659336914622e-05,20.0
-1.2907267742664064,0.7121541414875657,1.8535208450128626e-11,2.0310659336914622e-05,21.0
-1.2907257851883194,0.7121537051552527,1.8535208450128626e-11,2.0310659336914622e-05,20.0
-1.2907228762480552,0.7121521633313915,1.8535208450128626e-11,2.0310659336914622e-05,21.0
-1.2907217709310397,0.7121516688796146,1.8535208450128626e-11,2.0310659336914622e-05,21.0
-1.2907207237334883,0.7121511744278375,1.8535208450128626e-11,2.0310659336914622e-05,19.0
-1.2907197346554016,0.7121507380955244,0.0,0.0,19.0
-1.2907183383919996,0.7121501562027518,0.0,0.0,20.0
-1.2907152259463448,0.7121498362838998,1.040088764289242e-10,4.129853841498168e-05,20.0
-1.2907137424164805,0.7121505635625992,1.040088764289242e-10,4.129853841498168e-05,20.0
-1.2907131896707065,0.7121511161338402,1.040088764289242e-10,4.129853841498168e-05,20.0
-1.2907127243659278,0.7121517269990785,1.040088764289242e-10,4.129853841498168e-05,19.0
-1.2907123170060804,0.7121523670113152,1.040088764289242e-10,4.129853841498168e-05,20.0
-1.2907112408360637,0.7121539086606435,1.040088764289242e-10,4.129853841498168e-05,20.0
-1.290710600823827,0.712154752352804,1.040088764289242e-10,4.129853841498168e-05,19.0
-1.2907099026921263,0.71215562501743,1.040088764289242e-10,4.129853841498168e-05,19.0
-1.2907091464409612,0.7121564976820559,1.040088764289242e-10,4.129853841498168e-05,19.0
-1.2907077501775597,0.7121581847173108,1.040088764289242e-10,4.129853841498168e-05,20.0
-1.2907069937518618,0.7121590284094713,1.040088764289242e-10,4.129853841498168e-05,22.0
-1.2907062083536984,0.712159930046563,1.040088764289242e-10,4.129853841498168e-05,22.0
-1.2907052775696084,0.7121608318581875,1.040088764289242e-10,4.129853841498168e-05,21.0
-1.2907043176385196,0.7121619371752028,1.040088764289242e-10,4.129853841498168e-05,20.0
-1.2907033285604328,0.7121631299332135,8.766691340282049e-11,6.091280425768045e-05,19.0
-1.2907023396568784,0.7121644970496166,8.766691340282049e-11,6.091280425768045e-05,17.0
-1.2907013214317928,0.7121658933130183,8.766691340282049e-11,6.091280425768045e-05,17.0
-1.2907000997013165,0.7121673187234183,8.766691340282049e-11,6.091280425768045e-05,18.0
-1.290698819851376,0.712168831225748,8.766691340282049e-11,6.091280425768045e-05,19.0
-1.290697510854437,0.7121704311690735,8.766691340282049e-11,6.091280425768045e-05,18.0
-1.2906964055374217,0.7121720892318627,8.766691340282049e-11,6.091280425768045e-05,18.0
-1.2906951255129484,0.7121737472946522,8.766691340282049e-11,6.091280425768045e-05,17.0
-1.2906929438513832,0.7121768888873057,1.9787642972494988e-11,1.8038386035655843e-05,17.0
-1.2906911404026673,0.7121795068811837,1.9787642972494988e-11,1.8038386035655843e-05,19.0
-1.2906902385910426,0.7121807577586586,0.0,0.0,20.0
-1.2906894242204137,0.7121820957280633,0.0,0.0,19.0
-1.2906883478758642,0.7121835211384634,0.0,0.0,18.0
-1.2906871842648517,0.712184975521329,0.0,0.0,16.0
-1.290685991681374,0.7121864881981917,0.0,0.0,15.0
-1.2906848280703616,0.7121879717280559,0.0,0.0,15.0
-1.2906838100198086,0.712189338844459,0.0,0.0,14.0
-1.290682239223482,0.7121916369194851,0.0,0.0,15.0
-1.2906817737441705,0.7121922769317218,0.0,0.0,15.0
-1.2906803193613048,0.7121931785688135,0.0,0.0,14.0
-1.2906796793490682,0.7121941095274364,0.0,0.0,14.0
-1.2906788649784393,0.7121951275779891,0.0,0.0,13.0
-1.2906780212862787,0.7121962328950044,0.0,0.0,13.0
-1.2906772069156498,0.7121973383865526,0.0,0.0,15.0
-1.2906764215174864,0.7121984145565694,0.0,0.0,15.0
-1.2906755488528605,0.7121995200481177,0.0,0.0,15.0
-1.2906745889217717,0.712200741778594,1.8975228312927735e-11,1.9402872103630656e-05,15.0
-1.290673657963149,0.7122020797479985,1.8975228312927735e-11,1.9402872103630656e-05,14.0
-1.2906729017119838,0.7122036505443254,1.8975228312927735e-11,1.9402872103630656e-05,14.0
-1.2906719126338968,0.7122052213406522,1.8975228312927735e-11,1.9402872103630656e-05,14.0
-1.2906708073168816,0.7122067048705164,1.8975228312927735e-11,1.9402872103630656e-05,14.0
-1.2906697309723318,0.7122081302809165,1.8975228312927735e-11,1.9402872103630656e-05,13.0
-1.2906687420687775,0.7122094973973195,1.8975228312927735e-11,1.9402872103630656e-05,13.0
-1.2906677529906905,0.7122107482747944,1.8975228312927735e-11,1.9402872103630656e-05,13.0
-1.2906668803260646,0.7122118535918097,1.8975228312927735e-11,1.9402872103630656e-05,12.0
-1.290666094927901,0.7122127554034342,1.8975228312927735e-11,1.9402872103630656e-05,13.0
-1.2906655713291255,0.7122134243881365,1.8975228312927735e-11,1.9402872103630656e-05,13.0
-1.2906651641438112,0.7122140644003733,1.8975228312927735e-11,1.9402872103630656e-05,12.0
-1.2906643787456475,0.7122139479869123,1.8975228312927735e-11,1.9402872103630656e-05,12.0
-1.2906636514669483,0.7122141225198373,1.8975228312927735e-11,1.9402872103630656e-05,12.0
-1.2906627206828583,0.7122140644003733,1.8975228312927735e-11,1.9402872103630656e-05,12.0
-1.29066161519131,0.7122137734539871,1.8975228312927735e-11,1.9402872103630656e-05,12.0
-1.290660364488368,0.712213337121674,1.8975228312927735e-11,1.9402872103630656e-05,12.0
-1.2906589971974318,0.7122126972839701,1.8975228312927735e-11,1.9402872103630656e-05,13.0
-1.2906574846951022,0.7122119991522693,1.8975228312927735e-11,1.9402872103630656e-05,13.0
-1.2906559138987754,0.7122113010205686,1.8975228312927735e-11,1.9402872103630656e-05,15.0
-1.2906513468957217,0.7122092938919289,2.690260727630632e-10,0.00015149250874856336,13.0
-1.2906496888329322,0.7122089156790798,2.690260727630632e-10,0.00015149250874856336,12.0
-1.290648147183604,0.7122084212273028,2.690260727630632e-10,0.00015149250874856336,12.0
-1.2906466345067413,0.7122079266009927,2.690260727630632e-10,0.00015149250874856336,12.0
-1.2906452673903384,0.7122073740297516,2.690260727630632e-10,0.00015149250874856336,12.0
-1.2906441329263245,0.7122069085504401,2.690260727630632e-10,0.00015149250874856336,12.0
-1.2906430857287732,0.7122065013651256,1.0580809921960328e-10,7.660725466033605e-05,12.0
-1.290642038531222,0.7122061522992752,1.0580809921960328e-10,7.660725466033605e-05,12.0
-1.2906408749202096,0.7122057449394278,1.0580809921960328e-10,7.660725466033605e-05,12.0
-1.2906395950702694,0.7122052796346492,1.0580809921960328e-10,7.660725466033605e-05,11.0
-1.2906366569830066,0.7122040579041727,1.0580809921960328e-10,7.660725466033605e-05,15.0
-1.2906349116537543,0.712203359772472,1.0580809921960328e-10,7.660725466033605e-05,16.0
-1.2906331373520368,0.7122026324937726,1.0580809921960328e-10,7.660725466033605e-05,16.0
-1.2906313047563223,0.7122019052150733,1.0580809921960328e-10,7.660725466033605e-05,15.0
-1.2906295302800719,0.71220111981691,1.2557853130895239e-11,1.5573102669805767e-05,15.0
-1.290625894235641,0.7121997235535085,3.657328127109487e-11,2.828628496671036e-05,16.0
-1.2906242361728517,0.7121991999547327,3.657328127109487e-11,2.828628496671036e-05,16.0
-1.29062283990945,0.7121987636224196,3.657328127109487e-11,2.828628496671036e-05,16.0
-1.290621792711899,0.7121985309700305,3.657328127109487e-11,2.828628496671036e-05,16.0
-1.2906208036338118,0.7121982110511786,3.657328127109487e-11,2.828628496671036e-05,15.0
-1.2906207744868132,0.7121981237847159,3.657328127109487e-11,2.828628496671036e-05,15.0
-1.2906208327808104,0.7121981237847159,3.657328127109487e-11,2.828628496671036e-05,15.0
-1.290620599953888,0.7121980365182534,3.657328127109487e-11,2.828628496671036e-05,15.0
-1.2906202800350364,0.7121974546254808,3.657328127109487e-11,2.828628496671036e-05,14.0
-1.2906201636215753,0.7121966111078534,3.657328127109487e-11,2.828628496671036e-05,14.0
-1.290620425420963,0.7121956803237632,3.657328127109487e-11,2.828628496671036e-05,14.0
-1.290620978166737,0.7121947203926747,3.657328127109487e-11,2.828628496671036e-05,14.0
-1.2906217054454363,0.7121937021675889,3.657328127109487e-11,2.828628496671036e-05,14.0
-1.2906224325496027,0.7121926841170364,3.657328127109487e-11,2.828628496671036e-05,15.0
-1.2906231017088379,0.7121916660664838,3.657328127109487e-11,2.828628496671036e-05,16.0
-1.2906236253076135,0.7121908806683203,3.657328127109487e-11,2.828628496671036e-05,16.0
-1.2906240324929281,0.7121904151890086,3.657328127109487e-11,2.828628496671036e-05,16.0
-1.2906242651453175,0.7121900952701569,3.657328127109487e-11,2.828628496671036e-05,16.0
-1.2906261850074945,0.7121876807816696,0.0,0.0,16.0
-1.2906267669002671,0.7121867499975796,0.0,0.0,17.0
-1.2906280758972062,0.7121844519225534,0.0,0.0,17.0
-1.2906288030013724,0.712183230192077,0.0,0.0,17.0
-1.2906313920227848,0.71217930320126,3.6452348156735784e-11,3.056486953066713e-05,18.0
-1.2906324100733377,0.712177936084857,3.6452348156735784e-11,3.056486953066713e-05,18.0
-1.2906334281238903,0.7121765106744568,3.6452348156735784e-11,3.056486953066713e-05,17.0
-1.2906345044684397,0.7121750271445927,3.6452348156735784e-11,3.056486953066713e-05,18.0
-1.290635551665991,0.7121735436147285,3.6452348156735784e-11,3.056486953066713e-05,19.0
-1.2906365407440783,0.7121720892318627,3.6452348156735784e-11,3.056486953066713e-05,17.0
-1.290637675208092,0.7121705184355359,3.6452348156735784e-11,3.056486953066713e-05,17.0
-1.29063886779157,0.7121689184922108,3.6452348156735784e-11,3.056486953066713e-05,15.0
-1.2906400314025823,0.7121672604294212,3.6452348156735784e-11,3.056486953066713e-05,15.0
-1.2906412531330589,0.7121655733941664,3.6452348156735784e-11,3.056486953066713e-05,15.0
-1.2906425329829991,0.7121638570373799,3.6452348156735784e-11,3.056486953066713e-05,16.0
-1.2906436965940116,0.7121621408551265,3.6452348156735784e-11,3.056486953066713e-05,15.0
-1.2906458782555765,0.7121589119960103,3.6452348156735784e-11,3.056486953066713e-05,16.0
-1.2906469254531276,0.7121576321460696,3.6452348156735784e-11,3.056486953066713e-05,14.0
-1.2906478562372177,0.7121564976820559,3.6452348156735784e-11,3.056486953066713e-05,14.0
-1.2906484962494544,0.7121557412563582,0.0,0.0,16.0
-1.2906487580488424,0.7121553049240451,0.0,0.0,16.0
-1.2906488742877704,0.7121551595381186,0.0,0.0,16.0
-1.2906489325817676,0.7121551303911199,0.0,0.0,16.0
-1.2906493689140803,0.712153937807642,0.0,0.0,17.0
-1.2906498633658576,0.7121530070235519,0.0,0.0,17.0
-1.29065053235056,0.7121519887984663,0.0,0.0,17.0
-1.2906523068268103,0.7121496908979732,0.0,0.0,16.0
-1.2906534704378225,0.7121482654875729,0.0,0.0,15.0
-1.2906545176353739,0.7121468692241716,0.0,0.0,15.0
-1.2906554775664623,0.7121454438137713,0.0,0.0,16.0
-1.2906565247640136,0.7121439602839073,0.0,0.0,17.0
-1.2906576300810289,0.7121423894875804,0.0,0.0,17.0
-1.2906587936920413,0.7121408769852506,0.0,0.0,17.0
-1.2906598117425938,0.7121393061889237,0.0,0.0,17.0
-1.29066068440722,0.712137735392597,0.0,0.0,17.0
-1.290661498952382,0.7121362808351983,0.0,0.0,16.0
-1.2906622552035467,0.7121350301322564,4.038983292295497e-11,3.510715018714744e-05,15.0
-1.290662982482246,0.7121339537877067,4.038983292295497e-11,3.510715018714744e-05,15.0
-1.2906637387334108,0.7121330230036166,4.038983292295497e-11,3.510715018714744e-05,15.0
-1.290664291479185,0.7121322957249172,4.038983292295497e-11,3.510715018714744e-05,16.0
-1.2906649023444232,0.7121317429791432,4.038983292295497e-11,3.510715018714744e-05,16.0
-1.2906647859309621,0.7121292705457248,4.038983292295497e-11,3.510715018714744e-05,16.0
-1.290663913266336,0.7121287177999507,4.038983292295497e-11,3.510715018714744e-05,15.0
-1.2906628952157835,0.7121281069347126,4.038983292295497e-11,3.510715018714744e-05,16.0
-1.2906587064255786,0.7121261870725353,6.549426834182163e-11,4.226537305459403e-05,16.0
-1.290657077335255,0.7121254889408345,6.549426834182163e-11,4.226537305459403e-05,17.0
-1.2906536158237492,0.7121241507968971,6.549426834182163e-11,4.226537305459403e-05,17.0
-1.2906500670457812,0.7121227545334954,2.2481192044572107e-10,7.26279241527029e-05,18.0
-1.290648408982992,0.7121220855487931,2.2481192044572107e-10,7.26279241527029e-05,19.0
-1.2906468381866651,0.7121213001506297,2.2481192044572107e-10,7.26279241527029e-05,17.0
-1.2906451801238759,0.7121205728719305,2.2481192044572107e-10,7.26279241527029e-05,17.0
-1.2906434637670892,0.7121198747402295,2.2481192044572107e-10,7.26279241527029e-05,17.0
-1.2906417767318343,0.7121190893420662,2.2481192044572107e-10,7.26279241527029e-05,17.0
-1.2906400603750479,0.7121182749714372,2.832731817975742e-10,0.00013525519332114412,18.0
-1.2906383441927944,0.7121174895732739,2.832731817975742e-10,0.00013525519332114412,20.0
-1.2906365988635424,0.7121168495610372,2.832731817975742e-10,0.00013525519332114412,20.0
-1.2906349116537543,0.7121161514293364,2.832731817975742e-10,0.00013525519332114412,20.0
-1.2906316827946382,0.712115046112321,2.832731817975742e-10,0.00013525519332114412,20.0
-1.2906302865312367,0.7121145225135455,2.832731817975742e-10,0.00013525519332114412,22.0
-1.2906292103612198,0.7121140861812325,2.832731817975742e-10,0.00013525519332114412,23.0
-1.2906285412019847,0.7121137079683836,2.832731817975742e-10,0.00013525519332114412,23.0
-1.2906246433581663,0.71211199178613,2.0193134450130332e-10,0.00011066891716099815,24.0
-1.2906237706935402,0.7121115263068186,2.0193134450130332e-10,0.00011066891716099815,25.0
-1.290622868881916,0.7121110027080431,2.0193134450130332e-10,0.00011066891716099815,26.0
-1.2906220545112868,0.7121104499622689,2.0193134450130332e-10,0.00011066891716099815,26.0
-1.2906211818466606,0.7121098973910277,2.0193134450130332e-10,0.00011066891716099815,26.0
-1.2906203381545005,0.7121093154982551,2.0193134450130332e-10,0.00011066891716099815,26.0
-1.2906193201039475,0.712108821046478,2.0193134450130332e-10,0.00011066891716099815,26.0
-1.2906175747746955,0.7121077738489269,2.0193134450130332e-10,0.00011066891716099815,25.0
-1.2906161785112942,0.7121069011843009,2.0193134450130332e-10,0.00011066891716099815,26.0
-1.2906136186368802,0.7121056213343603,2.75122838112081e-11,2.1511081916987182e-05,24.0
-1.290612455200401,0.7121050104691221,2.75122838112081e-11,2.1511081916987182e-05,24.0
-1.2906093425802128,0.7121035559117235,2.75122838112081e-11,2.1511081916987182e-05,27.0
-1.290607655544958,0.7121026542746319,1.2305081595932022e-10,7.626814643692286e-05,26.0
-1.2906058810687073,0.7121017524630073,1.2305081595932022e-10,7.626814643692286e-05,28.0
-1.2906039903535285,0.7121009962118426,1.2305081595932022e-10,7.626814643692286e-05,29.0
-1.2906021286108156,0.7121002108136791,1.2305081595932022e-10,7.626814643692286e-05,28.0
-1.2906002668681023,0.7120994254155157,1.2305081595932022e-10,7.626814643692286e-05,29.0
-1.2905982597394625,0.7120986400173522,1.2305081595932022e-10,7.626814643692286e-05,29.0
-1.290596223638357,0.712097854619189,1.2305081595932022e-10,7.626814643692286e-05,31.0
-1.290592442033467,0.7120962546758635,5.0179779870887935e-11,4.056240361909118e-05,29.0
-1.2905905802907538,0.7120957310770881,3.336626907553932e-11,2.718318537824795e-05,29.0
-1.2905890967608897,0.712095178331314,3.336626907553932e-11,2.718318537824795e-05,27.0
-1.2905878750304132,0.7120947419990009,3.336626907553932e-11,2.718318537824795e-05,27.0
-1.2905870315127856,0.7120943929331506,3.336626907553932e-11,2.718318537824795e-05,27.0
-1.2905804865280908,0.712094800292998,2.0842533096195445e-11,2.7350078698075638e-05,29.0
-1.2905793812110755,0.7120967782746392,2.0842533096195445e-11,2.7350078698075638e-05,27.0
-1.2905787120518402,0.7120978835916546,2.0842533096195445e-11,2.7350078698075638e-05,26.0
-1.2905778976812115,0.7120989890832028,2.0842533096195445e-11,2.7350078698075638e-05,26.0
-1.2905769958695867,0.7121000362807539,2.0842533096195445e-11,2.7350078698075638e-05,26.0
-1.2905761523519592,0.7121010251843081,2.0842533096195445e-11,2.7350078698075638e-05,27.0
-1.2905754542202585,0.71210183972947,2.0842533096195445e-11,2.7350078698075638e-05,29.0
-1.2905749595939484,0.7121025087141724,2.0842533096195445e-11,2.7350078698075638e-05,29.0
-1.290574610528098,0.7121029450464854,2.0842533096195445e-11,2.7350078698075638e-05,30.0
-1.2905733306781577,0.7121053595349726,2.0842533096195445e-11,2.7350078698075638e-05,31.0
-1.2905726325464568,0.7121062321995985,2.0842533096195445e-11,2.7350078698075638e-05,30.0
-1.2905719052677576,0.7121072211031527,2.8068972147157684e-11,2.653921572033399e-05,30.0
-1.2905710326031314,0.7121082393282382,2.8068972147157684e-11,2.653921572033399e-05,29.0
-1.290570247204968,0.7121092865257896,2.8068972147157684e-11,2.653921572033399e-05,29.0
-1.2905693745403422,0.7121102754293437,2.8068972147157684e-11,2.653921572033399e-05,29.0
-1.2905676002386246,0.7121124281184431,2.8068972147157684e-11,2.653921572033399e-05,29.0
-1.2905655931099846,0.7121148715793958,2.8068972147157684e-11,2.653921572033399e-05,27.0
-1.2905646040318977,0.7121162095488005,2.8068972147157684e-11,2.653921572033399e-05,27.0
-1.2905624223703327,0.7121188858366755,9.094962302698364e-11,7.241604932315349e-05,23.0
-1.2905615497057068,0.7121202238060802,9.094962302698364e-11,7.241604932315349e-05,23.0
-1.2905607934545418,0.7121215619500175,9.094962302698364e-11,7.241604932315349e-05,22.0
-1.2905588152983676,0.7121241799438957,9.094962302698364e-11,7.241604932315349e-05,22.0
-1.290557855367279,0.7121255762072971,9.094962302698364e-11,7.241604932315349e-05,22.0
-1.2905568954361903,0.7121269724706988,1.1314450515960125e-10,9.19955016599295e-05,22.0
-1.2905558773856376,0.7121284268535645,1.1314450515960125e-10,9.19955016599295e-05,20.0
-1.2905547137746254,0.712129764997502,1.0861057948226256e-10,8.433754673144506e-05,20.0
-1.2905536957240726,0.7121311321139051,1.0861057948226256e-10,8.433754673144506e-05,19.0
-1.290552735792984,0.7121324994048409,1.0861057948226256e-10,8.433754673144506e-05,17.0
-1.2905498268527198,0.7121368627279709,1.0861057948226256e-10,8.433754673144506e-05,16.0
-1.290548750682703,0.7121384335242977,1.0861057948226256e-10,8.433754673144506e-05,17.0
-1.2905475870716907,0.7121400332930902,1.0861057948226256e-10,8.433754673144506e-05,16.0
-1.2905464234606783,0.7121415459699529,1.0116222663947399e-10,4.160495445677829e-05,16.0
-1.2905453472906614,0.7121428841138905,1.0116222663947399e-10,4.160495445677829e-05,14.0
-1.2905444746260357,0.7121439894309056,1.0116222663947399e-10,4.160495445677829e-05,13.0
-1.2905436600808737,0.7121449785089927,1.0116222663947399e-10,4.160495445677829e-05,12.0
-1.2905428455357117,0.7121458511736187,1.0116222663947399e-10,4.160495445677829e-05,11.0
-1.2905407802876079,0.7121484981399623,1.0116222663947399e-10,4.160495445677829e-05,12.0
-1.2905401113029056,0.7121493126851243,1.0116222663947399e-10,4.160495445677829e-05,13.0
-1.2905395004376674,0.712150010816825,1.0116222663947399e-10,4.160495445677829e-05,14.0
-1.2905389185448948,0.7121507089485258,1.0116222663947399e-10,4.160495445677829e-05,14.0
-1.2905384240931177,0.7121513198137641,1.0116222663947399e-10,4.160495445677829e-05,14.0
-1.290537638694954,0.7121524834247763,1.0116222663947399e-10,4.160495445677829e-05,13.0
-1.2905366496168673,0.712153821394181,1.0116222663947399e-10,4.160495445677829e-05,13.0
-1.2905354278863908,0.7121553921905077,1.0116222663947399e-10,4.160495445677829e-05,11.0
-1.2905347297546899,0.7121563231491307,1.9980496260663852e-10,7.64195754522993e-05,11.0
-1.2905339443565265,0.7121573703466819,1.9980496260663852e-10,7.64195754522993e-05,12.0
-1.290533042719435,0.7121585048106958,1.9980496260663852e-10,7.64195754522993e-05,15.0
-1.290532170054809,0.7121595809807124,1.0546068305113935e-10,7.518320247534079e-05,14.0
-1.2905305701114835,0.7121616753758149,1.0546068305113935e-10,7.518320247534079e-05,13.0
-1.2905299011267815,0.7121627225733661,1.0546068305113935e-10,7.518320247534079e-05,14.0
-1.2905292611145447,0.7121637407984516,1.0546068305113935e-10,7.518320247534079e-05,14.0
-1.2905286793963051,0.7121646134630777,1.0546068305113935e-10,7.518320247534079e-05,14.0
-1.290528126650531,0.7121655151001693,1.0546068305113935e-10,7.518320247534079e-05,14.0
-1.290527573904757,0.7121662715258672,1.0546068305113935e-10,7.518320247534079e-05,12.0
-1.2905270794529797,0.7121669405105695,1.0546068305113935e-10,7.518320247534079e-05,13.0
-1.2905266722676652,0.712167522228809,1.0546068305113935e-10,7.518320247534079e-05,13.0
-1.2905262940548163,0.7121680749745833,1.0546068305113935e-10,7.518320247534079e-05,13.0
-1.290525944988966,0.7121684821598977,1.0546068305113935e-10,7.518320247534079e-05,14.0
-1.290525625070114,0.712168831225748,1.0546068305113935e-10,7.518320247534079e-05,15.0
-1.2905250431773416,0.7121697911568368,1.0546068305113935e-10,7.518320247534079e-05,16.0
-1.2905246651390254,0.7121703730496093,1.0546068305113935e-10,7.518320247534079e-05,16.0
-1.2905241705127155,0.7121710128873131,1.0546068305113935e-10,7.518320247534079e-05,16.0
-1.2905236469139398,0.7121717401660124,1.0546068305113935e-10,7.518320247534079e-05,16.0
-1.2905230651957,0.7121724674447116,1.0546068305113935e-10,7.518320247534079e-05,17.0
-1.2905225997163887,0.7121731655764124,9.196567442975139e-11,7.067223945598488e-05,17.0
-1.290522076117613,0.7121738637081132,9.196567442975139e-11,7.067223945598488e-05,17.0
-1.2905210580670605,0.7121753472379775,9.196567442975139e-11,7.067223945598488e-05,17.0
-1.2905189055524937,0.7121782270312432,9.196567442975139e-11,7.067223945598488e-05,17.0
-1.2905183236597213,0.7121789251629441,9.196567442975139e-11,7.067223945598488e-05,17.0
-1.2905177419414815,0.7121795941476463,9.196567442975139e-11,7.067223945598488e-05,18.0
-1.2905170729567794,0.7121802341598831,9.196567442975139e-11,7.067223945598488e-05,19.0
-1.290516462091541,0.7121808739975868,9.196567442975139e-11,7.067223945598488e-05,19.0
-1.2905157639598401,0.7121813394768984,9.196567442975139e-11,7.067223945598488e-05,19.0
-1.2905149785616767,0.7121816012762862,9.196567442975139e-11,7.067223945598488e-05,18.0
-1.2905140767500525,0.7121815721292876,9.196567442975139e-11,7.067223945598488e-05,19.0
-1.2905130295525011,0.7121812813574342,9.196567442975139e-11,7.067223945598488e-05,19.0
-1.2905119242354859,0.7121807286116602,9.196567442975139e-11,7.067223945598488e-05,19.0
-1.290510673358011,0.712180059626958,9.196567442975139e-11,7.067223945598488e-05,19.0
-1.2905092189751455,0.7121793323482586,1.0223173840283762e-10,5.726894204595701e-05,21.0
-1.2905077062982826,0.7121785760970937,1.0223173840283762e-10,5.726894204595701e-05,21.0
-1.29050619362142,0.7121777906989302,1.0223173840283762e-10,5.726894204595701e-05,23.0
-1.2905047392385545,0.7121770342732325,1.0223173840283762e-10,5.726894204595701e-05,23.0
-1.2905032848556883,0.712176248875069,1.0223173840283762e-10,5.726894204595701e-05,24.0
-1.2905018013258243,0.7121755507433682,1.0223173840283762e-10,5.726894204595701e-05,24.0
-1.2905003759154243,0.7121749981721271,1.0223173840283762e-10,5.726894204595701e-05,26.0
-1.2904990377714867,0.7121745326928155,9.016675625644219e-13,4.15833231108315e-06,27.0
-1.2904980197209341,0.7121740672135041,9.016675625644219e-13,4.15833231108315e-06,28.0
-1.2904972634697691,0.7121737181476537,9.016675625644219e-13,4.15833231108315e-06,28.0
-1.2904966526045312,0.7121735146422629,9.016675625644219e-13,4.15833231108315e-06,28.0
-1.2904947327423537,0.7121729037770247,9.016675625644219e-13,4.15833231108315e-06,29.0
-1.290494150849581,0.7121726128306384,9.016675625644219e-13,4.15833231108315e-06,31.0
-1.2904934237454146,0.7121722346177894,9.016675625644219e-13,4.15833231108315e-06,32.0
-1.2904925510807888,0.7121718274324749,9.016675625644219e-13,4.15833231108315e-06,32.0
-1.2904915911497001,0.7121713911001619,9.016675625644219e-13,4.15833231108315e-06,34.0
-1.290489612993526,0.7121705184355359,9.016675625644219e-13,4.15833231108315e-06,34.0
-1.2904887694758984,0.7121701402226871,9.016675625644219e-13,4.15833231108315e-06,34.0
-1.2904880132247336,0.7121697330373725,9.016675625644219e-13,4.15833231108315e-06,33.0
-1.2904873440654985,0.7121694712379848,9.016675625644219e-13,4.15833231108315e-06,33.0
-1.290486762347259,0.7121695003849834,9.016675625644219e-13,4.15833231108315e-06,33.0
-1.290486238748483,0.7121693258520582,9.016675625644219e-13,4.15833231108315e-06,33.0
-1.2904830680088308,0.712167958561122,9.016675625644219e-13,4.15833231108315e-06,34.0
-1.2904821663717394,0.7121675513758076,3.185018817880656e-11,2.2928726457804043e-05,36.0
-1.2904811772936524,0.7121671441904932,3.185018817880656e-11,2.2928726457804043e-05,37.0
-1.2904757376259728,0.7121651370618534,6.35017657981788e-11,3.875833962634266e-05,39.0
-1.2904723052614657,0.7121644970496166,6.35017657981788e-11,3.875833962634266e-05,39.0
-1.290471927048617,0.7121642061032303,6.35017657981788e-11,3.875833962634266e-05,39.0
-1.2904715488357679,0.7121638861843784,6.35017657981788e-11,3.875833962634266e-05,39.0
-1.2904711416504533,0.7121635662655266,6.35017657981788e-11,3.875833962634266e-05,39.0
-1.2904707634376045,0.7121632461721417,6.35017657981788e-11,3.875833962634266e-05,39.0
-1.2904685817760393,0.7121612681905004,6.35017657981788e-11,3.875833962634266e-05,37.0
-1.2904676801389479,0.71216091912465,6.35017657981788e-11,3.875833962634266e-05,37.0
-1.2904665746473998,0.7121604536453385,6.35017657981788e-11,3.875833962634266e-05,38.0
-1.290465498477383,0.7121599591935615,6.35017657981788e-11,3.875833962634266e-05,38.0
-1.2904634913487432,0.7121590284094713,1.136466669697347e-11,1.4696437976147558e-05,38.0
-1.2904627640700437,0.7121584756636973,1.136466669697347e-11,1.4696437976147558e-05,37.0
-1.2904623568847293,0.7121578356514605,1.136466669697347e-11,1.4696437976147558e-05,37.0
-1.2904622696182668,0.7121572247862223,1.136466669697347e-11,1.4696437976147558e-05,37.0
-1.2904627640700437,0.7121564976820559,1.136466669697347e-11,1.4696437976147558e-05,37.0
-1.2904634330547462,0.7121555958704315,1.136466669697347e-11,1.4696437976147558e-05,36.0
-1.2904641603334452,0.7121546650863414,1.136466669697347e-11,1.4696437976147558e-05,34.0
-1.2904653820639218,0.7121525996637045,1.0345873736744235e-11,1.4457181763143715e-05,36.0
-1.2904658475432333,0.712151698026613,1.0345873736744235e-11,1.4457181763143715e-05,37.0
-1.2904666329413965,0.7121506508290617,1.9718799435164038e-11,1.9703981239868097e-05,39.0
-1.2904667491803248,0.7121503017632114,1.9718799435164038e-11,1.9703981239868097e-05,39.0
-1.2904675637254868,0.7121493126851243,1.9718799435164038e-11,1.9703981239868097e-05,38.0
-1.2904692509352746,0.7121473055564845,1.02497669409067e-11,1.4337666397765029e-05,37.0
-1.290470152572366,0.7121461129730067,1.02497669409067e-11,1.4337666397765029e-05,37.0
-1.2904709962645267,0.7121448912425303,1.5784056223593758e-11,1.9981196796290673e-05,37.0
-1.2904718689291526,0.7121436984845193,1.5784056223593758e-11,1.9981196796290673e-05,37.0
-1.290472654327316,0.7121425640205056,1.5784056223593758e-11,1.9981196796290673e-05,37.0
-1.2904740795631833,0.7121404696254032,8.620977597374436e-12,1.1890155681256121e-05,38.0
-1.2904746904284214,0.7121395969607772,8.620977597374436e-12,1.1890155681256121e-05,39.0
-1.2904751559077328,0.7121388407096123,8.620977597374436e-12,1.1890155681256121e-05,39.0
-1.290475039494272,0.7121380553114488,8.620977597374436e-12,1.1890155681256121e-05,40.0
-1.290474283243107,0.7121373280327495,8.620977597374436e-12,1.1890155681256121e-05,37.0
-1.2904730615126305,0.7121365426345863,8.620977597374436e-12,1.1890155681256121e-05,39.0
-1.290471723368693,0.7121358445028855,8.620977597374436e-12,1.1890155681256121e-05,39.0
-1.2904702398388288,0.7121351463711845,8.620977597374436e-12,1.1890155681256121e-05,40.0
-1.290467040126711,0.7121336628413204,8.620977597374436e-12,1.1890155681256121e-05,38.0
-1.290465440183386,0.7121329065901555,1.2902223124220694e-11,2.0879935146889278e-05,39.0
-1.2904639566535216,0.7121320630725279,1.2902223124220694e-11,2.0879935146889278e-05,39.0
-1.290459447944465,0.7121300267968897,8.61703280189361e-11,4.604098818966702e-05,37.0
-1.290458080828062,0.71212944507865,8.61703280189361e-11,4.604098818966702e-05,37.0
-1.2904568008035884,0.7121289795993385,8.61703280189361e-11,4.604098818966702e-05,37.0
-1.2904556082201104,0.7121285432670255,8.61703280189361e-11,4.604098818966702e-05,37.0
-1.290454648289022,0.7121280488152485,8.096868095786758e-11,4.356286546523294e-05,37.0
-1.2904539210103227,0.712127699749398,8.096868095786758e-11,4.356286546523294e-05,38.0
-1.290451710376292,0.7121270016176973,8.096868095786758e-11,4.356286546523294e-05,36.0
-1.2904509249781286,0.7121266525518468,8.096868095786758e-11,4.356286546523294e-05,37.0
-1.2904498777805777,0.7121261579255369,8.096868095786758e-11,4.356286546523294e-05,36.0
-1.2904486850225667,0.7121256634737597,8.096868095786758e-11,4.356286546523294e-05,38.0
-1.290447288759165,0.7121251398749842,8.096868095786758e-11,4.356286546523294e-05,38.0
-1.2904457762568353,0.7121244998627475,1.0923580673636918e-10,5.626159179595539e-05,37.0
-1.29044417631351,0.7121238017310465,1.0923580673636918e-10,5.626159179595539e-05,36.0
-1.290442547397719,0.7121230163328832,1.0923580673636918e-10,5.626159179595539e-05,33.0
-1.2904408601879311,0.7121222309347198,1.0923580673636918e-10,5.626159179595539e-05,34.0
-1.2904391440056777,0.7121213874170923,1.0923580673636918e-10,5.626159179595539e-05,34.0
-1.2904374859428882,0.7121205147524663,1.0923580673636918e-10,5.626159179595539e-05,33.0
-1.2904357987331005,0.7121197585013015,1.0923580673636918e-10,5.626159179595539e-05,27.0
-1.2904340534038483,0.7121190893420662,1.0923580673636918e-10,5.626159179595539e-05,27.0
-1.2904324534605232,0.7121182458244388,1.8748943262662734e-10,8.96041025968735e-05,28.0
-1.2904309699306589,0.7121173731598127,1.8748943262662734e-10,8.96041025968735e-05,27.0
-1.290429544694792,0.7121164713481882,1.8748943262662734e-10,8.96041025968735e-05,28.0
-1.290427915604468,0.7121158896299484,7.384109026105405e-11,5.5272218426023114e-05,25.0
-1.290426228569213,0.7121153079117089,7.384109026105405e-11,5.5272218426023114e-05,25.0
-1.290424541359425,0.7121147260189363,7.384109026105405e-11,5.5272218426023114e-05,25.0
-1.2904228251771717,0.7121140861812325,7.384109026105405e-11,5.5272218426023114e-05,26.0
-1.2904211088203854,0.7121133589025332,7.384109026105405e-11,5.5272218426023114e-05,26.0
-1.2904193634911332,0.7121125735043699,7.384109026105405e-11,5.5272218426023114e-05,25.0
-1.2904176181618812,0.7121117589592078,7.384109026105405e-11,5.5272218426023114e-05,25.0
-1.2904143893027649,0.7121103337233408,7.384109026105405e-11,5.5272218426023114e-05,25.0
-1.2904130513333605,0.712109693711104,1.1413923334238616e-10,5.834774273869231e-05,26.0
-1.2904120331082747,0.7121090828458659,1.1413923334238616e-10,5.834774273869231e-05,25.0
-1.290411393270571,0.7121084428336292,1.1413923334238616e-10,5.834774273869231e-05,26.0
-1.2904112477101113,0.7121076865824641,7.384109026105405e-11,5.5272218426023114e-05,26.0
-1.290411393270571,0.7121069011843009,7.384109026105405e-11,5.5272218426023114e-05,28.0
-1.2904125277345848,0.7121052139745129,7.384109026105405e-11,5.5272218426023114e-05,28.0
-1.2904131967192873,0.7121043996038838,7.384109026105405e-11,5.5272218426023114e-05,27.0
-1.2904138367315239,0.7121036723251847,7.384109026105405e-11,5.5272218426023114e-05,26.0
-1.2904143603302993,0.7121030614599464,7.384109026105405e-11,5.5272218426023114e-05,25.0
-1.2904147383686155,0.7121025670081693,7.384109026105405e-11,5.5272218426023114e-05,25.0
-1.290414942048539,0.7121022469147846,7.384109026105405e-11,5.5272218426023114e-05,25.0
-1.2904159311266261,0.7121007925319189,7.384109026105405e-11,5.5272218426023114e-05,25.0
-1.2904163964314048,0.7121002689331432,7.384109026105405e-11,5.5272218426023114e-05,25.0
-1.290416949177179,0.7120996289209065,7.384109026105405e-11,5.5272218426023114e-05,25.0
-1.2904175891894156,0.7120987854032791,7.384109026105405e-11,5.5272218426023114e-05,27.0
-1.290418258174118,0.712097854619189,2.648343847655021e-11,2.3697895012835838e-05,28.0
-1.2904188981863547,0.7120968363941033,2.648343847655021e-11,2.3697895012835838e-05,29.0
-1.2904195380240584,0.7120957310770881,2.648343847655021e-11,2.3697895012835838e-05,28.0
-1.2904207889015333,0.7120932003496725,2.648343847655021e-11,2.3697895012835838e-05,29.0
-1.290421370619773,0.7120919204997321,2.648343847655021e-11,2.3697895012835838e-05,28.0
-1.2904218652460828,0.7120906404752587,2.648343847655021e-11,2.3697895012835838e-05,28.0
-1.2904223305508615,0.7120894770387792,2.648343847655021e-11,2.3697895012835838e-05,29.0
-1.290422796030173,0.7120884588136938,2.648343847655021e-11,2.3697895012835838e-05,29.0
-1.2904229705630983,0.7120868590449013,2.6781354312850354e-11,2.3533773057822942e-05,31.0
-1.2904223888448587,0.7120864227125883,2.6781354312850354e-11,2.3533773057822942e-05,30.0
-1.2904213997667713,0.7120859863802753,2.6781354312850354e-11,2.3533773057822942e-05,30.0
-1.2904202071832935,0.7120855209009638,2.6781354312850354e-11,2.3533773057822942e-05,30.0
-1.2904190144252825,0.7120849973021882,2.6781354312850354e-11,2.3533773057822942e-05,30.0
-1.2904164255784034,0.7120839792516356,2.6781354312850354e-11,2.3533773057822942e-05,26.0
-1.2904152038479269,0.7120834846253257,2.6781354312850354e-11,2.3533773057822942e-05,27.0
-1.2904140693839132,0.7120829320540843,2.6781354312850354e-11,2.3533773057822942e-05,28.0
-1.290413080305826,0.7120824374277744,2.6781354312850354e-11,2.3533773057822942e-05,28.0
-1.2904120914022719,0.7120819429759973,8.032959360941172e-11,6.652246120504151e-05,28.0
-1.290411015057722,0.7120814774966858,8.032959360941172e-11,6.652246120504151e-05,28.0
-1.2904086880102303,0.712080343032672,8.032959360941172e-11,6.652246120504151e-05,25.0
-1.2904073790132915,0.7120797321674337,8.032959360941172e-11,6.652246120504151e-05,25.0
-1.290406098988818,0.7120791213021956,8.032959360941172e-11,6.652246120504151e-05,26.0
-1.29040397562125,0.712078219665104,8.032959360941172e-11,6.652246120504151e-05,26.0
-1.2904023175584607,0.7120774923864047,8.032959360941172e-11,6.652246120504151e-05,32.0
-1.290401532160297,0.7120771141735558,8.032959360941172e-11,6.652246120504151e-05,32.0
-1.2903983614206453,0.7120758924430795,8.032959360941172e-11,6.652246120504151e-05,31.0
-1.2903978959413336,0.7120757179101541,8.032959360941172e-11,6.652246120504151e-05,31.0
-1.2903966452383917,0.7120756306436917,8.032959360941172e-11,6.652246120504151e-05,29.0
-1.2903958888126938,0.7120755144047634,1.6305454630373276e-10,8.046494156835579e-05,29.0
-1.2903949288816052,0.7120753107248396,1.6305454630373276e-10,8.046494156835579e-05,29.0
-1.29039382356459,0.7120749325119907,1.6305454630373276e-10,8.046494156835579e-05,29.0
-1.2903927472200403,0.7120744380602136,1.6305454630373276e-10,8.046494156835579e-05,29.0
-1.2903906819719366,0.7120734781291252,1.6305454630373276e-10,8.046494156835579e-05,30.0
-1.2903896639213837,0.7120729836773481,1.6305454630373276e-10,8.046494156835579e-05,31.0
-1.2903885584298354,0.7120724309315738,1.6305454630373276e-10,8.046494156835579e-05,30.0
-1.2903873658463576,0.7120718492133343,1.6305454630373276e-10,8.046494156835579e-05,29.0
-1.2903860277024202,0.7120712673205617,1.6305454630373276e-10,8.046494156835579e-05,29.0
-1.290384544172556,0.7120706564553234,1.6305454630373276e-10,8.046494156835579e-05,29.0
-1.290382973376229,0.7120700166176195,1.6305454630373276e-10,8.046494156835579e-05,29.0
-1.2903814317269007,0.7120693766053828,1.2498620273378431e-10,0.00010251633474634938,29.0
-1.29037980281111,0.7120686203542181,1.2498620273378431e-10,0.00010251633474634938,28.0
-1.2903782028677844,0.7120678349560546,1.2498620273378431e-10,0.00010251633474634938,27.0
-1.2903765156579967,0.7120670204108926,1.2498620273378431e-10,0.00010251633474634938,28.0
-1.2903748286227419,0.7120662931321934,1.2498620273378431e-10,0.00010251633474634938,28.0
-1.2903731414129538,0.7120655077340301,1.2498620273378431e-10,0.00010251633474634938,30.0
-1.2903715414696286,0.7120647514828652,1.2498620273378431e-10,0.00010251633474634938,29.0
-1.2903699706733016,0.7120640824981629,1.2498620273378431e-10,0.00010251633474634938,28.0
-1.2903683998769748,0.7120633552194636,6.513040283319372e-11,4.526535215836514e-05,27.0
-1.2903666836947214,0.7120625698213001,6.513040283319372e-11,4.526535215836514e-05,26.0
-1.2903635129550692,0.712060708078587,6.513040283319372e-11,4.526535215836514e-05,25.0
-1.2903617095063533,0.712059835413961,6.513040283319372e-11,4.526535215836514e-05,25.0
-1.2903597604971775,0.7120589918963336,6.513040283319372e-11,4.526535215836514e-05,23.0
-1.2903578406350005,0.7120582064981701,3.5527225052454e-11,2.6028648691668858e-05,22.0
-1.2903560371862843,0.7120573919530082,3.5527225052454e-11,2.6028648691668858e-05,22.0
-1.2903524884083162,0.7120558794506784,3.5527225052454e-11,2.6028648691668858e-05,21.0
-1.2903510338509177,0.712055297557906,3.5527225052454e-11,2.6028648691668858e-05,20.0
-1.2903498704144383,0.7120548031061288,3.5527225052454e-11,2.6028648691668858e-05,20.0
-1.2903489977498122,0.7120544540402783,3.5527225052454e-11,2.6028648691668858e-05,20.0
-1.2903472524205604,0.7120539304415028,3.5527225052454e-11,2.6028648691668858e-05,19.0
-1.2903468742077113,0.7120534359897257,3.5527225052454e-11,2.6028648691668858e-05,21.0
-1.2903466705277875,0.7120527668304903,3.5527225052454e-11,2.6028648691668858e-05,21.0
-1.290346699674786,0.7120520105793257,3.5527225052454e-11,2.6028648691668858e-05,21.0
-1.2903476014864106,0.7120501488366124,3.5527225052454e-11,2.6028648691668858e-05,21.0
-1.290349026722278,0.7120481417079727,3.5527225052454e-11,2.6028648691668858e-05,21.0
-1.2903497540009772,0.712047240070881,3.5527225052454e-11,2.6028648691668858e-05,21.0
-1.2903504229856793,0.7120463674062552,3.5527225052454e-11,2.6028648691668858e-05,21.0
-1.2903509757314535,0.7120456982470199,3.5527225052454e-11,2.6028648691668858e-05,20.0
-1.290351382916768,0.7120452329422414,3.5527225052454e-11,2.6028648691668858e-05,21.0
-1.290351586596692,0.7120449128488564,3.5527225052454e-11,2.6028648691668858e-05,21.0
-1.2903534483394048,0.7120418004032015,6.224247738704124e-12,1.1721898864659362e-05,22.0
-1.290354291857032,0.7120406659391877,6.224247738704124e-12,1.1721898864659362e-05,22.0
-1.2903551353746598,0.7120394150617128,6.224247738704124e-12,1.1721898864659362e-05,21.0
-1.2903559790668204,0.7120381060647737,6.224247738704124e-12,1.1721898864659362e-05,22.0
-1.290358102434388,0.7120353135379704,1.1675681083173067e-11,1.9274273991885833e-05,21.0
-1.2903603713624157,0.7120324047722392,1.2483831098427509e-11,1.4456439272690188e-05,22.0
-1.2903615058264295,0.7120308920953764,1.2483831098427509e-11,1.4456439272690188e-05,22.0
-1.2903626113179776,0.7120293504460482,1.2483831098427509e-11,1.4456439272690188e-05,21.0
-1.290363658515529,0.7120278669161839,1.2483831098427509e-11,1.4456439272690188e-05,23.0
-1.2903656364971703,0.7120249871229182,1.2483831098427509e-11,1.4456439272690188e-05,23.0
-1.2903666255752573,0.7120236489789806,3.5373088637942034e-11,2.640080652322021e-05,24.0
-1.29036764362581,0.7120223399820418,3.5373088637942034e-11,2.640080652322021e-05,24.0
-1.2903686616763628,0.7120210309851027,3.5373088637942034e-11,2.640080652322021e-05,24.0
-1.2903696507544498,0.7120196638686996,3.5373088637942034e-11,2.640080652322021e-05,24.0
-1.2903706688050025,0.7120183548717606,6.323598710092209e-11,4.0966332515614964e-05,25.0
-1.2903716287360911,0.7120171039942857,1.115641499835173e-10,6.14566860072709e-05,25.0
-1.2903724432812531,0.712016027649736,1.115641499835173e-10,6.14566860072709e-05,25.0
-1.2903731122659552,0.71201515498511,1.115641499835173e-10,6.14566860072709e-05,26.0
-1.2903737231311934,0.712014340614481,1.115641499835173e-10,6.14566860072709e-05,25.0
-1.2903742758769678,0.7120135552163177,1.115641499835173e-10,6.14566860072709e-05,25.0
-1.2903747703287447,0.7120127987906196,1.115641499835173e-10,6.14566860072709e-05,25.0
-1.2903751776885921,0.7120121006589191,1.115641499835173e-10,6.14566860072709e-05,23.0
-1.2903758466732946,0.7120111407278304,1.115641499835173e-10,6.14566860072709e-05,23.0
-1.2903774466166196,0.7120099481443524,1.115641499835173e-10,6.14566860072709e-05,23.0
-1.2903790463854121,0.7120098900248885,1.115641499835173e-10,6.14566860072709e-05,23.0
-1.2903800935829632,0.7120102390907388,1.115641499835173e-10,6.14566860072709e-05,23.0
-1.2903851260653283,0.712012653404693,1.115641499835173e-10,6.14566860072709e-05,24.0
-1.290386405915269,0.7120132351229327,1.115641499835173e-10,6.14566860072709e-05,26.0
-1.290387656792744,0.712013904282168,1.115641499835173e-10,6.14566860072709e-05,26.0
-1.2903903037590874,0.7120151841321084,2.554596313596049e-10,0.00011779828746613733,25.0
-1.290391700022489,0.7120157368778826,2.554596313596049e-10,0.00011779828746613733,25.0
-1.290392950899964,0.7120163185961222,2.554596313596049e-10,0.00011779828746613733,25.0
-1.290395190680993,0.712017278527211,2.554596313596049e-10,0.00011779828746613733,25.0
-1.2903960343731533,0.7120174822071347,2.554596313596049e-10,0.00011779828746613733,25.0
-1.2903966160913933,0.7120176567400598,2.554596313596049e-10,0.00011779828746613733,25.0
-1.290396994304242,0.7120178021259864,8.128335075307155e-11,7.38415854617546e-05,25.0
-1.2902889873960093,0.7130839656465656,6.131796351588027e-11,4.658195267659999e-05,29.0
-1.2902895401417833,0.7130843728318802,6.131796351588027e-11,4.658195267659999e-05,30.0
-1.290290063740559,0.7130848672836573,6.131796351588027e-11,4.658195267659999e-05,30.0
-1.2902904709258736,0.7130855364428925,3.30301237543968e-11,3.4271310412692374e-05,30.0
-1.2902907327252613,0.7130863218410559,3.30301237543968e-11,3.4271310412692374e-05,30.0
-1.2902909655521835,0.7130872234781475,3.30301237543968e-11,3.4271310412692374e-05,29.0
-1.2902909364051849,0.7130891143678592,3.30301237543968e-11,3.4271310412692374e-05,29.0
-1.2902909364051849,0.7130899578854866,3.30301237543968e-11,3.4271310412692374e-05,30.0
-1.290291169057574,0.7130907432836501,3.30301237543968e-11,3.4271310412692374e-05,30.0
-1.2902917218033483,0.713091499534815,3.30301237543968e-11,3.4271310412692374e-05,31.0
-1.2902925653209758,0.7130922268135141,3.30301237543968e-11,3.4271310412692374e-05,31.0
-1.2902937580789866,0.7130928085317538,3.30301237543968e-11,3.4271310412692374e-05,31.0
-1.2902967832581793,0.7130939721427663,3.30301237543968e-11,3.4271310412692374e-05,31.0
-1.2902982959350418,0.7130945830080043,3.30301237543968e-11,3.4271310412692374e-05,29.0
-1.2902997211709089,0.7130951938732426,3.30301237543968e-11,3.4271310412692374e-05,29.0
-1.2903011757283076,0.713095659352554,3.30301237543968e-11,3.4271310412692374e-05,29.0
-1.2903025136977122,0.7130960084184044,3.30301237543968e-11,3.4271310412692374e-05,29.0
-1.2903037354281885,0.713096415603719,3.30301237543968e-11,3.4271310412692374e-05,30.0
-1.2903049281861994,0.7130967065501052,4.891165755287322e-11,3.461206753919084e-05,29.0
-1.290306149916676,0.713096910055496,4.891165755287322e-11,3.461206753919084e-05,29.0
-1.2903074878860803,0.7130968227890335,4.891165755287322e-11,3.461206753919084e-05,28.0
-1.2903085642306302,0.7130971718548839,4.891165755287322e-11,3.461206753919084e-05,27.0
-1.2903097278416422,0.7130971718548839,4.891165755287322e-11,3.461206753919084e-05,27.0
-1.2903108040116593,0.7130970264689572,4.891165755287322e-11,3.461206753919084e-05,26.0
-1.290311793089746,0.7130973463878091,4.891165755287322e-11,3.461206753919084e-05,26.0
-1.290312723873836,0.7130974336542716,4.891165755287322e-11,3.461206753919084e-05,27.0
-1.2903137710713874,0.7130975209207343,4.891165755287322e-11,3.461206753919084e-05,26.0
-1.2903149346823997,0.7130976081871968,4.891165755287322e-11,3.461206753919084e-05,25.0
-1.2903170871969665,0.7130975209207343,4.891165755287322e-11,3.461206753919084e-05,23.0
-1.2903181343945176,0.7130976081871968,4.891165755287322e-11,3.461206753919084e-05,22.0
-1.290319094325606,0.7130976664811939,4.891165755287322e-11,3.461206753919084e-05,20.0
-1.2903201125506918,0.7130977537476565,4.891165755287322e-11,3.461206753919084e-05,19.0
-1.2903212470147056,0.7130978118671205,4.891165755287322e-11,3.461206753919084e-05,18.0
-1.2903224395981834,0.7130978410141192,4.891165755287322e-11,3.461206753919084e-05,18.0
-1.2903239812475116,0.713097724600658,4.891165755287322e-11,3.461206753919084e-05,16.0
-1.2903257265767638,0.713097288268345,1.8721558156971116e-10,0.00014667080117400003,17.0
-1.2903291009963396,0.7130969392024945,2.16081889812309e-11,3.169324303004397e-05,18.0
-1.2903307590591289,0.7130966774031068,2.16081889812309e-11,3.169324303004397e-05,20.0
-1.290333929624248,0.7130958628579448,2.16081889812309e-11,3.169324303004397e-05,21.0
-1.290335558714572,0.7130952811397051,2.16081889812309e-11,3.169324303004397e-05,21.0
-1.2903371876303629,0.7130945248885403,2.16081889812309e-11,3.169324303004397e-05,20.0
-1.2903388456931522,0.7130937684628426,2.16081889812309e-11,3.169324303004397e-05,20.0
-1.2903414636870303,0.7130922849329783,2.16081889812309e-11,3.169324303004397e-05,22.0
-1.2903425690040453,0.7130916450952743,2.16081889812309e-11,3.169324303004397e-05,21.0
-1.2903439652674469,0.7130913250018897,2.16081889812309e-11,3.169324303004397e-05,21.0
-1.2903443726272945,0.7130913541488884,2.16081889812309e-11,3.169324303004397e-05,20.0
-1.2903445471602195,0.7130936811963798,2.16081889812309e-11,3.169324303004397e-05,19.0
-1.2903438490285188,0.7130944665945433,2.16081889812309e-11,3.169324303004397e-05,19.0
-1.2903433254297434,0.7130953392591693,2.16081889812309e-11,3.169324303004397e-05,19.0
-1.290342714564505,0.7130962410707937,2.16081889812309e-11,3.169324303004397e-05,18.0
-1.290341405567566,0.7130976954536595,2.16081889812309e-11,3.169324303004397e-05,18.0
-1.2903408236747935,0.7130978118671205,2.16081889812309e-11,3.169324303004397e-05,19.0
-1.2903399801571658,0.713099091717061,2.16081889812309e-11,3.169324303004397e-05,18.0
-1.29033910749254,0.7131008370463131,2.16081889812309e-11,3.169324303004397e-05,17.0
-1.2903385838937642,0.7131015643250123,2.16081889812309e-11,3.169324303004397e-05,17.0
-1.29033817670845,0.7131023205761774,2.16081889812309e-11,3.169324303004397e-05,16.0
-1.2903375075492147,0.7131029024689499,2.9820644156534125e-10,0.00013880034794233525,16.0
-1.290337478576749,0.713104327704817,2.9820644156534125e-10,0.00013880034794233525,17.0
-1.2903380602949888,0.7131048513035926,2.9820644156534125e-10,0.00013880034794233525,17.0
-1.2903389910790788,0.7131053749023682,2.9820644156534125e-10,0.00013880034794233525,17.0
-1.2903400674236285,0.7131057531152172,2.9820644156534125e-10,0.00013880034794233525,18.0
-1.2903414345400317,0.7131061021810675,2.9820644156534125e-10,0.00013880034794233525,18.0
-1.2903430053363585,0.7131065385133806,2.9820644156534125e-10,0.00013880034794233525,17.0
-1.2903445471602195,0.7131069456986949,2.9820644156534125e-10,0.00013880034794233525,18.0
-1.2903459434236213,0.7131073530585423,2.9820644156534125e-10,0.00013880034794233525,18.0
-1.290347077887635,0.7131076438303958,2.9820644156534125e-10,0.00013880034794233525,17.0
-1.2903479214052624,0.7131078766573181,2.9820644156534125e-10,0.00013880034794233525,17.0
-1.2903494922015892,0.713109505573109,2.9820644156534125e-10,0.00013880034794233525,17.0
-1.2903499866533665,0.713110058318883,2.9820644156534125e-10,0.00013880034794233525,16.0
-1.2903505975186045,0.7131103201182709,1.2595534305787248e-10,0.00011257125465212875,15.0
-1.2903512083838429,0.7131105236236617,1.2595534305787248e-10,0.00011257125465212875,15.0
-1.2903514993302292,0.7131108437170465,1.2595534305787248e-10,0.00011257125465212875,15.0
-1.2903514701832306,0.7131113962882877,1.2595534305787248e-10,0.00011257125465212875,14.0
-1.2903512375308412,0.713112181686451,1.2595534305787248e-10,0.00011257125465212875,14.0
-1.2903508593179924,0.7131131999115367,1.2595534305787248e-10,0.00011257125465212875,14.0
-1.2903503648662151,0.7131143633480161,1.2595534305787248e-10,0.00011257125465212875,13.0
-1.2903497540009772,0.7131155561060268,1.2595534305787248e-10,0.00011257125465212875,12.0
-1.290349143135739,0.7131167486895047,1.2595534305787248e-10,0.00011257125465212875,11.0
-1.2903485322705006,0.713117912300517,6.03568955578537e-12,1.0287601650163255e-05,12.0
-1.2903479214052624,0.7131190467645308,6.03568955578537e-12,1.0287601650163255e-05,12.0
-1.2903469614741738,0.7131210538931706,6.03568955578537e-12,1.0287601650163255e-05,11.0
-1.290346583261325,0.7131217520248714,6.03568955578537e-12,1.0287601650163255e-05,12.0
-1.2903463797559342,0.7131222173296501,6.03568955578537e-12,1.0287601650163255e-05,12.0
-1.2903455652107723,0.7131236718870486,6.03568955578537e-12,1.0287601650163255e-05,12.0
-1.2903452742643862,0.7131244862576775,6.03568955578537e-12,1.0287601650163255e-05,12.0
-1.2903450416119968,0.7131253008028395,6.03568955578537e-12,1.0287601650163255e-05,13.0
-1.2903448089596075,0.7131259697875417,6.03568955578537e-12,1.0287601650163255e-05,13.0
-1.2903446633991478,0.7131264933863174,6.03568955578537e-12,1.0287601650163255e-05,13.0
-1.290345390677847,0.7131285005149572,6.03568955578537e-12,1.0287601650163255e-05,13.0
-1.2903462052230088,0.7131290241137328,6.03568955578537e-12,1.0287601650163255e-05,13.0
-1.2903480378187238,0.7131299259253573,6.03568955578537e-12,1.0287601650163255e-05,13.0
-1.2903485903899647,0.7131302168717437,6.03568955578537e-12,1.0287601650163255e-05,12.0
-1.2903489977498122,0.7131303914046687,6.03568955578537e-12,1.0287601650163255e-05,12.0
-1.290351761129617,0.7131310603893711,6.03568955578537e-12,1.0287601650163255e-05,10.0
-1.2903528664466322,0.7131314386022201,6.03568955578537e-12,1.0287601650163255e-05,10.0
-1.2903541464711057,0.7131317585210719,6.03568955578537e-12,1.0287601650163255e-05,11.0
-1.2903554263210462,0.7131321367339208,6.03568955578537e-12,1.0287601650163255e-05,11.0
-1.2903578116625347,0.7131327475991589,6.03568955578537e-12,1.0287601650163255e-05,10.0
-1.2903591206594738,0.7131327184521604,6.03568955578537e-12,1.0287601650163255e-05,10.0
-1.2903603423899501,0.7131324857997712,6.03568955578537e-12,1.0287601650163255e-05,9.0
-1.2903612731740404,0.7131319039069985,6.03568955578537e-12,1.0287601650163255e-05,9.0
-1.2903626113179776,0.7131303331106716,6.03568955578537e-12,1.0287601650163255e-05,11.0
-1.2903631057697549,0.7131293442071176,6.03568955578537e-12,1.0287601650163255e-05,11.0
-1.2903642402337685,0.7131272787844807,1.2595534305787248e-10,0.00011257125465212875,11.0
-1.2903648219520083,0.7131262315869296,1.2595534305787248e-10,0.00011257125465212875,11.0
-1.290365461964245,0.7131252426833754,1.2595534305787248e-10,0.00011257125465212875,11.0
-1.2903659855630207,0.7131243408717509,1.2595534305787248e-10,0.00011257125465212875,11.0
-1.2903663637758693,0.7131236718870486,1.2595534305787248e-10,0.00011257125465212875,11.0
-1.2903666836947214,0.7131232064077371,1.2595534305787248e-10,0.00011257125465212875,11.0
-1.2903671200270346,0.7131225082760363,1.2595534305787248e-10,0.00011257125465212875,11.0
-1.290367352679424,0.7131220719437233,1.2595534305787248e-10,0.00011257125465212875,12.0
-1.29036764362581,0.7131214902254837,1.2595534305787248e-10,0.00011257125465212875,12.0
-1.290368079958123,0.7131207337997858,1.2595534305787248e-10,0.00011257125465212875,13.0
-1.2903685454374347,0.7131198030156957,1.2595534305787248e-10,0.00011257125465212875,13.0
-1.2903689234757505,0.7131190176175324,1.2595534305787248e-10,0.00011257125465212875,13.0
-1.2903691563026727,0.7131182030723704,1.2595534305787248e-10,0.00011257125465212875,13.0
-1.2903695634879873,0.7131173304077444,1.2595534305787248e-10,0.00011257125465212875,14.0
-1.2903700579397643,0.7131164287706528,1.2595534305787248e-10,0.00011257125465212875,15.0
-1.2903705234190757,0.7131156433724893,1.2595534305787248e-10,0.00011257125465212875,14.0
-1.2903708433379277,0.7131150033602528,1.2595534305787248e-10,0.00011257125465212875,15.0
-1.2903711924037782,0.7131144506144786,1.2595534305787248e-10,0.00011257125465212875,15.0
-1.2903719196824777,0.7131129670846145,1.2595534305787248e-10,0.00011257125465212875,15.0
-1.2903722978953265,0.7131121527139854,1.2595534305787248e-10,0.00011257125465212875,14.0
-1.2903726759336425,0.7131113962882877,1.2595534305787248e-10,0.00011257125465212875,15.0
-1.2903730832934897,0.7131106691841212,1.4856876952074981e-10,7.02308255952057e-05,15.0
-1.29037343235934,0.7131101164383471,1.4856876952074981e-10,7.02308255952057e-05,15.0
-1.2903737231311934,0.71310962198657,1.4856876952074981e-10,7.02308255952057e-05,15.0
-1.2903738976641188,0.7131092146267226,1.4856876952074981e-10,7.02308255952057e-05,15.0
-1.2903736650117295,0.7131082838426325,1.4856876952074981e-10,7.02308255952057e-05,15.0
-1.2903732578264149,0.7131079639237807,1.4856876952074981e-10,7.02308255952057e-05,15.0
-1.290371948829476,0.7131076148579303,1.4856876952074981e-10,7.02308255952057e-05,15.0
-1.2903709306043902,0.7131075275914678,1.4856876952074981e-10,7.02308255952057e-05,15.0
-1.2903697088739141,0.7131073239115441,1.4856876952074981e-10,7.02308255952057e-05,16.0
-1.2903685162904361,0.7131071785256172,1.4856876952074981e-10,7.02308255952057e-05,16.0
-1.2903666545477228,0.7131070621121561,1.4856876952074981e-10,7.02308255952057e-05,15.0
-1.2903660147100193,0.7131069748456936,1.4856876952074981e-10,7.02308255952057e-05,15.0
-1.2903631057697549,0.7131067711657697,1.4856876952074981e-10,7.02308255952057e-05,14.0
-1.2903625530239808,0.7131064220999194,1.4856876952074981e-10,7.02308255952057e-05,14.0
-1.2903618840392783,0.7131060440616035,1.4856876952074981e-10,7.02308255952057e-05,15.0
-1.290361418559967,0.7131054913158293,1.4856876952074981e-10,7.02308255952057e-05,15.0
-1.2903611859075776,0.7131048223311272,1.4856876952074981e-10,7.02308255952057e-05,15.0
-1.2903611859075776,0.7131041531718918,1.4856876952074981e-10,7.02308255952057e-05,15.0
-1.2903613895875015,0.7131033388012629,1.4856876952074981e-10,7.02308255952057e-05,15.0
-1.2903617095063533,0.7131022916037117,1.4856876952074981e-10,7.02308255952057e-05,14.0
-1.2903621166916677,0.7131010988457008,1.4856876952074981e-10,7.02308255952057e-05,16.0
-1.2903626694374417,0.7130998189957604,1.4856876952074981e-10,7.02308255952057e-05,17.0
-1.2903633094496785,0.7130984808518229,1.4856876952074981e-10,7.02308255952057e-05,16.0
-1.29036386202092,0.7130971137354197,1.4856876952074981e-10,7.02308255952057e-05,18.0
-1.290364531180155,0.7130957466190168,1.4856876952074981e-10,7.02308255952057e-05,18.0
-1.2903651420453932,0.7130943793280806,1.4856876952074981e-10,7.02308255952057e-05,18.0
-1.2903656656441687,0.7130930122116775,1.4856876952074981e-10,7.02308255952057e-05,19.0
-1.2903665964282587,0.7130904523372636,1.4856876952074981e-10,7.02308255952057e-05,20.0
-1.290367090880036,0.7130893178732498,1.4856876952074981e-10,7.02308255952057e-05,20.0
-1.2903675563593475,0.7130883289696957,1.4856876952074981e-10,7.02308255952057e-05,20.0
-1.2903682544910482,0.7130869616787597,3.1921925579918e-11,2.8636701764322293e-05,20.0
-1.2903683417575107,0.7130866126129094,3.1921925579918e-11,2.8636701764322293e-05,20.0
-1.2903704361526132,0.7130861181611323,3.1921925579918e-11,2.8636701764322293e-05,22.0
-1.2903707852184636,0.7130852746435047,3.1921925579918e-11,2.8636701764322293e-05,23.0
-1.290370872484926,0.7130840529130283,3.1921925579918e-11,2.8636701764322293e-05,23.0
-1.290370901631925,0.7130825402361656,3.523098461179185e-11,2.6238599954080575e-05,25.0
-1.2903713379642376,0.7130810275593029,3.523098461179185e-11,2.6238599954080575e-05,26.0
-1.290371948829476,0.7130795150569731,3.523098461179185e-11,2.6238599954080575e-05,25.0
-1.290373199532418,0.7130766061167088,3.523098461179185e-11,2.6238599954080575e-05,26.0
-1.290373752278192,0.7130753262667683,3.523098461179185e-11,2.6238599954080575e-05,27.0
-1.2903742467299693,0.7130741335087576,8.533659013825916e-11,5.437800214829375e-05,28.0
-1.2903745957958195,0.7130730863112064,8.533659013825916e-11,5.437800214829375e-05,28.0
-1.2903751193945951,0.7130716610753393,8.533659013825916e-11,5.437800214829375e-05,28.0
-1.2903752649550546,0.7130712828624903,8.533659013825916e-11,5.437800214829375e-05,28.0
-1.2903752649550546,0.7130710210631026,1.1655713411266347e-10,6.390926753063479e-05,28.0
-1.2903756721403692,0.7130704101978643,1.1655713411266347e-10,6.390926753063479e-05,29.0
-1.2903765156579967,0.7130687229880763,1.1655713411266347e-10,6.390926753063479e-05,29.0
-1.2903768938708455,0.7130678503234503,1.1655713411266347e-10,6.390926753063479e-05,29.0
-1.29037730105616,0.7130668614198963,2.606900647571963e-11,2.7806454841538414e-05,29.0
-1.290377737388473,0.7130657559283479,2.606900647571963e-11,2.7806454841538414e-05,28.0
-1.2903782320147832,0.7130646797583312,2.606900647571963e-11,2.7806454841538414e-05,29.0
-1.2903786973195617,0.7130636325607801,2.606900647571963e-11,2.7806454841538414e-05,29.0
-1.2903790463854121,0.7130626434826929,2.606900647571963e-11,2.7806454841538414e-05,30.0
-1.2903793954512626,0.7130617126986027,2.606900647571963e-11,2.7806454841538414e-05,32.0
-1.2903798900775725,0.7130607527675141,2.606900647571963e-11,2.7806454841538414e-05,34.0
-1.2903803553823512,0.713059647275966,2.606900647571963e-11,2.7806454841538414e-05,33.0
-1.290380791714664,0.7130584255454896,2.606900647571963e-11,2.7806454841538414e-05,33.0
-1.2903844860530915,0.7130483317828267,1.691982227392964e-11,1.9443832262957048e-05,34.0
-1.2903849805048688,0.7130469063724264,1.691982227392964e-11,1.9443832262957048e-05,32.0
-1.2903871331939682,0.7130424557828339,1.691982227392964e-11,1.9443832262957048e-05,34.0
-1.290387336699359,0.7130420777445178,1.691982227392964e-11,1.9443832262957048e-05,35.0
-1.290404295540102,0.713046615600573,4.329100922905697e-11,3.931681357813325e-05,37.0
-1.2904057499229675,0.7130469646664235,4.329100922905697e-11,3.931681357813325e-05,37.0
-1.2904073207192943,0.7130473137322738,4.329100922905697e-11,3.931681357813325e-05,38.0
-1.2904089787820836,0.7130477209175883,4.329100922905697e-11,3.931681357813325e-05,37.0
-1.290410404192484,0.713048128102903,4.329100922905697e-11,3.931681357813325e-05,36.0
-1.2904116840424245,0.7130485935822143,4.329100922905697e-11,3.931681357813325e-05,35.0
-1.2904125567070506,0.7130489135010663,4.329100922905697e-11,3.931681357813325e-05,36.0
-1.2904131385998232,0.71304911718099,7.364019507204032e-11,5.373283609176755e-05,36.0
-1.2904136330516,0.7130493498333792,7.364019507204032e-11,5.373283609176755e-05,35.0
-1.2904143020363024,0.7130495826603015,7.364019507204032e-11,5.373283609176755e-05,34.0
-1.2904152329949254,0.7130498444596892,7.364019507204032e-11,5.373283609176755e-05,35.0
-1.2904163964314048,0.7130501352315426,7.364019507204032e-11,5.373283609176755e-05,35.0
-1.2904176473088795,0.7130506879773169,7.364019507204032e-11,5.373283609176755e-05,37.0
-1.2904190144252825,0.7130510661901656,7.364019507204032e-11,5.373283609176755e-05,36.0
-1.2904202653027577,0.7130515314949443,7.364019507204032e-11,5.373283609176755e-05,35.0
-1.2904222143119333,0.713052346040106,5.4971107265718024e-11,4.798398137601589e-05,34.0
-1.2904228832966356,0.713052724252955,5.4971107265718024e-11,4.798398137601589e-05,34.0
-1.2904233777484129,0.7130530150248083,5.4971107265718024e-11,4.798398137601589e-05,34.0
-1.2904240177606494,0.7130533351181932,5.4971107265718024e-11,4.798398137601589e-05,33.0
-1.2904251230776649,0.7130542950492817,5.4971107265718024e-11,4.798398137601589e-05,33.0
-1.2904253267575885,0.7130547603540605,5.4971107265718024e-11,4.798398137601589e-05,33.0
-1.2904252686381243,0.7130552258333719,5.4971107265718024e-11,4.798398137601589e-05,34.0
-1.2904251230776649,0.713055778579146,5.4971107265718024e-11,4.798398137601589e-05,32.0
-1.290424861278277,0.7130563311503872,5.4971107265718024e-11,4.798398137601589e-05,32.0
-1.2904245994788892,0.7130570003096224,5.4971107265718024e-11,4.798398137601589e-05,31.0
-1.2904240758801135,0.7130585419589507,5.4971107265718024e-11,4.798398137601589e-05,31.0
-1.2904233777484129,0.7130601708747416,5.4971107265718024e-11,4.798398137601589e-05,30.0
-1.2904229997100969,0.7130608108869783,5.4971107265718024e-11,4.798398137601589e-05,29.0
-1.2904227087637106,0.7130613926052181,5.4971107265718024e-11,4.798398137601589e-05,28.0
-1.2904223596978601,0.7130619453509921,5.4971107265718024e-11,4.798398137601589e-05,28.0
-1.2904219525125455,0.7130625270692319,5.4971107265718024e-11,4.798398137601589e-05,28.0
-1.29042142891377,0.7130633707613923,5.4971107265718024e-11,4.798398137601589e-05,29.0
-1.2904202361557593,0.7130655524229572,5.4971107265718024e-11,4.798398137601589e-05,27.0
-1.2904196252905211,0.7130668614198963,5.4971107265718024e-11,4.798398137601589e-05,27.0
-1.2904189271588202,0.713068112122838,1.1791984013794467e-10,9.200641001114778e-05,26.0
-1.2904180836411927,0.7130693338533146,1.1791984013794467e-10,9.200641001114778e-05,26.0
-1.290417240123565,0.7130705266113253,1.1791984013794467e-10,9.200641001114778e-05,26.0
-1.2904164836978675,0.7130716900478048,1.1791984013794467e-10,9.200641001114778e-05,26.0
-1.2904159311266261,0.7130729409252797,1.1791984013794467e-10,9.200641001114778e-05,25.0
-1.2904153202613882,0.7130741045362919,7.662635963728302e-11,4.690223070183444e-05,25.0
-1.29041470939615,0.7130752971197699,7.662635963728302e-11,4.690223070183444e-05,25.0
-1.2904140112644489,0.713076402436785,7.662635963728302e-11,4.690223070183444e-05,25.0
-1.2904135457851373,0.7130774787813348,4.2393606311572696e-11,3.5844090069617445e-05,25.0
-1.2904129349198994,0.7130783514459609,4.2393606311572696e-11,3.5844090069617445e-05,23.0
-1.2904122367881985,0.7130791368441243,4.2393606311572696e-11,3.5844090069617445e-05,22.0
-1.2904117423364214,0.713079718562364,4.2393606311572696e-11,3.5844090069617445e-05,22.0
-1.2904113641235724,0.713080154894677,4.2393606311572696e-11,3.5844090069617445e-05,22.0
-1.290410520605945,0.7130813476526877,4.2393606311572696e-11,3.5844090069617445e-05,22.0
-1.2904098805937083,0.7130821039038526,4.2393606311572696e-11,3.5844090069617445e-05,22.0
-1.2904092116090062,0.7130829184490145,4.2393606311572696e-11,3.5844090069617445e-05,22.0
-1.2904085134773053,0.7130836747001794,4.2393606311572696e-11,3.5844090069617445e-05,22.0
-1.2904076697851448,0.7130853036159703,4.2393606311572696e-11,3.5844090069617445e-05,21.0
-1.2904074371327554,0.7130861473081307,4.2393606311572696e-11,3.5844090069617445e-05,21.0
-1.2904074952522195,0.7130869616787597,4.2393606311572696e-11,3.5844090069617445e-05,20.0
-1.290407960731531,0.7130876889574591,4.2393606311572696e-11,3.5844090069617445e-05,21.0
-1.2904096187943204,0.7130887361550102,4.2393606311572696e-11,3.5844090069617445e-05,20.0
-1.2904106368448731,0.7130891143678592,4.2393606311572696e-11,3.5844090069617445e-05,20.0
-1.2904116550699587,0.7130894634337095,4.2393606311572696e-11,3.5844090069617445e-05,20.0
-1.290412643973513,0.7130898706190241,4.2393606311572696e-11,3.5844090069617445e-05,21.0
-1.2904136039046015,0.713090306951337,4.2393606311572696e-11,3.5844090069617445e-05,21.0
-1.2904154656473148,0.7130912960294241,4.2393606311572696e-11,3.5844090069617445e-05,20.0
-1.2904159019796277,0.7130922268135141,4.2393606311572696e-11,3.5844090069617445e-05,20.0
-1.2904162218984796,0.7130926339988287,4.2393606311572696e-11,3.5844090069617445e-05,17.0
-1.2904177345753423,0.713092924945215,4.2393606311572696e-11,3.5844090069617445e-05,17.0
-1.2904187817728936,0.7130926922928257,4.2393606311572696e-11,3.5844090069617445e-05,17.0
-1.2904198870899086,0.713091994161125,4.2393606311572696e-11,3.5844090069617445e-05,16.0
-1.290420818048532,0.7130910632025019,4.2393606311572696e-11,3.5844090069617445e-05,18.0
-1.2904216034466953,0.7130900742989478,1.1791984013794467e-10,9.200641001114778e-05,19.0
-1.2904222143119333,0.7130890271013964,1.1791984013794467e-10,9.200641001114778e-05,20.0
-1.2904232032154874,0.7130880961427735,1.1791984013794467e-10,9.200641001114778e-05,20.0
-1.2904241050271121,0.713087136211685,1.1791984013794467e-10,9.200641001114778e-05,20.0
-1.2904249195722741,0.7130862054275948,1.1791984013794467e-10,9.200641001114778e-05,20.0
-1.2904258212093656,0.7130852746435047,8.974211957456748e-11,5.639579750744249e-05,19.0
-1.2904269267009139,0.7130843147124162,8.974211957456748e-11,5.639579750744249e-05,20.0
-1.290428032017929,0.713083209220868,8.974211957456748e-11,5.639579750744249e-05,20.0
-1.2904290500684819,0.7130818712514633,8.974211957456748e-11,5.639579750744249e-05,20.0
-1.2904300682935672,0.7130804458410632,8.974211957456748e-11,5.639579750744249e-05,21.0
-1.290432278927598,0.7130774787813348,8.974211957456748e-11,5.639579750744249e-05,21.0
-1.2904332388586863,0.7130759952514707,8.974211957456748e-11,5.639579750744249e-05,23.0
-1.2904341987897752,0.7130745698410706,5.729351047415738e-11,4.072407958459835e-05,22.0
-1.2904351587208638,0.7130731735776689,8.258010710924444e-11,7.333112876825148e-05,23.0
-1.2904360313854897,0.7130718937277284,8.258010710924444e-11,7.333112876825148e-05,24.0
-1.2904369331971142,0.7130707301167162,8.258010710924444e-11,7.333112876825148e-05,24.0
-1.2904375732093507,0.713069741213162,8.258010710924444e-11,7.333112876825148e-05,23.0
-1.2904388530592914,0.71306799588391,8.258010710924444e-11,7.333112876825148e-05,25.0
-1.2904398421373784,0.713066628592974,8.258010710924444e-11,7.333112876825148e-05,25.0
-1.2904401039367663,0.7130660760217328,8.258010710924444e-11,7.333112876825148e-05,25.0
-1.2904402784696916,0.7130656686618854,8.258010710924444e-11,7.333112876825148e-05,25.0
-1.290440249322693,0.7130654068624976,8.258010710924444e-11,7.333112876825148e-05,25.0
-1.2904401329092319,0.7130647670247937,8.258010710924444e-11,7.333112876825148e-05,25.0
-1.2904400747897677,0.713064127012557,8.258010710924444e-11,7.333112876825148e-05,26.0
-1.2904404238556182,0.7130624689497677,8.258010710924444e-11,7.333112876825148e-05,28.0
-1.290440802068467,0.713061509018679,8.258010710924444e-11,7.333112876825148e-05,28.0
-1.2904411801067832,0.713060636354053,8.81246010757175e-11,5.5714537225640346e-05,29.0
-1.2904415583196318,0.7130599382223524,8.81246010757175e-11,5.5714537225640346e-05,28.0
-1.2904418782384839,0.7130594437705753,8.81246010757175e-11,5.5714537225640346e-05,28.0
-1.2904422273043343,0.7130589782912636,8.81246010757175e-11,5.5714537225640346e-05,28.0
-1.2904425763701848,0.7130583674260256,8.81246010757175e-11,5.5714537225640346e-05,28.0
-1.2904440599000488,0.7130551966863733,8.81246010757175e-11,5.5714537225640346e-05,26.0
-1.2904445545263588,0.7130539459834314,8.81246010757175e-11,5.5714537225640346e-05,26.0
-1.2904448744452108,0.7130528696388817,8.81246010757175e-11,5.5714537225640346e-05,26.0
-1.2904451653915971,0.7130520261212543,8.81246010757175e-11,5.5714537225640346e-05,27.0
-1.2904453399245222,0.713051356962019,2.8732215654593644e-10,0.00016620602597091863,27.0
-1.2904454561634506,0.713050920629706,2.8732215654593644e-10,0.00016620602597091863,27.0
-1.2904462125891483,0.7130475463846632,2.8732215654593644e-10,0.00016620602597091863,25.0
-1.2904463871220735,0.7130471391993486,2.8732215654593644e-10,0.00016620602597091863,25.0
-1.2904465906274643,0.7130467901334983,2.8732215654593644e-10,0.00016620602597091863,26.0
-1.2904494995677285,0.7130318965408593,3.8740344827327287e-10,0.00018398474178997032,26.0
-1.2904496741006537,0.7130313439696181,3.8740344827327287e-10,0.00018398474178997032,29.0
-1.2904498486335791,0.713030791223844,3.8740344827327287e-10,0.00018398474178997032,27.0
-1.2904500523135025,0.7130303257445324,3.8740344827327287e-10,0.00018398474178997032,27.0
-1.2904530774926952,0.7130262825147873,3.8740344827327287e-10,0.00018398474178997032,25.0
-1.2904539501573213,0.7130266605531033,3.8740344827327287e-10,0.00018398474178997032,26.0
-1.2904549973548725,0.7130270096189537,3.8740344827327287e-10,0.00018398474178997032,28.0
-1.2904561899383502,0.7130273297123385,3.8740344827327287e-10,0.00018398474178997032,28.0
-1.2904575280822879,0.713027620484192,3.8740344827327287e-10,0.00018398474178997032,29.0
-1.290459011612152,0.7130278822835796,0.0,0.0,29.0
-1.290460437022552,0.7130281151105019,0.0,0.0,26.0
-1.2904617168724928,0.7130283769098896,3.195649965757456e-11,3.136739855439509e-05,25.0
-1.2904627932170423,0.713028551442815,3.195649965757456e-11,3.136739855439509e-05,22.0
-1.2904636658816684,0.7130286968287417,3.195649965757456e-11,3.136739855439509e-05,23.0
-1.2904643348663705,0.7130287549482056,3.195649965757456e-11,3.136739855439509e-05,23.0
-1.2904670692737097,0.7130280568165049,1.1462098578942953e-10,0.00010127322074985063,22.0
-1.2904674183395601,0.7130275332177293,1.1462098578942953e-10,0.00010127322074985063,23.0
-1.2904676801389479,0.7130269223524912,1.1462098578942953e-10,0.00010127322074985063,23.0
-1.2904679419383354,0.7130262533677888,1.1462098578942953e-10,0.00010127322074985063,23.0
-1.2904683199766516,0.713025497116624,1.1462098578942953e-10,0.00010127322074985063,23.0
-1.2904689599888883,0.7130220645775841,1.1462098578942953e-10,0.00010127322074985063,22.0
-1.2904692799077402,0.7130209009665717,1.1462098578942953e-10,0.00010127322074985063,21.0
-1.290469600001125,0.7130199120630176,1.1462098578942953e-10,0.00010127322074985063,21.0
-1.2904698618005128,0.7130192139313168,1.1462098578942953e-10,0.00010127322074985063,22.0
-1.2904700653059036,0.7130185739190801,1.1462098578942953e-10,0.00010127322074985063,22.0
-1.2904702981328258,0.7130179922008403,1.1462098578942953e-10,0.00010127322074985063,22.0
-1.2904705599322135,0.7130173521886036,1.1462098578942953e-10,0.00010127322074985063,23.0
-1.290470908998064,0.7130165376434416,1.1462098578942953e-10,0.00010127322074985063,24.0
-1.2904713743028426,0.7130148795806525,1.1462098578942953e-10,0.00010127322074985063,25.0
-1.2904716361022304,0.7130139779435608,1.1462098578942953e-10,0.00010127322074985063,25.0
-1.2904718689291526,0.713013221517863,1.1462098578942953e-10,0.00010127322074985063,25.0
-1.2904721888480044,0.7130124944136966,1.1462098578942953e-10,0.00010127322074985063,26.0
-1.2904724215003938,0.7130118835484583,1.1462098578942953e-10,0.00010127322074985063,26.0
-1.290472654327316,0.7130113308026842,1.1462098578942953e-10,0.00010127322074985063,26.0
-1.2904729161267037,0.7130104581380583,5.930779316338064e-11,3.610196772365115e-05,25.0
-1.2904729742461678,0.7130102254856691,5.930779316338064e-11,3.610196772365115e-05,25.0
-1.2904721888480044,0.7130076074917909,5.930779316338064e-11,3.610196772365115e-05,25.0
-1.2904713743028426,0.7130074038118672,5.930779316338064e-11,3.610196772365115e-05,25.0
-1.2904705599322135,0.7130072001319435,5.930779316338064e-11,3.610196772365115e-05,25.0
-1.2904689018694242,0.7130068220936275,2.609489895712363e-11,2.5826933528103838e-05,25.0
-1.2904681454437266,0.7130066475607023,2.609489895712363e-11,2.5826933528103838e-05,26.0
-1.2904675345784882,0.7130065020002427,2.609489895712363e-11,2.5826933528103838e-05,26.0
-1.290616498430146,0.7125618504008315,2.863105220914772e-10,0.000168068862156237,23.0
-1.290617865721082,0.7125622867331446,2.863105220914772e-10,0.000168068862156237,24.0
-1.2906187383857077,0.7125623739996072,2.863105220914772e-10,0.000168068862156237,24.0
-1.2906194946368728,0.7125627230654575,2.863105220914772e-10,0.000168068862156237,23.0
-1.2906205418344239,0.7125627811849217,2.863105220914772e-10,0.000168068862156237,22.0
-1.2906215017655125,0.71256339205016,2.863105220914772e-10,0.000168068862156237,22.0
-1.2906224035771372,0.7125640320623966,2.863105220914772e-10,0.000168068862156237,22.0
-1.2906236253076135,0.7125651665264104,2.863105220914772e-10,0.000168068862156237,21.0
-1.2906242361728517,0.7125656318311889,2.863105220914772e-10,0.000168068862156237,22.0
-1.2906244688252408,0.71256574824465,2.863105220914772e-10,0.000168068862156237,22.0
-1.2906274067379708,0.7125662137239616,2.863105220914772e-10,0.000168068862156237,20.0
-1.2906283085495953,0.7125663009904243,2.863105220914772e-10,0.000168068862156237,20.0
-1.290629326600148,0.7125663882568868,2.863105220914772e-10,0.000168068862156237,20.0
-1.2906304320916964,0.7125664463763509,2.863105220914772e-10,0.000168068862156237,20.0
-1.290632584606263,0.7125668827086639,2.863105220914772e-10,0.000168068862156237,18.0
-1.2906335445373514,0.7125672026275157,2.863105220914772e-10,0.000168068862156237,18.0
-1.2906344753214416,0.7125675516933663,5.230265866630971e-11,3.4579179829629156e-05,18.0
-1.2906353190136017,0.7125679007592167,5.230265866630971e-11,3.4579179829629156e-05,19.0
-1.2906361916782279,0.7125680752921417,5.230265866630971e-11,3.4579179829629156e-05,18.0
-1.2906369479293927,0.7125683081190641,5.230265866630971e-11,3.4579179829629156e-05,18.0
-1.2906377624745546,0.7125685116244548,5.230265866630971e-11,3.4579179829629156e-05,17.0
-1.2906386059921822,0.7125687734238426,5.230265866630971e-11,3.4579179829629156e-05,17.0
-1.2906395078038067,0.7125691516366915,5.230265866630971e-11,3.4579179829629156e-05,18.0
-1.2906405258543594,0.7125695007025418,5.230265866630971e-11,3.4579179829629156e-05,19.0
-1.2906415730519105,0.7125699078878563,5.230265866630971e-11,3.4579179829629156e-05,19.0
-1.2906427075159244,0.7125703442201694,5.230265866630971e-11,3.4579179829629156e-05,21.0
-1.2906438711269366,0.7125707515800168,5.230265866630971e-11,3.4579179829629156e-05,22.0
-1.290644918324488,0.7125710714988687,2.4377922870916928e-11,2.0816733966671506e-05,22.0
-1.2906459363750407,0.7125711296183327,2.4377922870916928e-11,2.0816733966671506e-05,23.0
-1.2906466926262055,0.7125714497117176,2.4377922870916928e-11,2.0816733966671506e-05,22.0
-1.290647332638442,0.712571740483571,2.4377922870916928e-11,2.0816733966671506e-05,22.0
-1.290648350688995,0.7125721478434184,2.4377922870916928e-11,2.0816733966671506e-05,22.0
-1.2906486997548454,0.7125724096428061,2.4377922870916928e-11,2.0816733966671506e-05,22.0
-1.29064901984823,0.7125725550287327,2.4377922870916928e-11,2.0816733966671506e-05,22.0
-1.2906519869079585,0.712573980439133,1.8475808053368227e-11,1.7535838360381558e-05,23.0
-1.290652946839047,0.7125751730226109,1.8475808053368227e-11,1.7535838360381558e-05,23.0
-1.290653441290824,0.7125754639689973,1.8475808053368227e-11,1.7535838360381558e-05,24.0
-1.2906541102755265,0.7125756966213864,1.8475808053368227e-11,1.7535838360381558e-05,24.0
-1.2906549248206882,0.7125759292737758,1.8475808053368227e-11,1.7535838360381558e-05,24.0
-1.2906556810718532,0.7125761621006981,1.8475808053368227e-11,1.7535838360381558e-05,24.0
-1.2906571356292518,0.7125770637377896,4.9242167449799394e-11,3.196579466781373e-05,25.0
-1.2906578918804168,0.7125772674177132,4.9242167449799394e-11,3.196579466781373e-05,25.0
-1.2906587936920413,0.7125776456305621,4.9242167449799394e-11,3.196579466781373e-05,25.0
-1.2906595207962077,0.7125785472676537,4.9242167449799394e-11,3.196579466781373e-05,24.0
-1.2906603353413695,0.7125791872798904,4.9242167449799394e-11,3.196579466781373e-05,23.0
-1.2906620806706215,0.7125799726780537,7.954124372852705e-11,4.945376192744028e-05,23.0
-1.29066304060171,0.7125802344774417,7.954124372852705e-11,4.945376192744028e-05,24.0
-1.2906641459187254,0.712580467129831,7.954124372852705e-11,4.945376192744028e-05,24.0
-1.2906653095297378,0.7125808161956814,7.954124372852705e-11,4.945376192744028e-05,23.0
-1.2906665021132155,0.7125811652615318,7.954124372852705e-11,4.945376192744028e-05,23.0
-1.290667782137689,0.7125815143273821,7.954124372852705e-11,4.945376192744028e-05,23.0
-1.2906748796936252,0.7125833760700954,4.390359486049711e-11,3.763968798985139e-05,24.0
-1.2906761597180985,0.712583695988947,4.390359486049711e-11,3.763968798985139e-05,23.0
-1.2906772069156498,0.7125843651481824,4.390359486049711e-11,3.763968798985139e-05,22.0
-1.2906793594302164,0.7125853540517366,3.668720818700088e-11,3.833037769110448e-05,22.0
-1.2906803485083034,0.7125855577316602,3.668720818700088e-11,3.833037769110448e-05,22.0
-1.2906810756124698,0.7125857903840496,3.668720818700088e-11,3.833037769110448e-05,22.0
-1.2906816575052424,0.7125861394498999,3.668720818700088e-11,3.833037769110448e-05,22.0
-1.290683053768644,0.7125883502584635,3.668720818700088e-11,3.833037769110448e-05,21.0
-1.2906837519003447,0.7125887574437778,3.668720818700088e-11,3.833037769110448e-05,20.0
-1.290684479004511,0.7125889902707001,3.668720818700088e-11,3.833037769110448e-05,19.0
-1.2906871552923862,0.7125873322079108,3.668720818700088e-11,3.833037769110448e-05,18.0
-1.2906880569294776,0.7125864303962863,3.898844048428275e-11,4.4198309630729e-05,18.0
-1.2906889295941038,0.7125854123457335,3.898844048428275e-11,4.4198309630729e-05,18.0
-1.2906907913368166,0.7125835797500191,3.898844048428275e-11,4.4198309630729e-05,16.0
-1.2906916931484413,0.7125826198189303,3.898844048428275e-11,4.4198309630729e-05,17.0
-1.2906925366660686,0.7125816888603074,3.898844048428275e-11,4.4198309630729e-05,17.0
-1.2906933512112306,0.7125807580762172,3.898844048428275e-11,4.4198309630729e-05,18.0
-1.290695707405721,0.7125776746030278,4.54131264864399e-11,4.184680296708949e-05,18.0
-1.2906966090428125,0.7125765692860124,3.841530281102732e-11,3.34829198062529e-05,18.0
-1.2906975981208997,0.7125754348219987,3.841530281102732e-11,3.34829198062529e-05,18.0
-1.2906997797824646,0.7125735149598215,3.841530281102732e-11,3.34829198062529e-05,17.0
-1.2907007688605516,0.7125728459751192,3.841530281102732e-11,3.34829198062529e-05,18.0
-1.2907015832311808,0.7125722640823468,3.841530281102732e-11,3.34829198062529e-05,18.0
-1.290702863255654,0.7125714786841832,3.841530281102732e-11,3.34829198062529e-05,17.0
-1.2907033285604328,0.7125711587653314,3.841530281102732e-11,3.34829198062529e-05,17.0
-1.2907035903598205,0.7125709842324061,3.841530281102732e-11,3.34829198062529e-05,17.0
-1.2907034449738937,0.7125692680501525,3.841530281102732e-11,3.34829198062529e-05,19.0
-1.290702426923341,0.7125689189843022,3.841530281102732e-11,3.34829198062529e-05,19.0
-1.2907010596324051,0.7125685116244548,3.841530281102732e-11,3.34829198062529e-05,19.0
-1.290699634396538,0.7125680463196763,3.841530281102732e-11,3.34829198062529e-05,20.0
-1.2906982962526004,0.7125675516933663,3.841530281102732e-11,3.34829198062529e-05,21.0
-1.2906968708422002,0.7125670280945907,3.841530281102732e-11,3.34829198062529e-05,21.0
-1.2906953583398704,0.7125665044958149,3.841530281102732e-11,3.34829198062529e-05,21.0
-1.2906937875435436,0.7125659808970394,3.841530281102732e-11,3.34829198062529e-05,21.0
-1.2906921294807545,0.7125654572982638,3.841530281102732e-11,3.34829198062529e-05,21.0
-1.2906907332173527,0.712564759166563,3.841530281102732e-11,3.34829198062529e-05,22.0
-1.2906894823398778,0.7125641193288593,3.841530281102732e-11,3.34829198062529e-05,23.0
-1.2906883187288656,0.7125635957300835,3.841530281102732e-11,3.34829198062529e-05,24.0
-1.290687358797777,0.7125630429843096,5.533695278609915e-11,3.3728965228753546e-05,25.0
-1.2906863988666883,0.7125626066519966,5.533695278609915e-11,3.3728965228753546e-05,25.0
-1.2906854972295967,0.7125620539062224,5.533695278609915e-11,3.3728965228753546e-05,24.0
-1.2906847408038988,0.7125614430409841,5.533695278609915e-11,3.3728965228753546e-05,26.0
-1.2906841882326578,0.7125608321757461,5.533695278609915e-11,3.3728965228753546e-05,26.0
-1.290683693606348,0.712560337723969,5.533695278609915e-11,3.3728965228753546e-05,27.0
-1.2906833445404973,0.7125599595111201,5.533695278609915e-11,3.3728965228753546e-05,28.0
-1.290683053768644,0.712559639592268,5.533695278609915e-11,3.3728965228753546e-05,28.0
-1.2906825882893325,0.7125563815861533,5.533695278609915e-11,3.3728965228753546e-05,28.0
-1.2906808138130819,0.71255559618799,5.533695278609915e-11,3.3728965228753546e-05,28.0
-1.2906799702954543,0.7125552762691382,5.533695278609915e-11,3.3728965228753546e-05,29.0
-1.29067906848383,0.7125549563502863,5.533695278609915e-11,3.3728965228753546e-05,30.0
-1.2906781085527412,0.7125545781374374,5.533695278609915e-11,3.3728965228753546e-05,29.0
-1.2906768578497994,0.7125542871910511,5.533695278609915e-11,3.3728965228753546e-05,29.0
-1.2906741815619243,0.712553530939886,5.533695278609915e-11,3.3728965228753546e-05,30.0
-1.290672959831448,0.7125530073411105,5.533695278609915e-11,3.3728965228753546e-05,29.0
-1.2906715635680461,0.71255265827526,5.533695278609915e-11,3.3728965228753546e-05,29.0
-1.290670400131567,0.7125521638234831,0.0,0.0,29.0
-1.2906692365205548,0.7125516983441716,0.0,0.0,29.0
-1.290668160176005,0.7125512620118586,0.0,0.0,30.0
-1.2906670840059884,0.712550854826544,0.0,0.0,30.0
-1.2906660076614385,0.7125504474666967,4.3101750427365997e-10,0.0002014141121891249,27.0
-1.2906649604638873,0.7125500694283807,3.6860885809141254e-10,0.00016908424752711128,27.0
-1.2906638841193376,0.7125496330960677,3.6860885809141254e-10,0.00016908424752711128,27.0
-1.2906627206828583,0.7125491094972921,3.6860885809141254e-10,0.00016908424752711128,27.0
-1.2906614406583847,0.7125485276045194,4.3101750427365997e-10,0.0002014141121891249,26.0
-1.2906600154225176,0.7125479167392813,4.3101750427365997e-10,0.0002014141121891249,22.0
-1.2906567282694044,0.7125466368893408,3.6860885809141254e-10,0.00016908424752711128,21.0
-1.2906548956736899,0.7125460841435667,3.6860885809141254e-10,0.00016908424752711128,21.0
-1.2906513760427203,0.7125447170271637,3.6860885809141254e-10,0.00016908424752711128,21.0
-1.290649514300007,0.7125441353089239,3.6860885809141254e-10,0.00016908424752711128,21.0
-1.29064759443783,0.7125435534161513,3.6860885809141254e-10,0.00016908424752711128,20.0
-1.2906458199615793,0.7125428552844505,3.6860885809141254e-10,0.00016908424752711128,19.0
-1.2906439873658648,0.7125422735662108,3.6860885809141254e-10,0.00016908424752711128,19.0
-1.2906423293030755,0.7125415462875114,4.899816889947852e-11,3.2269822927419715e-05,21.0
-1.290640991333671,0.7125407900363467,4.899816889947852e-11,3.2269822927419715e-05,21.0
-1.2906383150457958,0.7125395683058702,4.899816889947852e-11,3.2269822927419715e-05,22.0
-1.29063686066293,0.7125387829077069,4.899816889947852e-11,3.2269822927419715e-05,22.0
-1.2906363951836186,0.712538404694858,4.899816889947852e-11,3.2269822927419715e-05,21.0
-1.2906358426123776,0.7125380266565418,4.899816889947852e-11,3.2269822927419715e-05,21.0
-1.2906345044684397,0.7125372702308441,4.899816889947852e-11,3.2269822927419715e-05,21.0
-1.2906336899232782,0.7125368921925281,4.899816889947852e-11,3.2269822927419715e-05,21.0
-1.2906328464056507,0.7125364848326806,4.899816889947852e-11,3.2269822927419715e-05,22.0
-1.290632002888023,0.7125361357668303,4.899816889947852e-11,3.2269822927419715e-05,22.0
-1.29063121748986,0.7125359031144409,4.899816889947852e-11,3.2269822927419715e-05,22.0
-1.2906306355970874,0.7125356413150532,4.899816889947852e-11,3.2269822927419715e-05,23.0
-1.2906303448252339,0.7125340705187264,4.899816889947852e-11,3.2269822927419715e-05,23.0
-1.2906305193581589,0.7125335469199509,4.899816889947852e-11,3.2269822927419715e-05,23.0
-1.290630752010548,0.7125329941741766,4.899816889947852e-11,3.2269822927419715e-05,23.0
-1.2906311591958626,0.7125325288693981,4.899816889947852e-11,3.2269822927419715e-05,23.0
-1.290631828355098,0.7125319469766255,4.899816889947852e-11,3.2269822927419715e-05,22.0
-1.2906326137532613,0.7125305217407585,4.899816889947852e-11,3.2269822927419715e-05,22.0
-1.2906332246184995,0.7125295035156727,2.0561538757791285e-10,6.461958477836835e-05,23.0
-1.2906341262555912,0.7125283400791934,2.0561538757791285e-10,6.461958477836835e-05,23.0
-1.290634998920217,0.71252706005472,1.2415520641312667e-10,6.480916420319135e-05,21.0
-1.2906357843183804,0.7125257510577809,1.2415520641312667e-10,6.480916420319135e-05,22.0
-1.2906367152770033,0.7125245003548389,1.2415520641312667e-10,6.480916420319135e-05,22.0
-1.2906376169140952,0.7125232786243626,1.2415520641312667e-10,6.480916420319135e-05,22.0
-1.2906381696598692,0.712522318693274,1.2415520641312667e-10,6.480916420319135e-05,23.0
-1.2906387805251074,0.7125212714957228,1.2415520641312667e-10,6.480916420319135e-05,23.0
-1.2906396823367319,0.7125201078847104,1.2415520641312667e-10,6.480916420319135e-05,22.0
-1.2906405839738235,0.7125189442736982,1.2415520641312667e-10,6.480916420319135e-05,21.0
-1.2906416021989089,0.7125177516902202,1.2415520641312667e-10,6.480916420319135e-05,22.0
-1.2906426202494619,0.712516588079208,1.2415520641312667e-10,6.480916420319135e-05,24.0
-1.2906435510335519,0.7125153663487315,1.2415520641312667e-10,6.480916420319135e-05,23.0
-1.290644481992175,0.7125141156457897,3.4078007677580533e-11,2.7595811978516504e-05,22.0
-1.2906453836292664,0.7125128356213163,3.4078007677580533e-11,2.7595811978516504e-05,22.0
-1.2906462854408909,0.7125115557713757,3.4078007677580533e-11,2.7595811978516504e-05,21.0
-1.2906471289585186,0.7125102467744366,3.4078007677580533e-11,2.7595811978516504e-05,23.0
-1.2906480016231443,0.7125088796580337,3.4078007677580533e-11,2.7595811978516504e-05,24.0
-1.2906486997548454,0.7125075123670975,3.4078007677580533e-11,2.7595811978516504e-05,23.0
-1.2906494851530086,0.712506174397693,3.4078007677580533e-11,2.7595811978516504e-05,25.0
-1.2906504161116317,0.7125049235202181,3.4078007677580533e-11,2.7595811978516504e-05,25.0
-1.290651579548111,0.7125036726427433,3.4078007677580533e-11,2.7595811978516504e-05,26.0
-1.2906528012785874,0.7125023636458042,3.4078007677580533e-11,2.7595811978516504e-05,25.0
-1.290654197541989,0.7125009673824027,3.4078007677580533e-11,2.7595811978516504e-05,24.0
-1.2906552157670748,0.712499629412998,3.4078007677580533e-11,2.7595811978516504e-05,25.0
-1.290657310162177,0.7124969822721215,9.795384366637597e-11,6.622753806791909e-05,23.0
-1.2906584446261908,0.7124956732751825,9.795384366637597e-11,6.622753806791909e-05,23.0
-1.290659433529745,0.712494393425242,9.795384366637597e-11,6.622753806791909e-05,23.0
-1.290660422607832,0.7124931716947657,9.795384366637597e-11,6.622753806791909e-05,23.0
-1.2906614698053833,0.7124918626978266,9.795384366637597e-11,6.622753806791909e-05,25.0
-1.290662546149933,0.7124906118203517,9.795384366637597e-11,6.622753806791909e-05,25.0
-1.2906635642004856,0.7124892447039487,9.795384366637597e-11,6.622753806791909e-05,25.0
-1.2906646405450355,0.7124878774130126,8.746723668515811e-11,7.197498740335981e-05,25.0
-1.2906665312602141,0.7124853177131317,8.746723668515811e-11,7.197498740335981e-05,22.0
-1.2906674330718386,0.7124841249551208,8.746723668515811e-11,7.197498740335981e-05,22.0
-1.290668160176005,0.7124829615186414,8.746723668515811e-11,7.197498740335981e-05,22.0
-1.2906688293352402,0.7124817397881651,8.746723668515811e-11,7.197498740335981e-05,22.0
-1.290670778169883,0.7124793544466764,8.746723668515811e-11,7.197498740335981e-05,21.0
-1.2906716218620435,0.7124781618631986,8.746723668515811e-11,7.197498740335981e-05,22.0
-1.290672639912596,0.7124769109857235,8.746723668515811e-11,7.197498740335981e-05,21.0
-1.2906736871101472,0.7124756601082487,8.746723668515811e-11,7.197498740335981e-05,19.0
-1.2906745597747733,0.7124745547912334,8.746723668515811e-11,7.197498740335981e-05,18.0
-1.2906753160259379,0.7124735367406807,1.1871306390090082e-10,6.543330447884046e-05,17.0
-1.2906759560381746,0.7124725768095922,6.972570892176272e-11,3.771348974915114e-05,17.0
-1.2906765377564147,0.7124717331174317,6.972570892176272e-11,3.771348974915114e-05,17.0
-1.2906770323827246,0.7124709477192682,6.972570892176272e-11,3.771348974915114e-05,17.0
-1.2906774687150375,0.7124703951480271,6.972570892176272e-11,3.771348974915114e-05,17.0
-1.2906781668467382,0.712470220615102,6.972570892176272e-11,3.771348974915114e-05,17.0
-1.2906796793490682,0.7124700750546422,6.972570892176272e-11,3.771348974915114e-05,17.0
-1.290680610307691,0.7124701042016408,2.1264352068632718e-10,0.00013687855333246006,18.0
-1.2906817447717052,0.7124701333486393,2.1264352068632718e-10,0.00013687855333246006,17.0
-1.290683053768644,0.7124701914681034,2.1264352068632718e-10,0.00013687855333246006,17.0
-1.290684537298508,0.7124701914681034,2.1264352068632718e-10,0.00013687855333246006,20.0
-1.290703415826895,0.7124814196947802,3.686251551150671e-11,4.599130027048084e-05,23.0
-1.2907028341086555,0.7124845031679697,6.0737667335898575e-12,1.05347948564423e-05,24.0
-1.2907037940397443,0.7124847358203591,3.686251551150671e-11,4.599130027048084e-05,24.0
-1.2907050738896846,0.7124847068478934,3.686251551150671e-11,4.599130027048084e-05,23.0
-1.2907079536829507,0.7124847068478934,3.686251551150671e-11,4.599130027048084e-05,23.0
-1.2907092918268879,0.7124849395002828,3.686251551150671e-11,4.599130027048084e-05,25.0
-1.2907121424731551,0.7124855503655211,3.686251551150671e-11,4.599130027048084e-05,27.0
-1.290713538736557,0.7124858702843729,3.686251551150671e-11,4.599130027048084e-05,27.0
-1.2907148768804944,0.7124861612307593,3.686251551150671e-11,4.599130027048084e-05,29.0
-1.2907161277579693,0.7124863938831485,6.814352603920301e-11,4.366703997961535e-05,30.0
-1.290717262221983,0.7124866848295347,6.814352603920301e-11,4.366703997961535e-05,31.0
-1.2907192693506229,0.7124871211618478,6.814352603920301e-11,4.366703997961535e-05,31.0
-1.2907202874011756,0.7124873829612355,1.1116357807659219e-10,4.4596020553994926e-05,30.0
-1.2907211892127999,0.7124876447606234,1.1116357807659219e-10,4.4596020553994926e-05,30.0
-1.2907219746109635,0.7124879938264738,1.1116357807659219e-10,4.4596020553994926e-05,32.0
-1.2907227308621285,0.7124883720393227,1.1116357807659219e-10,4.4596020553994926e-05,32.0
-1.2907234871132933,0.7124887500776386,1.1116357807659219e-10,4.4596020553994926e-05,33.0
-1.290724243538991,0.7124891282904875,1.1116357807659219e-10,4.4596020553994926e-05,32.0
-1.2907249706431574,0.712489535475802,1.1116357807659219e-10,4.4596020553994926e-05,32.0
-1.2907264541730217,0.7124900590745776,7.514211126266173e-11,5.19830352918908e-05,31.0
-1.290727734197495,0.7124901173685747,7.514211126266173e-11,5.19830352918908e-05,31.0
-1.290728374035199,0.7124897972751899,7.514211126266173e-11,5.19830352918908e-05,31.0
-1.2907288395145105,0.712489477356338,7.514211126266173e-11,5.19830352918908e-05,31.0
-1.2907292758468232,0.7124890118770265,4.801151307619806e-11,5.477966089771067e-05,31.0
-1.2907297121791363,0.7124884593057852,4.801151307619806e-11,5.477966089771067e-05,31.0
-1.2907307885236858,0.7124870920148493,4.801151307619806e-11,5.477966089771067e-05,30.0
-1.2907313702419256,0.7124863938831485,4.801151307619806e-11,5.477966089771067e-05,30.0
-1.2907318357212372,0.7124858121649087,4.801151307619806e-11,5.477966089771067e-05,30.0
-1.2907323010260159,0.7124853177131317,4.801151307619806e-11,5.477966089771067e-05,30.0
-1.2907327373583288,0.7124848230868216,4.801151307619806e-11,5.477966089771067e-05,30.0
-1.2907330864241793,0.7124845031679697,4.801151307619806e-11,5.477966089771067e-05,31.0
-1.290733406517564,0.7124841249551208,4.801151307619806e-11,5.477966089771067e-05,32.0
-1.290733726436416,0.7124838341832674,4.801151307619806e-11,5.477966089771067e-05,32.0
-1.2907387297717827,0.7124819432935559,4.801151307619806e-11,5.477966089771067e-05,30.0
-1.2907394279034834,0.7124820015875529,4.801151307619806e-11,5.477966089771067e-05,31.0
-1.2907400677411873,0.7124820888540155,4.801151307619806e-11,5.477966089771067e-05,30.0
-1.2907406204869614,0.712482176120478,4.801151307619806e-11,5.477966089771067e-05,30.0
-1.2907432966003032,0.7124831650240323,4.801151307619806e-11,5.477966089771067e-05,30.0
-1.2907439657595385,0.7124834559704185,4.801151307619806e-11,5.477966089771067e-05,30.0
-1.290744983810091,0.7124836886228079,3.486452985491251e-11,2.977656192634412e-05,29.0
-1.2907462928070301,0.7124838341832674,3.486452985491251e-11,2.977656192634412e-05,28.0
-1.2907476599234333,0.7124841832491179,3.486452985491251e-11,2.977656192634412e-05,28.0
-1.2907505397166992,0.7124852304466691,3.486452985491251e-11,2.977656192634412e-05,25.0
-1.2907519942740977,0.7124858994313713,3.486452985491251e-11,2.977656192634412e-05,25.0
-1.2907551939862154,0.7124871211618478,1.0571640937694857e-10,7.034111533250414e-05,22.0
-1.2907568811960035,0.7124875866411592,1.0571640937694857e-10,7.034111533250414e-05,21.0
-1.2907586265252553,0.7124880229734722,3.2583402306576113e-11,2.913312561095261e-05,22.0
-1.290760517240434,0.7124883137453256,3.2583402306576113e-11,2.913312561095261e-05,20.0
-1.2907624079556128,0.7124887211051731,3.2583402306576113e-11,2.913312561095261e-05,20.0
-1.2907644150842523,0.7124890118770265,3.2583402306576113e-11,2.913312561095261e-05,19.0
-1.2907663932404267,0.7124892736764143,3.2583402306576113e-11,2.913312561095261e-05,19.0
-1.2907682839556054,0.7124896810362618,4.837842475775063e-11,3.362469669483417e-05,19.0
-1.2907700292848574,0.7124902336075027,4.837842475775063e-11,3.362469669483417e-05,20.0
-1.2907717164946453,0.7124906990868144,4.837842475775063e-11,3.362469669483417e-05,17.0
-1.2907733454104362,0.71249122268559,4.837842475775063e-11,3.362469669483417e-05,18.0
-1.2907748580872989,0.7124918335508282,4.837842475775063e-11,3.362469669483417e-05,17.0
-1.2907762252037018,0.7124923280026053,4.837842475775063e-11,3.362469669483417e-05,17.0
-1.290777359667716,0.7124928226289152,4.837842475775063e-11,3.362469669483417e-05,16.0
-1.290778464984731,0.7124932589612283,4.837842475775063e-11,3.362469669483417e-05,16.0
-1.2907793086768915,0.7124936080270787,4.837842475775063e-11,3.362469669483417e-05,16.0
-1.2907806757932945,0.7124946260776314,4.837842475775063e-11,3.362469669483417e-05,15.0
-1.2907814611914576,0.7124950332629457,4.837842475775063e-11,3.362469669483417e-05,15.0
-1.2907822465896213,0.7124953242093321,0.0,0.0,15.0
-1.2907837882389497,0.7124957896886437,0.0,0.0,15.0
-1.2907843409847237,0.71249558600872,0.0,0.0,15.0
-1.2907850682634232,0.7124949170240178,0.0,0.0,14.0
-1.2907861735804382,0.7124938406794681,0.0,0.0,13.0
-1.2907873953109148,0.7124925608295274,0.0,0.0,13.0
-1.2907900133047925,0.7124897391557257,0.0,0.0,14.0
-1.2907914095681945,0.7124881975063975,0.0,0.0,13.0
-1.2907926894181347,0.7124867720959974,0.0,0.0,14.0
-1.2907939984150738,0.7124853758325957,0.0,0.0,14.0
-1.2907953074120129,0.7124838631557331,0.0,0.0,13.0
-1.2907978381394283,0.7124812161893895,0.0,0.0,16.0
-1.2908003107473793,0.7124787727284366,0.0,0.0,16.0
-1.2908012998254665,0.712477638264423,0.0,0.0,15.0
-1.2908022306095566,0.7124765327728748,0.0,0.0,15.0
-1.2908031613936468,0.7124752820699326,0.0,0.0,15.0
-1.290804063205271,0.7124740893119219,0.0,0.0,15.0
-1.2908048486034345,0.7124731293808332,0.0,0.0,15.0
-1.2908053722022104,0.7124725768095922,0.0,0.0,15.0
-1.290807932076624,0.7124715585845065,0.0,0.0,13.0
-1.2908086591807906,0.7124711222521936,0.0,0.0,13.0
-1.2908094737259526,0.7124706278004164,7.914112874314093e-12,1.2207230591867436e-05,13.0
-1.290811189908206,0.7124697551357906,7.914112874314093e-12,1.2207230591867436e-05,13.0
-1.2908120336003663,0.7124691442705523,7.914112874314093e-12,1.2207230591867436e-05,13.0
-1.2908136625161573,0.7124682424589278,7.914112874314093e-12,1.2207230591867436e-05,12.0
-1.2908143897948565,0.712467544327227,7.914112874314093e-12,1.2207230591867436e-05,12.0
-1.2908148842466336,0.7124668172230606,7.914112874314093e-12,1.2207230591867436e-05,11.0
-1.290815233312484,0.7124663225967507,7.914112874314093e-12,1.2207230591867436e-05,12.0
-1.2908168041088108,0.7124652172797353,7.914112874314093e-12,1.2207230591867436e-05,12.0
-1.2908173858270506,0.7124647809474223,7.914112874314093e-12,1.2207230591867436e-05,12.0
-1.290817909425826,0.7124637046028726,7.914112874314093e-12,1.2207230591867436e-05,11.0
-1.2908183167856735,0.7124629483517076,7.914112874314093e-12,1.2207230591867436e-05,12.0
-1.2908189276509117,0.7124621048340802,7.914112874314093e-12,1.2207230591867436e-05,12.0
-1.2908195385161498,0.7124614067023795,7.914112874314093e-12,1.2207230591867436e-05,12.0
-1.2908201493813882,0.7124605340377534,7.914112874314093e-12,1.2207230591867436e-05,12.0
-1.290820585713701,0.7124598359060527,7.914112874314093e-12,1.2207230591867436e-05,12.0
-1.2908209928990155,0.7124592831602784,7.914112874314093e-12,1.2207230591867436e-05,12.0
-1.2908212838454018,0.712458934094428,7.914112874314093e-12,1.2207230591867436e-05,12.0
-1.2908268397520097,0.7124494511970032,3.207301582036786e-11,2.9002080479512707e-05,10.0
-1.290827683269637,0.7124481130530658,3.207301582036786e-11,2.9002080479512707e-05,10.0
-1.290827886949561,0.7124477058677513,3.207301582036786e-11,2.9002080479512707e-05,10.0
-1.2908282651624097,0.7124472112414413,3.207301582036786e-11,2.9002080479512707e-05,11.0
-1.2908287304671884,0.7124466295232016,3.207301582036786e-11,2.9002080479512707e-05,11.0
-1.2908291086800372,0.712446222337887,3.207301582036786e-11,2.9002080479512707e-05,11.0
-1.2908296903982772,0.7124454369397235,3.207301582036786e-11,2.9002080479512707e-05,10.0
-1.29083012673059,0.7124442441817128,4.468250160384568e-11,2.916075373608567e-05,10.0
-1.2908305922099017,0.7124433715170868,4.468250160384568e-11,2.916075373608567e-05,10.0
-1.2908310866616786,0.7124425861189233,4.468250160384568e-11,2.916075373608567e-05,10.0
-1.290831494021526,0.7124417717482945,4.468250160384568e-11,2.916075373608567e-05,10.0
-1.2908319593263047,0.7124410444695951,4.468250160384568e-11,2.916075373608567e-05,10.0
-1.2908325120720787,0.7124401426579706,4.468250160384568e-11,2.916075373608567e-05,10.0
-1.2908332102037794,0.7124390954604193,4.468250160384568e-11,2.916075373608567e-05,10.0
-1.2908338502160162,0.712438310062256,4.468250160384568e-11,2.916075373608567e-05,10.0
-1.2908344027872576,0.7124375538110911,4.468250160384568e-11,2.916075373608567e-05,10.0
-1.2908357990506591,0.7124355758294498,4.468250160384568e-11,2.916075373608567e-05,12.0
-1.2908364390628957,0.7124346158983613,2.0565331244451532e-11,1.8397472225801465e-05,12.0
-1.2908370790751325,0.7124336559672727,2.0565331244451532e-11,1.8397472225801465e-05,11.0
-1.2908376899403706,0.7124327541556481,2.0565331244451532e-11,1.8397472225801465e-05,11.0
-1.2908382716586104,0.7124317942245595,2.0565331244451532e-11,1.8397472225801465e-05,11.0
-1.2908386498714592,0.7124310960928587,2.0565331244451532e-11,1.8397472225801465e-05,11.0
-1.2908390279097752,0.7124303979611579,2.0565331244451532e-11,1.8397472225801465e-05,12.0
-1.2908395806555493,0.7124296706824585,2.0565331244451532e-11,1.8397472225801465e-05,11.0
-1.2908412387183388,0.71242777996728,2.0565331244451532e-11,1.8397472225801465e-05,10.0
-1.2908416750506517,0.7124271109825776,2.0565331244451532e-11,1.8397472225801465e-05,10.0
-1.290841907703041,0.7124265582368037,2.0565331244451532e-11,1.8397472225801465e-05,9.0
-1.2908425768622762,0.712425161973402,2.0565331244451532e-11,1.8397472225801465e-05,9.0
-1.2908446712573785,0.7124226312459866,2.0565331244451532e-11,1.8397472225801465e-05,9.0
-1.290845398361545,0.7124214967819729,2.4694724987033755e-11,2.0176290297805266e-05,8.0
-1.2908456020414687,0.7124209150637331,2.4694724987033755e-11,2.0176290297805266e-05,8.0
-1.290845776574394,0.7124203914649575,2.4694724987033755e-11,2.0176290297805266e-05,8.0
-1.2908447293768426,0.7124157080484426,2.4694724987033755e-11,2.0176290297805266e-05,8.0
-1.2908438858592153,0.7124142828125756,2.4694724987033755e-11,2.0176290297805266e-05,9.0
-1.2908429549005922,0.7124128282551769,2.4694724987033755e-11,2.0176290297805266e-05,9.0
-1.2908421405299633,0.712409017677821,4.377047705093019e-12,9.234934006484666e-06,12.0
-1.290841965997038,0.7124076795338835,4.377047705093019e-12,9.234934006484666e-06,12.0
-1.2908420241165022,0.7124059342046315,4.377047705093019e-12,9.234934006484666e-06,12.0
-1.2908432458469785,0.7123985457023091,4.377047705093019e-12,9.234934006484666e-06,13.0
-1.2908429840475908,0.712397614918219,4.377047705093019e-12,9.234934006484666e-06,14.0
-1.2908424895958137,0.7123966258401319,4.377047705093019e-12,9.234934006484666e-06,14.0
-1.2908418787305755,0.7123955205231166,4.377047705093019e-12,9.234934006484666e-06,14.0
-1.2908411805988746,0.7123943569121042,4.377047705093019e-12,9.234934006484666e-06,14.0
-1.2908403079342488,0.7123931643286263,4.377047705093019e-12,9.234934006484666e-06,14.0
-1.290838475338534,0.7123908081341361,0.0,0.0,13.0
-1.290837486260447,0.7123895281096627,0.0,0.0,15.0
-1.2908363809434318,0.712388277406721,0.0,0.0,15.0
-1.2908352754518835,0.7123870556762444,1.979175530801435e-11,1.8025977611288123e-05,16.0
-1.2908333555897062,0.7123845539212946,1.1598353951024708e-10,6.384934493447958e-05,20.0
-1.2908322502726908,0.7123833032183526,1.1598353951024708e-10,6.384934493447958e-05,20.0
-1.2908311739281413,0.7123819650744151,1.1598353951024708e-10,6.384934493447958e-05,19.0
-1.2908300686111258,0.712380597958012,4.1759088226571565e-11,2.6459340007227683e-05,18.0
-1.2908279160965594,0.7123778635506729,4.1759088226571565e-11,2.6459340007227683e-05,19.0
-1.2908268397520097,0.7123766418201966,4.1759088226571565e-11,2.6459340007227683e-05,19.0
-1.2908257344349945,0.7123754200897202,4.1759088226571565e-11,2.6459340007227683e-05,20.0
-1.2908225928423411,0.7123721620836054,4.1759088226571565e-11,2.6459340007227683e-05,20.0
-1.290821603764254,0.7123711148860541,2.2368057134373638e-11,2.023902153726737e-05,21.0
-1.290820585713701,0.712370067688503,2.2368057134373638e-11,2.023902153726737e-05,22.0
-1.2908195674886156,0.7123691077574145,2.2368057134373638e-11,2.023902153726737e-05,21.0
-1.2908185785850614,0.7123682061203229,2.2368057134373638e-11,2.023902153726737e-05,21.0
-1.2908175603599756,0.7123673624281626,2.2368057134373638e-11,2.023902153726737e-05,21.0
-1.2908164550429606,0.7123664316440724,4.7933378708124734e-11,3.0503330552314303e-05,23.0
-1.290813982435009,0.7123644245154326,4.7933378708124734e-11,3.0503330552314303e-05,23.0
-1.2908118007734442,0.7123621555874049,4.7933378708124734e-11,3.0503330552314303e-05,22.0
-1.2908107246034273,0.7123591885276767,8.522875557403305e-11,4.378557232978475e-05,21.0
-1.2908102010046516,0.712357792264275,8.522875557403305e-11,4.378557232978475e-05,21.0
-1.2908096191118792,0.7123565124143345,8.522875557403305e-11,4.378557232978475e-05,20.0
-1.2908089209801783,0.7123553779503207,8.522875557403305e-11,4.378557232978475e-05,21.0
-1.2908081647290133,0.7123542434863068,8.522875557403305e-11,4.378557232978475e-05,22.0
-1.2908074665973126,0.7123531090222932,8.522875557403305e-11,4.378557232978475e-05,21.0
-1.2908066520521506,0.7123520618247418,8.522875557403305e-11,4.378557232978475e-05,23.0
-1.290805808534523,0.7123509854801923,8.522875557403305e-11,4.378557232978475e-05,23.0
-1.290804819456436,0.7123498510161784,8.522875557403305e-11,4.378557232978475e-05,22.0
-1.2908038305528822,0.7123487746716288,8.522875557403305e-11,4.378557232978475e-05,21.0
-1.2908026377948711,0.7123478438875387,8.522875557403305e-11,4.378557232978475e-05,21.0
-1.2907991762833657,0.7123450513607356,1.747833831224895e-11,1.8603050138916278e-05,20.0
-1.2907980709663502,0.7123440622826483,1.747833831224895e-11,1.8603050138916278e-05,19.0
-1.2907958893047855,0.7123420551540085,1.747833831224895e-11,1.8603050138916278e-05,21.0
-1.2907949002266983,0.7123409789839917,1.747833831224895e-11,1.8603050138916278e-05,20.0
-1.2907939111486113,0.7123399899059047,1.747833831224895e-11,1.8603050138916278e-05,20.0
-1.2907917294870461,0.7123381864571886,1.747833831224895e-11,1.8603050138916278e-05,20.0
-1.2907907114364936,0.7123372265260999,1.747833831224895e-11,1.8603050138916278e-05,21.0
-1.2907898679188659,0.7123361793285488,1.747833831224895e-11,1.8603050138916278e-05,21.0
-1.2907891114931682,0.7123350448645349,1.747833831224895e-11,1.8603050138916278e-05,20.0
-1.2907883843890018,0.7123339685199852,1.747833831224895e-11,1.8603050138916278e-05,20.0
-1.2907878897626917,0.7123328340559714,1.747833831224895e-11,1.8603050138916278e-05,20.0
-1.2907873661639162,0.7123317577114219,1.747833831224895e-11,1.8603050138916278e-05,22.0
-1.2907868717121391,0.7123307105138705,1.747833831224895e-11,1.8603050138916278e-05,22.0
-1.2907862899938993,0.7123300123821698,1.747833831224895e-11,1.8603050138916278e-05,22.0
-1.2907857663951239,0.7123294887833942,1.747833831224895e-11,1.8603050138916278e-05,20.0
-1.2907831192542472,0.7123287033852307,3.1694680983926966e-11,2.85959930470413e-05,19.0
-1.290782217442623,0.7123286452657668,3.1694680983926966e-11,2.85959930470413e-05,20.0
-1.2907812575115343,0.7123288489456905,3.1694680983926966e-11,2.85959930470413e-05,19.0
-1.2907803558744426,0.7123293433974675,1.747833831224895e-11,1.8603050138916278e-05,19.0
-1.2907795704762794,0.7123300415291682,1.747833831224895e-11,1.8603050138916278e-05,19.0
-1.2907789885835068,0.7123308850467958,0.0,0.0,19.0
-1.2907783487458029,0.7123316414724936,0.0,0.0,19.0
-1.2907776795865675,0.7123323396041944,0.0,0.0,18.0
-1.290777097868328,0.7123329213224341,0.0,0.0,17.0
-1.2907765742695523,0.7123332995352829,0.0,0.0,17.0
-1.2907756143384637,0.7123342011723746,6.404276633007911e-12,1.2836796195191644e-05,18.0
-1.2907749743262271,0.7123348703316097,6.404276633007911e-12,1.2836796195191644e-05,18.0
-1.2907743053415248,0.7123356557297732,6.404276633007911e-12,1.2836796195191644e-05,17.0
-1.2907736363568223,0.7123364992474007,6.404276633007911e-12,1.2836796195191644e-05,17.0
-1.290772967197587,0.7123372554985655,6.404276633007911e-12,1.2836796195191644e-05,18.0
-1.2907724146263462,0.712338040896729,6.404276633007911e-12,1.2836796195191644e-05,18.0
-1.290771978294033,0.7123387100559642,6.404276633007911e-12,1.2836796195191644e-05,18.0
-1.2907713964012604,0.7123397572535154,6.404276633007911e-12,1.2836796195191644e-05,19.0
-1.2907713382817962,0.7123400480253689,6.404276633007911e-12,1.2836796195191644e-05,19.0
-1.2907715709341856,0.7123413861693062,6.404276633007911e-12,1.2836796195191644e-05,19.0
-1.290771803761108,0.7123418225016191,6.404276633007911e-12,1.2836796195191644e-05,19.0
-1.2907720945329613,0.7123422007144681,6.404276633007911e-12,1.2836796195191644e-05,19.0
-1.2907724435988117,0.7123425497803186,6.404276633007911e-12,1.2836796195191644e-05,19.0
-1.2907727636921964,0.7123428696991705,6.404276633007911e-12,1.2836796195191644e-05,20.0
-1.2907731127580468,0.7123432187650208,6.404276633007911e-12,1.2836796195191644e-05,20.0
-1.290773432676899,0.7123436550973338,6.404276633007911e-12,1.2836796195191644e-05,22.0
-1.2907738108897475,0.7123441205766454,6.404276633007911e-12,1.2836796195191644e-05,21.0
-1.2907741599555982,0.7123445277619598,6.404276633007911e-12,1.2836796195191644e-05,22.0
-1.2907744507274515,0.7123449932412713,6.404276633007911e-12,1.2836796195191644e-05,22.0
-1.2907748289403005,0.7123455749595109,6.404276633007911e-12,1.2836796195191644e-05,23.0
-1.2907755562189998,0.7123463895046729,6.404276633007911e-12,1.2836796195191644e-05,22.0
-1.29077590528485,0.7123467966899875,6.404276633007911e-12,1.2836796195191644e-05,22.0
-1.2907762543507004,0.7123472621692989,6.404276633007911e-12,1.2836796195191644e-05,22.0
-1.2907765742695523,0.7123476112351494,6.404276633007911e-12,1.2836796195191644e-05,22.0
-1.2907769233354027,0.7123480184204638,6.404276633007911e-12,1.2836796195191644e-05,22.0
-1.2907793376493568,0.7123508400942654,2.0906045829686275e-11,2.4441777192999233e-05,21.0
-1.2907798612481327,0.7123517127588914,2.0906045829686275e-11,2.4441777192999233e-05,20.0
-1.2907805012603695,0.7123524690100566,2.0906045829686275e-11,2.4441777192999233e-05,20.0
-1.290781141272606,0.7123531379947587,2.0906045829686275e-11,2.4441777192999233e-05,20.0
-1.2907817521378442,0.712353923392922,2.0906045829686275e-11,2.4441777192999233e-05,18.0
-1.2907823630030824,0.7123546798186199,2.0906045829686275e-11,2.4441777192999233e-05,17.0
-1.2907828574548597,0.7123552906838582,2.0906045829686275e-11,2.4441777192999233e-05,17.0
-1.2907833519066365,0.7123559596685605,2.0906045829686275e-11,2.4441777192999233e-05,17.0
-1.2907837882389497,0.7123565996807972,2.0906045829686275e-11,2.4441777192999233e-05,17.0
-1.290784573637113,0.7123579376502017,2.2074558250979208e-11,2.348225856573362e-05,17.0
-1.2907852136493498,0.712358664928901,2.2074558250979208e-11,2.348225856573362e-05,18.0
-1.2907859699005146,0.7123593922076004,2.2074558250979208e-11,2.348225856573362e-05,18.0
-1.2907873661639162,0.7123610792428552,2.2074558250979208e-11,2.348225856573362e-05,19.0
-1.2907878316432275,0.712361719255092,2.2074558250979208e-11,2.348225856573362e-05,20.0
-1.2907888207213147,0.7123637845031958,2.2074558250979208e-11,2.348225856573362e-05,21.0
-1.2907891114931682,0.7123643953684341,2.2074558250979208e-11,2.348225856573362e-05,20.0
-1.2907895188530156,0.7123650645276692,2.2074558250979208e-11,2.348225856573362e-05,20.0
-1.2907901005712552,0.7123657335123716,2.2074558250979208e-11,2.348225856573362e-05,20.0
-1.290792485912744,0.7123682642397868,2.747024660751092e-11,2.9199723600753195e-05,21.0
-1.2907932713109074,0.712369195023877,2.747024660751092e-11,2.9199723600753195e-05,22.0
-1.2907941439755333,0.7123701259825,2.747024660751092e-11,2.9199723600753195e-05,22.0
-1.2907951328790876,0.7123710276195917,2.747024660751092e-11,2.9199723600753195e-05,22.0
-1.2907960055437135,0.7123718713117522,2.747024660751092e-11,2.9199723600753195e-05,22.0
-1.2907968200888755,0.7123727148293796,2.747024660751092e-11,2.9199723600753195e-05,22.0
-1.290797605487039,0.7123734710805445,2.7882393976875727e-11,3.747658451533678e-05,21.0
-1.2907982454992757,0.7123741983592436,2.7882393976875727e-11,3.747658451533678e-05,20.0
-1.29079865268459,0.7123747511050179,2.7882393976875727e-11,3.747658451533678e-05,21.0
-1.290799030897439,0.7123751582903324,2.7882393976875727e-11,3.747658451533678e-05,21.0
-1.2908001070674557,0.7123764091678072,2.7882393976875727e-11,3.747658451533678e-05,20.0
-1.2908005433997687,0.7123768163531217,2.7882393976875727e-11,3.747658451533678e-05,20.0
-1.290801096145543,0.7123773690988958,2.7882393976875727e-11,3.747658451533678e-05,20.0
-1.2908013870919293,0.7123779508171354,2.7882393976875727e-11,3.747658451533678e-05,20.0
-1.2908013579449307,0.7123787653622974,2.7882393976875727e-11,3.747658451533678e-05,20.0
-1.2908011252925413,0.7123795507604609,2.7882393976875727e-11,3.747658451533678e-05,20.0
-1.290800717932694,0.7123803651310898,2.7882393976875727e-11,3.747658451533678e-05,20.0
-1.2908003107473793,0.7123811505292532,2.7882393976875727e-11,3.747658451533678e-05,20.0
-1.2907998744150666,0.7123819942214136,2.7882393976875727e-11,3.747658451533678e-05,20.0
-1.290799408935755,0.7123827796195771,3.360463220719342e-11,4.033934242964946e-05,19.0
-1.2907989436309764,0.7123835358707418,3.360463220719342e-11,4.033934242964946e-05,20.0
-1.290798594565126,0.7123842340024426,3.360463220719342e-11,4.033934242964946e-05,19.0
-1.2907985072986632,0.7123854265859206,3.360463220719342e-11,4.033934242964946e-05,20.0
-1.290798536271129,0.712385833945768,3.360463220719342e-11,4.033934242964946e-05,20.0
-1.2907981290858144,0.7123874628615587,3.360463220719342e-11,4.033934242964946e-05,20.0
-1.290797401807115,0.7123884227926476,3.360463220719342e-11,4.033934242964946e-05,19.0
-1.290796354609564,0.7123894699901986,5.806388792901597e-11,5.8869822495118944e-05,18.0
-1.2907952492925487,0.712390633601211,5.806388792901597e-11,5.8869822495118944e-05,17.0
-1.2907942020949974,0.71239194259815,5.806388792901597e-11,5.8869822495118944e-05,18.0
-1.2907932713109074,0.7123933678340172,5.806388792901597e-11,5.8869822495118944e-05,18.0
-1.2907923403522843,0.7123947932444172,5.806388792901597e-11,5.8869822495118944e-05,18.0
-1.2907905660505667,0.7123976730376831,5.806388792901597e-11,5.8869822495118944e-05,19.0
-1.2907897806524036,0.7123991274205488,5.806388792901597e-11,5.8869822495118944e-05,19.0
-1.2907888496937805,0.7124005819779473,6.434479450872029e-11,4.5800383440338e-05,19.0
-1.2907878607902261,0.712401978241349,6.434479450872029e-11,4.5800383440338e-05,18.0
-1.2907867844456766,0.7124033162107536,6.434479450872029e-11,4.5800383440338e-05,17.0
-1.2907857663951239,0.7124046252076925,6.434479450872029e-11,4.5800383440338e-05,14.0
-1.2907839046524106,0.7124071850821064,6.434479450872029e-11,4.5800383440338e-05,14.0
-1.290782217442623,0.7124094540101341,6.434479450872029e-11,4.5800383440338e-05,14.0
-1.2907814320444595,0.7124105012076852,9.31751578935749e-11,3.948349586551575e-05,13.0
-1.2907800068085922,0.7124125664557891,9.31751578935749e-11,3.948349586551575e-05,13.0
-1.2907793086768915,0.7124134682674136,9.31751578935749e-11,3.948349586551575e-05,13.0
-1.2907785522511936,0.7124143700790381,9.31751578935749e-11,3.948349586551575e-05,12.0
-1.2907770106018654,0.7124163772076779,9.31751578935749e-11,3.948349586551575e-05,14.0
-1.290776283323166,0.7124173952582306,9.31751578935749e-11,3.948349586551575e-05,14.0
-1.2907755562189998,0.7124183260423207,9.31751578935749e-11,3.948349586551575e-05,15.0
-1.290774916206763,0.7124191697344812,9.31751578935749e-11,3.948349586551575e-05,15.0
-1.2907744507274515,0.7124198387191834,9.31751578935749e-11,3.948349586551575e-05,17.0
-1.2907740435421369,0.712420362317959,9.31751578935749e-11,3.948349586551575e-05,17.0
-1.2907736072098237,0.7124207113838094,9.31751578935749e-11,3.948349586551575e-05,18.0
-1.290772967197587,0.7124207986502721,9.31751578935749e-11,3.948349586551575e-05,18.0
-1.2907721528269582,0.7124204495844215,9.31751578935749e-11,3.948349586551575e-05,18.0
-1.2907710764824087,0.7124201586380353,9.31751578935749e-11,3.948349586551575e-05,18.0
-1.2907698547519322,0.7124197223057223,9.31751578935749e-11,3.948349586551575e-05,16.0
-1.2907686330214558,0.7124191114404842,9.31751578935749e-11,3.948349586551575e-05,16.0
-1.290767382143981,0.7124185005752458,9.31751578935749e-11,3.948349586551575e-05,14.0
-1.2907661022940404,0.712418064242933,9.31751578935749e-11,3.948349586551575e-05,14.0
-1.2907649097105625,0.7124175116716918,9.31751578935749e-11,3.948349586551575e-05,14.0
-1.2907637169525517,0.7124168425124564,9.31751578935749e-11,3.948349586551575e-05,14.0
-1.2907624662496098,0.71241611540829,9.31751578935749e-11,3.948349586551575e-05,15.0
-1.2907611281056721,0.7124153589825923,9.31751578935749e-11,3.948349586551575e-05,15.0
-1.2907583936983331,0.7124140210131877,6.199025416074437e-11,5.736198120414317e-05,14.0
-1.2907570265819301,0.7124133518539525,6.199025416074437e-11,5.736198120414317e-05,14.0
-1.2907557175849909,0.7124125956027876,6.199025416074437e-11,5.736198120414317e-05,14.0
-1.2907545539739789,0.7124116937911631,6.199025416074437e-11,5.736198120414317e-05,15.0
-1.2907521396600243,0.7124098611954485,6.199025416074437e-11,5.736198120414317e-05,16.0
-1.290750801516087,0.7124090757972852,6.199025416074437e-11,5.736198120414317e-05,15.0
-1.290749492519148,0.7124082903991217,6.199025416074437e-11,5.736198120414317e-05,14.0
-1.2907481254027449,0.7124075922674209,6.199025416074437e-11,5.736198120414317e-05,14.0
-1.2907453909954056,0.7124063705369446,6.199025416074437e-11,5.736198120414317e-05,14.0
-1.2907441111454652,0.7124057888187049,3.392783129158106e-11,3.9605572760983686e-05,15.0
-1.2907428602679902,0.7124052943669278,3.392783129158106e-11,3.9605572760983686e-05,15.0
-1.2907416676845125,0.7124048870070804,3.392783129158106e-11,3.9605572760983686e-05,15.0
-1.290740707753424,0.7124044506747673,3.392783129158106e-11,3.9605572760983686e-05,16.0
-1.2907398642357963,0.712404159902914,3.392783129158106e-11,3.9605572760983686e-05,17.0
-1.290738700624784,0.712403781690065,3.392783129158106e-11,3.9605572760983686e-05,16.0
-1.2907354136462037,0.7124020944802771,3.392783129158106e-11,3.9605572760983686e-05,18.0
-1.290734715514503,0.712401716441961,3.392783129158106e-11,3.9605572760983686e-05,20.0
-1.2907339590888052,0.7124013382291123,3.392783129158106e-11,3.9605572760983686e-05,19.0
-1.2907333192511012,0.7124009310437978,3.392783129158106e-11,3.9605572760983686e-05,20.0
-1.2907315447748509,0.7124005236839503,3.392783129158106e-11,3.9605572760983686e-05,20.0
-1.2907310792955393,0.7124003782980236,3.392783129158106e-11,3.9605572760983686e-05,20.0
-1.2907302066309134,0.7124001456456343,3.392783129158106e-11,3.9605572760983686e-05,20.0
-1.2907296540596722,0.7124001456456343,3.392783129158106e-11,3.9605572760983686e-05,20.0
-1.290728926780973,0.712400232912097,3.392783129158106e-11,3.9605572760983686e-05,20.0
-1.290728170529808,0.7124004655644863,3.392783129158106e-11,3.9605572760983686e-05,20.0
-1.2907273851316445,0.7124009891632619,9.321125505911462e-11,3.9556804620808375e-05,20.0
-1.2907266578529455,0.7124016872949627,9.321125505911462e-11,3.9556804620808375e-05,20.0
-1.2907259597212444,0.7124025308125902,9.321125505911462e-11,3.9556804620808375e-05,20.0
-1.2907252615895437,0.7124034034772162,9.321125505911462e-11,3.9556804620808375e-05,19.0
-1.2907245343108442,0.7124043344358392,9.321125505911462e-11,3.9556804620808375e-05,20.0
-1.290723807206678,0.7124053233393934,9.321125505911462e-11,3.9556804620808375e-05,20.0
-1.2907230799279787,0.7124063124174804,9.321125505911462e-11,3.9556804620808375e-05,20.0
-1.2907224109432764,0.7124072142291049,9.321125505911462e-11,3.9556804620808375e-05,18.0
-1.2907218581975024,0.7124079123608057,9.321125505911462e-11,3.9556804620808375e-05,16.0
-1.290721247332264,0.7124088431448958,9.321125505911462e-11,3.9556804620808375e-05,16.0
-1.2907194728560136,0.7124111412199219,9.321125505911462e-11,3.9556804620808375e-05,15.0
-1.2907186874578502,0.7124119847375493,9.321125505911462e-11,3.9556804620808375e-05,15.0
-1.2907179020596868,0.712412944668638,9.321125505911462e-11,3.9556804620808375e-05,15.0
-1.2907170585420593,0.7124139918661891,5.068072322279604e-12,9.44829824795023e-06,15.0
-1.290716215024432,0.712415126330203,5.068072322279604e-12,9.44829824795023e-06,15.0
-1.2907153132128073,0.7124162607942168,5.068072322279604e-12,9.44829824795023e-06,14.0
-1.2907143532817187,0.7124173952582306,5.068072322279604e-12,9.44829824795023e-06,14.0
-1.2907135097640912,0.7124185297222444,5.068072322279604e-12,9.44829824795023e-06,13.0
-1.2907127243659278,0.7124195769197955,5.068072322279604e-12,9.44829824795023e-06,13.0
-1.290712026234227,0.7124205949703484,5.068072322279604e-12,9.44829824795023e-06,14.0
-1.2907112408360637,0.7124214967819729,5.068072322279604e-12,9.44829824795023e-06,15.0
-1.2907099318391246,0.7124226312459866,5.068072322279604e-12,9.44829824795023e-06,16.0
-1.29070961174574,0.7124230094588355,5.068072322279604e-12,9.44829824795023e-06,14.0
-1.2907092626798895,0.7124231839917606,5.068072322279604e-12,9.44829824795023e-06,14.0
-1.2907073428177123,0.7124233874971515,5.068072322279604e-12,9.44829824795023e-06,14.0
-1.2907047539708327,0.7124224858600599,5.068072322279604e-12,9.44829824795023e-06,13.0
-1.290703619506819,0.7124220785002124,5.068072322279604e-12,9.44829824795023e-06,13.0
-1.2907023977763428,0.7124216421678995,5.068072322279604e-12,9.44829824795023e-06,13.0
-1.2907011760458662,0.7124211477161223,1.8328525532298286e-11,2.0984517645327862e-05,11.0
-1.290699983462388,0.7124206241173467,1.8328525532298286e-11,2.0984517645327862e-05,11.0
-1.290698761731912,0.7124201005185712,1.8328525532298286e-11,2.0984517645327862e-05,11.0
-1.290697510854437,0.712419547772797,1.8328525532298286e-11,2.0984517645327862e-05,11.0
-1.2906962310044963,0.7124189952015558,1.8328525532298286e-11,2.0984517645327862e-05,10.0
-1.2906949220075574,0.7124184424557819,1.8328525532298286e-11,2.0984517645327862e-05,10.0
-1.2906937292495468,0.7124178897100077,1.8328525532298286e-11,2.0984517645327862e-05,10.0
-1.2906926820519955,0.7124173661112322,1.8328525532298286e-11,2.0984517645327862e-05,11.0
-1.290691780414904,0.7124169297789191,1.8328525532298286e-11,2.0984517645327862e-05,10.0
-1.290691023989206,0.7124165807130687,1.8328525532298286e-11,2.0984517645327862e-05,9.0
-1.290690471417965,0.7124162899412152,1.8328525532298286e-11,2.0984517645327862e-05,9.0
-1.2906884932617908,0.7124154172765892,1.8328525532298286e-11,2.0984517645327862e-05,9.0
-1.290687911543551,0.7124150099167418,1.8328525532298286e-11,2.0984517645327862e-05,9.0
-1.2906861080948349,0.7124140499856533,1.8328525532298286e-11,2.0984517645327862e-05,9.0
-1.2906850608972837,0.7124136136533404,9.837924189540159e-11,3.9941840964167216e-05,9.0
-1.2906839554057354,0.7124131773210274,9.837924189540159e-11,3.9941840964167216e-05,9.0
-1.290682791969256,0.7124127409887143,9.837924189540159e-11,3.9941840964167216e-05,9.0
-1.2906803193613048,0.7124117229381616,9.837924189540159e-11,3.9941840964167216e-05,8.0
-1.29067906848383,0.7124111120729234,9.837924189540159e-11,3.9941840964167216e-05,8.0
-1.290677875900352,0.7124104720606868,9.837924189540159e-11,3.9941840964167216e-05,8.0
-1.2906767414363383,0.712409773928986,9.837924189540159e-11,3.9941840964167216e-05,8.0
-1.2906755778253258,0.7124091922107463,9.837924189540159e-11,3.9941840964167216e-05,9.0
-1.2906745016553092,0.7124086104925067,9.837924189540159e-11,3.9941840964167216e-05,9.0
-1.2906735417242206,0.7124080868937309,9.837924189540159e-11,3.9941840964167216e-05,9.0
-1.2906724072602067,0.7124078250943432,9.789185402323693e-11,6.40467453247499e-05,9.0
-1.2906715054485822,0.7124074177344956,9.789185402323693e-11,6.40467453247499e-05,9.0
-1.2906706909034202,0.7124070396961798,9.789185402323693e-11,6.40467453247499e-05,8.0
-1.290670080038182,0.7124066906303294,9.789185402323693e-11,6.40467453247499e-05,8.0
-1.2906689455741684,0.7124045089687643,1.611730768065641e-12,5.10403765547536e-06,9.0
-1.290669963799254,0.7124029381724376,1.611730768065641e-12,5.10403765547536e-06,9.0
-1.2906705163704952,0.7124020363608131,1.611730768065641e-12,5.10403765547536e-06,8.0
-1.2906716508345089,0.7124001456456343,1.611730768065641e-12,5.10403765547536e-06,9.0
-1.2906724072602067,0.7123991274205488,1.611730768065641e-12,5.10403765547536e-06,9.0
-1.2906738035236083,0.7123970913194433,1.611730768065641e-12,5.10403765547536e-06,9.0
-1.2906740653229962,0.7123959277084311,1.611730768065641e-12,5.10403765547536e-06,8.0
-1.2906742979753856,0.7123946768309563,1.611730768065641e-12,5.10403765547536e-06,8.0
-1.290674327122384,0.7123933969810157,1.611730768065641e-12,5.10403765547536e-06,8.0
-1.2906743560948495,0.7123922916640003,1.611730768065641e-12,5.10403765547536e-06,9.0
-1.2906743560948495,0.7123911861724521,1.611730768065641e-12,5.10403765547536e-06,9.0
-1.2906742107089229,0.712390138974901,1.611730768065641e-12,5.10403765547536e-06,9.0
-1.2906739780565337,0.7123890336578856,1.611730768065641e-12,5.10403765547536e-06,9.0
-1.2906737743766097,0.7123878410744079,1.611730768065641e-12,5.10403765547536e-06,10.0
-1.2906735125772222,0.7123866193439313,1.611730768065641e-12,5.10403765547536e-06,10.0
-1.2906731343643731,0.7123853684664564,1.611730768065641e-12,5.10403765547536e-06,10.0
-1.2906726107655977,0.7123842631494413,1.611730768065641e-12,5.10403765547536e-06,10.0
-1.2906719417808954,0.7123832449243556,1.127434763233156e-10,5.009717174586262e-05,10.0
-1.2906712145021961,0.7123823722597297,1.127434763233156e-10,5.009717174586262e-05,10.0
-1.290670400131567,0.7123814995951037,1.127434763233156e-10,5.009717174586262e-05,11.0
-1.2906695564394066,0.7123807141969402,1.127434763233156e-10,5.009717174586262e-05,11.0
-1.2906688001882418,0.7123799287987769,1.127434763233156e-10,5.009717174586262e-05,11.0
-1.2906681312035393,0.7123789398952226,1.127434763233156e-10,5.009717174586262e-05,11.0
-1.2906670548589898,0.7123757400085721,1.127434763233156e-10,5.009717174586262e-05,13.0
-1.2906674330718386,0.7123746638385553,1.127434763233156e-10,5.009717174586262e-05,13.0
-1.2906679856430798,0.7123737328799322,1.127434763233156e-10,5.009717174586262e-05,13.0
-1.290668654802315,0.7123727148293796,1.127434763233156e-10,5.009717174586262e-05,13.0
-1.2906693819064814,0.7123716384848299,1.127434763233156e-10,5.009717174586262e-05,12.0
-1.2906699346522554,0.712370504020816,1.127434763233156e-10,5.009717174586262e-05,13.0
-1.29067034183757,0.7123693695568022,1.127434763233156e-10,5.009717174586262e-05,13.0
-1.2906705455174936,0.7123682642397868,1.127434763233156e-10,5.009717174586262e-05,15.0
-1.2906714473291183,0.712366082578222,1.127434763233156e-10,5.009717174586262e-05,16.0
-1.2906724362326722,0.7123647154618188,1.127434763233156e-10,5.009717174586262e-05,17.0
-1.2906732216308359,0.712363464584344,1.127434763233156e-10,5.009717174586262e-05,17.0
-1.290674007028999,0.7123621847344034,1.127434763233156e-10,5.009717174586262e-05,19.0
-1.2906747343076985,0.7123607593240033,1.127434763233156e-10,5.009717174586262e-05,19.0
-1.2906756650917885,0.7123595667405255,1.127434763233156e-10,5.009717174586262e-05,18.0
-1.290678312232665,0.7123557851356351,6.325243644095138e-11,5.102969320282144e-05,21.0
-1.290679184897291,0.712354621524623,6.325243644095138e-11,5.102969320282144e-05,21.0
-1.2906802902143062,0.7123533997941465,6.325243644095138e-11,5.102969320282144e-05,22.0
-1.2906813665588561,0.7123520907972074,6.325243644095138e-11,5.102969320282144e-05,24.0
-1.2906823264899445,0.7123507818002686,6.325243644095138e-11,5.102969320282144e-05,24.0
-1.290683170007572,0.7123495310973266,6.325243644095138e-11,5.102969320282144e-05,24.0
-1.2906841009661951,0.7123483383393159,6.325243644095138e-11,5.102969320282144e-05,25.0
-1.2906852935496729,0.7123472911417644,6.325243644095138e-11,5.102969320282144e-05,29.0
-1.2906861080948349,0.7123463603576744,6.325243644095138e-11,5.102969320282144e-05,28.0
-1.290686718960073,0.7123454295735843,6.325243644095138e-11,5.102969320282144e-05,28.0
-1.2906878534240869,0.7123435386838728,6.325243644095138e-11,5.102969320282144e-05,28.0
-1.2906883478758642,0.7123425787527841,7.777111190212688e-11,6.051988733364147e-05,29.0
-1.290688842327641,0.7123415898492299,7.777111190212688e-11,6.051988733364147e-05,30.0
-1.2906894242204137,0.7123406007711428,7.777111190212688e-11,6.051988733364147e-05,28.0
-1.2906900059386532,0.7123396699870527,7.777111190212688e-11,6.051988733364147e-05,28.0
-1.290690965869742,0.7123376337114145,7.777111190212688e-11,6.051988733364147e-05,29.0
-1.2906914313490534,0.7123366737803258,7.777111190212688e-11,6.051988733364147e-05,30.0
-1.2906918966538319,0.7123358302626984,7.777111190212688e-11,6.051988733364147e-05,30.0
-1.290692332986145,0.7123349865705381,7.777111190212688e-11,6.051988733364147e-05,29.0
-1.290692769318458,0.7123342303193729,7.777111190212688e-11,6.051988733364147e-05,29.0
-1.290693147531307,0.7123334449212096,7.777111190212688e-11,6.051988733364147e-05,29.0
-1.2906934965971575,0.7123326303760477,7.777111190212688e-11,6.051988733364147e-05,30.0
-1.29069451464771,0.7123311468461836,7.777111190212688e-11,6.051988733364147e-05,29.0
-1.290694950980023,0.7123304487144828,5.900180496421613e-11,3.220681146117726e-05,29.0
-1.2906953873123361,0.7123296633163193,5.900180496421613e-11,3.220681146117726e-05,29.0
-1.2906959400581104,0.7123287906516934,5.900180496421613e-11,3.220681146117726e-05,30.0
-1.2906966090428125,0.7123279179870674,5.900180496421613e-11,3.220681146117726e-05,30.0
-1.2906972782020476,0.7123270163499758,5.900180496421613e-11,3.220681146117726e-05,29.0
-1.2906979180397518,0.7123260272718887,5.900180496421613e-11,3.220681146117726e-05,29.0
-1.2906984707855256,0.7123250381938016,5.900180496421613e-11,3.220681146117726e-05,29.0
-1.2906990235312996,0.7123241074097114,5.900180496421613e-11,3.220681146117726e-05,29.0
-1.2906995471300753,0.712323263892084,5.900180496421613e-11,3.220681146117726e-05,31.0
-1.2907001288483149,0.7123224784939206,5.900180496421613e-11,3.220681146117726e-05,31.0
-1.2907007105665547,0.7123216348017603,5.900180496421613e-11,3.220681146117726e-05,32.0
-1.290701437845254,0.7123209076975938,5.900180496421613e-11,3.220681146117726e-05,32.0
-1.2907020778574907,0.7123200640054334,3.964001714543354e-11,3.29826131495294e-05,32.0
-1.2907026304287317,0.7123192786072701,3.964001714543354e-11,3.29826131495294e-05,31.0
-1.2907031540275076,0.7123184642366409,3.964001714543354e-11,3.29826131495294e-05,31.0
-1.2907037067732816,0.7123176496914791,3.964001714543354e-11,3.29826131495294e-05,31.0
-1.2907042012250585,0.7123169224127798,3.964001714543354e-11,3.29826131495294e-05,29.0
-1.2907047539708327,0.712316282575076,3.964001714543354e-11,3.29826131495294e-05,30.0
-1.290705306716607,0.7123156134158407,3.964001714543354e-11,3.29826131495294e-05,29.0
-1.2907059175818452,0.712314857164676,3.964001714543354e-11,3.29826131495294e-05,29.0
-1.2907064701530864,0.7123142462994377,3.964001714543354e-11,3.29826131495294e-05,29.0
-1.2907070810183245,0.712313664581198,3.964001714543354e-11,3.29826131495294e-05,29.0
-1.2907075756446345,0.7123132282488851,2.6095965117613977e-11,2.9331555696739323e-05,29.0
-1.2907081282158754,0.712312791916572,2.6095965117613977e-11,2.9331555696739323e-05,31.0
-1.290708710108648,0.7123120937848713,2.6095965117613977e-11,2.9331555696739323e-05,31.0
-1.2907109790366758,0.7123113956531705,2.6095965117613977e-11,2.9331555696739323e-05,31.0
-1.2907115026354514,0.7123114246256361,2.6095965117613977e-11,2.9331555696739323e-05,33.0
-1.2907121424731551,0.7123116283055597,2.6095965117613977e-11,2.9331555696739323e-05,33.0
-1.2907128116323903,0.712311802838485,2.6095965117613977e-11,2.9331555696739323e-05,33.0
-1.2907135097640912,0.7123120065184086,2.6095965117613977e-11,2.9331555696739323e-05,33.0
-1.290714149601795,0.712312239170798,2.6095965117613977e-11,2.9331555696739323e-05,34.0
-1.2907147604670333,0.7123123845567246,2.6095965117613977e-11,2.9331555696739323e-05,34.0
-1.2907152259463448,0.7123125590896497,2.6095965117613977e-11,2.9331555696739323e-05,34.0
-1.2907155750121952,0.7123126755031111,2.6095965117613977e-11,2.9331555696739323e-05,35.0
-1.2907179603536838,0.7123138099671247,3.52372292670547e-11,4.008727171832388e-05,34.0
-1.290718512924925,0.7123138680865888,3.52372292670547e-11,4.008727171832388e-05,34.0
-1.2907191529371618,0.712314042619514,3.52372292670547e-11,4.008727171832388e-05,34.0
-1.290719996454789,0.7123142754464362,3.52372292670547e-11,4.008727171832388e-05,34.0
-1.2907209274134124,0.7123145372458239,3.52372292670547e-11,4.008727171832388e-05,34.0
-1.2907218873445008,0.7123147990452119,3.52372292670547e-11,4.008727171832388e-05,34.0
-1.2907237780596794,0.7123155844433752,3.52372292670547e-11,4.008727171832388e-05,33.0
-1.2907243016584553,0.712315787948766,3.52372292670547e-11,4.008727171832388e-05,33.0
-1.2907248833766947,0.7123158170957645,3.52372292670547e-11,4.008727171832388e-05,33.0
-1.2907256979218567,0.712315293496989,3.52372292670547e-11,4.008727171832388e-05,32.0
-1.2907263379340934,0.7123147698982133,3.52372292670547e-11,4.008727171832388e-05,31.0
-1.2907269777717971,0.7123140136470485,3.52372292670547e-11,4.008727171832388e-05,30.0
-1.290728548568124,0.712312355584259,1.393743496344601e-10,4.707262258073436e-05,29.0
-1.290729217727359,0.7123114246256361,1.393743496344601e-10,4.707262258073436e-05,30.0
-1.290729799445599,0.71231055196101,1.393743496344601e-10,4.707262258073436e-05,29.0
-1.2907308174961514,0.7123092721110694,1.393743496344601e-10,4.707262258073436e-05,28.0
-1.2907311375895365,0.7123088649257551,1.393743496344601e-10,4.707262258073436e-05,28.0
-1.2907322720535501,0.7123074686623535,1.393743496344601e-10,4.707262258073436e-05,28.0
-1.2907326792388647,0.7123069740360435,1.393743496344601e-10,4.707262258073436e-05,27.0
-1.290733144718176,0.7123063341983397,5.369948184753409e-12,9.784905402914276e-06,27.0
-1.2907336683169517,0.7123055488001762,5.369948184753409e-12,9.784905402914276e-06,27.0
-1.2907343081546556,0.7123047634020128,5.369948184753409e-12,9.784905402914276e-06,26.0
-1.290734977313891,0.712303948856851,5.369948184753409e-12,9.784905402914276e-06,25.0
-1.290735588179129,0.7123029889257623,5.369948184753409e-12,9.784905402914276e-06,24.0
-1.2907361407503704,0.7123019708752097,5.369948184753409e-12,9.784905402914276e-06,23.0
-1.2907367807626071,0.7123009817971224,5.369948184753409e-12,9.784905402914276e-06,23.0
-1.2907375370137717,0.7122999927190354,5.369948184753409e-12,9.784905402914276e-06,22.0
-1.2907383224119353,0.7122990910819439,5.369948184753409e-12,9.784905402914276e-06,21.0
-1.2907391078100985,0.7122982473897835,5.369948184753409e-12,9.784905402914276e-06,20.0
-1.2907397769693338,0.71229746199162,5.369948184753409e-12,9.784905402914276e-06,20.0
-1.2907403586875734,0.7122967348874537,5.369948184753409e-12,9.784905402914276e-06,20.0
-1.2907408822863489,0.7122961240222155,5.369948184753409e-12,9.784905402914276e-06,22.0
-1.2907414350321231,0.712295222210591,5.369948184753409e-12,9.784905402914276e-06,22.0
-1.2907408531393507,0.7122932150819512,7.546713804450506e-11,3.777844078542073e-05,20.0
-1.2907404459540361,0.7122927496026397,7.546713804450506e-11,3.777844078542073e-05,20.0
-1.2907388460107105,0.712291847965548,7.546713804450506e-11,3.777844078542073e-05,23.0
-1.290737711546697,0.7122914116332352,7.546713804450506e-11,3.777844078542073e-05,24.0
-1.2907365481102178,0.712290858887461,7.546713804450506e-11,3.777844078542073e-05,25.0
-1.2907354426186692,0.7122903061416869,7.546713804450506e-11,3.777844078542073e-05,25.0
-1.2907332609571043,0.7122892008246716,7.546713804450506e-11,3.777844078542073e-05,28.0
-1.2907324174394768,0.712288560812435,7.546713804450506e-11,3.777844078542073e-05,27.0
-1.2907315447748509,0.7122878918277326,7.546713804450506e-11,3.777844078542073e-05,29.0
-1.290730730229689,0.712287310109493,7.546713804450506e-11,3.777844078542073e-05,28.0
-1.2907300612449868,0.7122868446301814,7.546713804450506e-11,3.777844078542073e-05,28.0
-1.2907296249126736,0.7122864374448669,7.546713804450506e-11,3.777844078542073e-05,29.0
-1.2907280249693485,0.7122849828874684,7.546713804450506e-11,3.777844078542073e-05,30.0
-1.2907275013705728,0.712284692115615,6.7888713570712e-11,3.7522839759989544e-05,30.0
-1.2907269777717971,0.712284313902766,6.7888713570712e-11,3.7522839759989544e-05,30.0
-1.290725872454782,0.7122836157710652,6.7888713570712e-11,3.7522839759989544e-05,28.0
-1.2907253488560062,0.7122832667052148,6.7888713570712e-11,3.7522839759989544e-05,28.0
-1.290724941670692,0.712283004905827,6.7888713570712e-11,3.7522839759989544e-05,28.0
-1.2907236035267542,0.7122814341095004,6.7888713570712e-11,3.7522839759989544e-05,28.0
-1.2907233998468306,0.7122810850436497,6.7888713570712e-11,3.7522839759989544e-05,28.0
-1.290722934542052,0.7122808523912606,6.7888713570712e-11,3.7522839759989544e-05,28.0
-1.2907226144486672,0.7122804741784117,6.7888713570712e-11,3.7522839759989544e-05,28.0
-1.2907221491438887,0.7122801542595597,6.7888713570712e-11,3.7522839759989544e-05,28.0
-1.2907218581975024,0.7122799214326376,6.7888713570712e-11,3.7522839759989544e-05,28.0
-1.2907189202847724,0.7122799797266345,6.7888713570712e-11,3.7522839759989544e-05,29.0
-1.2907182802725357,0.7122801251125613,6.7888713570712e-11,3.7522839759989544e-05,29.0
-1.2907176694072975,0.7122804741784117,6.7888713570712e-11,3.7522839759989544e-05,28.0
-1.290716884009134,0.712281143163114,6.7888713570712e-11,3.7522839759989544e-05,28.0
-1.2907161567304348,0.7122818412948148,6.7888713570712e-11,3.7522839759989544e-05,28.0
-1.2907154877457325,0.712282626692978,6.7888713570712e-11,3.7522839759989544e-05,28.0
-1.2907149060274927,0.7122833831186759,6.7888713570712e-11,3.7522839759989544e-05,28.0
-1.2907144696951798,0.7122840812503768,1.818651289008377e-10,9.462461587653919e-05,27.0
-1.290714091482331,0.7122847793820776,1.818651289008377e-10,9.462461587653919e-05,27.0
-1.290713655150018,0.7122854483667798,1.818651289008377e-10,9.462461587653919e-05,27.0
-1.2907132479647034,0.7122860592320182,1.818651289008377e-10,9.462461587653919e-05,26.0
-1.2907107753567522,0.7122876008813463,1.968789599811711e-10,7.244183327821031e-05,25.0
-1.2907100772250515,0.7122886480788975,4.033134637934766e-12,9.472939561614507e-06,24.0
-1.2907094372128147,0.7122897244234472,4.033134637934766e-12,9.472939561614507e-06,26.0
-1.290708157362874,0.7122918769380137,4.033134637934766e-12,9.472939561614507e-06,25.0
-1.2907073138452467,0.7122929241355648,4.033134637934766e-12,9.472939561614507e-06,26.0
-1.2907064411806206,0.7122940296271131,4.033134637934766e-12,9.472939561614507e-06,25.0
-1.2907053356890725,0.7122951057971298,4.033134637934766e-12,9.472939561614507e-06,25.0
-1.290704230372057,0.7122961821416796,4.033134637934766e-12,9.472939561614507e-06,27.0
-1.2907031250550418,0.7122972874586948,4.033134637934766e-12,9.472939561614507e-06,25.0
-1.290702048710492,0.7122984219227086,4.033134637934766e-12,9.472939561614507e-06,26.0
-1.2907010306599394,0.712299527414257,4.033134637934766e-12,9.472939561614507e-06,26.0
-1.2907002161147774,0.7123007199977348,3.759588195033393e-12,9.877305594282725e-06,27.0
-1.2906991980642248,0.7123019998476753,3.759588195033393e-12,9.877305594282725e-06,27.0
-1.2906980636002112,0.712303076192225,3.759588195033393e-12,9.877305594282725e-06,28.0
-1.2906969872556615,0.7123042398032372,3.759588195033393e-12,9.877305594282725e-06,29.0
-1.2906960564715715,0.7123054032397167,4.1860221207831045e-11,4.057304325408693e-05,29.0
-1.2906950673934843,0.7123065087312649,4.1860221207831045e-11,4.057304325408693e-05,30.0
-1.2906939910489346,0.7123076431952787,4.1860221207831045e-11,4.057304325408693e-05,30.0
-1.2906929148789177,0.7123088066317581,4.1860221207831045e-11,4.057304325408693e-05,30.0
-1.2906919258008307,0.7123099121233062,4.1860221207831045e-11,4.057304325408693e-05,30.0
-1.2906909950167404,0.7123109882933231,4.1860221207831045e-11,4.057304325408693e-05,31.0
-1.2906902385910426,0.7123120065184086,4.1860221207831045e-11,4.057304325408693e-05,32.0
-1.2906882897563998,0.7123138099671247,4.1860221207831045e-11,4.057304325408693e-05,32.0
-1.2906871261453876,0.7123136354341995,1.4068283375895863e-10,9.133881936498557e-05,32.0
-1.2906861080948349,0.7123133444878132,1.4068283375895863e-10,9.133881936498557e-05,33.0
-1.290684537298508,0.7123126755031111,1.4068283375895863e-10,9.133881936498557e-05,33.0
-1.2906837519003447,0.7123122972902621,1.4068283375895863e-10,9.133881936498557e-05,33.0
-1.2906829665021813,0.7123120065184086,1.4068283375895863e-10,9.133881936498557e-05,33.0
-1.290682122810021,0.7123115991585613,1.4068283375895863e-10,9.133881936498557e-05,32.0
-1.2906805520136941,0.7123106975214697,1.4068283375895863e-10,9.133881936498557e-05,31.0
-1.2906797957625293,0.7123103193086208,1.4068283375895863e-10,9.133881936498557e-05,31.0
-1.2906791557502926,0.7123099121233062,1.4068283375895863e-10,9.133881936498557e-05,29.0
-1.2906785740320528,0.7123095047634588,1.4068283375895863e-10,9.133881936498557e-05,29.0
-1.290677934019816,0.7123092139916055,1.4068283375895863e-10,9.133881936498557e-05,29.0
-1.2906773523015767,0.7123088938982207,1.4068283375895863e-10,9.133881936498557e-05,29.0
-1.2906768287028008,0.7123085739793689,1.4068283375895863e-10,9.133881936498557e-05,29.0
-1.2906764215174864,0.7123081957665197,1.4068283375895863e-10,9.133881936498557e-05,30.0
-1.2906759851851732,0.7123079049946665,1.4068283375895863e-10,9.133881936498557e-05,30.0
-1.2906731926583703,0.7123061013714175,4.295410236445779e-11,2.793164516600926e-05,27.0
-1.2906727271790588,0.7123058687190281,4.295410236445779e-11,2.793164516600926e-05,27.0
-1.290672145460819,0.7123055777726418,4.295410236445779e-11,2.793164516600926e-05,28.0
-1.2906714763015836,0.7123052870007885,4.295410236445779e-11,2.793164516600926e-05,29.0
-1.290670778169883,0.7123049669074036,4.295410236445779e-11,2.793164516600926e-05,29.0
-1.2906700510657165,0.7123046761355503,4.295410236445779e-11,2.793164516600926e-05,28.0
-1.2906684511223914,0.7123045597220892,4.295410236445779e-11,2.793164516600926e-05,28.0
-1.2906676657242278,0.7123051124678633,4.295410236445779e-11,2.793164516600926e-05,28.0
-1.2906669384455287,0.7123058395720295,4.295410236445779e-11,2.793164516600926e-05,27.0
-1.2906663275802903,0.712306566850729,4.295410236445779e-11,2.793164516600926e-05,26.0
-1.290665775009049,0.7123072649824298,4.295410236445779e-11,2.793164516600926e-05,26.0
-1.2906652514102737,0.7123080212335946,4.295410236445779e-11,2.793164516600926e-05,28.0
-1.290664727811498,0.7123087776592925,4.295410236445779e-11,2.793164516600926e-05,29.0
-1.290664233185188,0.7123095630574559,4.295410236445779e-11,2.793164516600926e-05,29.0
-1.2906633896675606,0.7123110465873199,5.8209342751788265e-12,1.1290580221915041e-05,28.0
-1.2906624005894733,0.7123132282488851,5.8209342751788265e-12,1.1290580221915041e-05,29.0
-1.2906617024577725,0.712314420832363,5.8209342751788265e-12,1.1290580221915041e-05,29.0
-1.2906609753536062,0.7123156717098379,5.8209342751788265e-12,1.1290580221915041e-05,28.0
-1.2906600735419818,0.7123168934403141,5.8209342751788265e-12,1.1290580221915041e-05,27.0
-1.2906582117992687,0.7123195695536563,5.8209342751788265e-12,1.1290580221915041e-05,26.0
-1.2906571064822534,0.7123209366700595,1.2867603353989548e-10,4.6972363556396105e-05,23.0
-1.2906559720182396,0.7123223620804595,1.959436321902065e-11,2.662094504878319e-05,23.0
-1.2906548667012243,0.7123237583438611,1.959436321902065e-11,2.662094504878319e-05,23.0
-1.2906538195036732,0.7123251837542611,2.141292921467893e-11,2.122336996074398e-05,25.0
-1.2906528595725846,0.7123266089901283,2.141292921467893e-11,2.122336996074398e-05,24.0
-1.2906518704944974,0.7123280052535301,2.141292921467893e-11,2.122336996074398e-05,24.0
-1.2906507941499477,0.7123294306639301,2.141292921467893e-11,2.122336996074398e-05,24.0
-1.2906497469523963,0.7123307977803333,2.141292921467893e-11,2.122336996074398e-05,24.0
-1.2906487870213077,0.7123322231907333,1.2407829051213785e-11,1.5486866049057603e-05,24.0
-1.2906468381866651,0.7123347247711501,1.2407829051213785e-11,1.5486866049057603e-05,24.0
-1.290645849108578,0.7123359175291609,1.2407829051213785e-11,1.5486866049057603e-05,26.0
-1.290644918324488,0.7123371392596375,1.2407829051213785e-11,1.5486866049057603e-05,26.0
-1.2906440165128632,0.712338419109578,3.144047774931245e-11,2.3243542089724056e-05,25.0
-1.2906431438482373,0.7123397572535154,3.144047774931245e-11,2.3243542089724056e-05,25.0
-1.2906420675036876,0.7123408334235322,3.144047774931245e-11,2.3243542089724056e-05,22.0
-1.2906402640549717,0.7123427243132436,2.2547324486645937e-11,2.077369927097661e-05,22.0
-1.2906394495098095,0.7123435386838728,2.2547324486645937e-11,2.077369927097661e-05,23.0
-1.290638809672106,0.7123443240820362,2.2547324486645937e-11,2.077369927097661e-05,23.0
-1.2906381696598692,0.712345022213737,2.2547324486645937e-11,2.077369927097661e-05,23.0
-1.2906375879416294,0.7123456913729721,2.2547324486645937e-11,2.077369927097661e-05,22.0
-1.2906370933153193,0.7123463895046729,2.2547324486645937e-11,2.077369927097661e-05,23.0
-1.2906367152770033,0.7123468548094514,2.2547324486645937e-11,2.077369927097661e-05,24.0
-1.2906348535342904,0.7123471166088393,2.2547324486645937e-11,2.077369927097661e-05,26.0
-1.2906341845495881,0.7123471749028364,2.2547324486645937e-11,2.077369927097661e-05,26.0
-1.2906336026568155,0.7123471749028364,2.2547324486645937e-11,2.077369927097661e-05,26.0
-1.2906330209385757,0.7123470876363737,2.2547324486645937e-11,2.077369927097661e-05,26.0
-1.290632322806875,0.7123468258369859,2.2547324486645937e-11,2.077369927097661e-05,26.0
-1.290631450142249,0.7123465348905996,4.859805391950246e-11,3.0310976826538873e-05,27.0
-1.2906305193581589,0.7123461277052852,4.859805391950246e-11,3.0310976826538873e-05,27.0
-1.2906297339599955,0.7123454295735843,4.859805391950246e-11,3.0310976826538873e-05,27.0
-1.2906288321483712,0.7123447604143491,4.859805391950246e-11,3.0310976826538873e-05,27.0
-1.2906276685373586,0.7123442078431078,4.859805391950246e-11,3.0310976826538873e-05,27.0
-1.290626475953881,0.7123436259503353,4.859805391950246e-11,3.0310976826538873e-05,27.0
-1.2906251961039403,0.7123429861126316,4.859805391950246e-11,3.0310976826538873e-05,27.0
-1.290623712574076,0.7123424625138559,4.859805391950246e-11,3.0310976826538873e-05,28.0
-1.2906223744301386,0.7123418516486179,4.859805391950246e-11,3.0310976826538873e-05,27.0
-1.2906196400227996,0.7123406588906069,3.652972098270786e-11,2.9751598762231894e-05,28.0
-1.2906182729063964,0.7123400480253689,2.4641797710537157e-10,0.0001828889233545004,28.0
-1.2906155384990574,0.7123390591218146,2.4641797710537157e-10,0.0001828889233545004,26.0
-1.2906142586491167,0.7123386227895016,2.4641797710537157e-10,0.0001828889233545004,26.0
-1.2906130950381045,0.7123382445766526,2.4641797710537157e-10,0.0001828889233545004,27.0
-1.2906111462034617,0.712337720977877,2.4641797710537157e-10,0.0001828889233545004,27.0
-1.290610506191225,0.7123375172979532,2.4641797710537157e-10,0.0001828889233545004,26.0
-1.2906100117394481,0.7123373719120266,2.4641797710537157e-10,0.0001828889233545004,26.0
-1.290609517113138,0.7123371682321029,2.4641797710537157e-10,0.0001828889233545004,26.0
-1.290608877275434,0.7123369936991777,2.4641797710537157e-10,0.0001828889233545004,25.0
-1.2906081208497362,0.71233673189979,2.4641797710537157e-10,0.0001828889233545004,23.0
-1.2906071900656462,0.7123365283943992,2.4641797710537157e-10,0.0001828889233545004,22.0
-1.2906061137210967,0.7123362665950115,2.4641797710537157e-10,0.0001828889233545004,21.0
-1.2906049792570826,0.7123358592351641,2.7084722801581836e-10,0.00012691459552821406,22.0
-1.290603903087066,0.7123353647833868,2.7084722801581836e-10,0.00012691459552821406,23.0
-1.2906027686230521,0.7123349284510739,2.7084722801581836e-10,0.00012691459552821406,24.0
-1.2906015758650415,0.7123344048522983,2.7084722801581836e-10,0.00012691459552821406,23.0
-1.2906003832815633,0.7123338521065242,2.7084722801581836e-10,0.00012691459552821406,23.0
-1.2905991906980856,0.7123333285077484,2.7084722801581836e-10,0.00012691459552821406,25.0
-1.2905970963029831,0.7123323396041944,2.7084722801581836e-10,0.00012691459552821406,24.0
-1.2905961653443603,0.712331990538344,2.7084722801581836e-10,0.00012691459552821406,24.0
-1.2905954382401938,0.712331612325495,2.7084722801581836e-10,0.00012691459552821406,24.0
-1.2905947690809587,0.7123313796731057,2.7084722801581836e-10,0.00012691459552821406,23.0
-1.2905942165097175,0.7123311759931821,2.7084722801581836e-10,0.00012691459552821406,23.0
-1.2905938964163328,0.7123309723132584,2.7084722801581836e-10,0.00012691459552821406,22.0
-1.2905919475816898,0.7123293725444658,2.7084722801581836e-10,0.00012691459552821406,24.0
-1.2905909876506012,0.7123291980115408,2.7084722801581836e-10,0.00012691459552821406,24.0
-1.2905903476383644,0.7123288489456905,0.0,0.0,24.0
-1.290589998572514,0.7123283834663788,0.0,0.0,23.0
-1.2905897659201249,0.7123281508139897,0.0,0.0,24.0
-1.2905899113060517,0.7123272781493637,0.0,0.0,24.0
-1.2905901439584406,0.712326812670052,0.0,0.0,24.0
-1.290591074917064,0.7123255328201116,0.0,0.0,24.0
-1.290592442033467,0.712324078262713,0.0,0.0,23.0
-1.290592994779241,0.7123233801310123,9.0482492212462e-11,4.929538922425185e-05,23.0
-1.2905934311115541,0.7123228275597709,9.0482492212462e-11,4.929538922425185e-05,23.0
-1.290593751030406,0.7123223912274579,1.958750932730512e-11,2.648722383514205e-05,22.0
-1.2905942454821828,0.7123215185628321,1.958750932730512e-11,2.648722383514205e-05,23.0
-1.2905959618389695,0.7123191040743448,1.958750932730512e-11,2.648722383514205e-05,22.0
-1.2905966308236716,0.7123180568767935,1.958750932730512e-11,2.648722383514205e-05,22.0
-1.2905974453688336,0.7123169224127798,1.958750932730512e-11,2.648722383514205e-05,23.0
-1.2905982597394625,0.7123157006823034,1.958750932730512e-11,2.648722383514205e-05,20.0
-1.2905990742846245,0.7123143916853645,1.958750932730512e-11,2.648722383514205e-05,19.0
-1.2905999469492506,0.7123130826884254,1.958750932730512e-11,2.648722383514205e-05,18.0
-1.2906008777333406,0.712311919251946,1.958750932730512e-11,2.648722383514205e-05,17.0
-1.290601837664429,0.7123107556409337,1.958750932730512e-11,2.648722383514205e-05,18.0
-1.2906027975955177,0.7123095339104574,1.958750932730512e-11,2.648722383514205e-05,20.0
-1.290603728554141,0.7123082540605168,1.958750932730512e-11,2.648722383514205e-05,20.0
-1.2906046012187669,0.7123068577971152,1.958750932730512e-11,2.648722383514205e-05,19.0
-1.2906055320028569,0.7123055196531777,1.958750932730512e-11,2.648722383514205e-05,19.0
-1.2906064919339453,0.7123041815092404,4.8596226213847364e-11,3.196769097185002e-05,19.0
-1.2906074518650341,0.7123028435398356,4.8596226213847364e-11,3.196769097185002e-05,21.0
-1.2906084409431213,0.7123014762488997,4.8596226213847364e-11,3.196769097185002e-05,21.0
-1.2906094298466755,0.712300138279495,4.8596226213847364e-11,3.196769097185002e-05,20.0
-1.2906122515204772,0.7122960948752171,4.8596226213847364e-11,3.196769097185002e-05,21.0
-1.2906132405985642,0.7122946986118155,4.8596226213847364e-11,3.196769097185002e-05,21.0
-1.2906142005296528,0.7122932150819512,4.8596226213847364e-11,3.196769097185002e-05,21.0
-1.2906152185802053,0.7122918769380137,2.249066564601679e-11,2.949244861624777e-05,21.0
-1.2906163530442194,0.7122905389686092,2.249066564601679e-11,2.949244861624777e-05,21.0
-1.2906175166552316,0.7122891135582091,2.249066564601679e-11,2.949244861624777e-05,21.0
-1.290618563852783,0.7122876591753433,2.249066564601679e-11,2.949244861624777e-05,21.0
-1.290620745514348,0.7122846629686164,3.793217958208262e-11,2.6444167976054178e-05,19.0
-1.2906218508313632,0.7122831794387523,2.4376399782980497e-11,3.1928561083565524e-05,19.0
-1.2906229561483782,0.7122817250558864,2.4376399782980497e-11,3.1928561083565524e-05,20.0
-1.2906240033459295,0.7122802123790238,2.4376399782980497e-11,3.1928561083565524e-05,19.0
-1.2906249632770181,0.7122785834632329,2.4376399782980497e-11,3.1928561083565524e-05,19.0
-1.2906258650886426,0.7122770126669061,2.4376399782980497e-11,3.1928561083565524e-05,19.0
-1.2906267377532685,0.7122754127235809,3.357950127088345e-11,2.3738470915340684e-05,18.0
-1.2906276685373586,0.7122738710742526,3.357950127088345e-11,2.3738470915340684e-05,19.0
-1.2906287448819085,0.712272474810851,3.357950127088345e-11,2.3738470915340684e-05,20.0
-1.2906297339599955,0.7122710494004508,3.357950127088345e-11,2.3738470915340684e-05,19.0
-1.2906307228635499,0.712269798522976,3.357950127088345e-11,2.3738470915340684e-05,18.0
-1.29063156655571,0.7122686350864965,3.357950127088345e-11,2.3738470915340684e-05,18.0
-1.290632322806875,0.7122676460084095,3.357950127088345e-11,2.3738470915340684e-05,17.0
-1.290632933672113,0.7122668024907821,3.357950127088345e-11,2.3738470915340684e-05,16.0
-1.2906333408574275,0.7122661916255437,3.357950127088345e-11,2.3738470915340684e-05,16.0
-1.290634068136127,0.71226505716153,3.357950127088345e-11,2.3738470915340684e-05,17.0
-1.2906344172019775,0.7122643880022949,3.357950127088345e-11,2.3738470915340684e-05,17.0
-1.2906349116537543,0.7122635736316657,3.357950127088345e-11,2.3738470915340684e-05,17.0
-1.2906355808129897,0.7122627299395053,3.357950127088345e-11,2.3738470915340684e-05,17.0
-1.290636249797692,0.7122617700084167,3.357950127088345e-11,2.3738470915340684e-05,16.0
-1.2906375879416294,0.7122596174938504,3.357950127088345e-11,2.3738470915340684e-05,17.0
-1.2906399731085854,0.7122565923146578,0.0,0.0,16.0
-1.2906406131208221,0.7122556613560349,0.0,0.0,16.0
-1.2906414566384494,0.7122549923713325,0.0,0.0,15.0
-1.2906420675036876,0.7122544396255583,0.0,0.0,15.0
-1.290642736662923,0.7122515889792911,0.0,0.0,16.0
-1.2906423003306098,0.7122509489670544,0.0,0.0,16.0
-1.2906413403995214,0.7122504545152772,0.0,0.0,15.0
-1.2906399731085854,0.7122500473299627,0.0,0.0,14.0
-1.2906387513781088,0.7122495237311873,0.0,0.0,14.0
-1.2906373842617058,0.712248912865949,0.0,0.0,13.0
-1.2906359879983043,0.7122482437067139,0.0,0.0,14.0
-1.2906345336154386,0.71224760386901,3.467450950900791e-10,0.00010868199684267043,15.0
-1.290632002888023,0.7122462365780741,3.467450950900791e-10,0.00010868199684267043,15.0
-1.2906306066246214,0.712245625712836,3.467450950900791e-10,0.00010868199684267043,14.0
-1.2906290939477587,0.7122449858751321,3.467450950900791e-10,0.00010868199684267043,12.0
-1.2906276104178946,0.7122443458628953,3.467450950900791e-10,0.00010868199684267043,12.0
-1.2906260687685662,0.712243676878193,3.467450950900791e-10,0.00010868199684267043,12.0
-1.2906244688252408,0.7122430660129547,3.467450950900791e-10,0.00010868199684267043,14.0
-1.2906229852953768,0.7122424841201823,3.467450950900791e-10,0.00010868199684267043,15.0
-1.2906198728497218,0.7122411170037791,3.467450950900791e-10,0.00010868199684267043,15.0
-1.2906190001850957,0.7122407679379289,3.467450950900791e-10,0.00010868199684267043,15.0
-1.2906181856399337,0.7122404769915425,3.467450950900791e-10,0.00010868199684267043,15.0
-1.2906173421223062,0.7122400989532265,3.467450950900791e-10,0.00010868199684267043,15.0
-1.290616440310682,0.7122396043269165,3.467450950900791e-10,0.00010868199684267043,15.0
-1.2906142586491167,0.7122387316622903,3.4408075882646826e-10,0.00011166859025994795,14.0
-1.2906132405985642,0.7122382663575119,3.4408075882646826e-10,0.00011166859025994795,15.0
-1.2906123679339383,0.7122378881446629,3.4408075882646826e-10,0.00011166859025994795,16.0
-1.2906117570687,0.7122376554922737,3.4408075882646826e-10,0.00011166859025994795,16.0
-1.2909126808042095,0.7121484108734998,4.077989553091481e-11,4.7445488214432515e-05,21.0
-1.2909119245530443,0.7121480328351838,4.077989553091481e-11,4.7445488214432515e-05,22.0
-1.2909113718072702,0.7121476254753363,4.077989553091481e-11,4.7445488214432515e-05,22.0
-1.290910906502492,0.7121471891430232,2.9889213538294095e-11,2.4786786711921827e-05,23.0
-1.2909093938256293,0.7121465782777852,2.9889213538294095e-11,2.4786786711921827e-05,23.0
-1.2909085503080016,0.7121463164783973,2.9889213538294095e-11,2.4786786711921827e-05,21.0
-1.2909065721518274,0.7121456766406936,2.9889213538294095e-11,2.4786786711921827e-05,19.0
-1.2909054959818105,0.7121452403083807,2.9889213538294095e-11,2.4786786711921827e-05,21.0
-1.2909043323707983,0.7121448039760676,2.9889213538294095e-11,2.4786786711921827e-05,22.0
-1.2909031979067846,0.712144222083295,2.9889213538294095e-11,2.4786786711921827e-05,22.0
-1.2909020053233067,0.7121436695120538,2.9889213538294095e-11,2.4786786711921827e-05,22.0
-1.2909008417122945,0.7121430876192811,2.9889213538294095e-11,2.4786786711921827e-05,22.0
-1.290899619981818,0.7121425059010416,2.9889213538294095e-11,2.4786786711921827e-05,23.0
-1.2908983982513416,0.7121420114492645,2.9889213538294095e-11,2.4786786711921827e-05,22.0
-1.2908972346403291,0.7121414005840263,2.9889213538294095e-11,2.4786786711921827e-05,22.0
-1.2908949948593003,0.7121400332930902,2.9889213538294095e-11,2.4786786711921827e-05,21.0
-1.290893743981825,0.7121395096943145,2.9889213538294095e-11,2.4786786711921827e-05,20.0
-1.2908924932788832,0.712139044389536,2.9889213538294095e-11,2.4786786711921827e-05,20.0
-1.2908912424014085,0.7121386370296885,2.7435367913749783e-11,2.912839449398621e-05,19.0
-1.290890020670932,0.7121380553114488,2.7435367913749783e-11,2.912839449398621e-05,18.0
-1.2908863846265013,0.7121361063022732,2.7435367913749783e-11,2.912839449398621e-05,20.0
-1.2908850464825639,0.7121354081705724,2.7435367913749783e-11,2.912839449398621e-05,20.0
-1.2908821958362964,0.7121341283206319,9.321079813397249e-11,6.52743523136348e-05,18.0
-1.290880741278898,0.7121334883083953,9.321079813397249e-11,6.52743523136348e-05,17.0
-1.2908792868960322,0.712132819323693,9.321079813397249e-11,6.52743523136348e-05,19.0
-1.2908778906326306,0.7121321503389906,2.0875736395136295e-11,2.540811039759973e-05,20.0
-1.290876494369229,0.7121314811797554,2.0875736395136295e-11,2.540811039759973e-05,20.0
-1.2908749816923664,0.7121309286085142,2.0875736395136295e-11,2.540811039759973e-05,20.0
-1.2908734691900363,0.7121304631292028,2.0875736395136295e-11,2.540811039759973e-05,20.0
-1.2908719273661753,0.7121299686774256,6.656804474827732e-11,5.818362146175022e-05,20.0
-1.2908707929021614,0.7121289214798746,6.656804474827732e-11,5.818362146175022e-05,20.0
-1.2908693966387599,0.7121283395871018,6.656804474827732e-11,5.818362146175022e-05,21.0
-1.2908679422558942,0.712128077787714,6.656804474827732e-11,5.818362146175022e-05,21.0
-1.2908668077918803,0.7121287177999507,6.656804474827732e-11,5.818362146175022e-05,22.0
-1.290866022393717,0.7121291832792622,6.656804474827732e-11,5.818362146175022e-05,20.0
-1.2908651788760894,0.7121293867846531,6.656804474827732e-11,5.818362146175022e-05,20.0
-1.2908612227382739,0.7121279615487859,6.656804474827732e-11,5.818362146175022e-05,18.0
-1.290860611873036,0.7121277578688622,1.4213235574883022e-10,6.637348716876668e-05,18.0
-1.2908599718607991,0.7121274088030118,1.4213235574883022e-10,6.637348716876668e-05,18.0
-1.2908592737290983,0.7121271470036239,1.4213235574883022e-10,6.637348716876668e-05,18.0
-1.29085680129568,0.7121264488719231,1.4213235574883022e-10,6.637348716876668e-05,19.0
-1.2908560158975166,0.7121261289530713,1.4213235574883022e-10,6.637348716876668e-05,20.0
-1.290854503220654,0.7121248780755962,1.4213235574883022e-10,6.637348716876668e-05,20.0
-1.290853746969489,0.7121242672103582,1.4213235574883022e-10,6.637348716876668e-05,20.0
-1.2908515942803895,0.7121232200128069,1.4213235574883022e-10,6.637348716876668e-05,22.0
-1.290850372549913,0.7121226382945672,1.4213235574883022e-10,6.637348716876668e-05,22.0
-1.2908492963798963,0.7121220564017946,1.4213235574883022e-10,6.637348716876668e-05,22.0
-1.290848336448808,0.7121213582700938,1.4213235574883022e-10,6.637348716876668e-05,20.0
-1.2908472892512566,0.7121207474048555,1.4213235574883022e-10,6.637348716876668e-05,21.0
-1.2908459511073191,0.7121204274860039,1.4213235574883022e-10,6.637348716876668e-05,20.0
-1.290844816643305,0.7121200492731548,1.4213235574883022e-10,6.637348716876668e-05,21.0
-1.2908436821792915,0.7121194967019138,1.4213235574883022e-10,6.637348716876668e-05,19.0
-1.290842780367667,0.7121191476360633,5.85965114870939e-11,3.315685068587429e-05,19.0
-1.2908405114396393,0.7121183622378999,5.85965114870939e-11,3.315685068587429e-05,17.0
-1.290839551508551,0.7121177803451273,5.85965114870939e-11,3.315685068587429e-05,17.0
-1.290719880215861,0.7120603008932727,0.0,0.0,7.0
-1.2907204038146365,0.7120602136268099,0.0,0.0,7.0
-1.290721567251116,0.7120601263603474,0.0,0.0,7.0
-1.29072211999689,0.7120600390938847,0.0,0.0,7.0
-1.2907226435956658,0.7120599809744206,0.0,0.0,6.0
-1.2907236616462185,0.7120600682408833,0.0,0.0,6.0
-1.2907241562725285,0.7120600972133488,0.0,0.0,6.0
-1.2907246507243053,0.7120601555073459,0.0,0.0,7.0
-1.290725174323081,0.7120601844798115,0.0,0.0,7.0
-1.2907257270688552,0.7120602136268099,0.0,0.0,7.0
-1.2907262215206323,0.7120602427738084,0.0,0.0,7.0
-1.2907266869999436,0.7120603008932727,0.0,0.0,7.0
-1.290727181451721,0.7120603881597352,0.0,0.0,7.0
-1.2907277631699605,0.7120605335456618,0.0,0.0,7.0
-1.2907282286492723,0.7120607372255855,0.0,0.0,7.0
-1.2907286358345864,0.7120609990249734,0.0,0.0,7.0
-1.290729101313898,0.7120613480908238,0.0,0.0,7.0
-1.2907296540596722,0.7120617263036725,0.0,0.0,7.0
-1.2907302066309134,0.7120620462225246,0.0,0.0,6.0
-1.2907307885236858,0.7120622788749139,0.0,0.0,5.0
-1.2907314575083881,0.7120623661413764,0.0,0.0,5.0
-1.2907321264930907,0.7120624244353735,0.0,0.0,4.0
-1.2907327373583288,0.7120623952883749,0.0,0.0,4.0
-1.2907332901041029,0.7120624244353735,0.0,0.0,4.0
-1.2907338718223427,0.712062511701836,0.0,0.0,4.0
-1.2907344245681167,0.7120625989682986,0.0,0.0,4.0
-1.2907350062863563,0.7120625989682986,0.0,0.0,4.0
-1.290735588179129,0.7120626570877626,0.0,0.0,4.0
-1.2907361117779046,0.7120627443542253,0.0,0.0,4.0
-1.2907373624808465,0.7120628024736895,0.0,0.0,4.0
-1.2907380024930832,0.7120628316206878,0.0,0.0,4.0
-1.290748794387447,0.7120682421413692,0.0,0.0,6.0
-1.2907480089892838,0.7120677185425937,0.0,0.0,5.0
-1.2907472527381187,0.7120671949438179,0.0,0.0,5.0
-1.290746496486954,0.7120666713450423,0.0,0.0,5.0
-1.290745740061256,0.7120661185992682,0.0,0.0,5.0
-1.2907449256906272,0.7120655950004926,0.0,0.0,5.0
-1.2907441692649293,0.7120651005487155,0.0,0.0,4.0
-1.2907405913399628,0.7120635588993873,0.0,0.0,4.0
-1.2907400387687216,0.7120635588993873,0.0,0.0,4.0
-1.2907419586308988,0.7120610571444373,0.0,0.0,4.0
-1.2907423076967492,0.7120606791061215,0.0,0.0,4.0
-1.290742627615601,0.7120602717462741,0.0,0.0,4.0
-1.2907430058284497,0.7120598937079581,0.0,0.0,4.0
-1.2907434421607629,0.7120595736145733,0.0,0.0,4.0
-1.2907445183307797,0.7120585264170219,0.0,0.0,4.0
-1.29074486739663,0.7120581483787062,0.0,0.0,4.0
-1.2907451002235524,0.7120577410188587,0.0,0.0,4.0
-1.290745245609479,0.7120573629805427,0.0,0.0,4.0
-1.2907454201424042,0.7120569556206952,0.0,0.0,4.0
-1.2907456238223278,0.7120566065548448,0.0,0.0,4.0
-1.29074594374118,0.7120561993695305,0.0,0.0,4.0
-1.2907463509264945,0.7120558211566815,0.0,0.0,4.0
-1.2907467582863419,0.7120554431183655,0.0,0.0,3.0
-1.2907471073521921,0.712055035758518,0.0,0.0,3.0
-1.2907474564180426,0.7120546866926677,0.0,0.0,3.0
-1.290747689070432,0.7120544540402783,0.0,0.0,3.0
-1.2907486198545222,0.712052243231715,0.0,0.0,3.0
-1.2907487654149816,0.7120517196329392,0.0,0.0,3.0
-1.2907489399479068,0.7120510797952355,0.0,0.0,3.0
-1.2907491434532974,0.7120504397829989,0.0,0.0,3.0
-1.2907499579984594,0.7120486944537467,0.0,0.0,3.0
-1.2907501616783832,0.7120481417079727,0.0,0.0,2.0
-1.2907505107442336,0.712047618109197,0.0,0.0,2.0
-1.2907508306630855,0.7120470945104215,0.0,0.0,2.0
-1.2907512669953982,0.7120460473128702,0.0,0.0,2.0
-1.2907515869142503,0.7120455237140948,0.0,0.0,2.0
-1.2907518778606366,0.7120450001153191,0.0,0.0,1.0
-1.290752226926487,0.7120445348105404,0.0,0.0,1.0
-1.2907525468453391,0.712044069331229,0.0,0.0,1.0
-1.290752779672261,0.7120436038519175,0.0,0.0,1.0
-1.2907529831776519,0.7120431675196045,0.0,0.0,1.0
-1.290753157710577,0.7120427311872914,0.0,0.0,1.0
-1.290753274124038,0.7120423240019771,0.0,0.0,1.0
-1.2907533322435023,0.7120419168166625,3.7097984778270036e-11,3.091598536328403e-05,1.0
-1.2907535650704245,0.7120415677508122,3.7097984778270036e-11,3.091598536328403e-05,1.0
-1.290753855842278,0.7120412476574274,3.7097984778270036e-11,3.091598536328403e-05,1.0
-1.2907549903062916,0.7120399969544854,3.7097984778270036e-11,3.091598536328403e-05,1.0
-1.2907552521056793,0.7120396187416365,3.7097984778270036e-11,3.091598536328403e-05,1.0
-1.2907555721990642,0.7120392696757859,3.7097984778270036e-11,3.091598536328403e-05,1.0
-1.290755892117916,0.712038949756934,3.7097984778270036e-11,3.091598536328403e-05,1.0
-1.2907562411837668,0.7120386006910837,3.7097984778270036e-11,3.091598536328403e-05,1.0
-1.2907573175283162,0.712037524346534,3.7097984778270036e-11,3.091598536328403e-05,1.0
-1.290757782833095,0.7120372044276821,3.7097984778270036e-11,3.091598536328403e-05,1.0
-1.290758219165408,0.7120369134812958,3.7097984778270036e-11,3.091598536328403e-05,1.0
-1.2907587137917178,0.7120365935624439,3.7097984778270036e-11,3.091598536328403e-05,1.0
-1.2907590918300338,0.7120361862025966,3.7097984778270036e-11,3.091598536328403e-05,1.0
-1.2907594991898812,0.712035779017282,3.7097984778270036e-11,3.091598536328403e-05,1.0
-1.2907599355221944,0.7120354299514317,3.7097984778270036e-11,3.091598536328403e-05,1.0
-1.290760400826973,0.7120350808855812,3.7097984778270036e-11,3.091598536328403e-05,1.0
-1.2907609244257485,0.7120347318197309,3.7097984778270036e-11,3.091598536328403e-05,1.0
-1.2907614190520584,0.7120343536068819,3.7097984778270036e-11,3.091598536328403e-05,1.0
-1.290761942650834,0.7120340045410315,3.7097984778270036e-11,3.091598536328403e-05,1.0
-1.2907623498361487,0.7120336265027155,3.7097984778270036e-11,3.091598536328403e-05,1.0
-1.2907626407825348,0.7120332482898667,3.7097984778270036e-11,3.091598536328403e-05,1.0
-1.2907631060873135,0.7120329283710147,3.7097984778270036e-11,3.091598536328403e-05,1.0
-1.2907635424196267,0.7120326665716269,3.7097984778270036e-11,3.091598536328403e-05,1.0
-1.2907638625130113,0.7120323175057766,3.7097984778270036e-11,3.091598536328403e-05,1.0
-1.2907641824318632,0.7120319974123918,3.7097984778270036e-11,3.091598536328403e-05,1.0
-1.290764444231251,0.7120316774935399,3.7097984778270036e-11,3.091598536328403e-05,1.0
-1.2907651423629516,0.7120310666283016,3.7097984778270036e-11,3.091598536328403e-05,1.0
-1.2907655786952648,0.7120307175624512,3.7097984778270036e-11,3.091598536328403e-05,1.0
-1.2907659858805791,0.7120303976435994,3.7097984778270036e-11,3.091598536328403e-05,1.0
-1.2907663349464298,0.712030048577749,3.7097984778270036e-11,3.091598536328403e-05,1.0
-1.2907670913721276,0.7120294958319748,3.7097984778270036e-11,3.091598536328403e-05,1.0
-1.2907677022373656,0.7120288268472726,3.7097984778270036e-11,3.091598536328403e-05,1.0
-1.2907680221562177,0.7120285067538877,3.7097984778270036e-11,3.091598536328403e-05,1.0
-1.2907683131026038,0.7120281287155716,3.7097984778270036e-11,3.091598536328403e-05,1.0
-1.2907688367013794,0.7120274014368724,3.7097984778270036e-11,3.091598536328403e-05,1.0
-1.29076904020677,0.7120269942515579,3.7097984778270036e-11,3.091598536328403e-05,1.0
-1.290769243886694,0.7120266160387091,3.7097984778270036e-11,3.091598536328403e-05,1.0
-1.2907693892726206,0.7120262378258602,3.7097984778270036e-11,3.091598536328403e-05,1.0
-1.29076953483308,0.7120258014935471,3.7097984778270036e-11,3.091598536328403e-05,1.0
-1.2907697674854695,0.7120253651612342,3.7097984778270036e-11,3.091598536328403e-05,1.0
-1.2907700001378588,0.7120249288289211,3.7097984778270036e-11,3.091598536328403e-05,1.0
-1.2907702038177826,0.712024434377144,3.7097984778270036e-11,3.091598536328403e-05,1.0
-1.2907704074977062,0.7120239688978326,3.7097984778270036e-11,3.091598536328403e-05,1.0
-1.2907704656171703,0.7120228344338188,3.7097984778270036e-11,3.091598536328403e-05,1.0
-1.2907704074977062,0.712022194596115,3.7097984778270036e-11,3.091598536328403e-05,1.0
-1.290770232964781,0.7120215837308768,3.7097984778270036e-11,3.091598536328403e-05,1.0
-1.2907698838989305,0.7120210309851027,3.7097984778270036e-11,3.091598536328403e-05,1.0
-1.2907695638055459,0.7120204782393286,3.7097984778270036e-11,3.091598536328403e-05,1.0
-1.2907689529403077,0.7120193148028491,3.7097984778270036e-11,3.091598536328403e-05,1.0
-1.2907686038744572,0.712018703937611,3.7097984778270036e-11,3.091598536328403e-05,1.0
-1.2907682258361413,0.7120181220448384,3.7097984778270036e-11,3.091598536328403e-05,1.0
-1.2907677895038283,0.7120175984460627,3.7097984778270036e-11,3.091598536328403e-05,1.0
-1.2907672659050524,0.7120171331412842,3.7097984778270036e-11,3.091598536328403e-05,1.0
-1.2907666258928159,0.7120167840754339,3.7097984778270036e-11,3.091598536328403e-05,1.0
-1.2907659569081136,0.712016522276046,3.7097984778270036e-11,3.091598536328403e-05,1.0
-1.2907652877488782,0.7120162894491238,3.7097984778270036e-11,3.091598536328403e-05,1.0
-1.2907646768836403,0.7120160567967345,3.7097984778270036e-11,3.091598536328403e-05,1.0
-1.290764066018402,0.7120158241443452,3.7097984778270036e-11,3.091598536328403e-05,1.0
-1.290763455153164,0.7120156204644215,3.7097984778270036e-11,3.091598536328403e-05,1.0
-1.290762931554388,0.7120154750784948,3.7097984778270036e-11,3.091598536328403e-05,1.0
-1.2907624079556128,0.7120153586650336,3.7097984778270036e-11,3.091598536328403e-05,1.0
-1.2907591790964963,0.7120157368778826,3.7097984778270036e-11,3.091598536328403e-05,1.0
-1.2907586265252553,0.7120158822638092,3.7097984778270036e-11,3.091598536328403e-05,1.0
-1.2907579573660202,0.712016027649736,3.7097984778270036e-11,3.091598536328403e-05,1.0
-1.2907572883813176,0.7120161732101956,3.7097984778270036e-11,3.091598536328403e-05,1.0
-1.290756473836156,0.7120163477431208,3.7097984778270036e-11,3.091598536328403e-05,1.0
-1.2907557467319895,0.7120164931290475,3.7097984778270036e-11,3.091598536328403e-05,1.0
-1.2907542632021254,0.7120168713418964,3.7097984778270036e-11,3.091598536328403e-05,1.0
-1.290753535923426,0.7120171331412842,3.7097984778270036e-11,3.091598536328403e-05,1.0
-1.2907528377917252,0.712017394940672,3.7097984778270036e-11,3.091598536328403e-05,1.0
-1.290752168807023,0.7120176857125254,3.7097984778270036e-11,3.091598536328403e-05,1.0
-1.2907497834655342,0.7120190238564629,3.7097984778270036e-11,3.091598536328403e-05,1.0
-1.2907492017472948,0.7120193148028491,3.7097984778270036e-11,3.091598536328403e-05,1.0
-1.290748561735058,0.7120195474552384,3.7097984778270036e-11,3.091598536328403e-05,1.0
-1.2907473691515798,0.7120201291734782,3.7097984778270036e-11,3.091598536328403e-05,1.0
-1.290746816405806,0.7120204492668629,3.7097984778270036e-11,3.091598536328403e-05,1.0
-1.2907463219540287,0.7120207983327134,3.7097984778270036e-11,3.091598536328403e-05,1.0
-1.290745798355253,0.7120211182515652,3.7097984778270036e-11,3.091598536328403e-05,1.0
-1.290745245609479,0.7120212927844903,3.7097984778270036e-11,3.091598536328403e-05,1.0
-1.290744692863705,0.7120215254368797,3.7097984778270036e-11,3.091598536328403e-05,1.0
-1.2907441402924638,0.712021758263802,3.7097984778270036e-11,3.091598536328403e-05,1.0
-1.2907435875466897,0.7120219617691927,3.7097984778270036e-11,3.091598536328403e-05,1.0
-1.2907429766814515,0.7120220781826538,3.7097984778270036e-11,3.091598536328403e-05,1.0
-1.2907424239356775,0.712022194596115,0.0,0.0,1.0
-1.2907414350321231,0.7120225726344309,0.0,0.0,1.0
-1.2907409114333475,0.7120227181948906,0.0,0.0,1.0
-1.2907403005681095,0.7120227763143548,0.0,0.0,1.0
-1.2907397478223352,0.7120228927278158,0.0,0.0,1.0
-1.2907384679723948,0.7120230672607408,0.0,0.0,1.0
-1.2907378860796221,0.7120230962332065,0.0,0.0,1.0
-1.290737333508381,0.7120230381137425,0.0,0.0,1.0
-1.2907368099096053,0.7120229799942785,0.0,0.0,1.0
-1.2907362863108298,0.7120229799942785,0.0,0.0,1.0
-1.2907357916845197,0.7120229508472798,0.0,0.0,1.0
-1.2907316320413134,0.712020507386327,0.0,0.0,1.0
-1.2907314283613898,0.7120201874674752,0.0,0.0,1.0
-1.290729479526747,0.7120173366466751,0.0,0.0,1.0
-1.2907293922602843,0.7120169875808245,0.0,0.0,1.0
-1.2907293049938218,0.7120166095425087,0.0,0.0,1.0
-1.2907292466998248,0.7120162604766581,0.0,0.0,1.0
-1.2907292758468232,0.712014340614481,0.0,0.0,1.0
-1.290741056819274,0.7120070102316227,0.0,0.0,1.0
-1.2907415512710514,0.7120068065516989,0.0,0.0,1.0
-1.2907420458973613,0.7120065738993098,0.0,0.0,1.0
-1.2907429766814515,0.712006050300534,0.0,0.0,1.0
-1.290743383866766,0.7120058466206103,0.0,0.0,1.0
-1.2907450129570899,0.7120050031029829,0.0,0.0,1.0
-1.2907462928070301,0.7120044212102102,0.0,0.0,1.0
-1.2907470200857294,0.7120038103449721,0.0,0.0,1.0
-1.2907473691515798,0.7120035485455842,0.0,0.0,1.0
-1.290747747189896,0.7120032867461965,0.0,0.0,1.0
-1.290748183522209,0.7120030832408057,0.0,0.0,1.0
-1.290748561735058,0.7120027922944193,0.0,0.0,1.0
-1.2907489399479068,0.7120024723755675,0.0,0.0,1.0
-1.290749289013757,0.7120021814291811,0.0,0.0,1.0
-1.2907496380796075,0.7120018904827947,0.0,0.0,1.0
-1.290751034343009,0.7120009888457032,0.0,0.0,1.0
-1.2907515869142503,0.7120004069529305,0.0,0.0,1.0
-1.2907517324747098,0.7120000289146147,0.0,0.0,1.0
-1.2907518197411725,0.7119997088212298,0.0,0.0,1.0
-1.290751965127099,0.7119993597553795,0.0,0.0,1.0
-1.2907526051393359,0.7119987488901413,0.0,0.0,1.0
-1.2907529542051865,0.7119984289712894,0.0,0.0,1.0
-1.2907533032710365,0.7119981090524375,0.0,0.0,1.0
-1.290754292174591,0.711996887321961,0.0,0.0,1.0
-1.290754525001513,0.7119964509896481,0.0,0.0,1.0
-1.290754728506904,0.7119960727767992,0.0,0.0,1.0
-1.2907549030398293,0.7119956945639503,0.0,0.0,1.0
-1.290755077572754,0.7119952582316372,0.0,0.0,1.0
-1.2907552521056793,0.7119948510463227,0.0,0.0,1.0
-1.2907556594655267,0.7119934547829213,0.0,0.0,1.0
-1.2907558048514536,0.7119930184506083,0.0,0.0,1.0
-1.2907559212649147,0.7119925821182952,0.0,0.0,1.0
-1.29075609579784,0.7119920876665181,0.0,0.0,1.0
-1.2907562703307651,0.7119915930402081,0.0,0.0,1.0
-1.2907564448636903,0.7119911277354294,0.0,0.0,1.0
-1.290756590249617,0.7119906041366539,0.0,0.0,1.0
-1.2907567647825422,0.7119900513908797,0.0,0.0,1.0
-1.2907570557289283,0.7119895277921042,0.0,0.0,1.0
-1.2907574920612415,0.7119883641810918,0.0,0.0,1.0
-1.2907577247136308,0.7119877243433881,0.0,0.0,0.0
-1.2907579573660202,0.7119870843311514,0.0,0.0,0.0
-1.2907581610459438,0.7119863861994506,0.0,0.0,0.0
-1.2907583647258676,0.7119857172147482,0.0,0.0,0.0
-1.2907585101117942,0.7119850190830475,0.0,0.0,0.0
-1.2907586846447194,0.7119837100861084,0.0,0.0,0.0
-1.2907587137917178,0.7119830992208703,0.0,0.0,0.0
-1.2907587427641836,0.711982430061635,0.0,0.0,0.0
-1.2907588010581805,0.7119810920922305,0.0,0.0,0.0
-1.2907588591776444,0.7119803939605297,0.0,0.0,0.0
-1.2907589755911058,0.7119797248012946,0.0,0.0,0.0
-1.290759150124031,0.7119790558165922,0.0,0.0,0.0
-1.2907593536294217,0.7119784449513541,0.0,0.0,0.0
-1.2907596154288095,0.7119778632331143,0.0,0.0,0.0
-1.290759819108733,0.7119772232208775,0.0,0.0,0.0
-1.2907601100551196,0.7119766704751036,0.0,0.0,0.0
-1.290760400826973,0.7119760596098653,0.0,0.0,0.0
-1.2907606917733592,0.7119754197721614,0.0,0.0,0.0
-1.290760895453283,0.7119747216404608,0.0,0.0,0.0
-1.2907610408392098,0.7119740524812256,0.0,0.0,0.0
-1.2907610989586737,0.7119733834965233,0.0,0.0,0.0
-1.290761069986208,0.7119727434842866,0.0,0.0,0.0
-1.2907610116922112,0.7119721617660468,0.0,0.0,0.0
-1.2907609244257485,0.7119709400355704,0.0,0.0,0.0
-1.290760837159286,0.7119703291703323,0.0,0.0,0.0
-1.290760837159286,0.7119696891580957,0.0,0.0,0.0
-1.2907606917733592,0.7119684384551535,0.0,0.0,0.0
-1.290760517240434,0.7119678565623808,0.0,0.0,0.0
-1.2907601681745837,0.7119660822606633,0.0,0.0,0.0
-1.2907601390275851,0.7119655003678909,0.0,0.0,0.0
-1.2907601390275851,0.7119648895026526,0.0,0.0,0.0
-1.2907601390275851,0.7119642786374143,0.0,0.0,0.0
-1.2907601100551196,0.7119636677721761,0.0,0.0,0.0
-1.2907599355221944,0.7119631441734007,0.0,0.0,0.0
-1.2907597609892691,0.711962620574625,0.0,0.0,0.0
-1.2907596154288095,0.7119621552698463,0.0,0.0,0.0
-1.2907596445758078,0.7119617479099989,0.0,0.0,0.0
-1.2907597609892691,0.7119608462729075,0.0,0.0,0.0
-1.2907599355221944,0.7119604099405944,0.0,0.0,0.0
-1.290760080908121,0.7119599736082814,0.0,0.0,0.0
-1.2907602554410462,0.7119595372759684,0.0,0.0,0.0
-1.2907604880934354,0.711959129916121,0.0,0.0,0.0
-1.2907608081868205,0.7119587227308066,0.0,0.0,0.0
-1.2907611281056721,0.7119582863984936,0.0,0.0,0.0
-1.2907614190520584,0.711957879213179,0.0,0.0,0.0
-1.290761942650834,0.711957006548553,0.0,0.0,0.0
-1.2907621753032235,0.7119565119222431,0.0,0.0,0.0
-1.2907624371026112,0.7119560174704658,0.0,0.0,0.0
-1.2907628153154602,0.7119555811381529,0.0,0.0,0.0
-1.290763135234312,0.7119551739528384,0.0,0.0,0.0
-1.2907634843001623,0.711954766592991,0.0,0.0,0.0
-1.2907642115788616,0.7119540103418261,0.0,0.0,0.0
-1.2907646187641761,0.7119536321289772,0.0,0.0,0.0
-1.2907655495482662,0.7119529631442748,0.0,0.0,0.0
-1.2907660441745763,0.7119526140784245,0.0,0.0,0.0
-1.2907664805068892,0.7119522358655755,0.0,0.0,0.0
-1.2907669749586665,0.7119518867997251,0.0,0.0,0.0
-1.2907674694104436,0.7119515377338748,0.0,0.0,0.0
-1.2907679640367535,0.7119511305485604,0.0,0.0,0.0
-1.2907684584885306,0.7119507233632458,0.0,0.0,0.0
-1.290768982087306,0.7119503742973954,0.0,0.0,0.0
-1.2907694475666178,0.7119499960845466,0.0,0.0,0.0
-1.2907699420183947,0.7119495597522335,0.0,0.0,0.0
-1.2907709310964819,0.7119487743540701,0.0,0.0,0.0
-1.2907714836677229,0.7119484252882198,0.0,0.0,0.0
-1.2907720364134971,0.7119481053693677,0.0,0.0,0.0
-1.2907725018928087,0.711947785275983,0.0,0.0,0.0
-1.2907737817427491,0.7119466508119692,0.0,0.0,0.0
-1.2907742472220605,0.7119462727736533,0.0,0.0,0.0
-1.2907747416738378,0.7119459526802684,0.0,0.0,0.0
-1.2907751780061505,0.7119456327614165,0.0,0.0,0.0
-1.290775585191465,0.7119453418150302,0.0,0.0,0.0
-1.2907760506707766,0.7119450800156424,0.0,0.0,0.0
-1.290778523278728,0.7119438001657019,0.0,0.0,0.0
-1.2907789885835068,0.7119434510998517,0.0,0.0,0.0
-1.2907794540628181,0.7119430439145371,0.0,0.0,0.0
-1.2907802686079801,0.7119422002223766,0.0,0.0,0.0
-1.2907807630597572,0.7119417930370621,0.0,0.0,0.0
-1.2907812575115343,0.7119414148242131,0.0,0.0,0.0
-1.2907817521378442,0.7119410367858973,0.0,0.0,0.0
-1.2907825665084731,0.71194004770781,0.0,0.0,0.0
-1.2907829447213222,0.7119394659895704,0.0,0.0,0.0
-1.2907833229341712,0.7119389423907948,0.0,0.0,0.0
-1.2907843701317223,0.7119379824597063,0.0,0.0,0.0
-1.2907861735804382,0.7119366443157688,0.0,0.0,0.0
-1.2907867263262123,0.7119361207169931,0.0,0.0,0.0
-1.290787191630991,0.7119355389987534,0.0,0.0,0.0
-1.2907876571103023,0.7119350443724434,0.0,0.0,0.0
-1.290788122589614,0.7119345790676649,0.0,0.0,0.0
-1.2907885878943925,0.7119341135883533,0.0,0.0,0.0
-1.2907890242267057,0.7119336191365763,0.0,0.0,0.0
-1.2907894315865531,0.7119331245102661,0.0,0.0,0.0
-1.2907901297182538,0.7119321064597137,0.0,0.0,0.0
-1.2907905369035684,0.7119316409804021,0.0,0.0,0.0
-1.2907909732358813,0.7119312337950876,0.0,0.0,0.0
-1.2907912931547332,0.7119307393433105,0.0,0.0,0.0
-1.2907915549541211,0.7119303030109976,0.0,0.0,0.0
-1.290791787781043,0.7119298666786845,0.0,0.0,0.0
-1.2907920204334324,0.7119294303463715,0.0,0.0,0.0
-1.290792224113356,0.7119289940140585,0.0,0.0,0.0
-1.2907923986462813,0.7119285866542111,0.0,0.0,0.0
-1.2907926894181347,0.711928208615895,0.0,0.0,0.0
-1.2907932130169104,0.7119273940707332,0.0,0.0,0.0
-1.2907934458438326,0.7119270158578843,0.0,0.0,0.0
-1.2907938238821486,0.7119260850737942,0.0,0.0,0.0
-1.2907940275620722,0.7119256195944826,0.0,0.0,0.0
-1.2907942602144615,0.7119251832621697,0.0,0.0,0.0
-1.2907947838132372,0.7119245142774673,0.0,0.0,0.0
-1.290795103906622,0.7119242233310811,0.0,0.0,0.0
-1.2907953946784754,0.7119239325592277,0.0,0.0,0.0
